run,round,source_id,positive_rec,negative_rec,rec_difference,positive_reward,negative_reward
midasheng_v2,0,random440_deear_008,-3.7357633113861084,-3.7269640445709227,-0.008799266815185725,0.859003630354585,1.422476237347969
midasheng_v2,0,random440_expressivespeech_070,-2.6594998121261595,-2.643450975418091,-0.01604883670806867,2.276683528910548,3.4121370621520937
midasheng_v2,0,random440_expressivespeech_293,-2.96321964263916,-2.959016466140747,-0.004203176498413175,1.9488774008256404,2.330612937710154
midasheng_v2,0,random440_deear_069,-2.505708634853363,-2.5029255509376522,-0.0027830839157108045,2.72852363108666,2.937504894117609
midasheng_v2,0,random440_expressivespeech_129,-3.9738693237304688,-3.975327110290527,0.0014577865600582385,1.1646456250697934,0.5230991068566455
midasheng_v2,0,random440_expressivespeech_123,-2.277802217006683,-2.3396057963371275,0.061803579330444336,4.160671910116906,-1.6188081276267177
midasheng_v2,0,random440_expressivespeech_078,-2.8702930212020874,-2.882713508605957,0.012420487403869807,3.3510615325122037,1.3917288271709713
midasheng_v2,0,random440_expressivespeech_067,-3.2962579011917112,-3.3010950803756716,0.004837179183960316,1.6255177999618218,1.3542366269852444
midasheng_v2,0,random440_deear_033,-3.1745812654495236,-3.1753585577011108,0.0007772922515871805,1.234544048015385,1.7511284603820136
midasheng_v2,0,random440_expressivespeech_301,-3.5128979206085207,-3.5206504106521606,0.00775249004363987,1.382059432848149,0.8015528659766219
midasheng_v2,0,random440_expressivespeech_054,-2.5009390354156493,-2.5040687561035155,0.003129720687866211,3.1129808674556116,2.6308445926452277
midasheng_v2,0,random440_expressivespeech_323,-3.498920202255249,-3.5067215919494625,0.007801389694213512,0.9005517870995566,0.8185408272813263
midasheng_v2,0,random440_expressivespeech_255,-2.8346892833709716,-2.8215813636779785,-0.013107919692993075,2.1666216802601497,2.9948255933800016
midasheng_v2,0,random440_expressivespeech_021,-4.538718891143799,-4.535999393463134,-0.0027194976806645954,-0.29096712210260106,-0.09754374283709671
midasheng_v2,0,random440_deear_095,-2.771314811706543,-2.766154670715332,-0.005160140991211204,1.6661981334888405,2.6675690056869774
midasheng_v2,0,random440_deear_039,-4.994351005554199,-4.994680643081665,0.0003296375274661756,-1.02608730279132,-0.9388008791415445
midasheng_v2,0,random440_expressivespeech_120,-3.2143560409545895,-3.210448145866394,-0.0039078950881954455,1.7076718859740865,1.9404426332789175
midasheng_v2,0,random440_expressivespeech_124,-3.5745994091033935,-3.576342248916626,0.0017428398132324219,1.224063997886653,1.1033732852815274
midasheng_v2,0,random440_expressivespeech_291,-3.554582405090332,-3.5580873489379883,0.0035049438476564276,1.3352838659986626,1.0397141370336578
midasheng_v2,0,random440_expressivespeech_333,-4.125196647644043,-4.133625078201294,0.008428430557250621,0.27883395183503856,-0.164822761633502
midasheng_v2,0,random440_deear_031,-2.5297181844711303,-2.506389284133911,-0.02332890033721924,2.2049645770333774,3.9919993071092024
midasheng_v2,0,random440_expressivespeech_303,-4.736927890777588,-4.74010739326477,0.0031795024871819066,-0.6824673995029993,-0.7061581112941677
midasheng_v2,0,random440_expressivespeech_112,-3.659575843811035,-3.7215515136718746,0.06197566986083958,2.1328376330330707,-3.692912652050566
midasheng_v2,0,random440_deear_055,-3.4652708768844604,-3.449043488502502,-0.016227388381958363,0.6950596001283452,2.2200268004418664
midasheng_v2,0,random440_expressivespeech_251,-3.111060047149658,-3.1185983180999752,0.007538270950317116,1.4523633473014235,1.4176753898385952
midasheng_v2,0,random440_deear_063,-2.9406410217285153,-2.917974758148193,-0.022666263580322088,1.5518145738471874,3.34405725513684
midasheng_v2,0,random440_expressivespeech_263,-3.0685608148574826,-3.0741339921951294,0.00557317733764684,2.3827643563069403,1.6360075388538011
midasheng_v2,0,random440_deear_074,-3.233433246612549,-3.231984257698059,-0.001448988914489746,1.557449614794833,1.7815082805760032
midasheng_v2,0,random440_expressivespeech_008,-3.5482471227645873,-3.5420655488967894,-0.00618157386779794,1.5725035015389466,1.5631926924149964
midasheng_v2,0,random440_expressivespeech_085,-2.5187463760375977,-2.519975411891937,0.001229035854339422,2.6885650065150566,2.7051528660513102
midasheng_v2,0,random440_deear_057,-3.10182638168335,-3.1073717355728148,0.005545353889464977,2.369254422665432,1.588595117810436
midasheng_v2,0,random440_expressivespeech_205,-3.6542663335800167,-3.6955498695373534,0.04128353595733669,1.3932713589169081,-2.0533293600734406
midasheng_v2,0,random440_deear_006,-2.9525890588760375,-2.9615086793899534,0.008919620513915927,2.9835781259854017,1.5450657019620608
midasheng_v2,0,random440_expressivespeech_082,-3.476942539215088,-3.4788428306579586,0.0019002914428707385,1.7382152181113955,1.2406461507106128
midasheng_v2,0,random440_deear_011,-3.451245379447937,-3.4127341508865356,-0.038511228561401545,-0.5576493468377163,3.423471131722088
midasheng_v2,0,random440_expressivespeech_298,-4.739860391616821,-4.737535285949707,-0.00232510566711408,-0.7615444137284133,-0.4184199095396191
midasheng_v2,0,random440_expressivespeech_071,-3.0155645370483395,-3.0234153509140014,0.007850813865661888,1.805218397452758,1.5354352351883014
midasheng_v2,0,random440_expressivespeech_022,-5.926282453536987,-5.926298666000366,1.621246337890625e-05,-2.2578651197862345,-2.3118872903935803
midasheng_v2,0,random440_expressivespeech_099,-3.1677610635757443,-3.2336079597473146,0.06584689617157036,2.9240740394427247,-3.2647696870394904
midasheng_v2,1,random440_deear_008,-3.7297255039215087,-3.7367673873901364,0.007041883468627663,1.665071135958815,0.5176926832442098
midasheng_v2,1,random440_expressivespeech_070,-2.6445482730865475,-2.691800832748413,0.04725255966186559,3.7988702166615944,-0.407287833258423
midasheng_v2,1,random440_expressivespeech_293,-2.9662119865417482,-2.965172505378723,-0.0010394811630254353,2.0402591082322408,2.078206737588796
midasheng_v2,1,random440_deear_069,-2.497932016849518,-2.5103930115699766,0.012460994720458807,3.146945114163016,2.140149102408762
midasheng_v2,1,random440_expressivespeech_129,-3.9725746154785155,-3.953313875198364,-0.019260740280151456,0.9559461722598703,1.6244930110657931
midasheng_v2,1,random440_expressivespeech_123,-2.2729453444480896,-2.2816903829574584,0.008745038509368808,3.1731155497502304,2.672848116769626
midasheng_v2,1,random440_expressivespeech_078,-2.8728880405426027,-2.8745757579803466,0.0016877174377438742,2.0352121224716546,2.107021630285855
midasheng_v2,1,random440_expressivespeech_067,-3.2904889345169064,-3.2953627824783327,0.004873847961426314,1.8879605868084168,1.131183142339148
midasheng_v2,1,random440_deear_033,-3.1629650831222533,-3.176008868217468,0.013043785095214755,2.201468966252564,1.1175088797058117
midasheng_v2,1,random440_expressivespeech_301,-3.5130203723907467,-3.509312295913696,-0.003708076477050515,1.1195238867371393,1.3912421753763098
midasheng_v2,1,random440_expressivespeech_054,-2.504077696800232,-2.4995646238327023,-0.004513072967529563,2.127697526986662,2.928025407615454
midasheng_v2,1,random440_expressivespeech_323,-3.4998692035675045,-3.4847837448120114,-0.015085458755493164,-0.011928896529928956,2.1078345330392843
midasheng_v2,1,random440_expressivespeech_255,-2.833503270149231,-2.833997583389282,0.0004943132400510031,2.668871491465956,2.2747690138694328
midasheng_v2,1,random440_expressivespeech_021,-4.534780216217041,-4.552988576889038,0.018208360671996715,0.1618764495630401,-1.3047662120832162
midasheng_v2,1,random440_deear_095,-2.7647952795028683,-2.7723139762878417,0.007518696784973411,3.066479896198395,2.004467404414536
midasheng_v2,1,random440_deear_039,-4.994939565658569,-4.976208066940307,-0.018731498718262074,-2.047090490982801,0.07183245159864216
midasheng_v2,1,random440_expressivespeech_120,-3.2113719940185543,-3.21812219619751,0.006750202178955611,2.254838668128455,1.3504263029509886
midasheng_v2,1,random440_expressivespeech_124,-3.5761986732482907,-3.5728062152862545,-0.003392457962036133,1.510223922150276,1.3735015704099707
midasheng_v2,1,random440_expressivespeech_291,-3.556942176818848,-3.558279490470886,0.0013373136520380413,1.3385693527796008,1.1512241019273437
midasheng_v2,1,random440_expressivespeech_333,-4.115268993377685,-4.111543989181518,-0.00372500419616717,0.310387317518959,0.5872739223175023
midasheng_v2,1,random440_deear_031,-2.527269792556763,-2.530851411819458,0.0035816192626949572,2.6268930855928594,2.567598775314516
midasheng_v2,1,random440_expressivespeech_303,-4.736341094970703,-4.730782413482666,-0.005558681488036399,-0.6260613875445868,-0.2415767513787555
midasheng_v2,1,random440_expressivespeech_112,-3.6563000679016113,-3.6586005210876467,0.002300453186035334,1.1544592268753149,0.6691988749541387
midasheng_v2,1,random440_deear_055,-3.4609824657440185,-3.4964754581451416,0.035492992401123136,6.453022591484507,-1.3080380718781512
midasheng_v2,1,random440_expressivespeech_251,-3.109241414070129,-3.0905296087265013,-0.01871180534362793,1.5274749864611552,2.8827863246229395
midasheng_v2,1,random440_deear_063,-2.936383008956909,-2.8989364862442013,-0.037446522712707875,-0.28860002454635203,4.134746024849274
midasheng_v2,1,random440_expressivespeech_263,-3.0760143280029295,-3.083148717880249,0.007134389877319514,2.1218905010671416,1.4372433428860816
midasheng_v2,1,random440_deear_074,-3.2281491994857787,-3.2323705673217775,0.004221367835998802,2.0020714856253665,1.4884810359501464
midasheng_v2,1,random440_expressivespeech_008,-3.5410998344421385,-3.5036266088485717,-0.037473225593566806,0.32120366459008576,3.2343946237996652
midasheng_v2,1,random440_expressivespeech_085,-2.516269052028656,-2.518963897228241,0.002694845199584961,2.922851437277729,2.6310614926655322
midasheng_v2,1,random440_deear_057,-3.1026570320129396,-3.103338837623596,0.0006818056106565606,2.5512104557240582,1.8454487379987567
midasheng_v2,1,random440_expressivespeech_205,-3.651880002021789,-3.6297926902770996,-0.022087311744689586,-1.2236710258291836,2.252717348424163
midasheng_v2,1,random440_deear_006,-2.954448127746582,-2.9641692876815795,0.009721159934997559,3.124942581420566,1.4377758106090783
midasheng_v2,1,random440_expressivespeech_082,-3.479369115829468,-3.490249967575073,0.010880851745604936,1.9945772997541797,0.6195267175281391
midasheng_v2,1,random440_deear_011,-3.4403651714324948,-3.446619844436645,0.006254673004150391,1.1571492354056652,1.0641186863880323
midasheng_v2,1,random440_expressivespeech_298,-4.732919597625733,-4.722188282012939,-0.010731315612793502,-1.0413105842384658,0.038019931060288226
midasheng_v2,1,random440_expressivespeech_071,-3.019362473487854,-3.030590295791626,0.011227822303772061,2.507530702786666,1.3126259287006006
midasheng_v2,1,random440_expressivespeech_022,-5.925087833404541,-5.9239521503448485,-0.0011356830596929157,-2.384958250096553,-2.2489785854823
midasheng_v2,1,random440_expressivespeech_099,-3.174668216705322,-3.1554796457290646,-0.01918857097625759,0.8024517099711803,2.8105206496325734
midasheng_v2,2,random440_deear_008,-3.73017463684082,-3.732674694061279,0.0025000572204589844,0.44933859770598694,0.8311927174040784
midasheng_v2,2,random440_expressivespeech_070,-2.650870108604431,-2.656040358543396,0.005170249938964755,2.8434905854166397,2.298979640564202
midasheng_v2,2,random440_expressivespeech_293,-2.96011962890625,-2.970510172843933,0.010390543937683017,2.4756894598463974,1.364422366127593
midasheng_v2,2,random440_deear_069,-2.4993348360061645,-2.526959204673767,0.02762436866760254,3.553206214832446,0.9629676662370337
midasheng_v2,2,random440_expressivespeech_129,-3.976986217498779,-3.9694347858428953,-0.007551431655883789,0.2720049967141551,0.9965403191326816
midasheng_v2,2,random440_expressivespeech_123,-2.2719742178916933,-2.286329209804535,0.01435499191284162,3.591053616165827,2.143528292053687
midasheng_v2,2,random440_expressivespeech_078,-2.8701357603073117,-2.8699503421783445,-0.00018541812896710752,1.6878603042325422,2.2562128333145743
midasheng_v2,2,random440_expressivespeech_067,-3.3006746053695677,-3.3071611642837526,0.006486558914184926,1.3515068456808144,1.2601232422992281
midasheng_v2,2,random440_deear_033,-3.167711853981018,-3.161827182769775,-0.005884671211243031,0.6783262809405564,2.1149005030552077
midasheng_v2,2,random440_expressivespeech_301,-3.508045196533203,-3.508782982826233,0.0007377862930297852,1.3602605060669266,1.2559553877230245
midasheng_v2,2,random440_expressivespeech_054,-2.4928853034973146,-2.490685987472534,-0.0021993160247806287,2.5992431376966305,2.925648740259451
midasheng_v2,2,random440_expressivespeech_323,-3.50498309135437,-3.496181535720825,-0.00880155563354501,0.36227775318662647,1.4742701782552212
midasheng_v2,2,random440_expressivespeech_255,-2.8223881483078,-2.816674280166626,-0.005713868141174139,2.3713742450815953,2.620791659611949
midasheng_v2,2,random440_expressivespeech_021,-4.527241945266724,-4.537539625167847,0.010297679901123402,0.305500132063405,-0.7712072947364751
midasheng_v2,2,random440_deear_095,-2.767673349380493,-2.760007619857788,-0.007665729522704723,2.1409102424026636,2.8059624798337204
midasheng_v2,2,random440_deear_039,-4.9912604808807375,-4.986522912979126,-0.004737567901611506,-1.2191454361175906,-0.6652925008833819
midasheng_v2,2,random440_expressivespeech_120,-3.2216216087341305,-3.222024393081665,0.0004027843475347126,1.5792330881267593,1.2914253131814388
midasheng_v2,2,random440_expressivespeech_124,-3.5700393199920653,-3.575353765487671,0.005314445495605558,1.3598737245013575,0.9206401848806166
midasheng_v2,2,random440_expressivespeech_291,-3.558005380630493,-3.5563801288604733,-0.0016252517700197089,1.0305093813926558,1.2881350147364807
midasheng_v2,2,random440_expressivespeech_333,-4.117354774475098,-4.131914138793945,0.014559364318847301,0.6383373992163788,-0.5557607819968405
midasheng_v2,2,random440_deear_031,-2.529761815071106,-2.5344194889068605,0.004657673835754661,2.4377546484891113,2.5067799790075593
midasheng_v2,2,random440_expressivespeech_303,-4.732978582382202,-4.724778461456299,-0.008200120925903498,-0.7231800780059604,-0.09639009879601379
midasheng_v2,2,random440_expressivespeech_112,-3.6514986515045162,-3.7070569038391112,0.05555825233459499,2.7701414387083814,-3.3403167754702174
midasheng_v2,2,random440_deear_055,-3.441502428054809,-3.479369068145752,0.03786664009094265,2.996287302878452,-0.9573360433954798
midasheng_v2,2,random440_expressivespeech_251,-3.10469160079956,-3.125939583778381,0.0212479829788208,2.3505263247346186,0.6047036496639837
midasheng_v2,2,random440_deear_063,-2.933776092529297,-2.929962396621704,-0.003813695907592951,2.9863278404286118,2.353851438007045
midasheng_v2,2,random440_expressivespeech_263,-3.074030113220215,-3.079239010810852,0.005208897590637029,2.1472343250743156,1.6659022503174552
midasheng_v2,2,random440_deear_074,-3.2307172536849977,-3.239738321304321,0.009021067619323198,1.8508560034124688,1.137682846337565
midasheng_v2,2,random440_expressivespeech_008,-3.5432366609573362,-3.541548180580139,-0.0016884803771972656,1.5215915370750983,1.3322309103208954
midasheng_v2,2,random440_expressivespeech_085,-2.5109925746917723,-2.5231266021728516,0.01213402748107928,3.027372759527432,2.1380239432150985
midasheng_v2,2,random440_deear_057,-3.0931533575057983,-3.1012565851211544,0.00810322761535609,2.587216562582112,1.1574757622575251
midasheng_v2,2,random440_expressivespeech_205,-3.642108297348022,-3.6365792512893673,-0.005529046058654785,1.4794558419616388,1.3467398075613213
midasheng_v2,2,random440_deear_006,-2.9486870765686035,-2.9960845470428463,0.04739747047424281,3.3984540927343403,-1.7784261729082786
midasheng_v2,2,random440_expressivespeech_082,-3.4727137804031374,-3.477721166610718,0.005007386207580566,2.0631763960150913,1.0820690095757803
midasheng_v2,2,random440_deear_011,-3.438361477851868,-3.415269446372986,-0.023092031478881836,0.44288678799201464,2.6244384928811546
midasheng_v2,2,random440_expressivespeech_298,-4.727847909927368,-4.723097610473633,-0.004750299453735174,-0.7233940621231183,-0.2718096490818791
midasheng_v2,2,random440_expressivespeech_071,-3.0072696685791014,-3.012912321090698,0.00564265251159668,2.819929370321449,1.7424391198898999
midasheng_v2,2,random440_expressivespeech_022,-5.924041032791138,-5.9243677139282225,0.0003266811370847833,-2.546103807283047,-2.3250203675859664
midasheng_v2,2,random440_expressivespeech_099,-3.1759506225585934,-3.1703536033630373,-0.005597019195556108,0.8219008460595174,2.0873499167519536
midasheng_v2,3,random440_deear_008,-3.7315470218658446,-3.7069074153900146,-0.024639606475830078,-0.12366728577449393,2.2693577307266364
midasheng_v2,3,random440_expressivespeech_070,-2.6541285037994387,-2.6364115715026855,-0.017716932296753196,3.0585859770651633,3.5086671640202507
midasheng_v2,3,random440_expressivespeech_293,-2.9632401943206785,-2.9650361299514767,0.0017959356307981622,1.8572865102962581,2.0122293935293705
midasheng_v2,3,random440_deear_069,-2.500973331928253,-2.4865386366844175,-0.01443469524383545,1.9642202340642283,3.5628784934004365
midasheng_v2,3,random440_expressivespeech_129,-3.9676278591156002,-3.9664033889770507,-0.0012244701385495382,0.39907259613016577,0.6747449587643108
midasheng_v2,3,random440_expressivespeech_123,-2.278867721557617,-2.2819671630859375,0.0030994415283203125,4.028108734243694,2.9121154061494297
midasheng_v2,3,random440_expressivespeech_078,-2.8722496986389157,-2.8708618879318237,-0.0013878107070919299,2.1262556724259234,2.3168674458965093
midasheng_v2,3,random440_expressivespeech_067,-3.2916708946228024,-3.276633930206299,-0.015036964416503373,1.7721153859471537,2.415731480695092
midasheng_v2,3,random440_deear_033,-3.162977623939514,-3.1549777030944823,-0.00799992084503165,1.3097418660424767,2.23420955394951
midasheng_v2,3,random440_expressivespeech_301,-3.5032217741012572,-3.5034328460693356,0.00021107196807834683,1.184980899047746,1.2910991672195864
midasheng_v2,3,random440_expressivespeech_054,-2.4870204448699953,-2.505797863006592,0.018777418136596502,3.3795651516112075,1.3055675186453173
midasheng_v2,3,random440_expressivespeech_323,-3.490930271148682,-3.5002553462982178,0.009325075149535955,1.7787747532799836,0.3480095467870843
midasheng_v2,3,random440_expressivespeech_255,-2.830910563468933,-2.835645174980163,0.0047346115112301135,2.0838882826472935,2.046692727334397
midasheng_v2,3,random440_expressivespeech_021,-4.529654407501221,-4.524017715454102,-0.005636692047119141,-0.25300094103328424,0.07077922311716683
midasheng_v2,3,random440_deear_095,-2.7677222251892086,-2.7694370985031127,0.001714873313904075,2.289242762770793,2.3080922502911148
midasheng_v2,3,random440_deear_039,-4.981155109405518,-4.980527591705322,-0.0006275177001953125,-0.9141524479384291,-0.868329798397869
midasheng_v2,3,random440_expressivespeech_120,-3.2182408332824703,-3.2589127779006954,0.0406719446182251,2.301351881822208,-1.6017673577814693
midasheng_v2,3,random440_expressivespeech_124,-3.5726847648620605,-3.591452980041504,0.01876821517944327,1.420034656693024,-0.25817692113267876
midasheng_v2,3,random440_expressivespeech_291,-3.5569708108901974,-3.5510361194610596,-0.005934691429137828,1.1468674739519629,1.5370824879357814
midasheng_v2,3,random440_expressivespeech_333,-4.106894826889038,-4.112904262542725,0.006009435653687056,0.9227043766252299,0.08318738663283043
midasheng_v2,3,random440_deear_031,-2.5253849267959594,-2.520183658599853,-0.0052012681961062235,2.6671851570384653,3.03648811366973
midasheng_v2,3,random440_expressivespeech_303,-4.7253334522247314,-4.7286468029022215,0.0033133506774900567,-0.3806916511421937,-0.695971080199842
midasheng_v2,3,random440_expressivespeech_112,-3.638964557647705,-3.6475953578948976,0.00863080024719265,1.312249709716974,0.34764075386587884
midasheng_v2,3,random440_deear_055,-3.4472400188446044,-3.4357902765274044,-0.011449742317199973,0.5530881808149101,1.9933810925681201
midasheng_v2,3,random440_expressivespeech_251,-3.0986664295196533,-3.103770303726196,0.005103874206542791,3.1089151478440384,1.6347372175640293
midasheng_v2,3,random440_deear_063,-2.931469035148621,-2.9247985601425173,-0.006670475006103516,1.6090209603927246,2.5088915285911773
midasheng_v2,3,random440_expressivespeech_263,-3.06990647315979,-3.0653835773468017,-0.00452289581298837,1.9772226873680254,2.18848538092926
midasheng_v2,3,random440_deear_074,-3.228132104873657,-3.216861224174499,-0.011270880699157715,1.818167710442095,2.310628551276544
midasheng_v2,3,random440_expressivespeech_008,-3.535563826560974,-3.5319117307662964,-0.0036520957946777344,1.4330819078755281,1.4478753567322826
midasheng_v2,3,random440_expressivespeech_085,-2.523999571800232,-2.5092489480972286,-0.014750623703003285,1.7014930089184759,3.5453064755518113
midasheng_v2,3,random440_deear_057,-3.0910635232925414,-3.0981126785278317,0.007049155235290261,2.823822207383103,1.542845271939623
midasheng_v2,3,random440_expressivespeech_205,-3.6367383956909176,-3.6276898860931395,-0.009048509597778143,0.16103381005646789,1.5415137417948221
midasheng_v2,3,random440_deear_006,-2.950230288505554,-2.9491334676742555,-0.0010968208312984729,2.7282795642574933,2.1851390307821434
midasheng_v2,3,random440_expressivespeech_082,-3.472802925109863,-3.5110810756683346,0.0382781505584715,2.118490686058654,-1.541657654120676
midasheng_v2,3,random440_deear_011,-3.4399107933044433,-3.433751130104065,-0.006159663200378418,0.5886273415672201,1.723583734994544
midasheng_v2,3,random440_expressivespeech_298,-4.717845106124878,-4.71863317489624,0.0007880687713619494,-0.41373381840096213,-0.5507959776406547
midasheng_v2,3,random440_expressivespeech_071,-3.0149767875671385,-3.0370076417922975,0.022030854225159047,2.446231637230725,0.25084524180680146
midasheng_v2,3,random440_expressivespeech_022,-5.912285995483399,-5.913452863693237,0.0011668682098386896,-2.3320929801104784,-2.3520768993244547
midasheng_v2,3,random440_expressivespeech_099,-3.172208523750305,-3.1513543128967285,-0.020854210853576305,0.9899073419120368,2.902578563439929
midasheng_v2,4,random440_deear_008,-3.723468780517578,-3.7228670597076414,-0.0006017208099367011,0.5480020572679423,1.0057936811266484
midasheng_v2,4,random440_expressivespeech_070,-2.66338472366333,-2.6077135801315308,-0.05567114353179914,0.9415628273947093,5.508967624602072
midasheng_v2,4,random440_expressivespeech_293,-2.953271126747131,-2.9611225843429567,0.007851457595825728,2.293331831505026,1.705749130401963
midasheng_v2,4,random440_deear_069,-2.495026195049286,-2.4847031235694885,-0.010323071479797274,2.442768547075677,3.3535568316209825
midasheng_v2,4,random440_expressivespeech_129,-3.9652903079986572,-3.9648366451263426,-0.00045366287231463076,0.7474751032370011,0.6373265978502654
midasheng_v2,4,random440_expressivespeech_123,-2.282166028022766,-2.2757288098335264,-0.006437218189239591,2.7347188382202035,3.464769798495584
midasheng_v2,4,random440_expressivespeech_078,-2.867046284675598,-2.864978075027466,-0.0020682096481321466,2.0020978917176286,2.360733408640181
midasheng_v2,4,random440_expressivespeech_067,-3.3026460170745846,-3.291387295722961,-0.011258721351623535,2.0041236413755157,2.1988663375107476
midasheng_v2,4,random440_deear_033,-3.169924283027649,-3.1306725263595583,-0.039251756668090554,0.2440879464592523,3.882281350932285
midasheng_v2,4,random440_expressivespeech_301,-3.494705772399902,-3.4957622289657593,0.0010564565658572889,1.7278472848962354,1.258936691487426
midasheng_v2,4,random440_expressivespeech_054,-2.4859785556793215,-2.4898218154907226,0.0038432598114011007,3.2547240951726684,2.6152888793844897
midasheng_v2,4,random440_expressivespeech_323,-3.4946031093597414,-3.5052952766418457,0.010692167282104315,0.27260944601237136,0.26998549559548013
midasheng_v2,4,random440_expressivespeech_255,-2.8218985319137575,-2.8264777183532717,0.00457918643951416,2.3318009589468542,2.075303668151633
midasheng_v2,4,random440_expressivespeech_021,-4.51903977394104,-4.523714590072632,0.004674816131591264,-0.12898565155134278,-0.4605893675291032
midasheng_v2,4,random440_deear_095,-2.7630499601364136,-2.7736804723739623,0.01063051223754874,2.1326225588281402,1.8419363868132956
midasheng_v2,4,random440_deear_039,-4.973423433303833,-4.946108150482178,-0.02731528282165563,-1.5754003224363724,0.5594306602003816
midasheng_v2,4,random440_expressivespeech_120,-3.2115503549575806,-3.212593936920166,0.0010435819625853604,2.2895704273950708,1.6537226818562099
midasheng_v2,4,random440_expressivespeech_124,-3.574971389770508,-3.5782235622406002,0.0032521724700922405,1.4864029130501326,1.0227233223147747
midasheng_v2,4,random440_expressivespeech_291,-3.556391167640686,-3.554638838768005,-0.0017523288726808417,1.1510901669350613,1.3160028170691023
midasheng_v2,4,random440_expressivespeech_333,-4.104554176330566,-4.109329175949097,0.004774999618530451,0.4652114009738951,0.15218523000645456
midasheng_v2,4,random440_deear_031,-2.5234920501708986,-2.520393347740173,-0.0030987024307256306,2.5602411927810196,2.927734656021263
midasheng_v2,4,random440_expressivespeech_303,-4.724249362945557,-4.721931505203247,-0.002317857742309748,-1.072407338959739,-0.3955249872251761
midasheng_v2,4,random440_expressivespeech_112,-3.629526376724243,-3.6575522422790527,0.02802586555480957,3.2788784172911782,-0.656037486066789
midasheng_v2,4,random440_deear_055,-3.4503431797027586,-3.438163614273071,-0.012179565429687678,1.620379818904245,2.027482865103334
midasheng_v2,4,random440_expressivespeech_251,-3.114219856262207,-3.0981726408004757,-0.01604721546173149,1.057123265558673,2.733961441575624
midasheng_v2,4,random440_deear_063,-2.927318239212036,-2.8985748291015625,-0.028743410110473544,1.5392821154496628,3.6864184351023574
midasheng_v2,4,random440_expressivespeech_263,-3.0701688051223757,-3.0811887264251707,0.011019921302795055,2.0967628964731286,1.3445691061280107
midasheng_v2,4,random440_deear_074,-3.2300514698028566,-3.219066691398621,-0.01098477840423584,1.94235863095871,2.292583851870157
midasheng_v2,4,random440_expressivespeech_008,-3.5367191314697264,-3.5317569255828856,-0.00496220588684082,-0.7468340215356303,1.5156757164352164
midasheng_v2,4,random440_expressivespeech_085,-2.507684290409088,-2.5388148188591,0.031130528450011852,3.345681292335697,0.7456403645986421
midasheng_v2,4,random440_deear_057,-3.0802510261535643,-3.0817641735076906,0.0015131473541263318,2.7094909667911615,1.8527466278009732
midasheng_v2,4,random440_expressivespeech_205,-3.6450196504592896,-3.571078372001648,-0.07394127845764142,-0.5199936705715569,5.014664953836433
midasheng_v2,4,random440_deear_006,-2.953043508529663,-2.9567261934280396,0.0036826848983766425,2.276658252174742,1.834262355568067
midasheng_v2,4,random440_expressivespeech_082,-3.4727526187896727,-3.4735674142837523,0.0008147954940795898,1.3439547920958865,1.2904387568335036
midasheng_v2,4,random440_deear_011,-3.4320881128311154,-3.4421931982040403,0.010105085372924982,1.6314078728845014,0.872133079157164
midasheng_v2,4,random440_expressivespeech_298,-4.709918117523193,-4.703991556167603,-0.00592656135559011,-0.6613413808791032,-0.1826520058045818
midasheng_v2,4,random440_expressivespeech_071,-3.0131829023361205,-2.9933057546615602,-0.01987714767456028,1.6927222217911122,3.087871948627334
midasheng_v2,4,random440_expressivespeech_022,-5.905566167831421,-5.907893133163452,0.00232696533203125,-2.191905364155711,-2.4036186188029927
midasheng_v2,4,random440_expressivespeech_099,-3.1574983358383175,-3.153819274902344,-0.003679060935973588,1.5926896105471195,2.013086759468554
midasheng_v2,5,random440_deear_008,-3.7200844287872314,-3.715031290054321,-0.005053138732910245,0.4451062940420145,1.2470624297415571
midasheng_v2,5,random440_expressivespeech_070,-2.6484620571136475,-2.650702428817749,0.00224037170410174,2.623633424990516,2.1933492289759404
midasheng_v2,5,random440_expressivespeech_293,-2.958134412765503,-2.9576568603515625,-0.0004775524139404297,1.8600052307100303,2.140489696435273
midasheng_v2,5,random440_deear_069,-2.4910121917724606,-2.5098139882087707,0.01880179643631008,3.1829711068173636,1.539464170798134
midasheng_v2,5,random440_expressivespeech_129,-3.9632578849792477,-3.965694236755371,0.0024363517761232245,0.5276234053805616,0.4869939460306922
midasheng_v2,5,random440_expressivespeech_123,-2.2739491820335385,-2.2757492303848266,0.0018000483512881083,4.143501845619653,3.039898662938548
midasheng_v2,5,random440_expressivespeech_078,-2.868947172164917,-2.8661238908767697,-0.002823281288147239,2.755336897244304,2.3979678957068793
midasheng_v2,5,random440_expressivespeech_067,-3.2927424669265744,-3.2880132675170897,-0.004729199409484686,1.5058256189260337,1.8671347733645955
midasheng_v2,5,random440_deear_033,-3.1640319585800167,-3.1471208333969116,-0.016911125183105113,1.3367374443767281,2.7055252345447314
midasheng_v2,5,random440_expressivespeech_301,-3.4941313743591307,-3.494639205932617,0.0005078315734863281,1.0870681667465867,1.2889069486290818
midasheng_v2,5,random440_expressivespeech_054,-2.4748125076293945,-2.4761167049407957,0.0013041973114011896,3.413746179408633,2.7666795507279076
midasheng_v2,5,random440_expressivespeech_323,-3.4769321441650387,-3.48325252532959,0.0063203811645511365,1.5615598254547827,0.5510348748646677
midasheng_v2,5,random440_expressivespeech_255,-2.8170970439910885,-2.8049439668655394,-0.012153077125549139,2.3329927222324094,2.9703892541308585
midasheng_v2,5,random440_expressivespeech_021,-4.513791799545288,-4.512160682678223,-0.0016311168670650744,0.28441973503463036,-0.11812860200257888
midasheng_v2,5,random440_deear_095,-2.7687511920928953,-2.7607410192489623,-0.008010172843933017,2.0574440667690888,2.8226336342530725
midasheng_v2,5,random440_deear_039,-4.972636795043945,-4.962625360488891,-0.010011434555053711,-1.1456703721536126,-0.35765387223981826
midasheng_v2,5,random440_expressivespeech_120,-3.2042640686035155,-3.2303879737854,0.026123905181884677,2.7046534953659274,0.12553933559518976
midasheng_v2,5,random440_expressivespeech_124,-3.5718325138092037,-3.5889790058135986,0.017146492004394887,1.5273503244499118,-0.17084657687338733
midasheng_v2,5,random440_expressivespeech_291,-3.5529500246047974,-3.551737284660339,-0.001212739944458363,1.17987232805327,1.2925001462439936
midasheng_v2,5,random440_expressivespeech_333,-4.097287654876709,-4.094411468505859,-0.0028761863708499646,0.7164670645317333,0.5690441970236823
midasheng_v2,5,random440_deear_031,-2.5234477043151857,-2.5268244504928585,0.003376746177672807,2.7575684092933908,2.5841702984032584
midasheng_v2,5,random440_expressivespeech_303,-4.710713148117065,-4.711099624633789,0.0003864765167236328,-0.5893773021738887,-0.5188494652373364
midasheng_v2,5,random440_expressivespeech_112,-3.610632371902466,-3.5872753143310545,-0.023357057571411488,1.4665843519249095,2.3816079987684047
midasheng_v2,5,random440_deear_055,-3.43572998046875,-3.496767687797546,0.06103770732879621,2.7129211207348316,-3.4443995671114314
midasheng_v2,5,random440_expressivespeech_251,-3.1099510192871094,-3.0932519197463986,-0.016699099540710804,1.7653655767043397,2.774920551646498
midasheng_v2,5,random440_deear_063,-2.9343552112579347,-2.9315338373184203,-0.0028213739395144266,2.518479183869224,2.3003286207621043
midasheng_v2,5,random440_expressivespeech_263,-3.062678813934326,-3.0749669551849363,0.012288141250610174,2.3376263744383152,0.8870851002205302
midasheng_v2,5,random440_deear_074,-3.223785924911499,-3.230598044395447,0.006812119483948109,2.224314003443141,1.3418781286224672
midasheng_v2,5,random440_expressivespeech_008,-3.5209940671920776,-3.5080517530441284,-0.012942314147949219,0.8494533186293759,1.9626030774679806
midasheng_v2,5,random440_expressivespeech_085,-2.5134023904800413,-2.5062446951866146,-0.007157695293426691,2.528894181522199,3.158177832169084
midasheng_v2,5,random440_deear_057,-3.0828099489212035,-3.079739880561829,-0.0030700683593747335,2.6308784805855066,2.0921466906832236
midasheng_v2,5,random440_expressivespeech_205,-3.624675130844116,-3.600485372543335,-0.024189758300781072,0.2861567162442673,2.4048557490743523
midasheng_v2,5,random440_deear_006,-2.9385483980178835,-2.992566704750061,0.05401830673217756,3.5888159537075737,-2.114652854424654
midasheng_v2,5,random440_expressivespeech_082,-3.466370964050293,-3.4747827529907225,0.008411788940429599,1.5773071569805857,0.8526216977772672
midasheng_v2,5,random440_deear_011,-3.423323631286621,-3.433969259262085,0.010645627975463867,1.615356135904035,0.8565180918350581
midasheng_v2,5,random440_expressivespeech_298,-4.694155311584472,-4.700397682189942,0.006242370605469283,-0.6783868690351623,-0.8049108094731537
midasheng_v2,5,random440_expressivespeech_071,-3.0093946933746336,-2.9830474615097042,-0.026347231864929377,1.4596176726175827,3.436866833382796
midasheng_v2,5,random440_expressivespeech_022,-5.903447055816651,-5.911439323425293,0.007992267608642578,-2.2096782236057972,-2.7207796363944525
midasheng_v2,5,random440_expressivespeech_099,-3.1616107702255247,-3.1731097221374513,0.011498951911926625,2.907190842183622,1.0734545723965245
midasheng_v2,6,random440_deear_008,-3.7146357059478756,-3.7052804470062255,-0.009355258941650124,0.34216170980808724,1.4834868863821211
midasheng_v2,6,random440_expressivespeech_070,-2.638134717941284,-2.662507677078247,0.024372959136962802,1.7118087205392463,1.2989471539238049
midasheng_v2,6,random440_expressivespeech_293,-2.955985593795776,-2.9524590015411376,-0.003526592254638583,2.003562237031752,2.3054964552002106
midasheng_v2,6,random440_deear_069,-2.481880712509155,-2.4954487323760985,0.013568019866943448,3.485718691227155,2.1053390608272555
midasheng_v2,6,random440_expressivespeech_129,-3.9587031841278075,-3.9745890617370607,0.015885877609253196,0.4846563849484748,-0.5654787572773967
midasheng_v2,6,random440_expressivespeech_123,-2.269103467464447,-2.2831626772880553,0.01405920982360831,3.9629073923128835,2.1635053950875873
midasheng_v2,6,random440_expressivespeech_078,-2.864827060699463,-2.9051878452301025,0.04036078453063974,2.972321249754802,-0.8376851004304702
midasheng_v2,6,random440_expressivespeech_067,-3.3003497838974,-3.3030155181884764,0.002665734291076305,1.3004373267878506,1.218139861509358
midasheng_v2,6,random440_deear_033,-3.16471152305603,-3.124341368675232,-0.04037015438079816,0.2059467215483054,3.949404386462454
midasheng_v2,6,random440_expressivespeech_301,-3.4872483015060425,-3.478944635391235,-0.008303666114807484,0.9457428751976933,1.7667679845082611
midasheng_v2,6,random440_expressivespeech_054,-2.4618548154830933,-2.474323534965515,0.012468719482421786,3.208958291998286,2.1429922949170477
midasheng_v2,6,random440_expressivespeech_323,-3.470943737030029,-3.426990270614624,-0.043953466415405096,0.03266933255612364,3.682897896161795
midasheng_v2,6,random440_expressivespeech_255,-2.8155382871627808,-2.8230594873428343,0.007521200180053533,2.8230408407190604,1.9286653507268188
midasheng_v2,6,random440_expressivespeech_021,-4.5150465965271,-4.50575737953186,-0.009289216995239435,-0.3626270782450925,0.28639007807970035
midasheng_v2,6,random440_deear_095,-2.762229347229004,-2.730541944503784,-0.03168740272521964,1.4802599656635098,4.088830886310832
midasheng_v2,6,random440_deear_039,-4.95725679397583,-4.951942443847656,-0.005314350128173828,-0.8688481011753293,-0.5839774647232108
midasheng_v2,6,random440_expressivespeech_120,-3.199516701698303,-3.2191662073135374,0.019649505615234375,2.1460623992529,0.2613286476860429
midasheng_v2,6,random440_expressivespeech_124,-3.569893407821655,-3.5652331829071047,-0.004660224914550426,1.09231531757504,1.4501803046308115
midasheng_v2,6,random440_expressivespeech_291,-3.5482224464416503,-3.5510828495025635,0.0028604030609131748,1.3731495778727907,1.0357006200271412
midasheng_v2,6,random440_expressivespeech_333,-4.0904624462127686,-4.09343318939209,0.0029707431793211114,0.516862452506397,0.26894503965945205
midasheng_v2,6,random440_deear_031,-2.5226195096969604,-2.5209643602371212,-0.0016551494598391336,3.0144086418576017,2.848333533329419
midasheng_v2,6,random440_expressivespeech_303,-4.704278182983399,-4.709667730331421,0.005389547348022106,-0.42092887410561913,-0.8140094889191309
midasheng_v2,6,random440_expressivespeech_112,-3.6096552371978756,-3.627859592437744,0.01820435523986852,2.4120994712707544,0.17753939341248237
midasheng_v2,6,random440_deear_055,-3.4307781934738157,-3.4159921646118163,-0.014786028861999423,-0.0038059451363051666,2.1949749802394156
midasheng_v2,6,random440_expressivespeech_251,-3.097106766700745,-3.0999106407165526,0.002803874015807839,1.8545718369918573,1.7591163732589858
midasheng_v2,6,random440_deear_063,-2.9249738216400143,-2.9049669265747067,-0.020006895065307617,2.551493927700191,3.2262967364091675
midasheng_v2,6,random440_expressivespeech_263,-3.069400906562805,-3.069410967826843,1.0061264037908302e-05,1.9629712023171855,1.8961171964957904
midasheng_v2,6,random440_deear_074,-3.227034091949463,-3.221394419670105,-0.00563967227935791,1.4693935722561244,1.9537835615127628
midasheng_v2,6,random440_expressivespeech_008,-3.5111288785934445,-3.498597574234009,-0.012531304359435502,-0.255991595503551,1.9555033662216097
midasheng_v2,6,random440_expressivespeech_085,-2.5052374601364136,-2.5037991285324095,-0.0014383316040040839,2.6668556638270373,2.866845995643637
midasheng_v2,6,random440_deear_057,-3.0745169639587404,-3.08505380153656,0.010536837577819647,2.6367865818996385,1.0954986104208642
midasheng_v2,6,random440_expressivespeech_205,-3.6214263916015623,-3.655059003829956,0.033632612228393644,1.3120594789872735,-1.4560751279834783
midasheng_v2,6,random440_deear_006,-2.9467996835708616,-2.9559137344360353,0.009114050865173695,3.0712378724256393,1.4813986125278764
midasheng_v2,6,random440_expressivespeech_082,-3.465101480484009,-3.5050490379333494,0.03994755744934064,1.931653044821641,-1.6187629353579291
midasheng_v2,6,random440_deear_011,-3.4216870069503784,-3.4279229164123537,0.006235909461975275,0.8724022522396375,1.0929677381073248
midasheng_v2,6,random440_expressivespeech_298,-4.688998365402222,-4.68469614982605,-0.004302215576172053,-0.9677219505967793,-0.2376545824177223
midasheng_v2,6,random440_expressivespeech_071,-3.011339163780212,-3.036880540847778,0.025541377067566096,2.042804490764639,-0.04948415515399518
midasheng_v2,6,random440_expressivespeech_022,-5.8974748134613035,-5.891288757324219,-0.006186056137084783,-2.430528196533056,-1.9397949028415662
midasheng_v2,6,random440_expressivespeech_099,-3.157262110710144,-3.2300896644592285,0.07282755374908456,3.023578837290688,-3.6195536375641773
midasheng_v2,7,random440_deear_008,-3.709596872329712,-3.710382032394409,0.000785160064697088,1.086058490165572,0.9528826597465055
midasheng_v2,7,random440_expressivespeech_070,-2.649355721473694,-2.691497802734375,0.042142081260680975,2.6068796914243704,-0.9667178948397224
midasheng_v2,7,random440_expressivespeech_293,-2.9517117023468016,-2.9546562671661376,0.0029445648193360263,2.045648567465424,1.9684670362495253
midasheng_v2,7,random440_deear_069,-2.482588052749634,-2.4792231917381287,-0.003364861011505127,3.1399393621438367,3.0028558408448673
midasheng_v2,7,random440_expressivespeech_129,-3.9530470848083494,-3.9386643409729003,-0.01438274383544913,-0.3259337496159313,1.3947539174245065
midasheng_v2,7,random440_expressivespeech_123,-2.2722529649734495,-2.3294035315513613,0.05715056657791173,4.008241852321435,-1.3636130609693389
midasheng_v2,7,random440_expressivespeech_078,-2.8573914527893063,-2.8689376592636107,0.011546206474304377,2.498449728693607,1.6526592161658342
midasheng_v2,7,random440_expressivespeech_067,-3.291147971153259,-3.2849466562271115,-0.006201314926147727,1.7927402920055113,1.7179223727747084
midasheng_v2,7,random440_deear_033,-3.1580663442611696,-3.157921028137207,-0.00014531612396240234,1.6453665818340255,1.8247156656053536
midasheng_v2,7,random440_expressivespeech_301,-3.473536491394043,-3.4722500801086422,-0.001286411285400746,1.2989265577322033,1.4148330305821584
midasheng_v2,7,random440_expressivespeech_054,-2.4583080053329467,-2.455148673057556,-0.0031593322753908915,3.6200559223717965,3.0281561125399454
midasheng_v2,7,random440_expressivespeech_323,-3.46443018913269,-3.4416020870208737,-0.022828102111816406,-0.07031855609888438,2.4441299662015425
midasheng_v2,7,random440_expressivespeech_255,-2.808776688575745,-2.800310254096985,-0.008466434478759943,2.4520831988382423,2.787158925773063
midasheng_v2,7,random440_expressivespeech_021,-4.499943494796753,-4.499819374084472,-0.0001241207122806287,0.4796640256228059,-0.1774489392061349
midasheng_v2,7,random440_deear_095,-2.7558246612548825,-2.765624928474426,0.009800267219543635,2.8192212063787117,1.8967692656608146
midasheng_v2,7,random440_deear_039,-4.951553392410278,-4.944120407104492,-0.007432985305785955,-1.4109880666645047,-0.4630435021535234
midasheng_v2,7,random440_expressivespeech_120,-3.193506622314453,-3.2267960786819456,0.03328945636749259,3.4344035890181157,-0.7010104414707916
midasheng_v2,7,random440_expressivespeech_124,-3.56178126335144,-3.56947808265686,0.0076968193054200995,1.818342621862965,0.8065301575945069
midasheng_v2,7,random440_expressivespeech_291,-3.545128202438354,-3.54785361289978,0.0027254104614260477,1.3926078627172496,1.0839204779311344
midasheng_v2,7,random440_expressivespeech_333,-4.089673852920532,-4.100559854507447,0.010886001586914773,0.40761611127479125,-0.3195491948871487
midasheng_v2,7,random440_deear_031,-2.5176460266113283,-2.517299389839172,-0.0003466367721562946,2.949188700357967,2.79040943142521
midasheng_v2,7,random440_expressivespeech_303,-4.693604326248169,-4.688138008117676,-0.005466318130492809,-0.3974380310172668,-0.18274805841837238
midasheng_v2,7,random440_expressivespeech_112,-3.615852642059326,-3.646346998214722,0.030494356155395863,1.5529363644587908,-1.4194908088218294
midasheng_v2,7,random440_deear_055,-3.4058757066726684,-3.4789443254470824,0.07306861877441406,2.8532411844099883,-3.6201132291217717
midasheng_v2,7,random440_expressivespeech_251,-3.090817785263061,-3.088053274154663,-0.00276451110839826,1.9475601810458434,2.0639903049524757
midasheng_v2,7,random440_deear_063,-2.921933889389038,-2.9252336740493776,0.003299784660339533,2.1443682782036935,1.9940221012994346
midasheng_v2,7,random440_expressivespeech_263,-3.0688713788986206,-3.06492657661438,-0.003944802284240545,1.8345104323608805,2.0358309043136176
midasheng_v2,7,random440_deear_074,-3.2158011913299562,-3.2178356409072872,0.00203444957733101,2.117703028620303,1.607320184504917
midasheng_v2,7,random440_expressivespeech_008,-3.5043511629104613,-3.4889779090881348,-0.015373253822326571,0.42240874642975784,2.1164232518079595
midasheng_v2,7,random440_expressivespeech_085,-2.508128201961517,-2.488706183433533,-0.019422018527984086,2.3679530220965037,3.8168696106174744
midasheng_v2,7,random440_deear_057,-3.0689064264297485,-3.0557177782058718,-0.013188648223876775,1.8167409696093735,2.649839288827864
midasheng_v2,7,random440_expressivespeech_205,-3.5953753709793093,-3.6515850782394406,0.0562097072601313,1.6827982490174418,-2.5783304342209963
midasheng_v2,7,random440_deear_006,-2.947128701210022,-2.964566779136658,0.017438077926636097,2.6378346892688382,0.6421456918174081
midasheng_v2,7,random440_expressivespeech_082,-3.461097240447998,-3.4537221908569338,-0.0073750495910642755,1.4641910183325855,1.756486497032673
midasheng_v2,7,random440_deear_011,-3.4144657850265503,-3.42163827419281,0.007172489166259677,1.121140189963217,1.0540350347664613
midasheng_v2,7,random440_expressivespeech_298,-4.6717674255371096,-4.66674542427063,-0.00502200126647967,-0.6789207881957381,-0.17376275701519772
midasheng_v2,7,random440_expressivespeech_071,-3.0045686721801754,-3.0302916765213013,0.025723004341125844,2.3000228157242155,-0.21848547846572952
midasheng_v2,7,random440_expressivespeech_022,-5.888965034484864,-5.88132643699646,-0.007638597488403676,-2.6095802921320486,-1.850023382570734
midasheng_v2,7,random440_expressivespeech_099,-3.15224335193634,-3.1619102478027346,0.009666895866394576,2.322975347393167,1.3032287893070422
midasheng_v2,8,random440_deear_008,-3.7017734050750732,-3.711332845687866,0.009559440612792791,1.012570124686116,0.4989273637247791
midasheng_v2,8,random440_expressivespeech_070,-2.636044597625732,-2.6477740764617916,0.01172947883605957,2.932746297436119,1.8927869706510032
midasheng_v2,8,random440_expressivespeech_293,-2.9425933837890623,-2.9426167488098143,2.3365020751953125e-05,2.2953079076499794,2.137082837078877
midasheng_v2,8,random440_deear_069,-2.475906479358673,-2.494620680809021,0.018714201450348078,3.4701993767559687,1.5666385505650489
midasheng_v2,8,random440_expressivespeech_129,-3.9455964088439943,-3.960904216766357,0.015307807922362748,1.2492054305746554,-0.5152573826086735
midasheng_v2,8,random440_expressivespeech_123,-2.2620657324790954,-2.2780460834503176,0.01598035097122219,4.751538276678261,2.07205167544444
midasheng_v2,8,random440_expressivespeech_078,-2.860227370262146,-2.8603649616241453,0.0001375913619994229,2.3731604202429275,2.253847427768158
midasheng_v2,8,random440_expressivespeech_067,-3.289497208595276,-3.2766331672668456,-0.012864041328430442,1.3489365035770973,2.303663144108003
midasheng_v2,8,random440_deear_033,-3.1567685842514037,-3.1209888458251953,-0.03577973842620841,0.7812801383467434,3.7176510063982926
midasheng_v2,8,random440_expressivespeech_301,-3.4635941982269287,-3.466557574272156,0.0029633760452272284,1.495142205109907,1.2041371627613822
midasheng_v2,8,random440_expressivespeech_054,-2.446284461021423,-2.4490936279296873,0.00280916690826416,3.43759365481707,2.7293575442045173
midasheng_v2,8,random440_expressivespeech_323,-3.44245285987854,-3.4480846405029295,0.005631780624389293,1.8115596906942164,0.8015877036454306
midasheng_v2,8,random440_expressivespeech_255,-2.811390209197998,-2.8110471248626707,-0.00034308433532714844,2.6961373629912715,2.3521824479083664
midasheng_v2,8,random440_expressivespeech_021,-4.479972839355469,-4.490824222564697,0.010851383209228516,0.31258742968417635,-0.7301016447591113
midasheng_v2,8,random440_deear_095,-2.761334633827209,-2.7588143825531004,-0.002520251274108709,2.1791309617729637,2.5423615360790266
midasheng_v2,8,random440_deear_039,-4.939106225967407,-4.916282987594604,-0.02282323837280309,-1.3573695837114903,0.3722274787904747
midasheng_v2,8,random440_expressivespeech_120,-3.199412989616394,-3.1896756172180174,-0.009737372398376465,1.129496961979029,2.2505304920525404
midasheng_v2,8,random440_expressivespeech_124,-3.563710403442383,-3.5669120311737057,0.0032016277313227093,1.2151557041123084,1.0421982198572146
midasheng_v2,8,random440_expressivespeech_291,-3.5490630865097046,-3.5520476341247558,0.0029845476150511807,1.2974050926160103,1.0755603736734305
midasheng_v2,8,random440_expressivespeech_333,-4.071333503723144,-4.0835607051849365,0.012227201461792347,0.48775745281312805,-0.22624648745059175
midasheng_v2,8,random440_deear_031,-2.5166138648986816,-2.514209961891174,-0.0024039030075075907,2.6806162525565083,2.9011208822047405
midasheng_v2,8,random440_expressivespeech_303,-4.681116247177124,-4.67908673286438,-0.0020295143127446735,-0.3536518063185054,-0.34650526150429867
midasheng_v2,8,random440_expressivespeech_112,-3.583086633682251,-3.5915879726409914,0.0085013389587405,1.0866791058862753,0.7320658932516555
midasheng_v2,8,random440_deear_055,-3.391443133354187,-3.408681035041809,0.01723790168762207,8.619730578349648,0.5542290591972994
midasheng_v2,8,random440_expressivespeech_251,-3.083772087097168,-3.099659729003906,0.015887641906738192,3.0526241516944186,0.9106896982347494
midasheng_v2,8,random440_deear_063,-2.9166720390319822,-2.9145723581314087,-0.002099680900573553,1.9041754746763195,2.288400351615732
midasheng_v2,8,random440_expressivespeech_263,-3.0538770914077755,-3.064598178863525,0.010721087455749512,2.5453431763346,1.3728341384533418
midasheng_v2,8,random440_deear_074,-3.214057898521423,-3.24396493434906,0.029907035827636985,2.5798882388905175,-0.25382384289556537
midasheng_v2,8,random440_expressivespeech_008,-3.4870218515396116,-3.5208562374114987,0.03383438587188703,0.8766262638778354,-1.2942727240511815
midasheng_v2,8,random440_expressivespeech_085,-2.501201701164246,-2.491003465652466,-0.010198235511779785,2.4598564998848107,3.337723137762823
midasheng_v2,8,random440_deear_057,-3.062352705001831,-3.0759118556976315,0.013559150695800604,2.1632663960604592,1.088738713421801
midasheng_v2,8,random440_expressivespeech_205,-3.592526435852051,-3.578347587585449,-0.014178848266601651,0.8711125797297946,1.9215510166464778
midasheng_v2,8,random440_deear_006,-2.9388420343399044,-2.9718536138534546,0.03301157951355016,3.1499577253608475,-0.21320853571377174
midasheng_v2,8,random440_expressivespeech_082,-3.4603285551071163,-3.5023602008819577,0.04203164577484131,2.626016111229803,-2.0234424492781278
midasheng_v2,8,random440_deear_011,-3.4198131561279297,-3.415691041946411,-0.0041221141815186435,0.8835422605448027,1.645427881093302
midasheng_v2,8,random440_expressivespeech_298,-4.655110645294189,-4.6440380096435545,-0.011072635650634766,-0.959113031488225,0.17216325015364453
midasheng_v2,8,random440_expressivespeech_071,-2.9976773023605343,-2.9850926876068113,-0.012584614753722967,2.0603678074367404,2.7240038464307306
midasheng_v2,8,random440_expressivespeech_022,-5.876598501205445,-5.882065916061402,0.005467414855957031,-2.046796457765171,-2.5270745250368694
midasheng_v2,8,random440_expressivespeech_099,-3.157859659194946,-3.15601007938385,-0.0018495798110960138,1.9233326822119516,1.6365754887703934
midasheng_v2,9,random440_deear_008,-3.700209617614746,-3.698583173751831,-0.0016264438629152167,0.5588230320821244,1.0948569493585931
midasheng_v2,9,random440_expressivespeech_070,-2.6296598434448244,-2.645026707649231,0.015366864204406472,3.2731054801389363,1.7895085506473816
midasheng_v2,9,random440_expressivespeech_293,-2.9410195350646973,-2.963470530509949,0.022450995445251642,2.526049374204005,0.7528969036333866
midasheng_v2,9,random440_deear_069,-2.472572946548462,-2.47022625207901,-0.0023466944694519043,3.146295270477836,2.963759903966377
midasheng_v2,9,random440_expressivespeech_129,-3.942445993423462,-3.935198402404785,-0.007247591018677113,-0.034165648183245134,1.031923730636043
midasheng_v2,9,random440_expressivespeech_123,-2.2668163776397705,-2.264249002933502,-0.002567374706268666,3.3389505969758146,3.28229986759781
midasheng_v2,9,random440_expressivespeech_078,-2.8590717792510985,-2.8538644552230834,-0.005207324028015048,2.030266789454676,2.539207528445946
midasheng_v2,9,random440_expressivespeech_067,-3.2826160430908202,-3.275597095489502,-0.0070189476013182706,2.0798925186484283,2.0037448519593655
midasheng_v2,9,random440_deear_033,-3.154921221733093,-3.1748320817947384,0.01991086006164533,0.919554952370549,0.3030032365124281
midasheng_v2,9,random440_expressivespeech_301,-3.450851225852966,-3.4570917844772335,0.006240558624267312,1.6050102188937223,1.049230630189385
midasheng_v2,9,random440_expressivespeech_054,-2.44482729434967,-2.443688654899597,-0.0011386394500729757,2.5813651011666545,2.9410274394488125
midasheng_v2,9,random440_expressivespeech_323,-3.4353833198547363,-3.4308101177215575,-0.0045732021331788,0.5886902292824674,1.348195074581045
midasheng_v2,9,random440_expressivespeech_255,-2.8062376260757445,-2.803024077415466,-0.0032135486602782315,2.167953267808422,2.512192085048171
midasheng_v2,9,random440_expressivespeech_021,-4.483652210235595,-4.5084198951721195,0.024767684936524148,0.2659734367749771,-2.0001686779283583
midasheng_v2,9,random440_deear_095,-2.751643967628479,-2.7404109239578247,-0.011233043670654475,2.8428097155317964,3.0191713623872856
midasheng_v2,9,random440_deear_039,-4.925627088546753,-4.9246080875396725,-0.0010190010070800781,-0.7380521813768695,-0.7647503484935573
midasheng_v2,9,random440_expressivespeech_120,-3.1813172817230226,-3.179028248786926,-0.0022890329360967243,2.155522043774241,1.8702866166519396
midasheng_v2,9,random440_expressivespeech_124,-3.5609968185424803,-3.5589391231536864,-0.0020576953887938565,1.3482072636635754,1.3237085003007518
midasheng_v2,9,random440_expressivespeech_291,-3.5474624633789062,-3.5463565826416015,-0.0011058807373047763,1.2296653720023216,1.2950126688111037
midasheng_v2,9,random440_expressivespeech_333,-4.069248962402344,-4.0544195652008055,-0.014829397201538086,-0.10880844985670843,1.245173258370286
midasheng_v2,9,random440_deear_031,-2.5129305362701415,-2.517064332962036,0.00413379669189462,2.7369475856545273,2.5596796061457123
midasheng_v2,9,random440_expressivespeech_303,-4.671199369430542,-4.660462284088135,-0.010737085342406694,-0.7104661002446453,0.13036481641691278
midasheng_v2,9,random440_expressivespeech_112,-3.5717916965484617,-3.5827841758728027,0.010992479324340998,2.189609710877356,0.6167126571968325
midasheng_v2,9,random440_deear_055,-3.3949493885040285,-3.3993247747421265,0.004375386238097967,-0.4293508424043998,1.2315712947550805
midasheng_v2,9,random440_expressivespeech_251,-3.0782833337783813,-3.066250228881836,-0.01203310489654541,1.5903562595768597,2.574535381444859
midasheng_v2,9,random440_deear_063,-2.910762906074524,-2.911347579956055,0.0005846738815309394,2.3603136975496968,2.1547624279501516
midasheng_v2,9,random440_expressivespeech_263,-3.0643807888031005,-3.0602061271667482,-0.004174661636352273,1.5080421627119864,2.1782457880513726
midasheng_v2,9,random440_deear_074,-3.2139913558959963,-3.215009832382202,0.0010184764862057882,1.71272187959407,1.6795603313224394
midasheng_v2,9,random440_expressivespeech_008,-3.475719904899597,-3.471401262283325,-0.004318642616271795,1.6221276762014643,1.572487487315187
midasheng_v2,9,random440_expressivespeech_085,-2.494219493865967,-2.520757555961609,0.026538062095641912,3.3031645040370843,1.0094262880334073
midasheng_v2,9,random440_deear_057,-3.0548142433166503,-3.055650997161865,0.0008367538452147549,2.1286850477391077,1.67375936182748
midasheng_v2,9,random440_expressivespeech_205,-3.5624748229980465,-3.5476332664489743,-0.014841556549072266,0.8487693888732398,2.001532433444567
midasheng_v2,9,random440_deear_006,-2.938842225074768,-2.9462301492691036,0.00738792419433576,2.6233298981432536,1.4736388292655647
midasheng_v2,9,random440_expressivespeech_082,-3.451292037963867,-3.441442680358887,-0.009849357604980291,2.7043683352624748,1.9024115375067565
midasheng_v2,9,random440_deear_011,-3.408976197242737,-3.41102979183197,0.002053594589233043,1.823065307711931,1.3338639251681048
midasheng_v2,9,random440_expressivespeech_298,-4.6308002948760985,-4.6241926670074465,-0.0066076278686519885,-0.517535034680627,-0.028527653763066596
midasheng_v2,9,random440_expressivespeech_071,-2.9978743314743044,-3.0018712043762203,0.003996872901915971,2.4163329681417207,1.7173933222802285
midasheng_v2,9,random440_expressivespeech_022,-5.869994115829468,-5.867583990097046,-0.0024101257324220526,-2.250680825712951,-2.0991910668814633
midasheng_v2,9,random440_expressivespeech_099,-3.1441617250442504,-3.1400921821594237,-0.004069542884826749,2.2306885822982863,2.0536962140558344
midasheng_v3,0,random440_deear_008,-3.7357633113861084,-3.7269640445709227,-0.008799266815185725,-0.2818513158419033,0.04278825360808941
midasheng_v3,0,random440_expressivespeech_070,-2.6594998121261595,-2.643450975418091,-0.01604883670806867,0.3136010873252284,0.9616176219911925
midasheng_v3,0,random440_expressivespeech_293,-2.96321964263916,-2.959016466140747,-0.004203176498413175,0.18275570827257698,0.4030691544799234
midasheng_v3,0,random440_deear_069,-2.505708634853363,-2.5029255509376522,-0.0027830839157108045,0.5356781062079885,0.6561845846334331
midasheng_v3,0,random440_expressivespeech_129,-3.9738693237304688,-3.975327110290527,0.0014577865600582385,-0.0532578782967883,-0.42472949059730025
midasheng_v3,0,random440_expressivespeech_123,-2.277802217006683,-2.3396057963371275,0.061803579330444336,1.3163673668114795,-1.9670161970309863
midasheng_v3,0,random440_expressivespeech_078,-2.8702930212020874,-2.882713508605957,0.012420487403869807,0.9752574270612278,-0.10496274561605548
midasheng_v3,0,random440_expressivespeech_067,-3.2962579011917112,-3.3010950803756716,0.004837179183960316,0.06735291960262899,-0.08881336585144964
midasheng_v3,0,random440_deear_033,-3.1745812654495236,-3.1753585577011108,0.0007772922515871805,-0.13296389770388883,0.11401280852404155
midasheng_v3,0,random440_expressivespeech_301,-3.5128979206085207,-3.5206504106521606,0.00775249004363987,-0.02690638568248198,-0.3182268610975233
midasheng_v3,0,random440_expressivespeech_054,-2.5009390354156493,-2.5040687561035155,0.003129720687866211,0.7574463841632887,0.47871702631693236
midasheng_v3,0,random440_expressivespeech_323,-3.498920202255249,-3.5067215919494625,0.007801389694213512,-0.27841671930817846,-0.31066212991354936
midasheng_v3,0,random440_expressivespeech_255,-2.8346892833709716,-2.8215813636779785,-0.013107919692993075,0.2811590231511778,0.7582833688287041
midasheng_v3,0,random440_expressivespeech_021,-4.538718891143799,-4.535999393463134,-0.0027194976806645954,-0.7747117012436021,-0.663207526791803
midasheng_v3,0,random440_deear_095,-2.771314811706543,-2.766154670715332,-0.005160140991211204,0.030016825002029845,0.5566518008513945
midasheng_v3,0,random440_deear_039,-4.994351005554199,-4.994680643081665,0.0003296375274661756,-1.102236664112784,-1.0515814960632857
midasheng_v3,0,random440_expressivespeech_120,-3.2143560409545895,-3.210448145866394,-0.0039078950881954455,0.09725868976874294,0.23130842572514962
midasheng_v3,0,random440_expressivespeech_124,-3.5745994091033935,-3.576342248916626,0.0017428398132324219,-0.10512996453363424,-0.17469547998336213
midasheng_v3,0,random440_expressivespeech_291,-3.554582405090332,-3.5580873489379883,0.0035049438476564276,-0.045003093986284874,-0.21553297129626614
midasheng_v3,0,random440_expressivespeech_333,-4.125196647644043,-4.133625078201294,0.008428430557250621,-0.5338894204778432,-0.7366134244353755
midasheng_v3,0,random440_deear_031,-2.5297181844711303,-2.506389284133911,-0.02332890033721924,0.29001739349833144,1.268030106625864
midasheng_v3,0,random440_expressivespeech_303,-4.736927890777588,-4.74010739326477,0.0031795024871819066,-0.958747762053106,-0.9717896381479266
midasheng_v3,0,random440_expressivespeech_112,-3.659575843811035,-3.7215515136718746,0.06197566986083958,0.4398877266896778,-2.8702730051707555
midasheng_v3,0,random440_deear_055,-3.4652708768844604,-3.449043488502502,-0.016227388381958363,-0.38276864380998604,0.4449066983500787
midasheng_v3,0,random440_expressivespeech_251,-3.111060047149658,-3.1185983180999752,0.007538270950317116,-0.037339014420439076,-0.0512825353376061
midasheng_v3,0,random440_deear_063,-2.9406410217285153,-2.917974758148193,-0.022666263580322088,0.00033115505379133214,0.9815051965722783
midasheng_v3,0,random440_expressivespeech_263,-3.0685608148574826,-3.0741339921951294,0.00557317733764684,0.4569708144969208,0.036265975541536793
midasheng_v3,0,random440_deear_074,-3.233433246612549,-3.231984257698059,-0.001448988914489746,0.014326140722850225,0.1438585986509499
midasheng_v3,0,random440_expressivespeech_008,-3.5482471227645873,-3.5420655488967894,-0.00618157386779794,0.0911001427032288,0.08436816988155524
midasheng_v3,0,random440_expressivespeech_085,-2.5187463760375977,-2.519975411891937,0.001229035854339422,0.5153396604128021,0.5252182648514786
midasheng_v3,0,random440_deear_057,-3.10182638168335,-3.1073717355728148,0.005545353889464977,0.4563322565918456,0.015558551021861378
midasheng_v3,0,random440_expressivespeech_205,-3.6542663335800167,-3.6955498695373534,0.04128353595733669,0.010149242733817732,-1.9257281069436547
midasheng_v3,0,random440_deear_006,-2.9525890588760375,-2.9615086793899534,0.008919620513915927,0.7800838423080315,0.0009308167547463775
midasheng_v3,0,random440_expressivespeech_082,-3.476942539215088,-3.4788428306579586,0.0019002914428707385,0.17171963250674893,-0.11621903457858127
midasheng_v3,0,random440_deear_011,-3.451245379447937,-3.4127341508865356,-0.038511228561401545,-1.111765764652376,1.1344738109973234
midasheng_v3,0,random440_expressivespeech_298,-4.739860391616821,-4.737535285949707,-0.00232510566711408,-1.0039403003490217,-0.8055966177396666
midasheng_v3,0,random440_expressivespeech_071,-3.0155645370483395,-3.0234153509140014,0.007850813865661888,0.11081780937706151,0.0010572868267723357
midasheng_v3,0,random440_expressivespeech_022,-5.926282453536987,-5.926298666000366,1.621246337890625e-05,-1.6146262183680806,-1.6459294475621984
midasheng_v3,0,random440_expressivespeech_099,-3.1677610635757443,-3.2336079597473146,0.06584689617157036,0.7921117335177141,-2.7276307987452357
midasheng_v3,1,random440_deear_008,-3.734456872940063,-3.7365617752075195,0.00210490226745641,0.06406546957453843,-0.28934405926349316
midasheng_v3,1,random440_expressivespeech_070,-2.6450627565383913,-2.6841277837753292,0.039065027236937944,1.1982433937275059,-0.9391019883756541
midasheng_v3,1,random440_expressivespeech_293,-2.9599953413009645,-2.9589476108551027,-0.0010477304458618164,0.3498359947570504,0.3088012288344694
midasheng_v3,1,random440_deear_069,-2.5032514929771423,-2.512172544002533,0.008921051025390536,0.4272976322268959,0.30036952780955234
midasheng_v3,1,random440_expressivespeech_129,-3.972365379333496,-3.9496422767639157,-0.022723102569580433,-0.12232476103856843,0.3146531778603248
midasheng_v3,1,random440_expressivespeech_123,-2.276465272903442,-2.281898951530456,0.00543367862701416,0.6284827289413847,0.5538270138944497
midasheng_v3,1,random440_expressivespeech_078,-2.86765079498291,-2.881278419494629,0.013627624511718839,0.41662585911287936,-0.07949583418284617
midasheng_v3,1,random440_expressivespeech_067,-3.3051440954208373,-3.310790777206421,0.005646681785583585,-0.006616314153112243,-0.19985204001839102
midasheng_v3,1,random440_deear_033,-3.170084595680237,-3.1783251523971554,0.00824055671691859,0.11692881697187152,-0.11097776903433454
midasheng_v3,1,random440_expressivespeech_301,-3.511965489387512,-3.5149624109268185,0.0029969215393066406,-0.1247023435172693,-0.17386534384205843
midasheng_v3,1,random440_expressivespeech_054,-2.500537467002869,-2.499935173988342,-0.0006022930145266336,0.3392541051148812,0.5853963115055616
midasheng_v3,1,random440_expressivespeech_323,-3.495081901550293,-3.4833094120025634,-0.011772489547729581,-0.4919201820256115,0.2895497222266825
midasheng_v3,1,random440_expressivespeech_255,-2.835188484191894,-2.8386628389358517,0.0034743547439575195,0.6902984117682623,0.2515895243839347
midasheng_v3,1,random440_expressivespeech_021,-4.537974071502686,-4.552086544036865,0.014112472534179688,-0.6531722352522804,-1.1835741279676246
midasheng_v3,1,random440_deear_095,-2.7671065807342528,-2.771781849861145,0.00467526912689209,0.6516552228711776,0.25903646187187257
midasheng_v3,1,random440_deear_039,-4.989964962005615,-4.985062789916992,-0.004902172088622869,-1.3766334533550428,-0.8889762505615477
midasheng_v3,1,random440_expressivespeech_120,-3.2136508226394653,-3.221929883956909,0.008279061317443492,0.4043203203951826,-0.14038577337327945
midasheng_v3,1,random440_expressivespeech_124,-3.5758656024932858,-3.57369327545166,-0.0021723270416256213,0.06598483148871348,-0.05595916630640973
midasheng_v3,1,random440_expressivespeech_291,-3.5522754907608034,-3.55258424282074,0.00030875205993652344,0.03999789976241831,-0.11643640914938341
midasheng_v3,1,random440_expressivespeech_333,-4.119224214553833,-4.107518863677979,-0.01170535087585467,-0.5263584030184062,-0.11696304096589027
midasheng_v3,1,random440_deear_031,-2.5293343544006346,-2.5277137756347656,-0.001620578765868963,0.4165917201551721,0.6053751842862001
midasheng_v3,1,random440_expressivespeech_303,-4.733450078964234,-4.7307086944580075,-0.0027413845062262965,-0.7895531867184932,-0.7887307042939499
midasheng_v3,1,random440_expressivespeech_112,-3.647832822799683,-3.6721444129943848,0.02431159019470197,0.2791026275606018,-1.0226289679809695
midasheng_v3,1,random440_deear_055,-3.4504655361175534,-3.499782299995422,0.04931676387786865,3.422013562886398,-1.9521705115568035
midasheng_v3,1,random440_expressivespeech_251,-3.1052499055862426,-3.100754141807556,-0.004495763778686435,0.2788940256011935,0.31996406285537615
midasheng_v3,1,random440_deear_063,-2.9382171869277953,-2.8977357387542724,-0.04048144817352295,-0.9656053994275827,1.5270954469877474
midasheng_v3,1,random440_expressivespeech_263,-3.0777841806411743,-3.0766604900360104,-0.0011236906051639295,0.18610022339916626,0.21576845731391456
midasheng_v3,1,random440_deear_074,-3.2331488370895385,-3.2306762456893923,-0.002472591400146218,0.09787563551744957,0.17530049503644518
midasheng_v3,1,random440_expressivespeech_008,-3.546009373664856,-3.5094454050064083,-0.0365639686584478,-0.717601190082567,1.0136007837641863
midasheng_v3,1,random440_expressivespeech_085,-2.5133411169052122,-2.508077609539032,-0.00526350736618042,0.5194563755365008,0.7269828189267395
midasheng_v3,1,random440_deear_057,-3.098868560791016,-3.1004638671875,0.0015953063964841974,0.5135604923992436,0.13809729472822616
midasheng_v3,1,random440_expressivespeech_205,-3.6449291706085205,-3.6388157367706295,-0.00611343383789098,-1.337945160505262,0.019634580220508235
midasheng_v3,1,random440_deear_006,-2.950377106666565,-2.9560704469680785,0.005693340301513583,0.8219988342851811,0.06496472733858191
midasheng_v3,1,random440_expressivespeech_082,-3.477734375,-3.484432506561279,0.006698131561279297,0.3710809835093838,-0.292355279731785
midasheng_v3,1,random440_deear_011,-3.4407120704650875,-3.4413008213043215,0.0005887508392339313,-0.08942909000436347,-0.0526903137602737
midasheng_v3,1,random440_expressivespeech_298,-4.729495716094971,-4.722793912887573,-0.006701803207397994,-0.9356705811644159,-0.6652294681228847
midasheng_v3,1,random440_expressivespeech_071,-3.0152441263198853,-3.0311633586883544,0.01591923236846915,0.6045294758699573,-0.25943124459378764
midasheng_v3,1,random440_expressivespeech_022,-5.923374176025391,-5.922636032104492,-0.0007381439208984375,-1.5993904313617215,-1.621009134134848
midasheng_v3,1,random440_expressivespeech_099,-3.165475034713745,-3.15844612121582,-0.0070289134979248935,-0.061384306066523564,0.3582908102562373
midasheng_v3,2,random440_deear_008,-3.7323635101318358,-3.7297830104827883,-0.0025804996490474963,-0.5429614678518406,-0.1449101055961059
midasheng_v3,2,random440_expressivespeech_070,-2.6663317441940304,-2.6531961917877194,-0.013135552406311035,0.2852900773219935,0.8682278174834663
midasheng_v3,2,random440_expressivespeech_293,-2.9546998262405397,-2.96822612285614,0.01352629661560023,0.6134379641915878,-0.19405300228968372
midasheng_v3,2,random440_deear_069,-2.5115460991859435,-2.5254523754119873,0.01390627622604379,0.537024733730056,-0.019342553258191342
midasheng_v3,2,random440_expressivespeech_129,-3.971042585372925,-3.966784954071045,-0.0042576313018800604,-0.3393549652724961,-0.2483668505375183
midasheng_v3,2,random440_expressivespeech_123,-2.2719379663467407,-2.2918464064598085,0.019908440113067805,1.0960930919491723,0.0322419102321366
midasheng_v3,2,random440_expressivespeech_078,-2.8647060632705688,-2.872053074836731,0.0073470115661620206,0.35342621218422154,0.11420254381781925
midasheng_v3,2,random440_expressivespeech_067,-3.2964672327041624,-3.2991331100463865,0.002665877342224121,0.02130660227706139,-0.022644310586539415
midasheng_v3,2,random440_deear_033,-3.1742698431015013,-3.1561224937438963,-0.01814734935760498,-0.7556539965758442,0.6921134707544526
midasheng_v3,2,random440_expressivespeech_301,-3.505404543876648,-3.5076085329055786,0.0022039890289304864,0.003688597747540226,-0.14393721616275829
midasheng_v3,2,random440_expressivespeech_054,-2.4956702709198,-2.4981010437011717,0.002430772781371715,0.6588305250482315,0.5034750045665385
midasheng_v3,2,random440_expressivespeech_323,-3.4921045303344727,-3.491905069351196,-0.00019946098327672246,0.032821422704362356,-0.1788568494965291
midasheng_v3,2,random440_expressivespeech_255,-2.8260752677917482,-2.810234618186951,-0.015840649604797363,0.23134628254023384,0.8473144543630948
midasheng_v3,2,random440_expressivespeech_021,-4.538368368148804,-4.538182973861694,-0.00018539428710973027,-0.848676401531072,-0.7403639006553053
midasheng_v3,2,random440_deear_095,-2.7655849218368527,-2.760057878494263,-0.005527043342589799,0.339047638764686,0.5715689781760587
midasheng_v3,2,random440_deear_039,-4.990062952041626,-4.985782861709595,-0.00428009033203125,-1.211954894866514,-0.9080361652908961
midasheng_v3,2,random440_expressivespeech_120,-3.215723848342895,-3.2310135841369627,0.01528973579406756,0.23595033039144836,-0.5405235963017718
midasheng_v3,2,random440_expressivespeech_124,-3.56862096786499,-3.572823190689087,0.0042022228240967685,0.09512014818411955,-0.24592307268237243
midasheng_v3,2,random440_expressivespeech_291,-3.5521004676818846,-3.555761671066284,0.0036612033843992364,-0.026111987194469416,-0.21869627620648588
midasheng_v3,2,random440_expressivespeech_333,-4.115167284011841,-4.126800632476806,0.01163334846496511,-0.31199368718654996,-0.872769402080265
midasheng_v3,2,random440_deear_031,-2.5312962293624874,-2.529422330856323,-0.0018738985061643731,0.3089374554083537,0.6118394173559837
midasheng_v3,2,random440_expressivespeech_303,-4.732064247131348,-4.729694128036499,-0.002370119094848633,-0.895107289413781,-0.7991699189395374
midasheng_v3,2,random440_expressivespeech_112,-3.6470338344573974,-3.7062779903411864,0.05924415588378906,0.8154516183621681,-2.77873359505331
midasheng_v3,2,random440_deear_055,-3.4451636552810667,-3.4848957300186156,0.03973207473754892,0.8145006863174034,-1.3966486268117324
midasheng_v3,2,random440_expressivespeech_251,-3.10784649848938,-3.113682818412781,0.0058363199234010565,0.1789394085360063,-0.03990199774397196
midasheng_v3,2,random440_deear_063,-2.9303353071212768,-2.9319323778152464,0.0015970706939696377,0.8008120128113959,0.24725791956947268
midasheng_v3,2,random440_expressivespeech_263,-3.058625817298889,-3.070047354698181,0.011421537399291637,0.6988472820125107,-0.13588632000015027
midasheng_v3,2,random440_deear_074,-3.2309288740158078,-3.239303135871887,0.008374261856079368,0.18702099761758045,-0.15539796075947587
midasheng_v3,2,random440_expressivespeech_008,-3.5432564973831173,-3.5154048919677736,-0.027851605415343705,-0.3232351720800539,0.7493366407587656
midasheng_v3,2,random440_expressivespeech_085,-2.516900885105133,-2.512580227851868,-0.004320657253265026,0.4589031396788742,0.6958843165748495
midasheng_v3,2,random440_deear_057,-3.095486211776733,-3.0917206525802614,-0.0037655591964718127,0.37377370420458533,0.1674474841755743
midasheng_v3,2,random440_expressivespeech_205,-3.6399871826171877,-3.6464089155197144,0.006421732902526678,0.48057181714305375,-0.3599473127176527
midasheng_v3,2,random440_deear_006,-2.94713671207428,-3.0018728256225584,0.05473611354827845,0.9954181068516689,-2.1407076419196676
midasheng_v3,2,random440_expressivespeech_082,-3.478888416290283,-3.4749775409698485,-0.003910875320434659,0.19674739505462704,0.05997467981170523
midasheng_v3,2,random440_deear_011,-3.439772891998291,-3.411539626121521,-0.028233265876769664,-0.5723333208324237,0.8280517644640496
midasheng_v3,2,random440_expressivespeech_298,-4.730946731567383,-4.719783926010132,-0.011162805557250799,-1.1832273507232827,-0.5299448305680623
midasheng_v3,2,random440_expressivespeech_071,-3.020323920249939,-3.011848282814026,-0.00847563743591273,0.21628113096465007,0.496531382810371
midasheng_v3,2,random440_expressivespeech_022,-5.918372106552124,-5.920656776428222,0.0022846698760981,-1.6355800812849324,-1.7100748431298365
midasheng_v3,2,random440_expressivespeech_099,-3.1562106132507326,-3.1586084842681883,0.0023978710174556994,0.12732087960313476,0.07643016807416363
midasheng_v3,3,random440_deear_008,-3.730204772949219,-3.7115876197814943,-0.01861715316772461,-0.71661969433422,0.3461976256559873
midasheng_v3,3,random440_expressivespeech_070,-2.652538228034973,-2.6439301013946532,-0.008608126640319735,0.994354045339068,0.7389131214954234
midasheng_v3,3,random440_expressivespeech_293,-2.9592103004455566,-2.96276969909668,0.0035593986511233133,0.28666042215089393,0.16862277029977812
midasheng_v3,3,random440_deear_069,-2.4942558169364926,-2.496801126003265,0.0025453090667726386,0.38521396608539804,0.5008940354953212
midasheng_v3,3,random440_expressivespeech_129,-3.9705251693725585,-3.9708088397979733,0.0002836704254147726,-0.6187834699693089,-0.3867085776441936
midasheng_v3,3,random440_expressivespeech_123,-2.2810181617736816,-2.2711562514305115,-0.009861910343170077,1.0477500961477857,1.017955640830561
midasheng_v3,3,random440_expressivespeech_078,-2.8691401958465574,-2.8672008514404297,-0.001939344406127752,0.2928624710594917,0.39490511045939225
midasheng_v3,3,random440_expressivespeech_067,-3.3009727239608764,-3.263992500305176,-0.03698022365570042,-0.3551747793667504,1.1851028478719385
midasheng_v3,3,random440_deear_033,-3.1607035160064694,-3.1608311891555783,0.00012767314910888672,0.09087510429217385,0.14284331595187214
midasheng_v3,3,random440_expressivespeech_301,-3.5038490772247313,-3.50283727645874,-0.0010118007659913886,-0.14043106896891713,-0.044729152880846515
midasheng_v3,3,random440_expressivespeech_054,-2.4925832033157347,-2.5122840642929076,0.01970086097717294,0.986623247042403,-0.2681724174196971
midasheng_v3,3,random440_expressivespeech_323,-3.485714864730835,-3.4991610527038572,0.013446187973022106,0.24936021292466778,-0.6987936606931435
midasheng_v3,3,random440_expressivespeech_255,-2.821895170211792,-2.8335073232650756,0.01161215305328378,0.5300973583262644,0.011701295193396744
midasheng_v3,3,random440_expressivespeech_021,-4.525623321533203,-4.527325582504273,0.0017022609710695136,-0.6813452581015865,-0.7897477723417786
midasheng_v3,3,random440_deear_095,-2.761285352706909,-2.774094891548157,0.012809538841247914,0.5502630720023152,0.014413853566559609
midasheng_v3,3,random440_deear_039,-4.982652854919434,-4.980345106124878,-0.002307748794556197,-1.0721944194909512,-0.963463292824614
midasheng_v3,3,random440_expressivespeech_120,-3.2149570941925045,-3.2562204122543337,0.041263318061829146,0.6427105459015735,-1.774354522168213
midasheng_v3,3,random440_expressivespeech_124,-3.5760122299194332,-3.5958072185516357,0.019794988632202415,-0.06862833637704854,-0.9414200878808319
midasheng_v3,3,random440_expressivespeech_291,-3.5571560621261593,-3.556010437011719,-0.001145625114440385,-0.17532916053392827,-0.07518707217033792
midasheng_v3,3,random440_expressivespeech_333,-4.107526540756226,-4.111890888214111,0.004364347457885387,-0.14579116154247013,-0.6001004951187445
midasheng_v3,3,random440_deear_031,-2.526027727127075,-2.527777147293091,0.0017494201660159803,0.5913896864657063,0.5046088402014098
midasheng_v3,3,random440_expressivespeech_303,-4.726472520828247,-4.721791124343872,-0.0046813964843757105,-0.9084020259479109,-0.7249671961039255
midasheng_v3,3,random440_expressivespeech_112,-3.636608219146728,-3.65494647026062,0.018338251113891868,0.14771929244071674,-0.839600330833232
midasheng_v3,3,random440_deear_055,-3.4353788852691647,-3.4417598485946654,0.006380963325500755,-0.08837167478815822,-0.22611014912448735
midasheng_v3,3,random440_expressivespeech_251,-3.1045567989349365,-3.1022441387176514,-0.0023126602172851562,0.45609466524076486,0.2537481208101535
midasheng_v3,3,random440_deear_063,-2.9318877220153805,-2.926756262779236,-0.005131459236144664,0.03330284408478598,0.4517199860378977
midasheng_v3,3,random440_expressivespeech_263,-3.0739362716674803,-3.058617329597473,-0.015318942070007502,0.1772690804230164,0.6707619379398224
midasheng_v3,3,random440_deear_074,-3.223205637931824,-3.228996205329895,0.005790567398070934,0.4637783013280551,-0.07058682085015623
midasheng_v3,3,random440_expressivespeech_008,-3.5408066749572753,-3.5241261959075927,-0.016680479049682617,-0.3312484791589093,0.40979324107759524
midasheng_v3,3,random440_expressivespeech_085,-2.5103598594665524,-2.50722359418869,-0.003136265277862371,0.27404059580150353,0.663955498988168
midasheng_v3,3,random440_deear_057,-3.0888779401779174,-3.0953682899475097,0.006490349769592285,0.8124965100838547,-0.004907671289530013
midasheng_v3,3,random440_expressivespeech_205,-3.646747875213623,-3.641281270980835,-0.005466604232787997,-0.7489710633826953,-0.001296129333948931
midasheng_v3,3,random440_deear_006,-2.945373010635376,-2.9487159490585326,0.003342938423156472,0.7458204973530356,0.18419975319602772
midasheng_v3,3,random440_expressivespeech_082,-3.4710789203643797,-3.5136647701263426,0.04258584976196289,0.515743309431304,-1.7995069940798563
midasheng_v3,3,random440_deear_011,-3.43297803401947,-3.4404183626174927,0.007440328598022461,-0.176921913135807,-0.256904000306446
midasheng_v3,3,random440_expressivespeech_298,-4.718594694137574,-4.714827156066894,-0.0037675380706794215,-0.8597803743119575,-0.7477684858285891
midasheng_v3,3,random440_expressivespeech_071,-3.0206283092498776,-3.03728928565979,0.016660976409912376,0.17418748290615488,-0.5724545636436511
midasheng_v3,3,random440_expressivespeech_022,-5.9120701313018795,-5.912566900253296,0.0004967689514163709,-1.6316211949807566,-1.6513941241964005
midasheng_v3,3,random440_expressivespeech_099,-3.1606955528259277,-3.147240328788757,-0.013455224037170588,0.0604419695500793,0.5576273051521963
midasheng_v3,4,random440_deear_008,-3.7195930004119875,-3.7163713455200194,-0.0032216548919681287,-0.37961597840746836,-0.11705558161557568
midasheng_v3,4,random440_expressivespeech_070,-2.6528255462646486,-2.6229306936264036,-0.029894852638244984,0.17856931707380527,1.3887563875788689
midasheng_v3,4,random440_expressivespeech_293,-2.9562529802322386,-2.954656791687012,-0.0015961885452266955,0.24372332250651624,0.32797456886280296
midasheng_v3,4,random440_deear_069,-2.4996418356895447,-2.483668267726898,-0.015973567962646484,0.1671589927967287,1.0629118183038373
midasheng_v3,4,random440_expressivespeech_129,-3.96457462310791,-3.9615623474121096,-0.003012275695800426,-0.12527065230040807,-0.28220465229049485
midasheng_v3,4,random440_expressivespeech_123,-2.273512363433838,-2.2838658571243284,0.010353493690490545,0.8614083252089552,0.40550495497025024
midasheng_v3,4,random440_expressivespeech_078,-2.872802972793579,-2.8584397077560424,-0.01436326503753671,0.06835060110410679,0.7719188645347874
midasheng_v3,4,random440_expressivespeech_067,-3.302977204322815,-3.295321893692017,-0.007655310630798162,0.3236827720666368,0.2883135559749822
midasheng_v3,4,random440_deear_033,-3.1681502819061276,-3.1338266134262085,-0.03432366847991908,-0.45800666582518823,1.190052879279011
midasheng_v3,4,random440_expressivespeech_301,-3.494625902175903,-3.4951592922210692,0.0005333900451662821,0.1322808951246036,-0.08593751702958526
midasheng_v3,4,random440_expressivespeech_054,-2.4865782499313354,-2.4812949180603026,-0.005283331871032804,0.7916019371208586,0.7449313210192364
midasheng_v3,4,random440_expressivespeech_323,-3.4747387409210204,-3.4984249591827394,0.023686218261719016,-0.07046729547542147,-1.0043790297482857
midasheng_v3,4,random440_expressivespeech_255,-2.825156092643738,-2.83118097782135,0.006024885177612127,0.2743768990623528,0.18020565587494738
midasheng_v3,4,random440_expressivespeech_021,-4.516922426223755,-4.5209697723388675,0.004047346115112482,-0.5942142687990206,-0.8557208385338335
midasheng_v3,4,random440_deear_095,-2.766822791099548,-2.770091938972473,0.0032691478729249823,0.12204896425435,0.3021588729677903
midasheng_v3,4,random440_deear_039,-4.97582745552063,-4.9427111625671385,-0.03311629295349139,-1.445725948172999,-0.018244489440902067
midasheng_v3,4,random440_expressivespeech_120,-3.2153434276580812,-3.2186205625534057,0.0032771348953244406,0.3312053452754025,0.011260421719167177
midasheng_v3,4,random440_expressivespeech_124,-3.56833553314209,-3.5724774360656735,0.004141902923583629,0.18135252852787176,-0.2438961231293011
midasheng_v3,4,random440_expressivespeech_291,-3.55401554107666,-3.5546480178833004,0.0006324768066403585,-0.09452519759655104,-0.127449545366848
midasheng_v3,4,random440_expressivespeech_333,-4.105027389526367,-4.105974769592285,0.0009473800659174358,-0.5021970401240611,-0.494137567359181
midasheng_v3,4,random440_deear_031,-2.526495313644409,-2.515242791175842,-0.011252522468566895,0.41950148778565866,0.9013441400061057
midasheng_v3,4,random440_expressivespeech_303,-4.718577766418457,-4.718954467773438,0.00037670135498046875,-1.0710712632250898,-0.8743095140068032
midasheng_v3,4,random440_expressivespeech_112,-3.643788242340088,-3.6490630149841308,0.005274772644042969,0.4479892676384505,-0.43868361023073615
midasheng_v3,4,random440_deear_055,-3.436305046081543,-3.436406373977661,0.00010132789611816406,0.4325061265942125,-0.03495007349054402
midasheng_v3,4,random440_expressivespeech_251,-3.1015530586242672,-3.102007484436035,0.0004544258117675781,0.2481284374973045,0.17119655505916878
midasheng_v3,4,random440_deear_063,-2.9335038661956787,-2.9000893115997313,-0.03341455459594744,-0.10048335140306114,1.314349182063356
midasheng_v3,4,random440_expressivespeech_263,-3.065078520774841,-3.0665576457977295,0.0014791250228882724,0.376391272522279,0.16354204623899968
midasheng_v3,4,random440_deear_074,-3.2210020065307616,-3.220933938026428,-6.80685043334961e-05,0.45562401885907733,0.1097454547235242
midasheng_v3,4,random440_expressivespeech_008,-3.5316985607147213,-3.5194938659667967,-0.012204694747924627,-0.966706148199113,0.2790192343612622
midasheng_v3,4,random440_expressivespeech_085,-2.504352796077728,-2.534590208530426,0.030237412452697843,0.9690143739852255,-0.524286740628667
midasheng_v3,4,random440_deear_057,-3.0873204708099364,-3.085083842277527,-0.002236628532409579,0.47033050302228085,0.26259600015258366
midasheng_v3,4,random440_expressivespeech_205,-3.629851245880127,-3.5827799081802367,-0.04707133769989014,-0.2743646957479339,1.2801306887193462
midasheng_v3,4,random440_deear_006,-2.9475875854492184,-2.9573961973190306,0.00980861186981219,0.5676069585664895,-0.016039645726998675
midasheng_v3,4,random440_expressivespeech_082,-3.471334075927734,-3.4742182731628417,0.0028841972351076883,-0.048580003933192895,-0.14262996443201265
midasheng_v3,4,random440_deear_011,-3.4375595331192015,-3.448829913139343,0.01127038002014169,-0.08106629402091022,-0.37683063376362824
midasheng_v3,4,random440_expressivespeech_298,-4.709357833862304,-4.711118268966675,0.0017604351043702948,-0.9036082897475384,-0.9105895900834727
midasheng_v3,4,random440_expressivespeech_071,-3.0067176580429074,-2.9767633199691774,-0.029954338073729936,0.07120832438763053,1.161240397157401
midasheng_v3,4,random440_expressivespeech_022,-5.907729530334473,-5.907673692703247,-5.583763122629648e-05,-1.5867271179041245,-1.631706425542065
midasheng_v3,4,random440_expressivespeech_099,-3.1656816482543944,-3.154690742492676,-0.010990905761718572,-0.12215433107918297,0.47914366307683665
midasheng_v3,5,random440_deear_008,-3.719881200790405,-3.71942253112793,-0.0004586696624753195,-0.4571255625844022,-0.20161519618915005
midasheng_v3,5,random440_expressivespeech_070,-2.6469241619110107,-2.669679307937622,0.022755146026611328,0.8046230155562233,-0.31602187722354214
midasheng_v3,5,random440_expressivespeech_293,-2.9513455629348755,-2.958630633354187,0.007285070419311701,0.3618294502021368,0.059949089247778226
midasheng_v3,5,random440_deear_069,-2.493703460693359,-2.5013422846794127,0.007638823986053644,0.692148314232484,0.2391844539921209
midasheng_v3,5,random440_expressivespeech_129,-3.9559865474700926,-3.9514323711395263,-0.004554176330566317,-0.46470787553087156,-0.22955454590000768
midasheng_v3,5,random440_expressivespeech_123,-2.2708623170852658,-2.276585435867309,0.005723118782043457,1.4080804448047812,0.5486193047033877
midasheng_v3,5,random440_expressivespeech_078,-2.866138219833374,-2.8659061431884765,-0.00023207664489754976,0.6490032487632502,0.3447159077826924
midasheng_v3,5,random440_expressivespeech_067,-3.2921465635299683,-3.2952496767044064,0.0031031131744381213,-0.14275279298618676,-0.033196192920654954
midasheng_v3,5,random440_deear_033,-3.1518842220306396,-3.1490447282791134,-0.0028394937515261454,0.19724079986326465,0.2391663939580706
midasheng_v3,5,random440_expressivespeech_301,-3.4917896747589108,-3.4896931886672973,-0.002096486091613503,-0.1836653915317999,-0.0037914378180029726
midasheng_v3,5,random440_expressivespeech_054,-2.474209213256836,-2.4739727735519406,-0.00023643970489528598,0.8137930805673457,0.5988306554142998
midasheng_v3,5,random440_expressivespeech_323,-3.4795734882354736,-3.4734807968139645,-0.006092691421509144,0.035962250539163375,-0.08500202102330442
midasheng_v3,5,random440_expressivespeech_255,-2.8151184558868407,-2.8038546323776243,-0.011263823509216397,0.34093817708173485,0.7146529604407621
midasheng_v3,5,random440_expressivespeech_021,-4.5117440700531,-4.511272621154785,-0.0004714488983150744,-0.40979555582656485,-0.7143753677210141
midasheng_v3,5,random440_deear_095,-2.7621709585189818,-2.759827184677124,-0.00234377384185791,0.34850203183399137,0.4765743187366848
midasheng_v3,5,random440_deear_039,-4.970884609222412,-4.971200370788575,0.0003157615661626423,-1.1037503027998556,-1.0359508535709763
midasheng_v3,5,random440_expressivespeech_120,-3.2029599905014035,-3.2179090738296505,0.01494908332824707,0.5470690695855065,-0.42149827360419273
midasheng_v3,5,random440_expressivespeech_124,-3.565921878814697,-3.5873067378997803,0.021384859085083363,0.15854604111714252,-0.9834308717655413
midasheng_v3,5,random440_expressivespeech_291,-3.5534901380538937,-3.556072998046875,0.0025828599929811347,-0.12494552313926756,-0.18666761822204142
midasheng_v3,5,random440_expressivespeech_333,-4.098635339736939,-4.096513938903809,-0.0021214008331300604,-0.36005967691856344,-0.3962844439728419
midasheng_v3,5,random440_deear_031,-2.522538423538208,-2.526188087463379,0.003649663925171076,0.4870897125525845,0.4488425619373411
midasheng_v3,5,random440_expressivespeech_303,-4.708154344558716,-4.706613254547119,-0.0015410900115968573,-0.8596370141331827,-0.8089915322390957
midasheng_v3,5,random440_expressivespeech_112,-3.6352365493774412,-3.5908018112182614,-0.044434738159179865,-0.5803160184039177,1.1961274217551163
midasheng_v3,5,random440_deear_055,-3.42934296131134,-3.5030106782913206,0.07366771697998065,0.7567456073818087,-3.156386443176865
midasheng_v3,5,random440_expressivespeech_251,-3.0937368392944338,-3.0907803058624266,-0.002956533432007191,0.365010512104876,0.2804216293042957
midasheng_v3,5,random440_deear_063,-2.927794623374939,-2.928385710716247,0.0005910873413084161,0.6033804262739055,0.2796239152179451
midasheng_v3,5,random440_expressivespeech_263,-3.066396474838257,-3.0770835876464844,0.010687112808227539,0.4061090963033981,-0.30937343616615925
midasheng_v3,5,random440_deear_074,-3.2236587047576903,-3.224334335327148,0.0006756305694577414,0.3231825063577214,0.08531361270620949
midasheng_v3,5,random440_expressivespeech_008,-3.5218105077743527,-3.5072799205780028,-0.01453058719634992,-0.29382377713400337,0.35645240090154756
midasheng_v3,5,random440_expressivespeech_085,-2.514556276798248,-2.4890769124031067,-0.025479364395141424,0.2679235992209917,1.343523856405556
midasheng_v3,5,random440_deear_057,-3.084919428825378,-3.075789904594421,-0.009129524230957031,0.41243167211039083,0.47463923488303
midasheng_v3,5,random440_expressivespeech_205,-3.6249335527420046,-3.5872555732727047,-0.03767797946929985,-1.0130950117061832,0.9964739721336096
midasheng_v3,5,random440_deear_006,-2.953253746032715,-3.006811809539795,0.053558063507080256,0.7874604726264389,-2.1086977279278782
midasheng_v3,5,random440_expressivespeech_082,-3.4683525562286377,-3.4675317287445067,-0.000820827484131037,0.034148490498898044,-0.027558085716135276
midasheng_v3,5,random440_deear_011,-3.4231906652450563,-3.4194552421569826,-0.0037354230880737305,-0.08253401956882588,0.09071070157050781
midasheng_v3,5,random440_expressivespeech_298,-4.691725063323974,-4.699796581268311,0.00807151794433647,-0.8241627617023154,-1.0918835963812776
midasheng_v3,5,random440_expressivespeech_071,-3.0109682083129883,-2.9796612739562987,-0.03130693435668963,-0.2146052070324083,1.1997899389939475
midasheng_v3,5,random440_expressivespeech_022,-5.900519180297851,-5.91140456199646,0.010885381698608754,-1.5195741902691393,-1.9611442278731288
midasheng_v3,5,random440_expressivespeech_099,-3.1568153142929076,-3.1655099391937256,0.00869462490081796,0.9414116768152706,-0.13789308216267973
midasheng_v3,6,random440_deear_008,-3.712972116470337,-3.707469606399536,-0.005502510070801048,-0.4226615540372587,-0.04311493272599809
midasheng_v3,6,random440_expressivespeech_070,-2.6428798198699948,-2.661742162704468,0.01886234283447319,-0.2700431982367926,-0.09368942027596577
midasheng_v3,6,random440_expressivespeech_293,-2.9525782108306884,-2.954733872413635,0.0021556615829467773,0.41916172816899755,0.2157862608224705
midasheng_v3,6,random440_deear_069,-2.4900268435478212,-2.4922635436058043,0.002236700057983043,0.612705443542392,0.5130584800549612
midasheng_v3,6,random440_expressivespeech_129,-3.9592309951782223,-3.975538730621338,0.01630773544311559,-0.3483413338888991,-1.0164015426911177
midasheng_v3,6,random440_expressivespeech_123,-2.275932705402374,-2.2908191084861755,0.014886403083801625,0.9558969769135159,0.18301036931520268
midasheng_v3,6,random440_expressivespeech_078,-2.869530272483826,-2.9026060581207274,0.0330757856369015,0.5677899381657957,-1.1726735658180993
midasheng_v3,6,random440_expressivespeech_067,-3.2871225595474245,-3.307900094985962,0.02077753543853733,0.28423772930627206,-0.6592137396492946
midasheng_v3,6,random440_deear_033,-3.1584014654159542,-3.117972183227539,-0.04042928218841535,-0.6511875077969749,1.3828165795482552
midasheng_v3,6,random440_expressivespeech_301,-3.482621645927429,-3.4779930830001833,-0.004628562927245561,-0.21913730802415696,0.07947135265700178
midasheng_v3,6,random440_expressivespeech_054,-2.463807535171509,-2.4741514921188354,0.010343956947326483,0.8524704087096666,0.2824793136926846
midasheng_v3,6,random440_expressivespeech_323,-3.470526170730591,-3.4241148948669435,-0.04641127586364746,-0.7712565086154031,1.363221813246174
midasheng_v3,6,random440_expressivespeech_255,-2.817327785491943,-2.8162426233291624,-0.0010851621627807617,0.48223805345358667,0.40239704399340387
midasheng_v3,6,random440_expressivespeech_021,-4.509983539581299,-4.509027290344238,-0.0009562492370607245,-0.6581060359095688,-0.6984302193400317
midasheng_v3,6,random440_deear_095,-2.757044196128845,-2.7346136331558224,-0.022430562973022816,0.0911469764063588,1.0932837818035859
midasheng_v3,6,random440_deear_039,-4.962376356124878,-4.954147529602051,-0.00822882652282697,-1.197978999368837,-0.76951249171721
midasheng_v3,6,random440_expressivespeech_120,-3.198350739479065,-3.2272842645645143,0.02893352508544922,0.575376789741217,-0.9700698065095341
midasheng_v3,6,random440_expressivespeech_124,-3.570926141738892,-3.565159177780151,-0.005766963958740767,-0.238211289250574,0.05701062052356903
midasheng_v3,6,random440_expressivespeech_291,-3.5490287303924557,-3.5463908910751343,-0.002637839317321422,-0.05602153087981752,-0.024352808248505387
midasheng_v3,6,random440_expressivespeech_333,-4.091757488250733,-4.086054754257202,-0.0057027339935302734,-0.5281717734916613,-0.28246477774628076
midasheng_v3,6,random440_deear_031,-2.5165058851242064,-2.525520920753479,0.009015035629272639,0.8847251465538016,0.28891029890229075
midasheng_v3,6,random440_expressivespeech_303,-4.699985694885254,-4.709564590454102,0.009578895568847834,-0.7172040352937634,-1.1432672855676649
midasheng_v3,6,random440_expressivespeech_112,-3.6140981197357176,-3.6275189876556393,0.013420867919921697,0.5865764998293967,-0.5569019417922468
midasheng_v3,6,random440_deear_055,-3.4319442987442015,-3.415178108215332,-0.01676619052886963,-0.8583296559405413,0.48295661808143775
midasheng_v3,6,random440_expressivespeech_251,-3.100390911102295,-3.0898245573043823,-0.010566353797912598,-0.055555544722623085,0.5084895017937908
midasheng_v3,6,random440_deear_063,-2.9254554271697994,-2.8987978458404537,-0.026657581329345703,0.4299961698844996,1.1132281603619654
midasheng_v3,6,random440_expressivespeech_263,-3.063722515106201,-3.0682511806488035,0.00452866554260245,0.3055039182118179,0.07129743096036739
midasheng_v3,6,random440_deear_074,-3.2229971170425413,-3.221659302711487,-0.0013378143310545099,0.06906998704147513,0.1472265962447271
midasheng_v3,6,random440_expressivespeech_008,-3.5175851583480835,-3.5112040042877197,-0.0063811540603637695,-1.2424302664816242,0.11033257330690242
midasheng_v3,6,random440_expressivespeech_085,-2.5042682528495788,-2.4929432392120363,-0.011325013637542458,0.40706177507621644,0.9179615801745684
midasheng_v3,6,random440_deear_057,-3.0779199361801144,-3.075110149383545,-0.0028097867965692913,0.4170548257301119,0.17246335094081805
midasheng_v3,6,random440_expressivespeech_205,-3.622091150283813,-3.66156120300293,0.039470052719116744,-0.1730027285342613,-1.7670497736084192
midasheng_v3,6,random440_deear_006,-2.942620587348938,-2.951730990409851,0.00911040306091282,0.9930428134003778,-0.034355136752086235
midasheng_v3,6,random440_expressivespeech_082,-3.4682713508605953,-3.498525047302246,0.030253696441650657,0.22457131441518363,-1.4211025495397305
midasheng_v3,6,random440_deear_011,-3.433932280540466,-3.4245665788650514,-0.009365701675414506,-0.7143302735705853,0.25568076489225255
midasheng_v3,6,random440_expressivespeech_298,-4.67979793548584,-4.683546352386474,0.0037484169006347656,-0.899817954511966,-0.952140599668805
midasheng_v3,6,random440_expressivespeech_071,-3.0100339889526366,-3.0355804681777956,0.025546479225158958,0.19896044902069743,-0.9061546354387926
midasheng_v3,6,random440_expressivespeech_022,-5.897067880630493,-5.890758752822876,-0.006309127807616832,-1.6617755779461014,-1.4338416090849817
midasheng_v3,6,random440_expressivespeech_099,-3.157174062728882,-3.214351463317871,0.0571774005889889,0.6888518210109373,-2.4560310664666507
midasheng_v3,7,random440_deear_008,-3.706893491744995,-3.7058509349822994,-0.0010425567626954901,-0.20543894676995383,-0.17536870907187949
midasheng_v3,7,random440_expressivespeech_070,-2.6477464914321898,-2.706175947189331,0.0584294557571412,0.6539948184955673,-2.009376600253157
midasheng_v3,7,random440_expressivespeech_293,-2.941932129859924,-2.94988329410553,0.007951164245605824,0.5218131097100251,0.04570886643868505
midasheng_v3,7,random440_deear_069,-2.4818492770195006,-2.4758274793624877,-0.0060217976570129395,0.7520521042169133,0.770546249828727
midasheng_v3,7,random440_expressivespeech_129,-3.951214599609375,-3.940041875839233,-0.01117272377014178,-0.8603959362514341,-0.024352624806769474
midasheng_v3,7,random440_expressivespeech_123,-2.2661748051643373,-2.3371503591537475,0.07097555398941013,1.4483007776442822,-2.239564462865795
midasheng_v3,7,random440_expressivespeech_078,-2.861743950843811,-2.8642992734909054,0.00255532264709446,0.35863398478849506,0.2624451425119031
midasheng_v3,7,random440_expressivespeech_067,-3.2925414562225344,-3.285677671432495,-0.00686378479003924,0.20139564940228447,0.1903450217986949
midasheng_v3,7,random440_deear_033,-3.1551564693450924,-3.1592002391815184,0.004043769836425959,0.07553544007756366,0.026852726842743757
midasheng_v3,7,random440_expressivespeech_301,-3.4717422008514403,-3.4743324518203735,0.002590250968933283,-0.10181471800332685,-0.13391824974676644
midasheng_v3,7,random440_expressivespeech_054,-2.46181366443634,-2.459773230552673,-0.0020404338836668146,1.0686114797440012,0.6619516262968889
midasheng_v3,7,random440_expressivespeech_323,-3.4550883769989014,-3.4641209602355953,0.00903258323669398,-0.2739660281925729,-0.34114096999089644
midasheng_v3,7,random440_expressivespeech_255,-2.81587393283844,-2.7963326454162596,-0.01954128742218053,0.167244210672623,0.9669310233833356
midasheng_v3,7,random440_expressivespeech_021,-4.496498680114746,-4.499529123306274,0.0030304431915286756,-0.3198783053204755,-0.8114326437131257
midasheng_v3,7,random440_deear_095,-2.7578145980834963,-2.759421706199646,0.0016071081161497247,0.4261212125154983,0.3587498975369781
midasheng_v3,7,random440_deear_039,-4.950891017913818,-4.945280408859253,-0.005610609054565785,-1.3137592033408736,-0.8420217565903648
midasheng_v3,7,random440_expressivespeech_120,-3.1929585933685303,-3.2160579442977903,0.023099350929260076,1.0179912857636857,-0.9318339196909875
midasheng_v3,7,random440_expressivespeech_124,-3.5586689710617065,-3.5623157024383545,0.0036467313766479492,0.2580114383317166,-0.22251092995907695
midasheng_v3,7,random440_expressivespeech_291,-3.550935983657837,-3.5467838287353515,-0.00415215492248544,-0.1985600861797011,0.020653656816509283
midasheng_v3,7,random440_expressivespeech_333,-4.0801372051239015,-4.091692638397217,0.01155543327331543,-0.28276347768073323,-0.8476895974153409
midasheng_v3,7,random440_deear_031,-2.514200901985168,-2.5226515769958495,0.008450675010681419,0.8985481554937143,0.30763778856119073
midasheng_v3,7,random440_expressivespeech_303,-4.693434953689575,-4.6885473251342775,-0.004887628555297674,-0.8646362009261265,-0.6972602049251195
midasheng_v3,7,random440_expressivespeech_112,-3.6023586750030514,-3.6475949764251707,0.04523630142211932,0.49927966788086914,-2.0104719576771615
midasheng_v3,7,random440_deear_055,-3.4105506896972653,-3.4720187425613402,0.061468052864074973,0.5454710452937277,-2.529311248911111
midasheng_v3,7,random440_expressivespeech_251,-3.088165211677551,-3.083775544166565,-0.004389667510986239,0.30195739257989174,0.3277956012577975
midasheng_v3,7,random440_deear_063,-2.922603440284729,-2.925911784172058,0.003308343887328924,0.2908825935425855,0.20001151187865715
midasheng_v3,7,random440_expressivespeech_263,-3.060311651229858,-3.0603277683258057,1.6117095947620896e-05,0.3404963634543772,0.19228503848935577
midasheng_v3,7,random440_deear_074,-3.2171123981475827,-3.218326282501221,0.0012138843536382282,0.2512688819887308,0.07311923927124862
midasheng_v3,7,random440_expressivespeech_008,-3.5060605764389035,-3.489386510848999,-0.016674065589904252,-0.4696565147382135,0.4321138871428693
midasheng_v3,7,random440_expressivespeech_085,-2.5040751695632935,-2.4964070558547973,-0.007668113708496183,0.488037850150867,0.8064165167512329
midasheng_v3,7,random440_deear_057,-3.067099070549011,-3.0675665140151978,0.0004674434661868787,0.3332987396932327,0.19312623370384446
midasheng_v3,7,random440_expressivespeech_205,-3.5869750499725344,-3.64975950717926,0.06278445720672554,0.5576717966304177,-2.4348067141978897
midasheng_v3,7,random440_deear_006,-2.9469759941101072,-2.961672139167786,0.014696145057678578,0.5795173506265672,-0.4378361586221958
midasheng_v3,7,random440_expressivespeech_082,-3.4632448673248293,-3.4558327198028564,-0.007412147521972834,-0.0937521518884151,0.17702996648706001
midasheng_v3,7,random440_deear_011,-3.4181530714035033,-3.417949342727661,-0.00020372867584228516,-0.3408769572905824,-0.013871595165627602
midasheng_v3,7,random440_expressivespeech_298,-4.6584662914276125,-4.669025516510009,0.010559225082396928,-0.5081099994828533,-1.1462976626379855
midasheng_v3,7,random440_expressivespeech_071,-3.013085341453552,-3.0379305601119997,0.0248452186584478,0.04964438890021575,-0.9849221537068248
midasheng_v3,7,random440_expressivespeech_022,-5.889429807662964,-5.8880218982696535,-0.0014079093933103692,-1.7058023234158195,-1.5785596613865858
midasheng_v3,7,random440_expressivespeech_099,-3.152626705169678,-3.1575167655944822,0.004890060424804332,0.29863219485173453,0.0026490436718904498
midasheng_v3,8,random440_deear_008,-3.7026607990264893,-3.700488233566284,-0.002172565460205167,-0.3683238831484175,-0.13811889913057507
midasheng_v3,8,random440_expressivespeech_070,-2.6371535778045656,-2.6441272735595702,0.006973695755004616,0.817021708568778,0.2730631284281366
midasheng_v3,8,random440_expressivespeech_293,-2.9489912509918215,-2.949634838104248,0.0006435871124264025,0.3636584988865781,0.264284700251077
midasheng_v3,8,random440_deear_069,-2.479082226753235,-2.50288770198822,0.023805475234984996,0.9937146565234463,-0.24501908343968243
midasheng_v3,8,random440_expressivespeech_129,-3.9418070316314697,-3.9701831340789795,0.028376102447509766,0.23883748691991302,-1.3736401573911223
midasheng_v3,8,random440_expressivespeech_123,-2.267961823940277,-2.281680929660797,0.01371910572051993,1.4736496932783156,0.22382131362792226
midasheng_v3,8,random440_expressivespeech_078,-2.859075903892517,-2.8580901622772217,-0.0009857416152954102,0.38921364867345254,0.3723070465847639
midasheng_v3,8,random440_expressivespeech_067,-3.2929253339767453,-3.285804104804993,-0.007121229171752397,-0.13917200242830421,0.2785183005027133
midasheng_v3,8,random440_deear_033,-3.1574514150619506,-3.1096857547760006,-0.047765660285949973,-0.5571771462732744,1.607462082432474
midasheng_v3,8,random440_expressivespeech_301,-3.4617496967315673,-3.4688310861587524,0.007081389427185059,0.08722259645291232,-0.2645880133339067
midasheng_v3,8,random440_expressivespeech_054,-2.453492212295532,-2.4479806423187256,-0.005511569976806463,0.7375640448939997,0.7733417173844066
midasheng_v3,8,random440_expressivespeech_323,-3.439684963226318,-3.4434678077697756,0.003782844543457564,0.282538767158009,-0.26649447703405577
midasheng_v3,8,random440_expressivespeech_255,-2.8101911783218383,-2.815852618217468,0.005661439895629616,0.6807328555925685,0.2010018324333873
midasheng_v3,8,random440_expressivespeech_021,-4.49106731414795,-4.488587999343872,-0.0024793148040771484,-0.8088471679073428,-0.6396623319258509
midasheng_v3,8,random440_deear_095,-2.753797626495361,-2.7567070007324217,0.0029093742370607245,0.3794989696776179,0.3215859142182239
midasheng_v3,8,random440_deear_039,-4.948502445220948,-4.9061524868011475,-0.04234995841980016,-1.7048830833320725,0.281429933237889
midasheng_v3,8,random440_expressivespeech_120,-3.2005143642425535,-3.187673425674438,-0.012840938568115412,-0.36248730462800727,0.5130652049521125
midasheng_v3,8,random440_expressivespeech_124,-3.5583308219909666,-3.561572217941284,0.0032413959503174716,-0.10519279531020254,-0.2099141342540113
midasheng_v3,8,random440_expressivespeech_291,-3.5484980821609495,-3.554644536972046,0.006146454811096547,-0.03610287815180447,-0.29225356264354474
midasheng_v3,8,random440_expressivespeech_333,-4.073094367980957,-4.081009769439698,0.00791540145874059,-0.4950730028849871,-0.6862254216735559
midasheng_v3,8,random440_deear_031,-2.5149016618728637,-2.521582770347595,0.0066811084747313565,0.5529890561931206,0.361220654951214
midasheng_v3,8,random440_expressivespeech_303,-4.679855108261108,-4.673303270339966,-0.006551837921142223,-0.8855146418558322,-0.6376403622331441
midasheng_v3,8,random440_expressivespeech_112,-3.5871825218200684,-3.6049689292907714,0.017786407470703036,0.17097718853772031,-0.6727696488997952
midasheng_v3,8,random440_deear_055,-3.3967927455902096,-3.3990469217300414,0.0022541761398318094,3.9969526675455715,-0.07508613522812461
midasheng_v3,8,random440_expressivespeech_251,-3.083029317855835,-3.101903557777405,0.018874239921570002,0.6919442283597155,-0.4275577547164686
midasheng_v3,8,random440_deear_063,-2.9214996576309202,-2.91354079246521,-0.007958865165710094,0.03044547920693008,0.5447918142296206
midasheng_v3,8,random440_expressivespeech_263,-3.063497996330261,-3.058269596099853,-0.005228400230407715,0.2520124150499425,0.3693929328992974
midasheng_v3,8,random440_deear_074,-3.217772436141968,-3.2285643815994263,0.010791945457458318,0.3073957717545155,-0.39919212610161336
midasheng_v3,8,random440_expressivespeech_008,-3.484643006324768,-3.538647103309631,0.05400409698486319,-0.024710970861061287,-2.1379818225554494
midasheng_v3,8,random440_expressivespeech_085,-2.500343108177185,-2.494097900390625,-0.006245207786559792,0.4497897157575369,0.765383944319568
midasheng_v3,8,random440_deear_057,-3.0610767126083376,-3.0677305698394775,0.00665385723113987,0.4657612211184373,-0.027096057511904997
midasheng_v3,8,random440_expressivespeech_205,-3.580303454399109,-3.584046649932861,0.0037431955337523526,0.04686765982392008,-0.2394764219491735
midasheng_v3,8,random440_deear_006,-2.936296582221985,-2.9698362588882445,0.03353967666625968,1.066217044166655,-1.030258671337584
midasheng_v3,8,random440_expressivespeech_082,-3.4508912563323975,-3.502362012863159,0.05147075653076172,0.8848836215369726,-2.232292962232656
midasheng_v3,8,random440_deear_011,-3.42053005695343,-3.4179297208786013,-0.0026003360748285687,-0.20521627227910977,0.05777287750978407
midasheng_v3,8,random440_expressivespeech_298,-4.645547151565552,-4.638974189758301,-0.0065729618072509766,-0.7821001092110544,-0.6147627412756163
midasheng_v3,8,random440_expressivespeech_071,-2.9964141845703125,-2.9887828826904297,-0.0076313018798828125,0.2287358034966567,0.48624224996936616
midasheng_v3,8,random440_expressivespeech_022,-5.879493856430054,-5.878757667541504,-0.0007361888885499823,-1.6531903459750688,-1.5926330980838759
midasheng_v3,8,random440_expressivespeech_099,-3.149314045906067,-3.1543520212173464,0.0050379753112794745,0.44598518516423724,-0.10878082106769793
midasheng_v3,9,random440_deear_008,-3.6913312435150143,-3.6961705684661865,0.00483932495117223,-0.23498404296370318,-0.344898026320287
midasheng_v3,9,random440_expressivespeech_070,-2.6386329174041747,-2.649291682243347,0.010658764839172274,0.6509783913236118,0.1595740886991588
midasheng_v3,9,random440_expressivespeech_293,-2.9421666860580444,-2.9576526165008543,0.015485930442809881,0.4194007549145974,-0.2457721939925476
midasheng_v3,9,random440_deear_069,-2.4773317217826842,-2.476055085659027,-0.0012766361236571377,0.6017981602592055,0.6285714951545466
midasheng_v3,9,random440_expressivespeech_129,-3.943020677566528,-3.930121564865112,-0.01289911270141575,-0.7162575894443499,0.03367574902429338
midasheng_v3,9,random440_expressivespeech_123,-2.26220383644104,-2.2673028826713564,0.0050990462303164286,0.8399266163551948,0.5732874615095563
midasheng_v3,9,random440_expressivespeech_078,-2.8623390197753906,-2.8513845920562746,-0.010954427719116033,0.12812758252270437,0.6746046760610325
midasheng_v3,9,random440_expressivespeech_067,-3.29119017124176,-3.2832436561584473,-0.0079465150833129,0.08897750205102059,0.30484436507667434
midasheng_v3,9,random440_deear_033,-3.153967952728271,-3.1755343198776247,0.02156636714935356,-0.3135596410470724,-0.7226890735192111
midasheng_v3,9,random440_expressivespeech_301,-3.446294975280762,-3.454617214202881,0.00832223892211914,0.17993577173275313,-0.2924645286297589
midasheng_v3,9,random440_expressivespeech_054,-2.445011854171753,-2.4404584884643556,-0.004553365707397283,0.5437608610425874,0.749576703203042
midasheng_v3,9,random440_expressivespeech_323,-3.438515758514404,-3.420796585083008,-0.01771917343139595,-0.5964429965080544,0.38769162905681426
midasheng_v3,9,random440_expressivespeech_255,-2.806999158859253,-2.808591294288635,0.001592135429381969,0.387853614475556,0.32733407542784454
midasheng_v3,9,random440_expressivespeech_021,-4.4811413288116455,-4.510468292236328,0.02932696342468244,-0.34489472856104586,-1.8568098524209593
midasheng_v3,9,random440_deear_095,-2.7590138673782345,-2.7360610961914062,-0.022952771186828258,0.33213228033106146,1.1079539683431745
midasheng_v3,9,random440_deear_039,-4.930912637710572,-4.927543354034424,-0.0033692836761476386,-1.098465899750629,-0.8975181852679552
midasheng_v3,9,random440_expressivespeech_120,-3.1845088243484496,-3.1852919101715087,0.000783085823059082,0.14671868679539882,0.10740254122963494
midasheng_v3,9,random440_expressivespeech_124,-3.5560254573822023,-3.56002254486084,0.003997087478637695,0.08379259365747999,-0.23149662546549446
midasheng_v3,9,random440_expressivespeech_291,-3.546933722496033,-3.5488128423690792,0.001879119873046342,-0.057440895406946864,-0.16092886516513225
midasheng_v3,9,random440_expressivespeech_333,-4.066465950012207,-4.051856184005738,-0.014609766006469016,-0.679726001825887,0.005917540076342986
midasheng_v3,9,random440_deear_031,-2.516735863685608,-2.514459109306335,-0.002276754379272994,0.3416322358320564,0.6335769096250177
midasheng_v3,9,random440_expressivespeech_303,-4.667869758605957,-4.664472961425782,-0.0033967971801756036,-0.8766285164139604,-0.72621849417866
midasheng_v3,9,random440_expressivespeech_112,-3.5817173480987545,-3.595957946777344,0.0142405986785894,0.3258329728825999,-0.5609502415134417
midasheng_v3,9,random440_deear_055,-3.3943142175674437,-3.393432092666626,-0.0008821249008175158,-1.16127872163148,0.0222927631624796
midasheng_v3,9,random440_expressivespeech_251,-3.0711865425109863,-3.0798563957214355,0.008669853210449219,0.3406846046734334,-0.059998284918614336
midasheng_v3,9,random440_deear_063,-2.9131229162216186,-2.909529376029968,-0.0035935401916504794,0.3450282940253676,0.41691693581658773
midasheng_v3,9,random440_expressivespeech_263,-3.0539853334426876,-3.0560795307159423,0.002094197273254661,0.22287200942680888,0.15194839151634132
midasheng_v3,9,random440_deear_074,-3.215067672729492,-3.211142897605896,-0.003924775123596014,0.08722984856049573,0.23136273045099653
midasheng_v3,9,random440_expressivespeech_008,-3.4702584505081173,-3.4719977617263793,0.0017393112182619852,0.2149993649568411,-0.10697172047677936
midasheng_v3,9,random440_expressivespeech_085,-2.496501350402832,-2.5244949579238893,0.027993607521057395,0.719455007614298,-0.45068004923783933
midasheng_v3,9,random440_deear_057,-3.0543064832687374,-3.0653231382369994,0.011016654968261985,0.393505409987721,-0.21467235689192207
midasheng_v3,9,random440_expressivespeech_205,-3.576151823997497,-3.5372118949890137,-0.03893992900848353,-0.8880544551019851,1.06662192360269
midasheng_v3,9,random440_deear_006,-2.937318420410156,-2.9467801332473753,0.009461712837219416,0.6623591284641599,-0.10610432003256887
midasheng_v3,9,random440_expressivespeech_082,-3.449950790405273,-3.4438998699188232,-0.00605092048644984,0.8015632357043843,0.14407733971871414
midasheng_v3,9,random440_deear_011,-3.4039477109909058,-3.4122000455856325,0.00825233459472674,0.2980767049551115,-0.2628875993223189
midasheng_v3,9,random440_expressivespeech_298,-4.632998466491699,-4.633155488967896,0.00015702247619664433,-0.8726689848759857,-0.8121433128921991
midasheng_v3,9,random440_expressivespeech_071,-2.988904905319214,-3.0091337919235226,0.02022888660430855,0.9184125331161559,-0.3803397941950233
midasheng_v3,9,random440_expressivespeech_022,-5.867755651473999,-5.870720434188843,0.0029647827148435724,-1.5758802128856777,-1.6980423932961006
midasheng_v3,9,random440_expressivespeech_099,-3.1384992837905883,-3.1480419874191283,0.009542703628540039,0.4970356915302316,-0.13027301743486738
midasheng_v4,0,random440_deear_008,-3.7357633113861084,-3.7269640445709227,-0.008799266815185725,-0.2818513158419033,0.04278825360808941
midasheng_v4,0,random440_expressivespeech_070,-2.6594998121261595,-2.643450975418091,-0.01604883670806867,0.3136010873252284,0.9616176219911925
midasheng_v4,0,random440_expressivespeech_293,-2.96321964263916,-2.959016466140747,-0.004203176498413175,0.18275570827257698,0.4030691544799234
midasheng_v4,0,random440_deear_069,-2.505708634853363,-2.5029255509376522,-0.0027830839157108045,0.5356781062079885,0.6561845846334331
midasheng_v4,0,random440_expressivespeech_129,-3.9738693237304688,-3.975327110290527,0.0014577865600582385,-0.0532578782967883,-0.42472949059730025
midasheng_v4,0,random440_expressivespeech_123,-2.277802217006683,-2.3396057963371275,0.061803579330444336,1.3163673668114795,-1.9670161970309863
midasheng_v4,0,random440_expressivespeech_078,-2.8702930212020874,-2.882713508605957,0.012420487403869807,0.9752574270612278,-0.10496274561605548
midasheng_v4,0,random440_expressivespeech_067,-3.2962579011917112,-3.3010950803756716,0.004837179183960316,0.06735291960262899,-0.08881336585144964
midasheng_v4,0,random440_deear_033,-3.1745812654495236,-3.1753585577011108,0.0007772922515871805,-0.13296389770388883,0.11401280852404155
midasheng_v4,0,random440_expressivespeech_301,-3.5128979206085207,-3.5206504106521606,0.00775249004363987,-0.02690638568248198,-0.3182268610975233
midasheng_v4,0,random440_expressivespeech_054,-2.5009390354156493,-2.5040687561035155,0.003129720687866211,0.7574463841632887,0.47871702631693236
midasheng_v4,0,random440_expressivespeech_323,-3.498920202255249,-3.5067215919494625,0.007801389694213512,-0.27841671930817846,-0.31066212991354936
midasheng_v4,0,random440_expressivespeech_255,-2.8346892833709716,-2.8215813636779785,-0.013107919692993075,0.2811590231511778,0.7582833688287041
midasheng_v4,0,random440_expressivespeech_021,-4.538718891143799,-4.535999393463134,-0.0027194976806645954,-0.7747117012436021,-0.663207526791803
midasheng_v4,0,random440_deear_095,-2.771314811706543,-2.766154670715332,-0.005160140991211204,0.030016825002029845,0.5566518008513945
midasheng_v4,0,random440_deear_039,-4.994351005554199,-4.994680643081665,0.0003296375274661756,-1.102236664112784,-1.0515814960632857
midasheng_v4,0,random440_expressivespeech_120,-3.2143560409545895,-3.210448145866394,-0.0039078950881954455,0.09725868976874294,0.23130842572514962
midasheng_v4,0,random440_expressivespeech_124,-3.5745994091033935,-3.576342248916626,0.0017428398132324219,-0.10512996453363424,-0.17469547998336213
midasheng_v4,0,random440_expressivespeech_291,-3.554582405090332,-3.5580873489379883,0.0035049438476564276,-0.045003093986284874,-0.21553297129626614
midasheng_v4,0,random440_expressivespeech_333,-4.125196647644043,-4.133625078201294,0.008428430557250621,-0.5338894204778432,-0.7366134244353755
midasheng_v4,0,random440_deear_031,-2.5297181844711303,-2.506389284133911,-0.02332890033721924,0.29001739349833144,1.268030106625864
midasheng_v4,0,random440_expressivespeech_303,-4.736927890777588,-4.74010739326477,0.0031795024871819066,-0.958747762053106,-0.9717896381479266
midasheng_v4,0,random440_expressivespeech_112,-3.659575843811035,-3.7215515136718746,0.06197566986083958,0.4398877266896778,-2.8702730051707555
midasheng_v4,0,random440_deear_055,-3.4652708768844604,-3.449043488502502,-0.016227388381958363,-0.38276864380998604,0.4449066983500787
midasheng_v4,0,random440_expressivespeech_251,-3.111060047149658,-3.1185983180999752,0.007538270950317116,-0.037339014420439076,-0.0512825353376061
midasheng_v4,0,random440_deear_063,-2.9406410217285153,-2.917974758148193,-0.022666263580322088,0.00033115505379133214,0.9815051965722783
midasheng_v4,0,random440_expressivespeech_263,-3.0685608148574826,-3.0741339921951294,0.00557317733764684,0.4569708144969208,0.036265975541536793
midasheng_v4,0,random440_deear_074,-3.233433246612549,-3.231984257698059,-0.001448988914489746,0.014326140722850225,0.1438585986509499
midasheng_v4,0,random440_expressivespeech_008,-3.5482471227645873,-3.5420655488967894,-0.00618157386779794,0.0911001427032288,0.08436816988155524
midasheng_v4,0,random440_expressivespeech_085,-2.5187463760375977,-2.519975411891937,0.001229035854339422,0.5153396604128021,0.5252182648514786
midasheng_v4,0,random440_deear_057,-3.10182638168335,-3.1073717355728148,0.005545353889464977,0.4563322565918456,0.015558551021861378
midasheng_v4,0,random440_expressivespeech_205,-3.6542663335800167,-3.6955498695373534,0.04128353595733669,0.010149242733817732,-1.9257281069436547
midasheng_v4,0,random440_deear_006,-2.9525890588760375,-2.9615086793899534,0.008919620513915927,0.7800838423080315,0.0009308167547463775
midasheng_v4,0,random440_expressivespeech_082,-3.476942539215088,-3.4788428306579586,0.0019002914428707385,0.17171963250674893,-0.11621903457858127
midasheng_v4,0,random440_deear_011,-3.451245379447937,-3.4127341508865356,-0.038511228561401545,-1.111765764652376,1.1344738109973234
midasheng_v4,0,random440_expressivespeech_298,-4.739860391616821,-4.737535285949707,-0.00232510566711408,-1.0039403003490217,-0.8055966177396666
midasheng_v4,0,random440_expressivespeech_071,-3.0155645370483395,-3.0234153509140014,0.007850813865661888,0.11081780937706151,0.0010572868267723357
midasheng_v4,0,random440_expressivespeech_022,-5.926282453536987,-5.926298666000366,1.621246337890625e-05,-1.6146262183680806,-1.6459294475621984
midasheng_v4,0,random440_expressivespeech_099,-3.1677610635757443,-3.2336079597473146,0.06584689617157036,0.7921117335177141,-2.7276307987452357
midasheng_v4,1,random440_deear_008,-3.726578187942505,-3.731449270248413,0.004871082305907937,0.09503479095642392,-0.3687088515068002
midasheng_v4,1,random440_expressivespeech_070,-2.6539951086044313,-2.6833098888397213,0.029314780235289994,0.7472023556669558,-0.6471486315930353
midasheng_v4,1,random440_expressivespeech_293,-2.9606406927108764,-2.9567269563674925,-0.003913736343383878,0.24565624216689738,0.39590180060833857
midasheng_v4,1,random440_deear_069,-2.5004158854484557,-2.5025040030479433,0.002088117599487571,0.5087028735659158,0.5108633151448596
midasheng_v4,1,random440_expressivespeech_129,-3.969716167449951,-3.9577048301696776,-0.01201133728027326,-0.07744979740453461,-0.010733573510722794
midasheng_v4,1,random440_expressivespeech_123,-2.2806397438049313,-2.2840033888816835,0.003363645076752242,0.4948382099549383,0.6143341281740882
midasheng_v4,1,random440_expressivespeech_078,-2.865776252746582,-2.878650641441345,0.01287438869476265,0.42221156379188035,-0.05527963018219273
midasheng_v4,1,random440_expressivespeech_067,-3.2989645957946774,-3.2833775520324706,-0.015587043762206765,-0.13176764914473482,0.45256344752886346
midasheng_v4,1,random440_deear_033,-3.161281394958496,-3.1793478488922116,0.018066453933715643,0.24529145276281125,-0.405324938593122
midasheng_v4,1,random440_expressivespeech_301,-3.5025033235549925,-3.5025349855422974,3.1661987304865136e-05,-0.03851586027535939,-0.07718391039116762
midasheng_v4,1,random440_expressivespeech_054,-2.4986236572265623,-2.498191738128662,-0.0004319190979003018,0.3743386027285548,0.5814338345609533
midasheng_v4,1,random440_expressivespeech_323,-3.4953697681427,-3.4763306140899655,-0.019039154052734375,-0.685853315034203,0.5112641853681894
midasheng_v4,1,random440_expressivespeech_255,-2.8280818462371826,-2.8275988578796385,-0.00048298835754412295,0.6058429339866126,0.37703960833254047
midasheng_v4,1,random440_expressivespeech_021,-4.527976226806641,-4.542877864837647,0.01490163803100586,-0.6653027007386568,-1.201193855424916
midasheng_v4,1,random440_deear_095,-2.7711137771606444,-2.7683857917785644,-0.002727985382080078,0.5645763119809202,0.48251171779202273
midasheng_v4,1,random440_deear_039,-4.9800642967224125,-4.9713654041290285,-0.008698892593383967,-1.3143816669260822,-0.7666204621716288
midasheng_v4,1,random440_expressivespeech_120,-3.2202447652816772,-3.2125783443450926,-0.00766642093658465,0.17622072343367978,0.34226588134900127
midasheng_v4,1,random440_expressivespeech_124,-3.5682257175445553,-3.569077730178833,0.000852012634277699,0.17023632234083858,-0.14336208888605118
midasheng_v4,1,random440_expressivespeech_291,-3.5623217105865477,-3.556272864341736,-0.006048846244811834,-0.2928764971486717,0.0711943404973838
midasheng_v4,1,random440_expressivespeech_333,-4.115478610992431,-4.1036333560943605,-0.011845254898070756,-0.6278650023131432,-0.11026355231915791
midasheng_v4,1,random440_deear_031,-2.528100514411926,-2.5247332811355587,-0.003367233276367454,0.37426798471056,0.659512067271995
midasheng_v4,1,random440_expressivespeech_303,-4.7330255031585695,-4.72543740272522,-0.007588100433349787,-0.975541056637709,-0.6404521526716025
midasheng_v4,1,random440_expressivespeech_112,-3.6515418529510497,-3.66816554069519,0.01662368774414036,0.013542407260386247,-0.7902682414221458
midasheng_v4,1,random440_deear_055,-3.4584835290908815,-3.504444122314453,0.0459605932235716,3.117802915518436,-1.8548795428665004
midasheng_v4,1,random440_expressivespeech_251,-3.1116414070129395,-3.090038704872131,-0.021602702140808283,-0.09918428863855908,0.8382141108206036
midasheng_v4,1,random440_deear_063,-2.9271954536437987,-2.8949443101882935,-0.03225114345550528,-0.7608658812571891,1.2829103128703705
midasheng_v4,1,random440_expressivespeech_263,-3.072827124595642,-3.0756109237670897,0.002783799171447665,0.249252679881456,0.09965836484808399
midasheng_v4,1,random440_deear_074,-3.2302450895309445,-3.2304056167602537,0.00016052722930925967,0.15275842244463927,0.09677507278785516
midasheng_v4,1,random440_expressivespeech_008,-3.547297477722168,-3.5073180198669434,-0.03997945785522461,-0.6405854482291737,1.1170643193870982
midasheng_v4,1,random440_expressivespeech_085,-2.5115243434906005,-2.513055515289307,0.0015311717987063211,0.7359308654549255,0.5206720756053452
midasheng_v4,1,random440_deear_057,-3.0852815389633177,-3.094902586936951,0.009621047973633168,0.7272551791639428,-0.09817874406134966
midasheng_v4,1,random440_expressivespeech_205,-3.65162570476532,-3.6189694881439207,-0.03265621662139928,-1.5824537303292638,0.8258278784959039
midasheng_v4,1,random440_deear_006,-2.94528489112854,-2.9642174243927,0.018932533264160334,0.899882338870736,-0.33601855350383164
midasheng_v4,1,random440_expressivespeech_082,-3.47782301902771,-3.4833703994750973,0.00554738044738734,0.22521488297911155,-0.25727241503119
midasheng_v4,1,random440_deear_011,-3.4376563787460324,-3.4373354673385617,-0.0003209114074707031,-0.19042240973259542,-0.022931920514041266
midasheng_v4,1,random440_expressivespeech_298,-4.7316490650177006,-4.710271883010864,-0.02137718200683647,-1.3364328930252156,-0.21848513076676024
midasheng_v4,1,random440_expressivespeech_071,-3.0283334970474245,-3.032794332504272,0.004460835456847612,0.25775705697160306,0.08198975132679823
midasheng_v4,1,random440_expressivespeech_022,-5.917963695526123,-5.917951345443726,-1.2350082397638573e-05,-1.6207902789344548,-1.6396664378758723
midasheng_v4,1,random440_expressivespeech_099,-3.1711649179458616,-3.149670648574829,-0.021494269371032715,-0.4200892126815544,0.7963299318637193
midasheng_v4,2,random440_deear_008,-3.721323776245117,-3.716069984436035,-0.005253791809082031,-0.5825487224276332,-0.05612212474113129
midasheng_v4,2,random440_expressivespeech_070,-2.648559188842773,-2.6468094110488893,-0.0017497777938837444,0.6649885912009622,0.5320593187287803
midasheng_v4,2,random440_expressivespeech_293,-2.957774543762207,-2.964813089370727,0.007038545608520241,0.3600852160672161,0.0020699386399292974
midasheng_v4,2,random440_deear_069,-2.4913169741630554,-2.518304407596588,0.026987433433532715,0.9837814963202783,-0.4056907585467565
midasheng_v4,2,random440_expressivespeech_129,-3.955776882171631,-3.954724931716919,-0.0010519504547121805,-0.15394911235112985,-0.336365606072471
midasheng_v4,2,random440_expressivespeech_123,-2.2745364189147947,-2.2887207150459288,0.014184296131134033,0.7186210316184897,0.2053553353222393
midasheng_v4,2,random440_expressivespeech_078,-2.8659804105758666,-2.8654973030090334,-0.00048310756683322964,0.13502296187519075,0.35248386522401176
midasheng_v4,2,random440_expressivespeech_067,-3.2909353971481323,-3.291408324241638,0.00047292709350577056,-0.05035851556235679,0.04790626370247784
midasheng_v4,2,random440_deear_033,-3.1525233745574948,-3.137860655784607,-0.014662718772887828,-0.3748682304461146,0.5997961966505077
midasheng_v4,2,random440_expressivespeech_301,-3.492236042022705,-3.501339840888977,0.009103798866271884,0.12716966046111916,-0.3461020649430809
midasheng_v4,2,random440_expressivespeech_054,-2.4964019298553466,-2.493102645874023,-0.0032992839813235086,0.414823723810527,0.6779787244592215
midasheng_v4,2,random440_expressivespeech_323,-3.48895468711853,-3.4865208625793453,-0.0024338245391848368,-0.2176363098509213,-0.10858524449033966
midasheng_v4,2,random440_expressivespeech_255,-2.823689007759094,-2.812392258644104,-0.011296749114990234,0.1992938270506672,0.710104435098897
midasheng_v4,2,random440_expressivespeech_021,-4.515527057647705,-4.51797890663147,0.002451848983764826,-0.6573106246747898,-0.8060951497656001
midasheng_v4,2,random440_deear_095,-2.756860542297363,-2.7601068735122682,0.0032463312149051404,0.41442350079402956,0.30931145169775254
midasheng_v4,2,random440_deear_039,-4.970807838439941,-4.972868299484253,0.002060461044311346,-1.0710206467608745,-1.089178721743012
midasheng_v4,2,random440_expressivespeech_120,-3.2057246446609495,-3.2148507833480835,0.009126138687133967,0.20203260006321355,-0.34582700771175157
midasheng_v4,2,random440_expressivespeech_124,-3.5711870193481445,-3.5681091785430907,-0.0030778408050537998,-0.1274857882250341,-0.02527577331720482
midasheng_v4,2,random440_expressivespeech_291,-3.5506309986114504,-3.5550021171569823,0.00437111854553196,-0.026278767057370395,-0.23942258645165962
midasheng_v4,2,random440_expressivespeech_333,-4.100548458099365,-4.1125658512115475,0.012017393112182084,-0.28896534771204746,-0.8750234852422833
midasheng_v4,2,random440_deear_031,-2.5185091972351072,-2.525089836120605,0.006580638885497869,0.6652740319794246,0.36195089031925165
midasheng_v4,2,random440_expressivespeech_303,-4.720517015457153,-4.713910007476807,-0.006607007980345969,-0.9597400953161579,-0.6623057534349363
midasheng_v4,2,random440_expressivespeech_112,-3.6423767566680905,-3.6993270874023434,0.05695033073425293,0.5925737458938187,-2.705669488271452
midasheng_v4,2,random440_deear_055,-3.437440037727356,-3.4864148139953612,0.04897477626800528,0.9745390088105013,-1.6738864415896446
midasheng_v4,2,random440_expressivespeech_251,-3.102380061149597,-3.10712149143219,0.0047414302825927734,0.08672564326277922,-0.002925110231351169
midasheng_v4,2,random440_deear_063,-2.9261849403381346,-2.932551622390747,0.006366682052612482,0.9976454490694939,0.10429859545695638
midasheng_v4,2,random440_expressivespeech_263,-3.0666676998138427,-3.062162446975708,-0.0045052528381348544,0.2534961075180492,0.34525623191767313
midasheng_v4,2,random440_deear_074,-3.230412006378174,-3.2397403478622433,0.009328341484069469,0.13053461121838741,-0.1841975972555965
midasheng_v4,2,random440_expressivespeech_008,-3.520289421081543,-3.514223051071167,-0.006066370010375799,0.28041660938688706,0.09896761977999165
midasheng_v4,2,random440_expressivespeech_085,-2.508069622516632,-2.5098935961723328,0.0018239736557008612,0.647508892722296,0.5139695913343573
midasheng_v4,2,random440_deear_057,-3.0948808431625365,-3.0949787378311155,9.789466857901274e-05,0.4695791486522649,0.0498620881897574
midasheng_v4,2,random440_expressivespeech_205,-3.622268414497375,-3.60933780670166,-0.012930607795714977,0.41535558959901664,0.24249440198466535
midasheng_v4,2,random440_deear_006,-2.949860906600952,-3.008072566986084,0.05821166038513237,0.9371409765974801,-2.2486052357894524
midasheng_v4,2,random440_expressivespeech_082,-3.472031044960022,-3.4679426670074465,-0.004088377952575328,0.15796950032092877,0.06983882834673888
midasheng_v4,2,random440_deear_011,-3.4311206579208373,-3.399748349189758,-0.0313723087310791,-0.5356312296178789,0.9295151321388289
midasheng_v4,2,random440_expressivespeech_298,-4.710311317443848,-4.704512977600098,-0.00579833984375,-0.9461536059449265,-0.6803863349263928
midasheng_v4,2,random440_expressivespeech_071,-3.019066882133484,-3.0222206354141234,0.003153753280639382,0.39522117228520925,0.14222107629883604
midasheng_v4,2,random440_expressivespeech_022,-5.898700857162476,-5.908642435073853,0.009941577911376953,-1.5460832081946283,-1.9311451108924427
midasheng_v4,2,random440_expressivespeech_099,-3.1631059885025024,-3.160357141494751,-0.002748847007751465,-0.16944222449523208,0.2291262939367897
midasheng_v4,3,random440_deear_008,-3.7029134750366213,-3.6819509029388424,-0.020962572097778853,-0.6567246575769907,0.4355048834994598
midasheng_v4,3,random440_expressivespeech_070,-2.6518214464187624,-2.6335565805435177,-0.018264865875244674,0.6238940616566169,1.034263968257001
midasheng_v4,3,random440_expressivespeech_293,-2.9553683042526244,-2.952617335319519,-0.0027509689331055576,0.21569520361919073,0.3638112148462963
midasheng_v4,3,random440_deear_069,-2.4807361483573915,-2.480522322654724,-0.0002138257026675916,0.32181049679569734,0.5939104493821714
midasheng_v4,3,random440_expressivespeech_129,-3.9538596153259276,-3.947373867034912,-0.006485748291015447,-0.5350369293378656,-0.16919211740792625
midasheng_v4,3,random440_expressivespeech_123,-2.2712742447853085,-2.277069246768951,0.005795001983642578,1.3456089790058376,0.5461572772486551
midasheng_v4,3,random440_expressivespeech_078,-2.8594729900360107,-2.8600958347320553,0.0006228446960445666,0.4015600325563231,0.3229285719052007
midasheng_v4,3,random440_expressivespeech_067,-3.286325693130493,-3.257683205604553,-0.02864248752594012,-0.19874844944450448,0.9399863967074978
midasheng_v4,3,random440_deear_033,-3.1475356817245483,-3.13804178237915,-0.009493899345398127,-0.34808658595102715,0.4451889294207182
midasheng_v4,3,random440_expressivespeech_301,-3.473695659637451,-3.475252318382263,0.001556658744811923,-0.011406499410925655,-0.10362150269068741
midasheng_v4,3,random440_expressivespeech_054,-2.4880608558654784,-2.5017013788223266,0.013640522956848145,0.7018747546875433,-0.08017819935537496
midasheng_v4,3,random440_expressivespeech_323,-3.4743160247802733,-3.484857940673828,0.010541915893554688,0.11039479705572086,-0.6027195705106585
midasheng_v4,3,random440_expressivespeech_255,-2.8192793846130373,-2.8278384685516356,0.008559083938598278,0.2747510599483093,0.10662750008736466
midasheng_v4,3,random440_expressivespeech_021,-4.49658350944519,-4.4926892757415775,-0.0038942337036127483,-0.7973600437040759,-0.6000298291641248
midasheng_v4,3,random440_deear_095,-2.759962487220764,-2.754575991630554,-0.005386495590209872,0.2737384121493444,0.570920596070492
midasheng_v4,3,random440_deear_039,-4.9467614650726315,-4.9399035453796385,-0.006857919692992986,-1.0749992068749206,-0.801256753108294
midasheng_v4,3,random440_expressivespeech_120,-3.1975752115249634,-3.245467185974121,0.047891974449157715,0.6397612291860182,-1.9655088054362162
midasheng_v4,3,random440_expressivespeech_124,-3.5596287727355955,-3.5809497833251953,0.021321010589599787,0.03505848662962921,-0.9774030224729493
midasheng_v4,3,random440_expressivespeech_291,-3.5551881313323976,-3.551373314857483,-0.0038148164749145508,-0.36164986368477775,0.007596888213692726
midasheng_v4,3,random440_expressivespeech_333,-4.0774468898773195,-4.08099102973938,0.0035441398620603692,-0.10816845543469605,-0.555561445033833
midasheng_v4,3,random440_deear_031,-2.5208910465240475,-2.51285080909729,-0.008040237426757635,0.4247987931344683,0.806882818708883
midasheng_v4,3,random440_expressivespeech_303,-4.70224928855896,-4.687558364868164,-0.01469092369079572,-1.1812221949219983,-0.4036104468791544
midasheng_v4,3,random440_expressivespeech_112,-3.6104371547698975,-3.6382296562194822,0.027792501449584783,0.2735900571164091,-1.111343691089439
midasheng_v4,3,random440_deear_055,-3.4409323930740356,-3.429185914993286,-0.01174647808074969,-0.5571221659410275,0.32384588682380855
midasheng_v4,3,random440_expressivespeech_251,-3.095929741859436,-3.0975531578063964,0.0016234159469603604,0.5026628423575206,0.13914335876474768
midasheng_v4,3,random440_deear_063,-2.91897931098938,-2.9152261972427365,-0.003753113746643333,0.06487113529944036,0.4179946928579933
midasheng_v4,3,random440_expressivespeech_263,-3.0565804958343508,-3.061459875106811,0.004879379272460405,0.4626972083299139,0.06521597844467059
midasheng_v4,3,random440_deear_074,-3.2220122098922728,-3.222431874275207,0.0004196643829343927,0.198291433032772,0.09419698957894815
midasheng_v4,3,random440_expressivespeech_008,-3.5261987924575804,-3.518173837661743,-0.008024954795837314,-0.22706595284872458,0.15494717389098694
midasheng_v4,3,random440_expressivespeech_085,-2.5028549075126647,-2.5021270275115963,-0.0007278800010683817,0.5779825592084687,0.5952744400022143
midasheng_v4,3,random440_deear_057,-3.083196139335632,-3.0800500392913817,-0.0031461000442503106,0.6385426685190114,0.293041078922405
midasheng_v4,3,random440_expressivespeech_205,-3.602708864212036,-3.600258469581604,-0.0024503946304319513,-0.3846743318522699,-0.06486308180395292
midasheng_v4,3,random440_deear_006,-2.94252724647522,-2.9441039085388185,0.0015766620635986328,0.5915549914110911,0.2399803997805359
midasheng_v4,3,random440_expressivespeech_082,-3.4673989534378054,-3.5047208309173583,0.037321877479552956,0.3380143617612061,-1.636377160615199
midasheng_v4,3,random440_deear_011,-3.419958233833313,-3.420756769180298,0.0007985353469850409,-0.33936527013874906,-0.04564737478744692
midasheng_v4,3,random440_expressivespeech_298,-4.679607772827149,-4.6781907081604,-0.0014170646667484021,-0.8758479229528376,-0.7942798576406196
midasheng_v4,3,random440_expressivespeech_071,-3.0138658761978148,-3.035031485557556,0.02116560935974121,0.29013616199917225,-0.7056295874024874
midasheng_v4,3,random440_expressivespeech_022,-5.880931663513183,-5.882405853271484,0.0014741897583006036,-1.6765593653846576,-1.6610628299106942
midasheng_v4,3,random440_expressivespeech_099,-3.1613604068756103,-3.1412928104400635,-0.020067596435546786,-0.1936927299921538,0.7591174525636091
midasheng_v4,4,random440_deear_008,-3.6878297328948975,-3.6806850910186766,-0.007144641876220881,-0.5832958140351692,0.023323595418413084
midasheng_v4,4,random440_expressivespeech_070,-2.626163673400879,-2.607556462287903,-0.018607211112976252,0.3911929809850151,1.0613451026871954
midasheng_v4,4,random440_expressivespeech_293,-2.9495769262313845,-2.949192762374878,-0.0003841638565065253,0.22204503429035966,0.2952894377336411
midasheng_v4,4,random440_deear_069,-2.485488247871399,-2.4540894269943236,-0.03139882087707546,0.024085557822800863,1.543122319639431
midasheng_v4,4,random440_expressivespeech_129,-3.941542053222656,-3.9273542404174804,-0.014187812805175781,-0.3088415436148687,0.0739867766355618
midasheng_v4,4,random440_expressivespeech_123,-2.2698565125465393,-2.2638942122459413,-0.005962300300597967,0.5384661585686797,0.9061069292941102
midasheng_v4,4,random440_expressivespeech_078,-2.851760220527649,-2.8509166479110717,-0.0008435726165774149,0.21767784367809262,0.37270643167799156
midasheng_v4,4,random440_expressivespeech_067,-3.2792799234390255,-3.2697489023208615,-0.009531021118164062,0.42428353558358217,0.36094837116319783
midasheng_v4,4,random440_deear_033,-3.1334650993347166,-3.0990179777145386,-0.034447121620178045,-0.38686041626904616,1.2162997662833288
midasheng_v4,4,random440_expressivespeech_301,-3.4480940103530884,-3.4534423828125,0.0053483724594114435,0.24982523780946678,-0.20281785638855204
midasheng_v4,4,random440_expressivespeech_054,-2.478847098350525,-2.4713515520095823,-0.007495546340942738,0.6740040515764162,0.8174953852622687
midasheng_v4,4,random440_expressivespeech_323,-3.4527963638305663,-3.470584726333618,0.01778836250305149,-0.023910500496825544,-0.8100578162425512
midasheng_v4,4,random440_expressivespeech_255,-2.8057615518569943,-2.8134998083114624,0.007738256454468129,0.4343653891953516,0.14045293477390694
midasheng_v4,4,random440_expressivespeech_021,-4.469025659561157,-4.465876054763794,-0.003149604797362926,-0.7669979036664231,-0.604910150266329
midasheng_v4,4,random440_deear_095,-2.7526509046554564,-2.7535550594329834,0.0009041547775270331,0.09572561670649679,0.3835620999078917
midasheng_v4,4,random440_deear_039,-4.9112988948822025,-4.882616758346558,-0.028682136535644887,-1.446105453546451,-0.11183323405223433
midasheng_v4,4,random440_expressivespeech_120,-3.185315418243408,-3.1888885259628292,0.003573107719421209,0.49302523596771086,0.02168137791268329
midasheng_v4,4,random440_expressivespeech_124,-3.5553948163986204,-3.554664373397827,-0.0007304430007932794,0.02712383189801533,-0.08672408511937994
midasheng_v4,4,random440_expressivespeech_291,-3.5382062911987306,-3.5483676195144653,0.010161328315734686,0.009555486634969107,-0.4081857503964549
midasheng_v4,4,random440_expressivespeech_333,-4.053658533096313,-4.061804723739624,0.008146190643310902,-0.30080571495660213,-0.6806780031284875
midasheng_v4,4,random440_deear_031,-2.518551301956177,-2.5060940265655516,-0.012457275390625355,0.2878799971974621,0.9432814465162292
midasheng_v4,4,random440_expressivespeech_303,-4.663531017303467,-4.656574964523315,-0.006956052780151545,-1.0875799285167673,-0.6147184250110047
midasheng_v4,4,random440_expressivespeech_112,-3.588502883911133,-3.6088238716125485,0.02032098770141566,0.8724890338298599,-0.8623210134872221
midasheng_v4,4,random440_deear_055,-3.4315385580062863,-3.42105655670166,-0.010482001304626287,0.18497375338292965,0.29132023641734084
midasheng_v4,4,random440_expressivespeech_251,-3.0857842206954955,-3.085311985015869,-0.0004722356796267313,0.04987174755028789,0.2097125439433492
midasheng_v4,4,random440_deear_063,-2.9127593278884887,-2.8774423599243164,-0.035316967964172274,-0.17527692780888277,1.3858859550315579
midasheng_v4,4,random440_expressivespeech_263,-3.0641437530517575,-3.0662789344787598,0.0021351814270023084,0.04054172690491986,0.14411391033399484
midasheng_v4,4,random440_deear_074,-3.217321443557739,-3.2144774436950683,-0.0028439998626708096,0.43236357826649513,0.19689875387939884
midasheng_v4,4,random440_expressivespeech_008,-3.4999204158782957,-3.50666229724884,0.006741881370544434,-0.61742145458613,-0.2789562560594401
midasheng_v4,4,random440_expressivespeech_085,-2.5083049535751343,-2.527605271339416,0.01930031776428187,0.7003311105496842,-0.1928634873230206
midasheng_v4,4,random440_deear_057,-3.0658887147903444,-3.0675132274627686,0.0016245126724241388,0.6924659470074938,0.15857733655974646
midasheng_v4,4,random440_expressivespeech_205,-3.5803079843521117,-3.5452502489089968,-0.03505773544311497,-0.1814193490781028,0.9453786655942992
midasheng_v4,4,random440_deear_006,-2.9433489084243774,-2.950795984268188,0.007447075843810769,0.505868894976957,0.05882100161767781
midasheng_v4,4,random440_expressivespeech_082,-3.4564969062805178,-3.468010950088501,0.011514043807983043,0.1274895902114324,-0.39654333144013565
midasheng_v4,4,random440_deear_011,-3.41336452960968,-3.422768259048462,0.00940372943878165,0.06264156380888895,-0.3041499406350707
midasheng_v4,4,random440_expressivespeech_298,-4.641103982925415,-4.633536291122437,-0.007567691802978338,-0.9349319054642411,-0.5815075215280034
midasheng_v4,4,random440_expressivespeech_071,-2.998562216758728,-2.974989914894104,-0.023572301864624112,0.03223004629618867,0.9716381109504884
midasheng_v4,4,random440_expressivespeech_022,-5.851978540420532,-5.848180484771729,-0.0037980556488035333,-1.711860662274496,-1.4813026134416558
midasheng_v4,4,random440_expressivespeech_099,-3.145707845687866,-3.138704013824463,-0.007003831863403143,-0.10208582460105695,0.37033461563556846
qwen25_v4_4gpu,0,random440_deear_008,-3.7357633113861084,-3.7269640445709227,-0.008799266815185725,-0.15847092327014414,0.030298090492568652
qwen25_v4_4gpu,0,random440_expressivespeech_070,-2.6594998121261595,-2.643450975418091,-0.01604883670806867,0.46426732048848185,0.8406759158447236
qwen25_v4_4gpu,0,random440_expressivespeech_293,-2.96321964263916,-2.959016466140747,-0.004203176498413175,0.309893834815777,0.43753884745483407
qwen25_v4_4gpu,0,random440_deear_069,-2.505708634853363,-2.5029255509376522,-0.0027830839157108045,0.6319405197433237,0.7018857047889471
qwen25_v4_4gpu,0,random440_expressivespeech_129,-3.9738693237304688,-3.975327110290527,0.0014577865600582385,-0.08926836050957732,-0.3030230625743051
qwen25_v4_4gpu,0,random440_expressivespeech_123,-2.277802217006683,-2.3396057963371275,0.061803579330444336,1.1398129423733858,-0.7090929714566798
qwen25_v4_4gpu,0,random440_expressivespeech_078,-2.8702930212020874,-2.882713508605957,0.012420487403869807,0.7893462634492376,0.20044335115824757
qwen25_v4_4gpu,0,random440_expressivespeech_067,-3.2962579011917112,-3.3010950803756716,0.004837179183960316,0.15674386026956377,0.06577982346416887
qwen25_v4_4gpu,0,random440_deear_033,-3.1745812654495236,-3.1753585577011108,0.0007772922515871805,0.07738247230707684,0.21507812792836772
qwen25_v4_4gpu,0,random440_expressivespeech_301,-3.5128979206085207,-3.5206504106521606,0.00775249004363987,0.04609748091487904,-0.12325992054243551
qwen25_v4_4gpu,0,random440_expressivespeech_054,-2.5009390354156493,-2.5040687561035155,0.003129720687866211,0.7605689254821594,0.5996496019982193
qwen25_v4_4gpu,0,random440_expressivespeech_323,-3.498920202255249,-3.5067215919494625,0.007801389694213512,-0.09472522638724112,-0.11528183348417634
qwen25_v4_4gpu,0,random440_expressivespeech_255,-2.8346892833709716,-2.8215813636779785,-0.013107919692993075,0.39993999561482246,0.6774205265063096
qwen25_v4_4gpu,0,random440_expressivespeech_021,-4.538718891143799,-4.535999393463134,-0.0027194976806645954,-0.6509964646452423,-0.586238816288215
qwen25_v4_4gpu,0,random440_deear_095,-2.771314811706543,-2.766154670715332,-0.005160140991211204,0.295008543421843,0.5760589646720907
qwen25_v4_4gpu,0,random440_deear_039,-4.994351005554199,-4.994680643081665,0.0003296375274661756,-0.9579647329253047,-0.9289542171853274
qwen25_v4_4gpu,0,random440_expressivespeech_120,-3.2143560409545895,-3.210448145866394,-0.0039078950881954455,0.19528327800417566,0.27330112417915897
qwen25_v4_4gpu,0,random440_expressivespeech_124,-3.5745994091033935,-3.576342248916626,0.0017428398132324219,-0.01492722844079989,-0.05534044697168748
qwen25_v4_4gpu,0,random440_expressivespeech_291,-3.554582405090332,-3.5580873489379883,0.0035049438476564276,0.02483062600960486,-0.07403643359519979
qwen25_v4_4gpu,0,random440_expressivespeech_333,-4.125196647644043,-4.133625078201294,0.008428430557250621,-0.40481349095692154,-0.522906868915665
qwen25_v4_4gpu,0,random440_deear_031,-2.5297181844711303,-2.506389284133911,-0.02332890033721924,0.4875611555405467,1.052428332598188
qwen25_v4_4gpu,0,random440_expressivespeech_303,-4.736927890777588,-4.74010739326477,0.0031795024871819066,-0.8084037658204287,-0.8167243315221496
qwen25_v4_4gpu,0,random440_expressivespeech_112,-3.659575843811035,-3.7215515136718746,0.06197566986083958,0.27596933103886706,-1.588362358233467
qwen25_v4_4gpu,0,random440_deear_055,-3.4652708768844604,-3.449043488502502,-0.016227388381958363,-0.13016140897323003,0.33376279015315263
qwen25_v4_4gpu,0,random440_expressivespeech_251,-3.111060047149658,-3.1185983180999752,0.007538270950317116,0.1449113391790689,0.13493602222707632
qwen25_v4_4gpu,0,random440_deear_063,-2.9406410217285153,-2.917974758148193,-0.022666263580322088,0.21846814938409256,0.7804987656365271
qwen25_v4_4gpu,0,random440_expressivespeech_263,-3.0685608148574826,-3.0741339921951294,0.00557317733764684,0.43992903866911914,0.19682124690464692
qwen25_v4_4gpu,0,random440_deear_074,-3.233433246612549,-3.231984257698059,-0.001448988914489746,0.14267088463209127,0.21745266578683609
qwen25_v4_4gpu,0,random440_expressivespeech_008,-3.5482471227645873,-3.5420655488967894,-0.00618157386779794,0.10466111492992247,0.10240651146819217
qwen25_v4_4gpu,0,random440_expressivespeech_085,-2.5187463760375977,-2.519975411891937,0.001229035854339422,0.616857578747198,0.6222113266300731
qwen25_v4_4gpu,0,random440_deear_057,-3.10182638168335,-3.1073717355728148,0.005545353889464977,0.43088600333259264,0.17625784705592434
qwen25_v4_4gpu,0,random440_expressivespeech_205,-3.6542663335800167,-3.6955498695373534,0.04128353595733669,0.030510981168962947,-1.0390310522431319
qwen25_v4_4gpu,0,random440_deear_006,-2.9525890588760375,-2.9615086793899534,0.008919620513915927,0.6557736744766046,0.2106659380242431
qwen25_v4_4gpu,0,random440_expressivespeech_082,-3.476942539215088,-3.4788428306579586,0.0019002914428707385,0.16956669952055992,0.003678176066533364
qwen25_v4_4gpu,0,random440_deear_011,-3.451245379447937,-3.4127341508865356,-0.038511228561401545,-0.5077695587556155,0.7393224662015933
qwen25_v4_4gpu,0,random440_expressivespeech_298,-4.739860391616821,-4.737535285949707,-0.00232510566711408,-0.8351273526392928,-0.7205916766275873
qwen25_v4_4gpu,0,random440_expressivespeech_071,-3.0155645370483395,-3.0234153509140014,0.007850813865661888,0.25492000469404896,0.18982557795987598
qwen25_v4_4gpu,0,random440_expressivespeech_022,-5.926282453536987,-5.926298666000366,1.621246337890625e-05,-1.4953470692028363,-1.513331972957876
qwen25_v4_4gpu,0,random440_expressivespeech_099,-3.1677610635757443,-3.2336079597473146,0.06584689617157036,0.606561885810933,-1.3791639458722171
qwen25_v4_4gpu,1,random440_deear_008,-3.713244915008545,-3.7159732818603515,0.002728366851806552,0.05603530133544243,-0.16065331722280493
qwen25_v4_4gpu,1,random440_expressivespeech_070,-2.6541295528411863,-2.6809823989868162,0.026852846145629883,0.653608800554026,0.0031395790210859975
qwen25_v4_4gpu,1,random440_expressivespeech_293,-2.9543307065963744,-2.957238698005676,0.002907991409301758,0.4659174027050655,0.3165780814500275
qwen25_v4_4gpu,1,random440_deear_069,-2.495972454547882,-2.493725061416626,-0.0022473931312561035,0.5571705015438427,0.6985131906469417
qwen25_v4_4gpu,1,random440_expressivespeech_129,-3.9593114852905273,-3.9441045284271237,-0.015206956863403676,-0.1049047227699261,0.0028464991608719292
qwen25_v4_4gpu,1,random440_expressivespeech_123,-2.2739315152168276,-2.287012350559235,0.013080835342407227,0.8217291199982588,0.5662136331605544
qwen25_v4_4gpu,1,random440_expressivespeech_078,-2.860339546203613,-2.86403226852417,0.0036927223205567294,0.4367828725055982,0.36210976149070223
qwen25_v4_4gpu,1,random440_expressivespeech_067,-3.2884603500366207,-3.2949224948883056,0.006462144851684837,0.22160815020084362,0.041789577873332845
qwen25_v4_4gpu,1,random440_deear_033,-3.155313515663147,-3.1608798503875732,0.005566334724426358,0.12507723504400228,0.14202445057572344
qwen25_v4_4gpu,1,random440_expressivespeech_301,-3.4863568305969235,-3.492552399635315,0.0061955690383914686,0.01765048190679234,-0.07874295686207554
qwen25_v4_4gpu,1,random440_expressivespeech_054,-2.49338014125824,-2.4962164878845217,0.0028363466262817383,0.5552276228849147,0.6096571767248857
qwen25_v4_4gpu,1,random440_expressivespeech_323,-3.4856937408447264,-3.4741026401519775,-0.011591100692748935,-0.2550721242904864,0.23830228895441846
qwen25_v4_4gpu,1,random440_expressivespeech_255,-2.8236864805221558,-2.820766234397888,-0.002920246124267667,0.586962196102343,0.5030322021703155
qwen25_v4_4gpu,1,random440_expressivespeech_021,-4.511710119247437,-4.522730302810669,0.011020183563232422,-0.5757851364956866,-0.8137248788728697
qwen25_v4_4gpu,1,random440_deear_095,-2.7611992359161377,-2.759891629219055,-0.0013076066970825195,0.5852036735467326,0.5138825677947598
qwen25_v4_4gpu,1,random440_deear_039,-4.960544681549072,-4.950450611114502,-0.01009407043456978,-1.0959224926874827,-0.7219978609210358
qwen25_v4_4gpu,1,random440_expressivespeech_120,-3.208591604232788,-3.204092288017273,-0.004499316215515137,0.28776672046852747,0.2874783407374687
qwen25_v4_4gpu,1,random440_expressivespeech_124,-3.5736014366149904,-3.5624302387237545,-0.011171197891235884,-0.0360461873697177,0.17517771126056958
qwen25_v4_4gpu,1,random440_expressivespeech_291,-3.550876188278198,-3.5516675233840944,0.0007913351058963514,-0.024040690447986863,-0.02338451379120478
qwen25_v4_4gpu,1,random440_expressivespeech_333,-4.098157691955566,-4.083783674240112,-0.014374017715454102,-0.4813424179786347,-0.0998771645769444
qwen25_v4_4gpu,1,random440_deear_031,-2.5166860818862915,-2.5198327779769896,0.0031466960906980646,0.6817384459326045,0.5893787854903771
qwen25_v4_4gpu,1,random440_expressivespeech_303,-4.715699100494385,-4.70435152053833,-0.011347579956055398,-0.8233643553469663,-0.5446848390867797
qwen25_v4_4gpu,1,random440_expressivespeech_112,-3.6329778671264648,-3.6622077941894533,0.029229927062988548,0.24879502010470145,-0.5923322472404904
qwen25_v4_4gpu,1,random440_deear_055,-3.4459944009780883,-3.486167573928833,0.04017317295074463,1.9291159885929605,-0.837561965340786
qwen25_v4_4gpu,1,random440_expressivespeech_251,-3.1093293905258177,-3.096605348587036,-0.012724041938781738,0.10322163225887648,0.4967267045364285
qwen25_v4_4gpu,1,random440_deear_063,-2.92789888381958,-2.891245484352112,-0.03665339946746826,-0.3351298193507554,1.0375540621981105
qwen25_v4_4gpu,1,random440_expressivespeech_263,-3.058907651901245,-3.0672461748123165,0.008338522911071511,0.42002765612219517,0.15370547084452738
qwen25_v4_4gpu,1,random440_deear_074,-3.227855110168457,-3.2226693391799923,-0.005185770988464622,0.20791348320096018,0.28750339454566404
qwen25_v4_4gpu,1,random440_expressivespeech_008,-3.536366105079651,-3.4995471954345705,-0.03681890964508039,-0.2817852091869896,0.6553115388994589
qwen25_v4_4gpu,1,random440_expressivespeech_085,-2.51710422039032,-2.508657145500183,-0.008447074890137074,0.5428645549895043,0.7954980409268949
qwen25_v4_4gpu,1,random440_deear_057,-3.079073357582092,-3.0948022842407226,0.01572892665863046,0.6129900460041061,0.009380973534326154
qwen25_v4_4gpu,1,random440_expressivespeech_205,-3.6228005409240724,-3.6059317111968996,-0.01686882972717285,-0.6061375771880462,0.2454574645999863
qwen25_v4_4gpu,1,random440_deear_006,-2.9505330324172974,-2.955879235267639,0.005346202850341708,0.5582611898936429,0.2755789073974012
qwen25_v4_4gpu,1,random440_expressivespeech_082,-3.4741145610809325,-3.4804110527038574,0.0062964916229248935,0.1761200545784682,-0.07278956660156569
qwen25_v4_4gpu,1,random440_deear_011,-3.4318047761917114,-3.423847198486328,-0.0079575777053833,-0.15185800318179157,0.2077352196612103
qwen25_v4_4gpu,1,random440_expressivespeech_298,-4.702378988265991,-4.690414333343506,-0.011964654922484996,-0.8675198951177556,-0.5252678478556039
qwen25_v4_4gpu,1,random440_expressivespeech_071,-3.0147451639175413,-3.0086764812469484,-0.0060686826705929064,0.3488527455844924,0.4381291279053103
qwen25_v4_4gpu,1,random440_expressivespeech_022,-5.895848178863526,-5.89818844795227,0.0023402690887444066,-1.4789423397932753,-1.53543680475059
qwen25_v4_4gpu,1,random440_expressivespeech_099,-3.1630136251449583,-3.1502912282943725,-0.012722396850585849,0.005524694281163367,0.4627127349679552
qwen25_v4_4gpu,2,random440_deear_008,-3.677158689498901,-3.6806672573089596,0.0035085678100585938,-0.1526853278794768,-0.15169758799744912
qwen25_v4_4gpu,2,random440_expressivespeech_070,-2.646157646179199,-2.637438106536865,-0.008719539642334073,0.5633888763851972,0.7186512789928158
qwen25_v4_4gpu,2,random440_expressivespeech_293,-2.9397809505462646,-2.948159074783325,0.008378124237060192,0.5217900805279467,0.2284134089568724
qwen25_v4_4gpu,2,random440_deear_069,-2.4701512217521664,-2.500313258171081,0.030162036418914795,0.9519739502222804,0.09801656138333253
qwen25_v4_4gpu,2,random440_expressivespeech_129,-3.9402660846710207,-3.935966968536377,-0.004299116134643732,-0.3138335903715061,-0.17927037347363314
qwen25_v4_4gpu,2,random440_expressivespeech_123,-2.2669122338294985,-2.2812203645706175,0.01430813074111903,0.8773815513523873,0.5488097452172207
qwen25_v4_4gpu,2,random440_expressivespeech_078,-2.851112723350525,-2.8522717237472532,0.001159000396728338,0.3142188486605017,0.4130542731110713
qwen25_v4_4gpu,2,random440_expressivespeech_067,-3.274525785446167,-3.2717994928359984,-0.002726292610168546,0.13487985268080122,0.21417676582981535
qwen25_v4_4gpu,2,random440_deear_033,-3.134935593605041,-3.130844211578369,-0.004091382026672363,-0.05122788245303117,0.3268443633613915
qwen25_v4_4gpu,2,random440_expressivespeech_301,-3.434326934814453,-3.4406066656112673,0.00627973079681432,0.1490535682551355,-0.047303734456596296
qwen25_v4_4gpu,2,random440_expressivespeech_054,-2.472445321083069,-2.4737771511077877,0.0013318300247187054,0.6952414599794297,0.6496922383650977
qwen25_v4_4gpu,2,random440_expressivespeech_323,-3.4514191150665283,-3.4483603954315187,-0.003058719635009588,0.015690444004316295,0.09414582501760511
qwen25_v4_4gpu,2,random440_expressivespeech_255,-2.803196430206299,-2.802614998817444,-0.0005814313888548028,0.44434934400831116,0.4743694881040577
qwen25_v4_4gpu,2,random440_expressivespeech_021,-4.457929563522339,-4.457795143127441,-0.00013442039489763857,-0.5983043918863851,-0.5811129959302376
qwen25_v4_4gpu,2,random440_deear_095,-2.7469287157058715,-2.750660800933838,0.0037320852279663086,0.5247804228283397,0.4332035244713695
qwen25_v4_4gpu,2,random440_deear_039,-4.888345003128052,-4.890831708908081,0.002486705780029297,-0.8590560343751688,-0.9002459287236999
qwen25_v4_4gpu,2,random440_expressivespeech_120,-3.1762353658676146,-3.1966546058654783,0.02041923999786377,0.46872877161095755,-0.18851953652947978
qwen25_v4_4gpu,2,random440_expressivespeech_124,-3.557034349441528,-3.5497790813446044,-0.007255268096923562,-0.10259113276860547,0.11595690824897027
qwen25_v4_4gpu,2,random440_expressivespeech_291,-3.5447742462158205,-3.5417746067047116,-0.0029996395111089313,-0.04390268154498574,0.04796250554752922
qwen25_v4_4gpu,2,random440_expressivespeech_333,-4.042472553253174,-4.0598897457122805,0.017417192459106445,-0.16621245220222874,-0.630550028119324
qwen25_v4_4gpu,2,random440_deear_031,-2.506753945350647,-2.518014979362488,0.011261034011841087,0.6798439583891812,0.45122070548633975
qwen25_v4_4gpu,2,random440_expressivespeech_303,-4.648746538162231,-4.6438263893127445,-0.004920148849486772,-0.7191192058189005,-0.616717166210554
qwen25_v4_4gpu,2,random440_expressivespeech_112,-3.6049340724945065,-3.658554410934448,0.053620338439941406,0.4482930682923442,-1.4050359173687479
qwen25_v4_4gpu,2,random440_deear_055,-3.4209917783737183,-3.4600342988967894,0.03904252052307111,0.6342843561644856,-0.652606892603385
qwen25_v4_4gpu,2,random440_expressivespeech_251,-3.0945146799087526,-3.0982916593551635,0.0037769794464108664,0.19596077922659572,0.2123658311725138
qwen25_v4_4gpu,2,random440_deear_063,-2.903837466239929,-2.8981013059616085,-0.005736160278320579,0.6461607444440174,0.5024196743287883
qwen25_v4_4gpu,2,random440_expressivespeech_263,-3.058260893821716,-3.0550484418869015,-0.003212451934814453,0.33633411090931026,0.35973703072873137
qwen25_v4_4gpu,2,random440_deear_074,-3.22289617061615,-3.2277731657028195,0.004876995086669389,0.12530488005005744,0.11151252923923137
qwen25_v4_4gpu,2,random440_expressivespeech_008,-3.500109076499939,-3.4901756763458254,-0.009933400154113592,0.13364108006692121,0.19966750236629408
qwen25_v4_4gpu,2,random440_expressivespeech_085,-2.5136622309684755,-2.5080847263336183,-0.005577504634857178,0.5168261078016809,0.74659496263811
qwen25_v4_4gpu,2,random440_deear_057,-3.061771774291992,-3.0820179939270016,0.0202462196350095,0.7332636477006156,-0.08531252105678766
qwen25_v4_4gpu,2,random440_expressivespeech_205,-3.597920227050781,-3.587575626373291,-0.010344600677489879,0.10776749628083006,0.14506826726602257
qwen25_v4_4gpu,2,random440_deear_006,-2.9371119022369383,-2.9970581769943236,0.05994627475738534,0.7867764012208858,-1.0679941503196537
qwen25_v4_4gpu,2,random440_expressivespeech_082,-3.451059889793396,-3.4464965820312496,-0.004563307762146529,0.21128964228406896,0.1351234651955014
qwen25_v4_4gpu,2,random440_deear_011,-3.403099203109741,-3.3795698165893553,-0.02352938652038583,-0.08984894263593678,0.5031053388481894
qwen25_v4_4gpu,2,random440_expressivespeech_298,-4.626544427871704,-4.623538017272949,-0.0030064105987550604,-0.7139997980421107,-0.6367291592409614
qwen25_v4_4gpu,2,random440_expressivespeech_071,-3.0049343347549438,-3.003540825843811,-0.001393508911132546,0.42562897955612117,0.36111577684836665
qwen25_v4_4gpu,2,random440_expressivespeech_022,-5.837902021408081,-5.848562097549438,0.010660076141356889,-1.391952409799378,-1.6468573294135576
qwen25_v4_4gpu,2,random440_expressivespeech_099,-3.1485509157180784,-3.1208348035812374,-0.027716112136840998,-0.08652846989253249,0.7387756366582747
