round,role,group_id,rank,cost,unit,source_jsonl
0,Captioner,random440_expressivespeech_287,0,619,sampled_tokens,/data/L202500147/Caption/DualISL_Train_RewardV3/runs/midasheng_7b_reward_v3_10rounds_20260905_run01/round_000/collections/round_000_audio_caption_rollout.output.jsonl
0,Captioner,random440_expressivespeech_245,1,908,sampled_tokens,/data/L202500147/Caption/DualISL_Train_RewardV3/runs/midasheng_7b_reward_v3_10rounds_20260905_run01/round_000/collections/round_000_audio_caption_rollout.output.jsonl
0,Captioner,random440_expressivespeech_304,2,568,sampled_tokens,/data/L202500147/Caption/DualISL_Train_RewardV3/runs/midasheng_7b_reward_v3_10rounds_20260905_run01/round_000/collections/round_000_audio_caption_rollout.output.jsonl
0,Captioner,random440_expressivespeech_178,3,744,sampled_tokens,/data/L202500147/Caption/DualISL_Train_RewardV3/runs/midasheng_7b_reward_v3_10rounds_20260905_run01/round_000/collections/round_000_audio_caption_rollout.output.jsonl
0,Captioner,random440_deear_090,4,460,sampled_tokens,/data/L202500147/Caption/DualISL_Train_RewardV3/runs/midasheng_7b_reward_v3_10rounds_20260905_run01/round_000/collections/round_000_audio_caption_rollout.output.jsonl
0,Captioner,random440_expressivespeech_017,5,499,sampled_tokens,/data/L202500147/Caption/DualISL_Train_RewardV3/runs/midasheng_7b_reward_v3_10rounds_20260905_run01/round_000/collections/round_000_audio_caption_rollout.output.jsonl
0,Captioner,random440_expressivespeech_326,6,522,sampled_tokens,/data/L202500147/Caption/DualISL_Train_RewardV3/runs/midasheng_7b_reward_v3_10rounds_20260905_run01/round_000/collections/round_000_audio_caption_rollout.output.jsonl
0,Captioner,random440_expressivespeech_283,7,629,sampled_tokens,/data/L202500147/Caption/DualISL_Train_RewardV3/runs/midasheng_7b_reward_v3_10rounds_20260905_run01/round_000/collections/round_000_audio_caption_rollout.output.jsonl
0,Captioner,random440_expressivespeech_004,0,472,sampled_tokens,/data/L202500147/Caption/DualISL_Train_RewardV3/runs/midasheng_7b_reward_v3_10rounds_20260905_run01/round_000/collections/round_000_audio_caption_rollout.output.jsonl
0,Captioner,random440_expressivespeech_192,1,537,sampled_tokens,/data/L202500147/Caption/DualISL_Train_RewardV3/runs/midasheng_7b_reward_v3_10rounds_20260905_run01/round_000/collections/round_000_audio_caption_rollout.output.jsonl
0,Captioner,random440_deear_093,2,561,sampled_tokens,/data/L202500147/Caption/DualISL_Train_RewardV3/runs/midasheng_7b_reward_v3_10rounds_20260905_run01/round_000/collections/round_000_audio_caption_rollout.output.jsonl
0,Captioner,random440_expressivespeech_079,3,483,sampled_tokens,/data/L202500147/Caption/DualISL_Train_RewardV3/runs/midasheng_7b_reward_v3_10rounds_20260905_run01/round_000/collections/round_000_audio_caption_rollout.output.jsonl
0,Captioner,random440_expressivespeech_122,4,563,sampled_tokens,/data/L202500147/Caption/DualISL_Train_RewardV3/runs/midasheng_7b_reward_v3_10rounds_20260905_run01/round_000/collections/round_000_audio_caption_rollout.output.jsonl
0,Captioner,random440_expressivespeech_183,5,1003,sampled_tokens,/data/L202500147/Caption/DualISL_Train_RewardV3/runs/midasheng_7b_reward_v3_10rounds_20260905_run01/round_000/collections/round_000_audio_caption_rollout.output.jsonl
0,Captioner,random440_deear_086,6,614,sampled_tokens,/data/L202500147/Caption/DualISL_Train_RewardV3/runs/midasheng_7b_reward_v3_10rounds_20260905_run01/round_000/collections/round_000_audio_caption_rollout.output.jsonl
0,Captioner,random440_deear_044,7,603,sampled_tokens,/data/L202500147/Caption/DualISL_Train_RewardV3/runs/midasheng_7b_reward_v3_10rounds_20260905_run01/round_000/collections/round_000_audio_caption_rollout.output.jsonl
0,Captioner,random440_expressivespeech_158,0,752,sampled_tokens,/data/L202500147/Caption/DualISL_Train_RewardV3/runs/midasheng_7b_reward_v3_10rounds_20260905_run01/round_000/collections/round_000_audio_caption_rollout.output.jsonl
0,Captioner,random440_expressivespeech_271,1,563,sampled_tokens,/data/L202500147/Caption/DualISL_Train_RewardV3/runs/midasheng_7b_reward_v3_10rounds_20260905_run01/round_000/collections/round_000_audio_caption_rollout.output.jsonl
0,Captioner,random440_expressivespeech_225,2,539,sampled_tokens,/data/L202500147/Caption/DualISL_Train_RewardV3/runs/midasheng_7b_reward_v3_10rounds_20260905_run01/round_000/collections/round_000_audio_caption_rollout.output.jsonl
0,Captioner,random440_expressivespeech_176,3,740,sampled_tokens,/data/L202500147/Caption/DualISL_Train_RewardV3/runs/midasheng_7b_reward_v3_10rounds_20260905_run01/round_000/collections/round_000_audio_caption_rollout.output.jsonl
0,Captioner,random440_deear_070,4,664,sampled_tokens,/data/L202500147/Caption/DualISL_Train_RewardV3/runs/midasheng_7b_reward_v3_10rounds_20260905_run01/round_000/collections/round_000_audio_caption_rollout.output.jsonl
0,Captioner,random440_expressivespeech_043,5,667,sampled_tokens,/data/L202500147/Caption/DualISL_Train_RewardV3/runs/midasheng_7b_reward_v3_10rounds_20260905_run01/round_000/collections/round_000_audio_caption_rollout.output.jsonl
0,Captioner,random440_expressivespeech_154,6,764,sampled_tokens,/data/L202500147/Caption/DualISL_Train_RewardV3/runs/midasheng_7b_reward_v3_10rounds_20260905_run01/round_000/collections/round_000_audio_caption_rollout.output.jsonl
0,Captioner,random440_expressivespeech_249,7,820,sampled_tokens,/data/L202500147/Caption/DualISL_Train_RewardV3/runs/midasheng_7b_reward_v3_10rounds_20260905_run01/round_000/collections/round_000_audio_caption_rollout.output.jsonl
0,Captioner,random440_deear_072,0,469,sampled_tokens,/data/L202500147/Caption/DualISL_Train_RewardV3/runs/midasheng_7b_reward_v3_10rounds_20260905_run01/round_000/collections/round_000_audio_caption_rollout.output.jsonl
0,Captioner,random440_expressivespeech_050,1,715,sampled_tokens,/data/L202500147/Caption/DualISL_Train_RewardV3/runs/midasheng_7b_reward_v3_10rounds_20260905_run01/round_000/collections/round_000_audio_caption_rollout.output.jsonl
0,Captioner,random440_expressivespeech_046,2,713,sampled_tokens,/data/L202500147/Caption/DualISL_Train_RewardV3/runs/midasheng_7b_reward_v3_10rounds_20260905_run01/round_000/collections/round_000_audio_caption_rollout.output.jsonl
0,Captioner,random440_expressivespeech_011,3,542,sampled_tokens,/data/L202500147/Caption/DualISL_Train_RewardV3/runs/midasheng_7b_reward_v3_10rounds_20260905_run01/round_000/collections/round_000_audio_caption_rollout.output.jsonl
0,Captioner,random440_expressivespeech_167,4,535,sampled_tokens,/data/L202500147/Caption/DualISL_Train_RewardV3/runs/midasheng_7b_reward_v3_10rounds_20260905_run01/round_000/collections/round_000_audio_caption_rollout.output.jsonl
0,Captioner,random440_expressivespeech_227,5,908,sampled_tokens,/data/L202500147/Caption/DualISL_Train_RewardV3/runs/midasheng_7b_reward_v3_10rounds_20260905_run01/round_000/collections/round_000_audio_caption_rollout.output.jsonl
0,Captioner,random440_expressivespeech_175,6,718,sampled_tokens,/data/L202500147/Caption/DualISL_Train_RewardV3/runs/midasheng_7b_reward_v3_10rounds_20260905_run01/round_000/collections/round_000_audio_caption_rollout.output.jsonl
0,Captioner,random440_expressivespeech_160,7,744,sampled_tokens,/data/L202500147/Caption/DualISL_Train_RewardV3/runs/midasheng_7b_reward_v3_10rounds_20260905_run01/round_000/collections/round_000_audio_caption_rollout.output.jsonl
0,Captioner,random440_expressivespeech_202,0,602,sampled_tokens,/data/L202500147/Caption/DualISL_Train_RewardV3/runs/midasheng_7b_reward_v3_10rounds_20260905_run01/round_000/collections/round_000_audio_caption_rollout.output.jsonl
0,Captioner,random440_expressivespeech_314,1,720,sampled_tokens,/data/L202500147/Caption/DualISL_Train_RewardV3/runs/midasheng_7b_reward_v3_10rounds_20260905_run01/round_000/collections/round_000_audio_caption_rollout.output.jsonl
0,Captioner,random440_expressivespeech_238,2,419,sampled_tokens,/data/L202500147/Caption/DualISL_Train_RewardV3/runs/midasheng_7b_reward_v3_10rounds_20260905_run01/round_000/collections/round_000_audio_caption_rollout.output.jsonl
0,Captioner,random440_expressivespeech_179,3,622,sampled_tokens,/data/L202500147/Caption/DualISL_Train_RewardV3/runs/midasheng_7b_reward_v3_10rounds_20260905_run01/round_000/collections/round_000_audio_caption_rollout.output.jsonl
0,Captioner,random440_deear_054,4,401,sampled_tokens,/data/L202500147/Caption/DualISL_Train_RewardV3/runs/midasheng_7b_reward_v3_10rounds_20260905_run01/round_000/collections/round_000_audio_caption_rollout.output.jsonl
0,Captioner,random440_deear_037,5,797,sampled_tokens,/data/L202500147/Caption/DualISL_Train_RewardV3/runs/midasheng_7b_reward_v3_10rounds_20260905_run01/round_000/collections/round_000_audio_caption_rollout.output.jsonl
0,Captioner,random440_expressivespeech_220,6,687,sampled_tokens,/data/L202500147/Caption/DualISL_Train_RewardV3/runs/midasheng_7b_reward_v3_10rounds_20260905_run01/round_000/collections/round_000_audio_caption_rollout.output.jsonl
0,Captioner,random440_expressivespeech_228,7,629,sampled_tokens,/data/L202500147/Caption/DualISL_Train_RewardV3/runs/midasheng_7b_reward_v3_10rounds_20260905_run01/round_000/collections/round_000_audio_caption_rollout.output.jsonl
0,Captioner,random440_expressivespeech_272,0,803,sampled_tokens,/data/L202500147/Caption/DualISL_Train_RewardV3/runs/midasheng_7b_reward_v3_10rounds_20260905_run01/round_000/collections/round_000_audio_caption_rollout.output.jsonl
0,Captioner,random440_expressivespeech_285,1,704,sampled_tokens,/data/L202500147/Caption/DualISL_Train_RewardV3/runs/midasheng_7b_reward_v3_10rounds_20260905_run01/round_000/collections/round_000_audio_caption_rollout.output.jsonl
0,Captioner,random440_expressivespeech_013,2,774,sampled_tokens,/data/L202500147/Caption/DualISL_Train_RewardV3/runs/midasheng_7b_reward_v3_10rounds_20260905_run01/round_000/collections/round_000_audio_caption_rollout.output.jsonl
0,Captioner,random440_expressivespeech_290,3,635,sampled_tokens,/data/L202500147/Caption/DualISL_Train_RewardV3/runs/midasheng_7b_reward_v3_10rounds_20260905_run01/round_000/collections/round_000_audio_caption_rollout.output.jsonl
0,Captioner,random440_expressivespeech_256,4,688,sampled_tokens,/data/L202500147/Caption/DualISL_Train_RewardV3/runs/midasheng_7b_reward_v3_10rounds_20260905_run01/round_000/collections/round_000_audio_caption_rollout.output.jsonl
0,Captioner,random440_expressivespeech_083,5,884,sampled_tokens,/data/L202500147/Caption/DualISL_Train_RewardV3/runs/midasheng_7b_reward_v3_10rounds_20260905_run01/round_000/collections/round_000_audio_caption_rollout.output.jsonl
0,Captioner,random440_expressivespeech_126,6,728,sampled_tokens,/data/L202500147/Caption/DualISL_Train_RewardV3/runs/midasheng_7b_reward_v3_10rounds_20260905_run01/round_000/collections/round_000_audio_caption_rollout.output.jsonl
0,Captioner,random440_expressivespeech_087,7,725,sampled_tokens,/data/L202500147/Caption/DualISL_Train_RewardV3/runs/midasheng_7b_reward_v3_10rounds_20260905_run01/round_000/collections/round_000_audio_caption_rollout.output.jsonl
0,Captioner,random440_expressivespeech_109,0,603,sampled_tokens,/data/L202500147/Caption/DualISL_Train_RewardV3/runs/midasheng_7b_reward_v3_10rounds_20260905_run01/round_000/collections/round_000_audio_caption_rollout.output.jsonl
0,Captioner,random440_expressivespeech_135,1,475,sampled_tokens,/data/L202500147/Caption/DualISL_Train_RewardV3/runs/midasheng_7b_reward_v3_10rounds_20260905_run01/round_000/collections/round_000_audio_caption_rollout.output.jsonl
0,Captioner,random440_deear_032,2,674,sampled_tokens,/data/L202500147/Caption/DualISL_Train_RewardV3/runs/midasheng_7b_reward_v3_10rounds_20260905_run01/round_000/collections/round_000_audio_caption_rollout.output.jsonl
0,Captioner,random440_expressivespeech_197,3,851,sampled_tokens,/data/L202500147/Caption/DualISL_Train_RewardV3/runs/midasheng_7b_reward_v3_10rounds_20260905_run01/round_000/collections/round_000_audio_caption_rollout.output.jsonl
0,Captioner,random440_expressivespeech_181,4,837,sampled_tokens,/data/L202500147/Caption/DualISL_Train_RewardV3/runs/midasheng_7b_reward_v3_10rounds_20260905_run01/round_000/collections/round_000_audio_caption_rollout.output.jsonl
0,Captioner,random440_deear_003,5,724,sampled_tokens,/data/L202500147/Caption/DualISL_Train_RewardV3/runs/midasheng_7b_reward_v3_10rounds_20260905_run01/round_000/collections/round_000_audio_caption_rollout.output.jsonl
0,Captioner,random440_deear_049,6,442,sampled_tokens,/data/L202500147/Caption/DualISL_Train_RewardV3/runs/midasheng_7b_reward_v3_10rounds_20260905_run01/round_000/collections/round_000_audio_caption_rollout.output.jsonl
0,Captioner,random440_expressivespeech_007,7,654,sampled_tokens,/data/L202500147/Caption/DualISL_Train_RewardV3/runs/midasheng_7b_reward_v3_10rounds_20260905_run01/round_000/collections/round_000_audio_caption_rollout.output.jsonl
0,Captioner,random440_expressivespeech_235,0,621,sampled_tokens,/data/L202500147/Caption/DualISL_Train_RewardV3/runs/midasheng_7b_reward_v3_10rounds_20260905_run01/round_000/collections/round_000_audio_caption_rollout.output.jsonl
0,Captioner,random440_expressivespeech_157,1,523,sampled_tokens,/data/L202500147/Caption/DualISL_Train_RewardV3/runs/midasheng_7b_reward_v3_10rounds_20260905_run01/round_000/collections/round_000_audio_caption_rollout.output.jsonl
0,Captioner,random440_expressivespeech_063,2,678,sampled_tokens,/data/L202500147/Caption/DualISL_Train_RewardV3/runs/midasheng_7b_reward_v3_10rounds_20260905_run01/round_000/collections/round_000_audio_caption_rollout.output.jsonl
0,Captioner,random440_expressivespeech_089,3,479,sampled_tokens,/data/L202500147/Caption/DualISL_Train_RewardV3/runs/midasheng_7b_reward_v3_10rounds_20260905_run01/round_000/collections/round_000_audio_caption_rollout.output.jsonl
0,Captioner,random440_expressivespeech_113,4,704,sampled_tokens,/data/L202500147/Caption/DualISL_Train_RewardV3/runs/midasheng_7b_reward_v3_10rounds_20260905_run01/round_000/collections/round_000_audio_caption_rollout.output.jsonl
0,Captioner,random440_expressivespeech_020,5,519,sampled_tokens,/data/L202500147/Caption/DualISL_Train_RewardV3/runs/midasheng_7b_reward_v3_10rounds_20260905_run01/round_000/collections/round_000_audio_caption_rollout.output.jsonl
0,Captioner,random440_expressivespeech_028,6,612,sampled_tokens,/data/L202500147/Caption/DualISL_Train_RewardV3/runs/midasheng_7b_reward_v3_10rounds_20260905_run01/round_000/collections/round_000_audio_caption_rollout.output.jsonl
0,Captioner,random440_deear_084,7,718,sampled_tokens,/data/L202500147/Caption/DualISL_Train_RewardV3/runs/midasheng_7b_reward_v3_10rounds_20260905_run01/round_000/collections/round_000_audio_caption_rollout.output.jsonl
0,Captioner,random440_expressivespeech_093,0,817,sampled_tokens,/data/L202500147/Caption/DualISL_Train_RewardV3/runs/midasheng_7b_reward_v3_10rounds_20260905_run01/round_000/collections/round_000_audio_caption_rollout.output.jsonl
0,Captioner,random440_expressivespeech_222,1,994,sampled_tokens,/data/L202500147/Caption/DualISL_Train_RewardV3/runs/midasheng_7b_reward_v3_10rounds_20260905_run01/round_000/collections/round_000_audio_caption_rollout.output.jsonl
0,Captioner,random440_deear_015,2,653,sampled_tokens,/data/L202500147/Caption/DualISL_Train_RewardV3/runs/midasheng_7b_reward_v3_10rounds_20260905_run01/round_000/collections/round_000_audio_caption_rollout.output.jsonl
0,Captioner,random440_deear_083,3,501,sampled_tokens,/data/L202500147/Caption/DualISL_Train_RewardV3/runs/midasheng_7b_reward_v3_10rounds_20260905_run01/round_000/collections/round_000_audio_caption_rollout.output.jsonl
0,Captioner,random440_deear_096,4,487,sampled_tokens,/data/L202500147/Caption/DualISL_Train_RewardV3/runs/midasheng_7b_reward_v3_10rounds_20260905_run01/round_000/collections/round_000_audio_caption_rollout.output.jsonl
0,Captioner,random440_expressivespeech_219,5,656,sampled_tokens,/data/L202500147/Caption/DualISL_Train_RewardV3/runs/midasheng_7b_reward_v3_10rounds_20260905_run01/round_000/collections/round_000_audio_caption_rollout.output.jsonl
0,Captioner,random440_deear_082,6,567,sampled_tokens,/data/L202500147/Caption/DualISL_Train_RewardV3/runs/midasheng_7b_reward_v3_10rounds_20260905_run01/round_000/collections/round_000_audio_caption_rollout.output.jsonl
0,Captioner,random440_expressivespeech_208,7,825,sampled_tokens,/data/L202500147/Caption/DualISL_Train_RewardV3/runs/midasheng_7b_reward_v3_10rounds_20260905_run01/round_000/collections/round_000_audio_caption_rollout.output.jsonl
0,Captioner,random440_expressivespeech_035,0,734,sampled_tokens,/data/L202500147/Caption/DualISL_Train_RewardV3/runs/midasheng_7b_reward_v3_10rounds_20260905_run01/round_000/collections/round_000_audio_caption_rollout.output.jsonl
0,Captioner,random440_expressivespeech_147,1,568,sampled_tokens,/data/L202500147/Caption/DualISL_Train_RewardV3/runs/midasheng_7b_reward_v3_10rounds_20260905_run01/round_000/collections/round_000_audio_caption_rollout.output.jsonl
0,Captioner,random440_expressivespeech_266,2,532,sampled_tokens,/data/L202500147/Caption/DualISL_Train_RewardV3/runs/midasheng_7b_reward_v3_10rounds_20260905_run01/round_000/collections/round_000_audio_caption_rollout.output.jsonl
0,Captioner,random440_expressivespeech_188,3,528,sampled_tokens,/data/L202500147/Caption/DualISL_Train_RewardV3/runs/midasheng_7b_reward_v3_10rounds_20260905_run01/round_000/collections/round_000_audio_caption_rollout.output.jsonl
0,Captioner,random440_expressivespeech_045,4,1049,sampled_tokens,/data/L202500147/Caption/DualISL_Train_RewardV3/runs/midasheng_7b_reward_v3_10rounds_20260905_run01/round_000/collections/round_000_audio_caption_rollout.output.jsonl
0,Captioner,random440_deear_092,5,696,sampled_tokens,/data/L202500147/Caption/DualISL_Train_RewardV3/runs/midasheng_7b_reward_v3_10rounds_20260905_run01/round_000/collections/round_000_audio_caption_rollout.output.jsonl
0,Captioner,random440_expressivespeech_019,6,649,sampled_tokens,/data/L202500147/Caption/DualISL_Train_RewardV3/runs/midasheng_7b_reward_v3_10rounds_20260905_run01/round_000/collections/round_000_audio_caption_rollout.output.jsonl
0,Captioner,random440_expressivespeech_313,7,949,sampled_tokens,/data/L202500147/Caption/DualISL_Train_RewardV3/runs/midasheng_7b_reward_v3_10rounds_20260905_run01/round_000/collections/round_000_audio_caption_rollout.output.jsonl
0,Captioner,random440_deear_047,0,701,sampled_tokens,/data/L202500147/Caption/DualISL_Train_RewardV3/runs/midasheng_7b_reward_v3_10rounds_20260905_run01/round_000/collections/round_000_audio_caption_rollout.output.jsonl
0,Captioner,random440_expressivespeech_069,1,456,sampled_tokens,/data/L202500147/Caption/DualISL_Train_RewardV3/runs/midasheng_7b_reward_v3_10rounds_20260905_run01/round_000/collections/round_000_audio_caption_rollout.output.jsonl
0,Captioner,random440_deear_024,2,620,sampled_tokens,/data/L202500147/Caption/DualISL_Train_RewardV3/runs/midasheng_7b_reward_v3_10rounds_20260905_run01/round_000/collections/round_000_audio_caption_rollout.output.jsonl
0,Captioner,random440_expressivespeech_187,3,950,sampled_tokens,/data/L202500147/Caption/DualISL_Train_RewardV3/runs/midasheng_7b_reward_v3_10rounds_20260905_run01/round_000/collections/round_000_audio_caption_rollout.output.jsonl
0,Captioner,random440_expressivespeech_088,4,732,sampled_tokens,/data/L202500147/Caption/DualISL_Train_RewardV3/runs/midasheng_7b_reward_v3_10rounds_20260905_run01/round_000/collections/round_000_audio_caption_rollout.output.jsonl
0,Captioner,random440_expressivespeech_009,5,633,sampled_tokens,/data/L202500147/Caption/DualISL_Train_RewardV3/runs/midasheng_7b_reward_v3_10rounds_20260905_run01/round_000/collections/round_000_audio_caption_rollout.output.jsonl
0,Captioner,random440_expressivespeech_168,6,630,sampled_tokens,/data/L202500147/Caption/DualISL_Train_RewardV3/runs/midasheng_7b_reward_v3_10rounds_20260905_run01/round_000/collections/round_000_audio_caption_rollout.output.jsonl
0,Captioner,random440_expressivespeech_252,7,566,sampled_tokens,/data/L202500147/Caption/DualISL_Train_RewardV3/runs/midasheng_7b_reward_v3_10rounds_20260905_run01/round_000/collections/round_000_audio_caption_rollout.output.jsonl
0,Captioner,random440_expressivespeech_095,0,767,sampled_tokens,/data/L202500147/Caption/DualISL_Train_RewardV3/runs/midasheng_7b_reward_v3_10rounds_20260905_run01/round_000/collections/round_000_audio_caption_rollout.output.jsonl
0,Captioner,random440_expressivespeech_090,1,484,sampled_tokens,/data/L202500147/Caption/DualISL_Train_RewardV3/runs/midasheng_7b_reward_v3_10rounds_20260905_run01/round_000/collections/round_000_audio_caption_rollout.output.jsonl
0,Captioner,random440_expressivespeech_053,2,658,sampled_tokens,/data/L202500147/Caption/DualISL_Train_RewardV3/runs/midasheng_7b_reward_v3_10rounds_20260905_run01/round_000/collections/round_000_audio_caption_rollout.output.jsonl
0,Captioner,random440_expressivespeech_165,3,682,sampled_tokens,/data/L202500147/Caption/DualISL_Train_RewardV3/runs/midasheng_7b_reward_v3_10rounds_20260905_run01/round_000/collections/round_000_audio_caption_rollout.output.jsonl
0,Captioner,random440_deear_010,4,666,sampled_tokens,/data/L202500147/Caption/DualISL_Train_RewardV3/runs/midasheng_7b_reward_v3_10rounds_20260905_run01/round_000/collections/round_000_audio_caption_rollout.output.jsonl
0,Captioner,random440_expressivespeech_312,5,639,sampled_tokens,/data/L202500147/Caption/DualISL_Train_RewardV3/runs/midasheng_7b_reward_v3_10rounds_20260905_run01/round_000/collections/round_000_audio_caption_rollout.output.jsonl
0,Captioner,random440_expressivespeech_057,6,647,sampled_tokens,/data/L202500147/Caption/DualISL_Train_RewardV3/runs/midasheng_7b_reward_v3_10rounds_20260905_run01/round_000/collections/round_000_audio_caption_rollout.output.jsonl
0,Captioner,random440_expressivespeech_309,7,742,sampled_tokens,/data/L202500147/Caption/DualISL_Train_RewardV3/runs/midasheng_7b_reward_v3_10rounds_20260905_run01/round_000/collections/round_000_audio_caption_rollout.output.jsonl
0,Captioner,random440_expressivespeech_076,0,651,sampled_tokens,/data/L202500147/Caption/DualISL_Train_RewardV3/runs/midasheng_7b_reward_v3_10rounds_20260905_run01/round_000/collections/round_000_audio_caption_rollout.output.jsonl
0,Captioner,random440_expressivespeech_292,1,811,sampled_tokens,/data/L202500147/Caption/DualISL_Train_RewardV3/runs/midasheng_7b_reward_v3_10rounds_20260905_run01/round_000/collections/round_000_audio_caption_rollout.output.jsonl
0,Captioner,random440_expressivespeech_148,2,782,sampled_tokens,/data/L202500147/Caption/DualISL_Train_RewardV3/runs/midasheng_7b_reward_v3_10rounds_20260905_run01/round_000/collections/round_000_audio_caption_rollout.output.jsonl
0,Captioner,random440_expressivespeech_111,3,585,sampled_tokens,/data/L202500147/Caption/DualISL_Train_RewardV3/runs/midasheng_7b_reward_v3_10rounds_20260905_run01/round_000/collections/round_000_audio_caption_rollout.output.jsonl
0,Captioner,random440_expressivespeech_016,4,911,sampled_tokens,/data/L202500147/Caption/DualISL_Train_RewardV3/runs/midasheng_7b_reward_v3_10rounds_20260905_run01/round_000/collections/round_000_audio_caption_rollout.output.jsonl
0,Captioner,random440_deear_016,5,687,sampled_tokens,/data/L202500147/Caption/DualISL_Train_RewardV3/runs/midasheng_7b_reward_v3_10rounds_20260905_run01/round_000/collections/round_000_audio_caption_rollout.output.jsonl
0,Captioner,random440_expressivespeech_138,6,1003,sampled_tokens,/data/L202500147/Caption/DualISL_Train_RewardV3/runs/midasheng_7b_reward_v3_10rounds_20260905_run01/round_000/collections/round_000_audio_caption_rollout.output.jsonl
0,Captioner,random440_expressivespeech_254,7,757,sampled_tokens,/data/L202500147/Caption/DualISL_Train_RewardV3/runs/midasheng_7b_reward_v3_10rounds_20260905_run01/round_000/collections/round_000_audio_caption_rollout.output.jsonl
0,Captioner,random440_deear_087,0,728,sampled_tokens,/data/L202500147/Caption/DualISL_Train_RewardV3/runs/midasheng_7b_reward_v3_10rounds_20260905_run01/round_000/collections/round_000_audio_caption_rollout.output.jsonl
0,Captioner,random440_expressivespeech_246,1,590,sampled_tokens,/data/L202500147/Caption/DualISL_Train_RewardV3/runs/midasheng_7b_reward_v3_10rounds_20260905_run01/round_000/collections/round_000_audio_caption_rollout.output.jsonl
0,Captioner,random440_expressivespeech_338,2,682,sampled_tokens,/data/L202500147/Caption/DualISL_Train_RewardV3/runs/midasheng_7b_reward_v3_10rounds_20260905_run01/round_000/collections/round_000_audio_caption_rollout.output.jsonl
0,Captioner,random440_expressivespeech_215,3,848,sampled_tokens,/data/L202500147/Caption/DualISL_Train_RewardV3/runs/midasheng_7b_reward_v3_10rounds_20260905_run01/round_000/collections/round_000_audio_caption_rollout.output.jsonl
0,Captioner,random440_expressivespeech_031,4,801,sampled_tokens,/data/L202500147/Caption/DualISL_Train_RewardV3/runs/midasheng_7b_reward_v3_10rounds_20260905_run01/round_000/collections/round_000_audio_caption_rollout.output.jsonl
0,Captioner,random440_expressivespeech_068,5,867,sampled_tokens,/data/L202500147/Caption/DualISL_Train_RewardV3/runs/midasheng_7b_reward_v3_10rounds_20260905_run01/round_000/collections/round_000_audio_caption_rollout.output.jsonl
0,Captioner,random440_expressivespeech_310,6,496,sampled_tokens,/data/L202500147/Caption/DualISL_Train_RewardV3/runs/midasheng_7b_reward_v3_10rounds_20260905_run01/round_000/collections/round_000_audio_caption_rollout.output.jsonl
0,Captioner,random440_expressivespeech_101,7,890,sampled_tokens,/data/L202500147/Caption/DualISL_Train_RewardV3/runs/midasheng_7b_reward_v3_10rounds_20260905_run01/round_000/collections/round_000_audio_caption_rollout.output.jsonl
0,Captioner,random440_deear_014,0,708,sampled_tokens,/data/L202500147/Caption/DualISL_Train_RewardV3/runs/midasheng_7b_reward_v3_10rounds_20260905_run01/round_000/collections/round_000_audio_caption_rollout.output.jsonl
0,Captioner,random440_expressivespeech_041,1,893,sampled_tokens,/data/L202500147/Caption/DualISL_Train_RewardV3/runs/midasheng_7b_reward_v3_10rounds_20260905_run01/round_000/collections/round_000_audio_caption_rollout.output.jsonl
0,Captioner,random440_expressivespeech_319,2,716,sampled_tokens,/data/L202500147/Caption/DualISL_Train_RewardV3/runs/midasheng_7b_reward_v3_10rounds_20260905_run01/round_000/collections/round_000_audio_caption_rollout.output.jsonl
0,Captioner,random440_deear_040,3,610,sampled_tokens,/data/L202500147/Caption/DualISL_Train_RewardV3/runs/midasheng_7b_reward_v3_10rounds_20260905_run01/round_000/collections/round_000_audio_caption_rollout.output.jsonl
0,Captioner,random440_expressivespeech_185,4,618,sampled_tokens,/data/L202500147/Caption/DualISL_Train_RewardV3/runs/midasheng_7b_reward_v3_10rounds_20260905_run01/round_000/collections/round_000_audio_caption_rollout.output.jsonl
0,Captioner,random440_expressivespeech_340,5,774,sampled_tokens,/data/L202500147/Caption/DualISL_Train_RewardV3/runs/midasheng_7b_reward_v3_10rounds_20260905_run01/round_000/collections/round_000_audio_caption_rollout.output.jsonl
0,Captioner,random440_expressivespeech_294,6,673,sampled_tokens,/data/L202500147/Caption/DualISL_Train_RewardV3/runs/midasheng_7b_reward_v3_10rounds_20260905_run01/round_000/collections/round_000_audio_caption_rollout.output.jsonl
0,Captioner,random440_expressivespeech_270,7,679,sampled_tokens,/data/L202500147/Caption/DualISL_Train_RewardV3/runs/midasheng_7b_reward_v3_10rounds_20260905_run01/round_000/collections/round_000_audio_caption_rollout.output.jsonl
0,Captioner,random440_expressivespeech_334,0,798,sampled_tokens,/data/L202500147/Caption/DualISL_Train_RewardV3/runs/midasheng_7b_reward_v3_10rounds_20260905_run01/round_000/collections/round_000_audio_caption_rollout.output.jsonl
0,Captioner,random440_expressivespeech_080,1,681,sampled_tokens,/data/L202500147/Caption/DualISL_Train_RewardV3/runs/midasheng_7b_reward_v3_10rounds_20260905_run01/round_000/collections/round_000_audio_caption_rollout.output.jsonl
0,Captioner,random440_expressivespeech_329,2,723,sampled_tokens,/data/L202500147/Caption/DualISL_Train_RewardV3/runs/midasheng_7b_reward_v3_10rounds_20260905_run01/round_000/collections/round_000_audio_caption_rollout.output.jsonl
0,Captioner,random440_expressivespeech_110,3,900,sampled_tokens,/data/L202500147/Caption/DualISL_Train_RewardV3/runs/midasheng_7b_reward_v3_10rounds_20260905_run01/round_000/collections/round_000_audio_caption_rollout.output.jsonl
0,Captioner,random440_expressivespeech_180,4,766,sampled_tokens,/data/L202500147/Caption/DualISL_Train_RewardV3/runs/midasheng_7b_reward_v3_10rounds_20260905_run01/round_000/collections/round_000_audio_caption_rollout.output.jsonl
0,Captioner,random440_expressivespeech_107,5,854,sampled_tokens,/data/L202500147/Caption/DualISL_Train_RewardV3/runs/midasheng_7b_reward_v3_10rounds_20260905_run01/round_000/collections/round_000_audio_caption_rollout.output.jsonl
0,Captioner,random440_expressivespeech_025,6,568,sampled_tokens,/data/L202500147/Caption/DualISL_Train_RewardV3/runs/midasheng_7b_reward_v3_10rounds_20260905_run01/round_000/collections/round_000_audio_caption_rollout.output.jsonl
0,Captioner,random440_expressivespeech_096,7,831,sampled_tokens,/data/L202500147/Caption/DualISL_Train_RewardV3/runs/midasheng_7b_reward_v3_10rounds_20260905_run01/round_000/collections/round_000_audio_caption_rollout.output.jsonl
0,Captioner,random440_deear_030,0,574,sampled_tokens,/data/L202500147/Caption/DualISL_Train_RewardV3/runs/midasheng_7b_reward_v3_10rounds_20260905_run01/round_000/collections/round_000_audio_caption_rollout.output.jsonl
0,Captioner,random440_expressivespeech_315,1,867,sampled_tokens,/data/L202500147/Caption/DualISL_Train_RewardV3/runs/midasheng_7b_reward_v3_10rounds_20260905_run01/round_000/collections/round_000_audio_caption_rollout.output.jsonl
0,Captioner,random440_expressivespeech_265,2,665,sampled_tokens,/data/L202500147/Caption/DualISL_Train_RewardV3/runs/midasheng_7b_reward_v3_10rounds_20260905_run01/round_000/collections/round_000_audio_caption_rollout.output.jsonl
0,Captioner,random440_expressivespeech_027,3,709,sampled_tokens,/data/L202500147/Caption/DualISL_Train_RewardV3/runs/midasheng_7b_reward_v3_10rounds_20260905_run01/round_000/collections/round_000_audio_caption_rollout.output.jsonl
0,Captioner,random440_expressivespeech_155,4,723,sampled_tokens,/data/L202500147/Caption/DualISL_Train_RewardV3/runs/midasheng_7b_reward_v3_10rounds_20260905_run01/round_000/collections/round_000_audio_caption_rollout.output.jsonl
0,Captioner,random440_expressivespeech_010,5,490,sampled_tokens,/data/L202500147/Caption/DualISL_Train_RewardV3/runs/midasheng_7b_reward_v3_10rounds_20260905_run01/round_000/collections/round_000_audio_caption_rollout.output.jsonl
0,Captioner,random440_expressivespeech_295,6,537,sampled_tokens,/data/L202500147/Caption/DualISL_Train_RewardV3/runs/midasheng_7b_reward_v3_10rounds_20260905_run01/round_000/collections/round_000_audio_caption_rollout.output.jsonl
0,Captioner,random440_expressivespeech_150,7,585,sampled_tokens,/data/L202500147/Caption/DualISL_Train_RewardV3/runs/midasheng_7b_reward_v3_10rounds_20260905_run01/round_000/collections/round_000_audio_caption_rollout.output.jsonl
0,Captioner,random440_expressivespeech_211,0,578,sampled_tokens,/data/L202500147/Caption/DualISL_Train_RewardV3/runs/midasheng_7b_reward_v3_10rounds_20260905_run01/round_000/collections/round_000_audio_caption_rollout.output.jsonl
0,Captioner,random440_deear_062,1,773,sampled_tokens,/data/L202500147/Caption/DualISL_Train_RewardV3/runs/midasheng_7b_reward_v3_10rounds_20260905_run01/round_000/collections/round_000_audio_caption_rollout.output.jsonl
0,Captioner,random440_expressivespeech_026,2,745,sampled_tokens,/data/L202500147/Caption/DualISL_Train_RewardV3/runs/midasheng_7b_reward_v3_10rounds_20260905_run01/round_000/collections/round_000_audio_caption_rollout.output.jsonl
0,Captioner,random440_expressivespeech_102,3,703,sampled_tokens,/data/L202500147/Caption/DualISL_Train_RewardV3/runs/midasheng_7b_reward_v3_10rounds_20260905_run01/round_000/collections/round_000_audio_caption_rollout.output.jsonl
0,Captioner,random440_deear_080,4,444,sampled_tokens,/data/L202500147/Caption/DualISL_Train_RewardV3/runs/midasheng_7b_reward_v3_10rounds_20260905_run01/round_000/collections/round_000_audio_caption_rollout.output.jsonl
0,Captioner,random440_expressivespeech_137,5,519,sampled_tokens,/data/L202500147/Caption/DualISL_Train_RewardV3/runs/midasheng_7b_reward_v3_10rounds_20260905_run01/round_000/collections/round_000_audio_caption_rollout.output.jsonl
0,Captioner,random440_expressivespeech_074,6,699,sampled_tokens,/data/L202500147/Caption/DualISL_Train_RewardV3/runs/midasheng_7b_reward_v3_10rounds_20260905_run01/round_000/collections/round_000_audio_caption_rollout.output.jsonl
0,Captioner,random440_expressivespeech_073,7,855,sampled_tokens,/data/L202500147/Caption/DualISL_Train_RewardV3/runs/midasheng_7b_reward_v3_10rounds_20260905_run01/round_000/collections/round_000_audio_caption_rollout.output.jsonl
0,Captioner,random440_expressivespeech_233,0,854,sampled_tokens,/data/L202500147/Caption/DualISL_Train_RewardV3/runs/midasheng_7b_reward_v3_10rounds_20260905_run01/round_000/collections/round_000_audio_caption_rollout.output.jsonl
0,Captioner,random440_expressivespeech_128,1,573,sampled_tokens,/data/L202500147/Caption/DualISL_Train_RewardV3/runs/midasheng_7b_reward_v3_10rounds_20260905_run01/round_000/collections/round_000_audio_caption_rollout.output.jsonl
0,Captioner,random440_expressivespeech_279,2,686,sampled_tokens,/data/L202500147/Caption/DualISL_Train_RewardV3/runs/midasheng_7b_reward_v3_10rounds_20260905_run01/round_000/collections/round_000_audio_caption_rollout.output.jsonl
0,Captioner,random440_expressivespeech_146,3,749,sampled_tokens,/data/L202500147/Caption/DualISL_Train_RewardV3/runs/midasheng_7b_reward_v3_10rounds_20260905_run01/round_000/collections/round_000_audio_caption_rollout.output.jsonl
0,Captioner,random440_expressivespeech_223,4,382,sampled_tokens,/data/L202500147/Caption/DualISL_Train_RewardV3/runs/midasheng_7b_reward_v3_10rounds_20260905_run01/round_000/collections/round_000_audio_caption_rollout.output.jsonl
0,Captioner,random440_deear_078,5,450,sampled_tokens,/data/L202500147/Caption/DualISL_Train_RewardV3/runs/midasheng_7b_reward_v3_10rounds_20260905_run01/round_000/collections/round_000_audio_caption_rollout.output.jsonl
0,Captioner,random440_expressivespeech_055,6,559,sampled_tokens,/data/L202500147/Caption/DualISL_Train_RewardV3/runs/midasheng_7b_reward_v3_10rounds_20260905_run01/round_000/collections/round_000_audio_caption_rollout.output.jsonl
0,Captioner,random440_expressivespeech_098,7,586,sampled_tokens,/data/L202500147/Caption/DualISL_Train_RewardV3/runs/midasheng_7b_reward_v3_10rounds_20260905_run01/round_000/collections/round_000_audio_caption_rollout.output.jsonl
0,Captioner,random440_expressivespeech_003,0,1118,sampled_tokens,/data/L202500147/Caption/DualISL_Train_RewardV3/runs/midasheng_7b_reward_v3_10rounds_20260905_run01/round_000/collections/round_000_audio_caption_rollout.output.jsonl
0,Captioner,random440_expressivespeech_144,1,731,sampled_tokens,/data/L202500147/Caption/DualISL_Train_RewardV3/runs/midasheng_7b_reward_v3_10rounds_20260905_run01/round_000/collections/round_000_audio_caption_rollout.output.jsonl
0,Captioner,random440_expressivespeech_217,2,673,sampled_tokens,/data/L202500147/Caption/DualISL_Train_RewardV3/runs/midasheng_7b_reward_v3_10rounds_20260905_run01/round_000/collections/round_000_audio_caption_rollout.output.jsonl
0,Captioner,random440_expressivespeech_321,3,870,sampled_tokens,/data/L202500147/Caption/DualISL_Train_RewardV3/runs/midasheng_7b_reward_v3_10rounds_20260905_run01/round_000/collections/round_000_audio_caption_rollout.output.jsonl
0,Captioner,random440_expressivespeech_230,4,909,sampled_tokens,/data/L202500147/Caption/DualISL_Train_RewardV3/runs/midasheng_7b_reward_v3_10rounds_20260905_run01/round_000/collections/round_000_audio_caption_rollout.output.jsonl
0,Captioner,random440_deear_002,5,879,sampled_tokens,/data/L202500147/Caption/DualISL_Train_RewardV3/runs/midasheng_7b_reward_v3_10rounds_20260905_run01/round_000/collections/round_000_audio_caption_rollout.output.jsonl
0,Captioner,random440_expressivespeech_210,6,758,sampled_tokens,/data/L202500147/Caption/DualISL_Train_RewardV3/runs/midasheng_7b_reward_v3_10rounds_20260905_run01/round_000/collections/round_000_audio_caption_rollout.output.jsonl
0,Captioner,random440_expressivespeech_105,7,624,sampled_tokens,/data/L202500147/Caption/DualISL_Train_RewardV3/runs/midasheng_7b_reward_v3_10rounds_20260905_run01/round_000/collections/round_000_audio_caption_rollout.output.jsonl
0,Captioner,random440_expressivespeech_199,0,771,sampled_tokens,/data/L202500147/Caption/DualISL_Train_RewardV3/runs/midasheng_7b_reward_v3_10rounds_20260905_run01/round_000/collections/round_000_audio_caption_rollout.output.jsonl
0,Captioner,random440_expressivespeech_065,1,544,sampled_tokens,/data/L202500147/Caption/DualISL_Train_RewardV3/runs/midasheng_7b_reward_v3_10rounds_20260905_run01/round_000/collections/round_000_audio_caption_rollout.output.jsonl
0,Captioner,random440_expressivespeech_195,2,669,sampled_tokens,/data/L202500147/Caption/DualISL_Train_RewardV3/runs/midasheng_7b_reward_v3_10rounds_20260905_run01/round_000/collections/round_000_audio_caption_rollout.output.jsonl
0,Captioner,random440_expressivespeech_200,3,880,sampled_tokens,/data/L202500147/Caption/DualISL_Train_RewardV3/runs/midasheng_7b_reward_v3_10rounds_20260905_run01/round_000/collections/round_000_audio_caption_rollout.output.jsonl
0,Captioner,random440_expressivespeech_005,4,753,sampled_tokens,/data/L202500147/Caption/DualISL_Train_RewardV3/runs/midasheng_7b_reward_v3_10rounds_20260905_run01/round_000/collections/round_000_audio_caption_rollout.output.jsonl
0,Captioner,random440_expressivespeech_237,5,620,sampled_tokens,/data/L202500147/Caption/DualISL_Train_RewardV3/runs/midasheng_7b_reward_v3_10rounds_20260905_run01/round_000/collections/round_000_audio_caption_rollout.output.jsonl
0,Captioner,random440_expressivespeech_317,6,775,sampled_tokens,/data/L202500147/Caption/DualISL_Train_RewardV3/runs/midasheng_7b_reward_v3_10rounds_20260905_run01/round_000/collections/round_000_audio_caption_rollout.output.jsonl
0,Captioner,random440_expressivespeech_280,7,700,sampled_tokens,/data/L202500147/Caption/DualISL_Train_RewardV3/runs/midasheng_7b_reward_v3_10rounds_20260905_run01/round_000/collections/round_000_audio_caption_rollout.output.jsonl
0,Captioner,random440_deear_038,0,596,sampled_tokens,/data/L202500147/Caption/DualISL_Train_RewardV3/runs/midasheng_7b_reward_v3_10rounds_20260905_run01/round_000/collections/round_000_audio_caption_rollout.output.jsonl
0,Captioner,random440_expressivespeech_038,1,903,sampled_tokens,/data/L202500147/Caption/DualISL_Train_RewardV3/runs/midasheng_7b_reward_v3_10rounds_20260905_run01/round_000/collections/round_000_audio_caption_rollout.output.jsonl
0,Captioner,random440_expressivespeech_056,2,723,sampled_tokens,/data/L202500147/Caption/DualISL_Train_RewardV3/runs/midasheng_7b_reward_v3_10rounds_20260905_run01/round_000/collections/round_000_audio_caption_rollout.output.jsonl
0,Captioner,random440_expressivespeech_216,3,704,sampled_tokens,/data/L202500147/Caption/DualISL_Train_RewardV3/runs/midasheng_7b_reward_v3_10rounds_20260905_run01/round_000/collections/round_000_audio_caption_rollout.output.jsonl
0,Captioner,random440_expressivespeech_260,4,626,sampled_tokens,/data/L202500147/Caption/DualISL_Train_RewardV3/runs/midasheng_7b_reward_v3_10rounds_20260905_run01/round_000/collections/round_000_audio_caption_rollout.output.jsonl
0,Captioner,random440_expressivespeech_311,5,565,sampled_tokens,/data/L202500147/Caption/DualISL_Train_RewardV3/runs/midasheng_7b_reward_v3_10rounds_20260905_run01/round_000/collections/round_000_audio_caption_rollout.output.jsonl
0,Captioner,random440_expressivespeech_103,6,675,sampled_tokens,/data/L202500147/Caption/DualISL_Train_RewardV3/runs/midasheng_7b_reward_v3_10rounds_20260905_run01/round_000/collections/round_000_audio_caption_rollout.output.jsonl
0,Captioner,random440_expressivespeech_024,7,788,sampled_tokens,/data/L202500147/Caption/DualISL_Train_RewardV3/runs/midasheng_7b_reward_v3_10rounds_20260905_run01/round_000/collections/round_000_audio_caption_rollout.output.jsonl
0,Captioner,random440_expressivespeech_296,0,747,sampled_tokens,/data/L202500147/Caption/DualISL_Train_RewardV3/runs/midasheng_7b_reward_v3_10rounds_20260905_run01/round_000/collections/round_000_audio_caption_rollout.output.jsonl
0,Captioner,random440_expressivespeech_115,1,799,sampled_tokens,/data/L202500147/Caption/DualISL_Train_RewardV3/runs/midasheng_7b_reward_v3_10rounds_20260905_run01/round_000/collections/round_000_audio_caption_rollout.output.jsonl
0,Captioner,random440_expressivespeech_264,2,652,sampled_tokens,/data/L202500147/Caption/DualISL_Train_RewardV3/runs/midasheng_7b_reward_v3_10rounds_20260905_run01/round_000/collections/round_000_audio_caption_rollout.output.jsonl
0,Captioner,random440_expressivespeech_286,3,853,sampled_tokens,/data/L202500147/Caption/DualISL_Train_RewardV3/runs/midasheng_7b_reward_v3_10rounds_20260905_run01/round_000/collections/round_000_audio_caption_rollout.output.jsonl
0,Captioner,random440_expressivespeech_307,4,795,sampled_tokens,/data/L202500147/Caption/DualISL_Train_RewardV3/runs/midasheng_7b_reward_v3_10rounds_20260905_run01/round_000/collections/round_000_audio_caption_rollout.output.jsonl
0,Captioner,random440_deear_071,5,568,sampled_tokens,/data/L202500147/Caption/DualISL_Train_RewardV3/runs/midasheng_7b_reward_v3_10rounds_20260905_run01/round_000/collections/round_000_audio_caption_rollout.output.jsonl
0,Captioner,random440_expressivespeech_231,6,466,sampled_tokens,/data/L202500147/Caption/DualISL_Train_RewardV3/runs/midasheng_7b_reward_v3_10rounds_20260905_run01/round_000/collections/round_000_audio_caption_rollout.output.jsonl
0,Captioner,random440_expressivespeech_282,7,578,sampled_tokens,/data/L202500147/Caption/DualISL_Train_RewardV3/runs/midasheng_7b_reward_v3_10rounds_20260905_run01/round_000/collections/round_000_audio_caption_rollout.output.jsonl
0,TTS,random440_expressivespeech_164,0,337,codec_frames,/data/L202500147/Caption/DualISL_Train_RewardV3/runs/midasheng_7b_reward_v3_10rounds_20260905_run01/round_000/collections/round_000_caption_tts_rollout.output.jsonl
0,TTS,random440_expressivespeech_186,1,45,codec_frames,/data/L202500147/Caption/DualISL_Train_RewardV3/runs/midasheng_7b_reward_v3_10rounds_20260905_run01/round_000/collections/round_000_caption_tts_rollout.output.jsonl
0,TTS,random440_deear_053,2,51,codec_frames,/data/L202500147/Caption/DualISL_Train_RewardV3/runs/midasheng_7b_reward_v3_10rounds_20260905_run01/round_000/collections/round_000_caption_tts_rollout.output.jsonl
0,TTS,random440_expressivespeech_336,3,134,codec_frames,/data/L202500147/Caption/DualISL_Train_RewardV3/runs/midasheng_7b_reward_v3_10rounds_20260905_run01/round_000/collections/round_000_caption_tts_rollout.output.jsonl
0,TTS,random440_expressivespeech_044,4,136,codec_frames,/data/L202500147/Caption/DualISL_Train_RewardV3/runs/midasheng_7b_reward_v3_10rounds_20260905_run01/round_000/collections/round_000_caption_tts_rollout.output.jsonl
0,TTS,random440_expressivespeech_100,5,262,codec_frames,/data/L202500147/Caption/DualISL_Train_RewardV3/runs/midasheng_7b_reward_v3_10rounds_20260905_run01/round_000/collections/round_000_caption_tts_rollout.output.jsonl
0,TTS,random440_expressivespeech_140,6,47,codec_frames,/data/L202500147/Caption/DualISL_Train_RewardV3/runs/midasheng_7b_reward_v3_10rounds_20260905_run01/round_000/collections/round_000_caption_tts_rollout.output.jsonl
0,TTS,random440_expressivespeech_206,7,533,codec_frames,/data/L202500147/Caption/DualISL_Train_RewardV3/runs/midasheng_7b_reward_v3_10rounds_20260905_run01/round_000/collections/round_000_caption_tts_rollout.output.jsonl
0,TTS,random440_expressivespeech_133,0,463,codec_frames,/data/L202500147/Caption/DualISL_Train_RewardV3/runs/midasheng_7b_reward_v3_10rounds_20260905_run01/round_000/collections/round_000_caption_tts_rollout.output.jsonl
0,TTS,random440_expressivespeech_277,1,206,codec_frames,/data/L202500147/Caption/DualISL_Train_RewardV3/runs/midasheng_7b_reward_v3_10rounds_20260905_run01/round_000/collections/round_000_caption_tts_rollout.output.jsonl
0,TTS,random440_expressivespeech_244,2,250,codec_frames,/data/L202500147/Caption/DualISL_Train_RewardV3/runs/midasheng_7b_reward_v3_10rounds_20260905_run01/round_000/collections/round_000_caption_tts_rollout.output.jsonl
0,TTS,random440_deear_022,3,215,codec_frames,/data/L202500147/Caption/DualISL_Train_RewardV3/runs/midasheng_7b_reward_v3_10rounds_20260905_run01/round_000/collections/round_000_caption_tts_rollout.output.jsonl
0,TTS,random440_expressivespeech_145,4,213,codec_frames,/data/L202500147/Caption/DualISL_Train_RewardV3/runs/midasheng_7b_reward_v3_10rounds_20260905_run01/round_000/collections/round_000_caption_tts_rollout.output.jsonl
0,TTS,random440_expressivespeech_047,5,133,codec_frames,/data/L202500147/Caption/DualISL_Train_RewardV3/runs/midasheng_7b_reward_v3_10rounds_20260905_run01/round_000/collections/round_000_caption_tts_rollout.output.jsonl
0,TTS,random440_expressivespeech_121,6,473,codec_frames,/data/L202500147/Caption/DualISL_Train_RewardV3/runs/midasheng_7b_reward_v3_10rounds_20260905_run01/round_000/collections/round_000_caption_tts_rollout.output.jsonl
0,TTS,random440_deear_026,7,235,codec_frames,/data/L202500147/Caption/DualISL_Train_RewardV3/runs/midasheng_7b_reward_v3_10rounds_20260905_run01/round_000/collections/round_000_caption_tts_rollout.output.jsonl
0,TTS,random440_deear_025,0,373,codec_frames,/data/L202500147/Caption/DualISL_Train_RewardV3/runs/midasheng_7b_reward_v3_10rounds_20260905_run01/round_000/collections/round_000_caption_tts_rollout.output.jsonl
0,TTS,random440_expressivespeech_072,1,204,codec_frames,/data/L202500147/Caption/DualISL_Train_RewardV3/runs/midasheng_7b_reward_v3_10rounds_20260905_run01/round_000/collections/round_000_caption_tts_rollout.output.jsonl
0,TTS,random440_expressivespeech_207,2,175,codec_frames,/data/L202500147/Caption/DualISL_Train_RewardV3/runs/midasheng_7b_reward_v3_10rounds_20260905_run01/round_000/collections/round_000_caption_tts_rollout.output.jsonl
0,TTS,random440_deear_019,3,299,codec_frames,/data/L202500147/Caption/DualISL_Train_RewardV3/runs/midasheng_7b_reward_v3_10rounds_20260905_run01/round_000/collections/round_000_caption_tts_rollout.output.jsonl
0,TTS,random440_deear_079,4,343,codec_frames,/data/L202500147/Caption/DualISL_Train_RewardV3/runs/midasheng_7b_reward_v3_10rounds_20260905_run01/round_000/collections/round_000_caption_tts_rollout.output.jsonl
0,TTS,random440_expressivespeech_209,5,335,codec_frames,/data/L202500147/Caption/DualISL_Train_RewardV3/runs/midasheng_7b_reward_v3_10rounds_20260905_run01/round_000/collections/round_000_caption_tts_rollout.output.jsonl
0,TTS,random440_expressivespeech_143,6,160,codec_frames,/data/L202500147/Caption/DualISL_Train_RewardV3/runs/midasheng_7b_reward_v3_10rounds_20260905_run01/round_000/collections/round_000_caption_tts_rollout.output.jsonl
0,TTS,random440_expressivespeech_149,7,88,codec_frames,/data/L202500147/Caption/DualISL_Train_RewardV3/runs/midasheng_7b_reward_v3_10rounds_20260905_run01/round_000/collections/round_000_caption_tts_rollout.output.jsonl
0,TTS,random440_expressivespeech_012,0,471,codec_frames,/data/L202500147/Caption/DualISL_Train_RewardV3/runs/midasheng_7b_reward_v3_10rounds_20260905_run01/round_000/collections/round_000_caption_tts_rollout.output.jsonl
0,TTS,random440_expressivespeech_239,1,167,codec_frames,/data/L202500147/Caption/DualISL_Train_RewardV3/runs/midasheng_7b_reward_v3_10rounds_20260905_run01/round_000/collections/round_000_caption_tts_rollout.output.jsonl
0,TTS,random440_deear_005,2,98,codec_frames,/data/L202500147/Caption/DualISL_Train_RewardV3/runs/midasheng_7b_reward_v3_10rounds_20260905_run01/round_000/collections/round_000_caption_tts_rollout.output.jsonl
0,TTS,random440_expressivespeech_316,3,52,codec_frames,/data/L202500147/Caption/DualISL_Train_RewardV3/runs/midasheng_7b_reward_v3_10rounds_20260905_run01/round_000/collections/round_000_caption_tts_rollout.output.jsonl
0,TTS,random440_expressivespeech_001,4,469,codec_frames,/data/L202500147/Caption/DualISL_Train_RewardV3/runs/midasheng_7b_reward_v3_10rounds_20260905_run01/round_000/collections/round_000_caption_tts_rollout.output.jsonl
0,TTS,random440_expressivespeech_081,5,279,codec_frames,/data/L202500147/Caption/DualISL_Train_RewardV3/runs/midasheng_7b_reward_v3_10rounds_20260905_run01/round_000/collections/round_000_caption_tts_rollout.output.jsonl
0,TTS,random440_expressivespeech_191,6,252,codec_frames,/data/L202500147/Caption/DualISL_Train_RewardV3/runs/midasheng_7b_reward_v3_10rounds_20260905_run01/round_000/collections/round_000_caption_tts_rollout.output.jsonl
0,TTS,random440_expressivespeech_242,7,215,codec_frames,/data/L202500147/Caption/DualISL_Train_RewardV3/runs/midasheng_7b_reward_v3_10rounds_20260905_run01/round_000/collections/round_000_caption_tts_rollout.output.jsonl
0,TTS,random440_expressivespeech_136,0,361,codec_frames,/data/L202500147/Caption/DualISL_Train_RewardV3/runs/midasheng_7b_reward_v3_10rounds_20260905_run01/round_000/collections/round_000_caption_tts_rollout.output.jsonl
0,TTS,random440_expressivespeech_243,1,287,codec_frames,/data/L202500147/Caption/DualISL_Train_RewardV3/runs/midasheng_7b_reward_v3_10rounds_20260905_run01/round_000/collections/round_000_caption_tts_rollout.output.jsonl
0,TTS,random440_deear_052,2,349,codec_frames,/data/L202500147/Caption/DualISL_Train_RewardV3/runs/midasheng_7b_reward_v3_10rounds_20260905_run01/round_000/collections/round_000_caption_tts_rollout.output.jsonl
0,TTS,random440_expressivespeech_184,3,811,codec_frames,/data/L202500147/Caption/DualISL_Train_RewardV3/runs/midasheng_7b_reward_v3_10rounds_20260905_run01/round_000/collections/round_000_caption_tts_rollout.output.jsonl
0,TTS,random440_expressivespeech_015,4,185,codec_frames,/data/L202500147/Caption/DualISL_Train_RewardV3/runs/midasheng_7b_reward_v3_10rounds_20260905_run01/round_000/collections/round_000_caption_tts_rollout.output.jsonl
0,TTS,random440_deear_050,5,1272,codec_frames,/data/L202500147/Caption/DualISL_Train_RewardV3/runs/midasheng_7b_reward_v3_10rounds_20260905_run01/round_000/collections/round_000_caption_tts_rollout.output.jsonl
0,TTS,random440_deear_066,6,228,codec_frames,/data/L202500147/Caption/DualISL_Train_RewardV3/runs/midasheng_7b_reward_v3_10rounds_20260905_run01/round_000/collections/round_000_caption_tts_rollout.output.jsonl
0,TTS,random440_expressivespeech_084,7,489,codec_frames,/data/L202500147/Caption/DualISL_Train_RewardV3/runs/midasheng_7b_reward_v3_10rounds_20260905_run01/round_000/collections/round_000_caption_tts_rollout.output.jsonl
0,TTS,random440_expressivespeech_281,0,173,codec_frames,/data/L202500147/Caption/DualISL_Train_RewardV3/runs/midasheng_7b_reward_v3_10rounds_20260905_run01/round_000/collections/round_000_caption_tts_rollout.output.jsonl
0,TTS,random440_expressivespeech_094,1,290,codec_frames,/data/L202500147/Caption/DualISL_Train_RewardV3/runs/midasheng_7b_reward_v3_10rounds_20260905_run01/round_000/collections/round_000_caption_tts_rollout.output.jsonl
0,TTS,random440_expressivespeech_152,2,649,codec_frames,/data/L202500147/Caption/DualISL_Train_RewardV3/runs/midasheng_7b_reward_v3_10rounds_20260905_run01/round_000/collections/round_000_caption_tts_rollout.output.jsonl
0,TTS,random440_deear_094,3,62,codec_frames,/data/L202500147/Caption/DualISL_Train_RewardV3/runs/midasheng_7b_reward_v3_10rounds_20260905_run01/round_000/collections/round_000_caption_tts_rollout.output.jsonl
0,TTS,random440_expressivespeech_091,4,400,codec_frames,/data/L202500147/Caption/DualISL_Train_RewardV3/runs/midasheng_7b_reward_v3_10rounds_20260905_run01/round_000/collections/round_000_caption_tts_rollout.output.jsonl
0,TTS,random440_expressivespeech_194,5,78,codec_frames,/data/L202500147/Caption/DualISL_Train_RewardV3/runs/midasheng_7b_reward_v3_10rounds_20260905_run01/round_000/collections/round_000_caption_tts_rollout.output.jsonl
0,TTS,random440_deear_034,6,275,codec_frames,/data/L202500147/Caption/DualISL_Train_RewardV3/runs/midasheng_7b_reward_v3_10rounds_20260905_run01/round_000/collections/round_000_caption_tts_rollout.output.jsonl
0,TTS,random440_expressivespeech_171,7,338,codec_frames,/data/L202500147/Caption/DualISL_Train_RewardV3/runs/midasheng_7b_reward_v3_10rounds_20260905_run01/round_000/collections/round_000_caption_tts_rollout.output.jsonl
0,TTS,random440_expressivespeech_052,0,445,codec_frames,/data/L202500147/Caption/DualISL_Train_RewardV3/runs/midasheng_7b_reward_v3_10rounds_20260905_run01/round_000/collections/round_000_caption_tts_rollout.output.jsonl
0,TTS,random440_deear_059,1,142,codec_frames,/data/L202500147/Caption/DualISL_Train_RewardV3/runs/midasheng_7b_reward_v3_10rounds_20260905_run01/round_000/collections/round_000_caption_tts_rollout.output.jsonl
0,TTS,random440_expressivespeech_203,2,189,codec_frames,/data/L202500147/Caption/DualISL_Train_RewardV3/runs/midasheng_7b_reward_v3_10rounds_20260905_run01/round_000/collections/round_000_caption_tts_rollout.output.jsonl
0,TTS,random440_expressivespeech_201,3,208,codec_frames,/data/L202500147/Caption/DualISL_Train_RewardV3/runs/midasheng_7b_reward_v3_10rounds_20260905_run01/round_000/collections/round_000_caption_tts_rollout.output.jsonl
0,TTS,random440_deear_085,4,623,codec_frames,/data/L202500147/Caption/DualISL_Train_RewardV3/runs/midasheng_7b_reward_v3_10rounds_20260905_run01/round_000/collections/round_000_caption_tts_rollout.output.jsonl
0,TTS,random440_expressivespeech_189,5,309,codec_frames,/data/L202500147/Caption/DualISL_Train_RewardV3/runs/midasheng_7b_reward_v3_10rounds_20260905_run01/round_000/collections/round_000_caption_tts_rollout.output.jsonl
0,TTS,random440_expressivespeech_161,6,376,codec_frames,/data/L202500147/Caption/DualISL_Train_RewardV3/runs/midasheng_7b_reward_v3_10rounds_20260905_run01/round_000/collections/round_000_caption_tts_rollout.output.jsonl
0,TTS,random440_expressivespeech_117,7,696,codec_frames,/data/L202500147/Caption/DualISL_Train_RewardV3/runs/midasheng_7b_reward_v3_10rounds_20260905_run01/round_000/collections/round_000_caption_tts_rollout.output.jsonl
0,TTS,random440_expressivespeech_182,0,522,codec_frames,/data/L202500147/Caption/DualISL_Train_RewardV3/runs/midasheng_7b_reward_v3_10rounds_20260905_run01/round_000/collections/round_000_caption_tts_rollout.output.jsonl
0,TTS,random440_deear_001,1,237,codec_frames,/data/L202500147/Caption/DualISL_Train_RewardV3/runs/midasheng_7b_reward_v3_10rounds_20260905_run01/round_000/collections/round_000_caption_tts_rollout.output.jsonl
0,TTS,random440_expressivespeech_268,2,591,codec_frames,/data/L202500147/Caption/DualISL_Train_RewardV3/runs/midasheng_7b_reward_v3_10rounds_20260905_run01/round_000/collections/round_000_caption_tts_rollout.output.jsonl
0,TTS,random440_deear_099,3,87,codec_frames,/data/L202500147/Caption/DualISL_Train_RewardV3/runs/midasheng_7b_reward_v3_10rounds_20260905_run01/round_000/collections/round_000_caption_tts_rollout.output.jsonl
0,TTS,random440_expressivespeech_159,4,68,codec_frames,/data/L202500147/Caption/DualISL_Train_RewardV3/runs/midasheng_7b_reward_v3_10rounds_20260905_run01/round_000/collections/round_000_caption_tts_rollout.output.jsonl
0,TTS,random440_expressivespeech_276,5,904,codec_frames,/data/L202500147/Caption/DualISL_Train_RewardV3/runs/midasheng_7b_reward_v3_10rounds_20260905_run01/round_000/collections/round_000_caption_tts_rollout.output.jsonl
0,TTS,random440_expressivespeech_339,6,131,codec_frames,/data/L202500147/Caption/DualISL_Train_RewardV3/runs/midasheng_7b_reward_v3_10rounds_20260905_run01/round_000/collections/round_000_caption_tts_rollout.output.jsonl
0,TTS,random440_expressivespeech_299,7,630,codec_frames,/data/L202500147/Caption/DualISL_Train_RewardV3/runs/midasheng_7b_reward_v3_10rounds_20260905_run01/round_000/collections/round_000_caption_tts_rollout.output.jsonl
0,TTS,random440_expressivespeech_253,0,106,codec_frames,/data/L202500147/Caption/DualISL_Train_RewardV3/runs/midasheng_7b_reward_v3_10rounds_20260905_run01/round_000/collections/round_000_caption_tts_rollout.output.jsonl
0,TTS,random440_deear_076,1,350,codec_frames,/data/L202500147/Caption/DualISL_Train_RewardV3/runs/midasheng_7b_reward_v3_10rounds_20260905_run01/round_000/collections/round_000_caption_tts_rollout.output.jsonl
0,TTS,random440_deear_007,2,157,codec_frames,/data/L202500147/Caption/DualISL_Train_RewardV3/runs/midasheng_7b_reward_v3_10rounds_20260905_run01/round_000/collections/round_000_caption_tts_rollout.output.jsonl
0,TTS,random440_expressivespeech_051,3,424,codec_frames,/data/L202500147/Caption/DualISL_Train_RewardV3/runs/midasheng_7b_reward_v3_10rounds_20260905_run01/round_000/collections/round_000_caption_tts_rollout.output.jsonl
0,TTS,random440_expressivespeech_177,4,211,codec_frames,/data/L202500147/Caption/DualISL_Train_RewardV3/runs/midasheng_7b_reward_v3_10rounds_20260905_run01/round_000/collections/round_000_caption_tts_rollout.output.jsonl
0,TTS,random440_expressivespeech_132,5,622,codec_frames,/data/L202500147/Caption/DualISL_Train_RewardV3/runs/midasheng_7b_reward_v3_10rounds_20260905_run01/round_000/collections/round_000_caption_tts_rollout.output.jsonl
0,TTS,random440_expressivespeech_134,6,222,codec_frames,/data/L202500147/Caption/DualISL_Train_RewardV3/runs/midasheng_7b_reward_v3_10rounds_20260905_run01/round_000/collections/round_000_caption_tts_rollout.output.jsonl
0,TTS,random440_deear_041,7,320,codec_frames,/data/L202500147/Caption/DualISL_Train_RewardV3/runs/midasheng_7b_reward_v3_10rounds_20260905_run01/round_000/collections/round_000_caption_tts_rollout.output.jsonl
0,TTS,random440_expressivespeech_300,0,257,codec_frames,/data/L202500147/Caption/DualISL_Train_RewardV3/runs/midasheng_7b_reward_v3_10rounds_20260905_run01/round_000/collections/round_000_caption_tts_rollout.output.jsonl
0,TTS,random440_expressivespeech_302,1,88,codec_frames,/data/L202500147/Caption/DualISL_Train_RewardV3/runs/midasheng_7b_reward_v3_10rounds_20260905_run01/round_000/collections/round_000_caption_tts_rollout.output.jsonl
0,TTS,random440_deear_097,2,109,codec_frames,/data/L202500147/Caption/DualISL_Train_RewardV3/runs/midasheng_7b_reward_v3_10rounds_20260905_run01/round_000/collections/round_000_caption_tts_rollout.output.jsonl
0,TTS,random440_deear_073,3,99,codec_frames,/data/L202500147/Caption/DualISL_Train_RewardV3/runs/midasheng_7b_reward_v3_10rounds_20260905_run01/round_000/collections/round_000_caption_tts_rollout.output.jsonl
0,TTS,random440_deear_029,4,96,codec_frames,/data/L202500147/Caption/DualISL_Train_RewardV3/runs/midasheng_7b_reward_v3_10rounds_20260905_run01/round_000/collections/round_000_caption_tts_rollout.output.jsonl
0,TTS,random440_deear_060,5,94,codec_frames,/data/L202500147/Caption/DualISL_Train_RewardV3/runs/midasheng_7b_reward_v3_10rounds_20260905_run01/round_000/collections/round_000_caption_tts_rollout.output.jsonl
0,TTS,random440_expressivespeech_190,6,58,codec_frames,/data/L202500147/Caption/DualISL_Train_RewardV3/runs/midasheng_7b_reward_v3_10rounds_20260905_run01/round_000/collections/round_000_caption_tts_rollout.output.jsonl
0,TTS,random440_expressivespeech_198,7,272,codec_frames,/data/L202500147/Caption/DualISL_Train_RewardV3/runs/midasheng_7b_reward_v3_10rounds_20260905_run01/round_000/collections/round_000_caption_tts_rollout.output.jsonl
0,TTS,random440_deear_088,0,603,codec_frames,/data/L202500147/Caption/DualISL_Train_RewardV3/runs/midasheng_7b_reward_v3_10rounds_20260905_run01/round_000/collections/round_000_caption_tts_rollout.output.jsonl
0,TTS,random440_expressivespeech_331,1,444,codec_frames,/data/L202500147/Caption/DualISL_Train_RewardV3/runs/midasheng_7b_reward_v3_10rounds_20260905_run01/round_000/collections/round_000_caption_tts_rollout.output.jsonl
0,TTS,random440_expressivespeech_273,2,198,codec_frames,/data/L202500147/Caption/DualISL_Train_RewardV3/runs/midasheng_7b_reward_v3_10rounds_20260905_run01/round_000/collections/round_000_caption_tts_rollout.output.jsonl
0,TTS,random440_expressivespeech_141,3,960,codec_frames,/data/L202500147/Caption/DualISL_Train_RewardV3/runs/midasheng_7b_reward_v3_10rounds_20260905_run01/round_000/collections/round_000_caption_tts_rollout.output.jsonl
0,TTS,random440_expressivespeech_156,4,127,codec_frames,/data/L202500147/Caption/DualISL_Train_RewardV3/runs/midasheng_7b_reward_v3_10rounds_20260905_run01/round_000/collections/round_000_caption_tts_rollout.output.jsonl
0,TTS,random440_expressivespeech_058,5,140,codec_frames,/data/L202500147/Caption/DualISL_Train_RewardV3/runs/midasheng_7b_reward_v3_10rounds_20260905_run01/round_000/collections/round_000_caption_tts_rollout.output.jsonl
0,TTS,random440_expressivespeech_214,6,195,codec_frames,/data/L202500147/Caption/DualISL_Train_RewardV3/runs/midasheng_7b_reward_v3_10rounds_20260905_run01/round_000/collections/round_000_caption_tts_rollout.output.jsonl
0,TTS,random440_expressivespeech_049,7,311,codec_frames,/data/L202500147/Caption/DualISL_Train_RewardV3/runs/midasheng_7b_reward_v3_10rounds_20260905_run01/round_000/collections/round_000_caption_tts_rollout.output.jsonl
0,TTS,random440_expressivespeech_332,0,117,codec_frames,/data/L202500147/Caption/DualISL_Train_RewardV3/runs/midasheng_7b_reward_v3_10rounds_20260905_run01/round_000/collections/round_000_caption_tts_rollout.output.jsonl
0,TTS,random440_expressivespeech_284,1,142,codec_frames,/data/L202500147/Caption/DualISL_Train_RewardV3/runs/midasheng_7b_reward_v3_10rounds_20260905_run01/round_000/collections/round_000_caption_tts_rollout.output.jsonl
0,TTS,random440_deear_091,2,449,codec_frames,/data/L202500147/Caption/DualISL_Train_RewardV3/runs/midasheng_7b_reward_v3_10rounds_20260905_run01/round_000/collections/round_000_caption_tts_rollout.output.jsonl
0,TTS,random440_expressivespeech_172,3,749,codec_frames,/data/L202500147/Caption/DualISL_Train_RewardV3/runs/midasheng_7b_reward_v3_10rounds_20260905_run01/round_000/collections/round_000_caption_tts_rollout.output.jsonl
0,TTS,random440_expressivespeech_139,4,416,codec_frames,/data/L202500147/Caption/DualISL_Train_RewardV3/runs/midasheng_7b_reward_v3_10rounds_20260905_run01/round_000/collections/round_000_caption_tts_rollout.output.jsonl
0,TTS,random440_expressivespeech_193,5,532,codec_frames,/data/L202500147/Caption/DualISL_Train_RewardV3/runs/midasheng_7b_reward_v3_10rounds_20260905_run01/round_000/collections/round_000_caption_tts_rollout.output.jsonl
0,TTS,random440_expressivespeech_232,6,87,codec_frames,/data/L202500147/Caption/DualISL_Train_RewardV3/runs/midasheng_7b_reward_v3_10rounds_20260905_run01/round_000/collections/round_000_caption_tts_rollout.output.jsonl
0,TTS,random440_expressivespeech_236,7,1423,codec_frames,/data/L202500147/Caption/DualISL_Train_RewardV3/runs/midasheng_7b_reward_v3_10rounds_20260905_run01/round_000/collections/round_000_caption_tts_rollout.output.jsonl
0,TTS,random440_expressivespeech_229,0,1371,codec_frames,/data/L202500147/Caption/DualISL_Train_RewardV3/runs/midasheng_7b_reward_v3_10rounds_20260905_run01/round_000/collections/round_000_caption_tts_rollout.output.jsonl
0,TTS,random440_expressivespeech_030,1,133,codec_frames,/data/L202500147/Caption/DualISL_Train_RewardV3/runs/midasheng_7b_reward_v3_10rounds_20260905_run01/round_000/collections/round_000_caption_tts_rollout.output.jsonl
0,TTS,random440_deear_043,2,346,codec_frames,/data/L202500147/Caption/DualISL_Train_RewardV3/runs/midasheng_7b_reward_v3_10rounds_20260905_run01/round_000/collections/round_000_caption_tts_rollout.output.jsonl
0,TTS,random440_expressivespeech_061,3,61,codec_frames,/data/L202500147/Caption/DualISL_Train_RewardV3/runs/midasheng_7b_reward_v3_10rounds_20260905_run01/round_000/collections/round_000_caption_tts_rollout.output.jsonl
0,TTS,random440_expressivespeech_142,4,92,codec_frames,/data/L202500147/Caption/DualISL_Train_RewardV3/runs/midasheng_7b_reward_v3_10rounds_20260905_run01/round_000/collections/round_000_caption_tts_rollout.output.jsonl
0,TTS,random440_expressivespeech_092,5,203,codec_frames,/data/L202500147/Caption/DualISL_Train_RewardV3/runs/midasheng_7b_reward_v3_10rounds_20260905_run01/round_000/collections/round_000_caption_tts_rollout.output.jsonl
0,TTS,random440_expressivespeech_322,6,62,codec_frames,/data/L202500147/Caption/DualISL_Train_RewardV3/runs/midasheng_7b_reward_v3_10rounds_20260905_run01/round_000/collections/round_000_caption_tts_rollout.output.jsonl
0,TTS,random440_expressivespeech_040,7,70,codec_frames,/data/L202500147/Caption/DualISL_Train_RewardV3/runs/midasheng_7b_reward_v3_10rounds_20260905_run01/round_000/collections/round_000_caption_tts_rollout.output.jsonl
0,TTS,random440_deear_036,0,72,codec_frames,/data/L202500147/Caption/DualISL_Train_RewardV3/runs/midasheng_7b_reward_v3_10rounds_20260905_run01/round_000/collections/round_000_caption_tts_rollout.output.jsonl
0,TTS,random440_expressivespeech_097,1,95,codec_frames,/data/L202500147/Caption/DualISL_Train_RewardV3/runs/midasheng_7b_reward_v3_10rounds_20260905_run01/round_000/collections/round_000_caption_tts_rollout.output.jsonl
0,TTS,random440_expressivespeech_308,2,271,codec_frames,/data/L202500147/Caption/DualISL_Train_RewardV3/runs/midasheng_7b_reward_v3_10rounds_20260905_run01/round_000/collections/round_000_caption_tts_rollout.output.jsonl
0,TTS,random440_expressivespeech_224,3,340,codec_frames,/data/L202500147/Caption/DualISL_Train_RewardV3/runs/midasheng_7b_reward_v3_10rounds_20260905_run01/round_000/collections/round_000_caption_tts_rollout.output.jsonl
0,TTS,random440_expressivespeech_062,4,232,codec_frames,/data/L202500147/Caption/DualISL_Train_RewardV3/runs/midasheng_7b_reward_v3_10rounds_20260905_run01/round_000/collections/round_000_caption_tts_rollout.output.jsonl
0,TTS,random440_expressivespeech_275,5,111,codec_frames,/data/L202500147/Caption/DualISL_Train_RewardV3/runs/midasheng_7b_reward_v3_10rounds_20260905_run01/round_000/collections/round_000_caption_tts_rollout.output.jsonl
0,TTS,random440_expressivespeech_174,6,669,codec_frames,/data/L202500147/Caption/DualISL_Train_RewardV3/runs/midasheng_7b_reward_v3_10rounds_20260905_run01/round_000/collections/round_000_caption_tts_rollout.output.jsonl
0,TTS,random440_expressivespeech_258,7,244,codec_frames,/data/L202500147/Caption/DualISL_Train_RewardV3/runs/midasheng_7b_reward_v3_10rounds_20260905_run01/round_000/collections/round_000_caption_tts_rollout.output.jsonl
0,TTS,random440_expressivespeech_335,0,279,codec_frames,/data/L202500147/Caption/DualISL_Train_RewardV3/runs/midasheng_7b_reward_v3_10rounds_20260905_run01/round_000/collections/round_000_caption_tts_rollout.output.jsonl
0,TTS,random440_expressivespeech_212,1,530,codec_frames,/data/L202500147/Caption/DualISL_Train_RewardV3/runs/midasheng_7b_reward_v3_10rounds_20260905_run01/round_000/collections/round_000_caption_tts_rollout.output.jsonl
0,TTS,random440_expressivespeech_006,2,319,codec_frames,/data/L202500147/Caption/DualISL_Train_RewardV3/runs/midasheng_7b_reward_v3_10rounds_20260905_run01/round_000/collections/round_000_caption_tts_rollout.output.jsonl
0,TTS,random440_expressivespeech_250,3,1372,codec_frames,/data/L202500147/Caption/DualISL_Train_RewardV3/runs/midasheng_7b_reward_v3_10rounds_20260905_run01/round_000/collections/round_000_caption_tts_rollout.output.jsonl
0,TTS,random440_deear_046,4,82,codec_frames,/data/L202500147/Caption/DualISL_Train_RewardV3/runs/midasheng_7b_reward_v3_10rounds_20260905_run01/round_000/collections/round_000_caption_tts_rollout.output.jsonl
0,TTS,random440_expressivespeech_060,5,199,codec_frames,/data/L202500147/Caption/DualISL_Train_RewardV3/runs/midasheng_7b_reward_v3_10rounds_20260905_run01/round_000/collections/round_000_caption_tts_rollout.output.jsonl
0,TTS,random440_expressivespeech_029,6,348,codec_frames,/data/L202500147/Caption/DualISL_Train_RewardV3/runs/midasheng_7b_reward_v3_10rounds_20260905_run01/round_000/collections/round_000_caption_tts_rollout.output.jsonl
0,TTS,random440_expressivespeech_114,7,172,codec_frames,/data/L202500147/Caption/DualISL_Train_RewardV3/runs/midasheng_7b_reward_v3_10rounds_20260905_run01/round_000/collections/round_000_caption_tts_rollout.output.jsonl
0,TTS,random440_expressivespeech_125,0,615,codec_frames,/data/L202500147/Caption/DualISL_Train_RewardV3/runs/midasheng_7b_reward_v3_10rounds_20260905_run01/round_000/collections/round_000_caption_tts_rollout.output.jsonl
0,TTS,random440_expressivespeech_002,1,157,codec_frames,/data/L202500147/Caption/DualISL_Train_RewardV3/runs/midasheng_7b_reward_v3_10rounds_20260905_run01/round_000/collections/round_000_caption_tts_rollout.output.jsonl
0,TTS,random440_expressivespeech_119,2,66,codec_frames,/data/L202500147/Caption/DualISL_Train_RewardV3/runs/midasheng_7b_reward_v3_10rounds_20260905_run01/round_000/collections/round_000_caption_tts_rollout.output.jsonl
0,TTS,random440_expressivespeech_170,3,130,codec_frames,/data/L202500147/Caption/DualISL_Train_RewardV3/runs/midasheng_7b_reward_v3_10rounds_20260905_run01/round_000/collections/round_000_caption_tts_rollout.output.jsonl
0,TTS,random440_expressivespeech_297,4,157,codec_frames,/data/L202500147/Caption/DualISL_Train_RewardV3/runs/midasheng_7b_reward_v3_10rounds_20260905_run01/round_000/collections/round_000_caption_tts_rollout.output.jsonl
0,TTS,random440_expressivespeech_289,5,624,codec_frames,/data/L202500147/Caption/DualISL_Train_RewardV3/runs/midasheng_7b_reward_v3_10rounds_20260905_run01/round_000/collections/round_000_caption_tts_rollout.output.jsonl
0,TTS,random440_deear_067,6,30,codec_frames,/data/L202500147/Caption/DualISL_Train_RewardV3/runs/midasheng_7b_reward_v3_10rounds_20260905_run01/round_000/collections/round_000_caption_tts_rollout.output.jsonl
0,TTS,random440_expressivespeech_318,7,716,codec_frames,/data/L202500147/Caption/DualISL_Train_RewardV3/runs/midasheng_7b_reward_v3_10rounds_20260905_run01/round_000/collections/round_000_caption_tts_rollout.output.jsonl
0,TTS,random440_expressivespeech_278,0,88,codec_frames,/data/L202500147/Caption/DualISL_Train_RewardV3/runs/midasheng_7b_reward_v3_10rounds_20260905_run01/round_000/collections/round_000_caption_tts_rollout.output.jsonl
0,TTS,random440_expressivespeech_075,1,778,codec_frames,/data/L202500147/Caption/DualISL_Train_RewardV3/runs/midasheng_7b_reward_v3_10rounds_20260905_run01/round_000/collections/round_000_caption_tts_rollout.output.jsonl
0,TTS,random440_expressivespeech_039,2,523,codec_frames,/data/L202500147/Caption/DualISL_Train_RewardV3/runs/midasheng_7b_reward_v3_10rounds_20260905_run01/round_000/collections/round_000_caption_tts_rollout.output.jsonl
0,TTS,random440_deear_028,3,102,codec_frames,/data/L202500147/Caption/DualISL_Train_RewardV3/runs/midasheng_7b_reward_v3_10rounds_20260905_run01/round_000/collections/round_000_caption_tts_rollout.output.jsonl
0,TTS,random440_deear_045,4,110,codec_frames,/data/L202500147/Caption/DualISL_Train_RewardV3/runs/midasheng_7b_reward_v3_10rounds_20260905_run01/round_000/collections/round_000_caption_tts_rollout.output.jsonl
0,TTS,random440_expressivespeech_018,5,1813,codec_frames,/data/L202500147/Caption/DualISL_Train_RewardV3/runs/midasheng_7b_reward_v3_10rounds_20260905_run01/round_000/collections/round_000_caption_tts_rollout.output.jsonl
0,TTS,random440_expressivespeech_234,6,175,codec_frames,/data/L202500147/Caption/DualISL_Train_RewardV3/runs/midasheng_7b_reward_v3_10rounds_20260905_run01/round_000/collections/round_000_caption_tts_rollout.output.jsonl
0,TTS,random440_expressivespeech_118,7,671,codec_frames,/data/L202500147/Caption/DualISL_Train_RewardV3/runs/midasheng_7b_reward_v3_10rounds_20260905_run01/round_000/collections/round_000_caption_tts_rollout.output.jsonl
0,TTS,random440_expressivespeech_257,0,368,codec_frames,/data/L202500147/Caption/DualISL_Train_RewardV3/runs/midasheng_7b_reward_v3_10rounds_20260905_run01/round_000/collections/round_000_caption_tts_rollout.output.jsonl
0,TTS,random440_expressivespeech_262,1,225,codec_frames,/data/L202500147/Caption/DualISL_Train_RewardV3/runs/midasheng_7b_reward_v3_10rounds_20260905_run01/round_000/collections/round_000_caption_tts_rollout.output.jsonl
0,TTS,random440_expressivespeech_077,2,849,codec_frames,/data/L202500147/Caption/DualISL_Train_RewardV3/runs/midasheng_7b_reward_v3_10rounds_20260905_run01/round_000/collections/round_000_caption_tts_rollout.output.jsonl
0,TTS,random440_expressivespeech_221,3,272,codec_frames,/data/L202500147/Caption/DualISL_Train_RewardV3/runs/midasheng_7b_reward_v3_10rounds_20260905_run01/round_000/collections/round_000_caption_tts_rollout.output.jsonl
0,TTS,random440_deear_051,4,543,codec_frames,/data/L202500147/Caption/DualISL_Train_RewardV3/runs/midasheng_7b_reward_v3_10rounds_20260905_run01/round_000/collections/round_000_caption_tts_rollout.output.jsonl
0,TTS,random440_expressivespeech_130,5,830,codec_frames,/data/L202500147/Caption/DualISL_Train_RewardV3/runs/midasheng_7b_reward_v3_10rounds_20260905_run01/round_000/collections/round_000_caption_tts_rollout.output.jsonl
0,TTS,random440_deear_081,6,114,codec_frames,/data/L202500147/Caption/DualISL_Train_RewardV3/runs/midasheng_7b_reward_v3_10rounds_20260905_run01/round_000/collections/round_000_caption_tts_rollout.output.jsonl
0,TTS,random440_expressivespeech_213,7,70,codec_frames,/data/L202500147/Caption/DualISL_Train_RewardV3/runs/midasheng_7b_reward_v3_10rounds_20260905_run01/round_000/collections/round_000_caption_tts_rollout.output.jsonl
0,TTS,random440_expressivespeech_173,0,46,codec_frames,/data/L202500147/Caption/DualISL_Train_RewardV3/runs/midasheng_7b_reward_v3_10rounds_20260905_run01/round_000/collections/round_000_caption_tts_rollout.output.jsonl
0,TTS,random440_deear_027,1,224,codec_frames,/data/L202500147/Caption/DualISL_Train_RewardV3/runs/midasheng_7b_reward_v3_10rounds_20260905_run01/round_000/collections/round_000_caption_tts_rollout.output.jsonl
0,TTS,random440_expressivespeech_059,2,189,codec_frames,/data/L202500147/Caption/DualISL_Train_RewardV3/runs/midasheng_7b_reward_v3_10rounds_20260905_run01/round_000/collections/round_000_caption_tts_rollout.output.jsonl
0,TTS,random440_expressivespeech_248,3,251,codec_frames,/data/L202500147/Caption/DualISL_Train_RewardV3/runs/midasheng_7b_reward_v3_10rounds_20260905_run01/round_000/collections/round_000_caption_tts_rollout.output.jsonl
0,TTS,random440_expressivespeech_108,4,1112,codec_frames,/data/L202500147/Caption/DualISL_Train_RewardV3/runs/midasheng_7b_reward_v3_10rounds_20260905_run01/round_000/collections/round_000_caption_tts_rollout.output.jsonl
0,TTS,random440_expressivespeech_116,5,756,codec_frames,/data/L202500147/Caption/DualISL_Train_RewardV3/runs/midasheng_7b_reward_v3_10rounds_20260905_run01/round_000/collections/round_000_caption_tts_rollout.output.jsonl
0,TTS,random440_deear_065,6,358,codec_frames,/data/L202500147/Caption/DualISL_Train_RewardV3/runs/midasheng_7b_reward_v3_10rounds_20260905_run01/round_000/collections/round_000_caption_tts_rollout.output.jsonl
0,TTS,random440_expressivespeech_131,7,91,codec_frames,/data/L202500147/Caption/DualISL_Train_RewardV3/runs/midasheng_7b_reward_v3_10rounds_20260905_run01/round_000/collections/round_000_caption_tts_rollout.output.jsonl
0,TTS,random440_expressivespeech_320,0,168,codec_frames,/data/L202500147/Caption/DualISL_Train_RewardV3/runs/midasheng_7b_reward_v3_10rounds_20260905_run01/round_000/collections/round_000_caption_tts_rollout.output.jsonl
0,TTS,random440_expressivespeech_330,1,860,codec_frames,/data/L202500147/Caption/DualISL_Train_RewardV3/runs/midasheng_7b_reward_v3_10rounds_20260905_run01/round_000/collections/round_000_caption_tts_rollout.output.jsonl
0,TTS,random440_expressivespeech_104,2,197,codec_frames,/data/L202500147/Caption/DualISL_Train_RewardV3/runs/midasheng_7b_reward_v3_10rounds_20260905_run01/round_000/collections/round_000_caption_tts_rollout.output.jsonl
0,TTS,random440_expressivespeech_032,3,289,codec_frames,/data/L202500147/Caption/DualISL_Train_RewardV3/runs/midasheng_7b_reward_v3_10rounds_20260905_run01/round_000/collections/round_000_caption_tts_rollout.output.jsonl
0,TTS,random440_deear_098,4,496,codec_frames,/data/L202500147/Caption/DualISL_Train_RewardV3/runs/midasheng_7b_reward_v3_10rounds_20260905_run01/round_000/collections/round_000_caption_tts_rollout.output.jsonl
0,TTS,random440_expressivespeech_305,5,240,codec_frames,/data/L202500147/Caption/DualISL_Train_RewardV3/runs/midasheng_7b_reward_v3_10rounds_20260905_run01/round_000/collections/round_000_caption_tts_rollout.output.jsonl
0,TTS,random440_expressivespeech_106,6,110,codec_frames,/data/L202500147/Caption/DualISL_Train_RewardV3/runs/midasheng_7b_reward_v3_10rounds_20260905_run01/round_000/collections/round_000_caption_tts_rollout.output.jsonl
0,TTS,random440_expressivespeech_324,7,342,codec_frames,/data/L202500147/Caption/DualISL_Train_RewardV3/runs/midasheng_7b_reward_v3_10rounds_20260905_run01/round_000/collections/round_000_caption_tts_rollout.output.jsonl
0,TTS,random440_deear_100,0,310,codec_frames,/data/L202500147/Caption/DualISL_Train_RewardV3/runs/midasheng_7b_reward_v3_10rounds_20260905_run01/round_000/collections/round_000_caption_tts_rollout.output.jsonl
0,TTS,random440_deear_004,1,1485,codec_frames,/data/L202500147/Caption/DualISL_Train_RewardV3/runs/midasheng_7b_reward_v3_10rounds_20260905_run01/round_000/collections/round_000_caption_tts_rollout.output.jsonl
0,TTS,random440_expressivespeech_066,2,228,codec_frames,/data/L202500147/Caption/DualISL_Train_RewardV3/runs/midasheng_7b_reward_v3_10rounds_20260905_run01/round_000/collections/round_000_caption_tts_rollout.output.jsonl
0,TTS,random440_expressivespeech_240,3,406,codec_frames,/data/L202500147/Caption/DualISL_Train_RewardV3/runs/midasheng_7b_reward_v3_10rounds_20260905_run01/round_000/collections/round_000_caption_tts_rollout.output.jsonl
0,TTS,random440_expressivespeech_166,4,87,codec_frames,/data/L202500147/Caption/DualISL_Train_RewardV3/runs/midasheng_7b_reward_v3_10rounds_20260905_run01/round_000/collections/round_000_caption_tts_rollout.output.jsonl
0,TTS,random440_expressivespeech_034,5,76,codec_frames,/data/L202500147/Caption/DualISL_Train_RewardV3/runs/midasheng_7b_reward_v3_10rounds_20260905_run01/round_000/collections/round_000_caption_tts_rollout.output.jsonl
0,TTS,random440_expressivespeech_151,6,532,codec_frames,/data/L202500147/Caption/DualISL_Train_RewardV3/runs/midasheng_7b_reward_v3_10rounds_20260905_run01/round_000/collections/round_000_caption_tts_rollout.output.jsonl
0,TTS,random440_expressivespeech_328,7,241,codec_frames,/data/L202500147/Caption/DualISL_Train_RewardV3/runs/midasheng_7b_reward_v3_10rounds_20260905_run01/round_000/collections/round_000_caption_tts_rollout.output.jsonl
0,TTS,random440_expressivespeech_306,0,73,codec_frames,/data/L202500147/Caption/DualISL_Train_RewardV3/runs/midasheng_7b_reward_v3_10rounds_20260905_run01/round_000/collections/round_000_caption_tts_rollout.output.jsonl
0,TTS,random440_expressivespeech_274,1,630,codec_frames,/data/L202500147/Caption/DualISL_Train_RewardV3/runs/midasheng_7b_reward_v3_10rounds_20260905_run01/round_000/collections/round_000_caption_tts_rollout.output.jsonl
0,TTS,random440_expressivespeech_023,2,212,codec_frames,/data/L202500147/Caption/DualISL_Train_RewardV3/runs/midasheng_7b_reward_v3_10rounds_20260905_run01/round_000/collections/round_000_caption_tts_rollout.output.jsonl
0,TTS,random440_expressivespeech_226,3,114,codec_frames,/data/L202500147/Caption/DualISL_Train_RewardV3/runs/midasheng_7b_reward_v3_10rounds_20260905_run01/round_000/collections/round_000_caption_tts_rollout.output.jsonl
0,TTS,random440_deear_018,4,348,codec_frames,/data/L202500147/Caption/DualISL_Train_RewardV3/runs/midasheng_7b_reward_v3_10rounds_20260905_run01/round_000/collections/round_000_caption_tts_rollout.output.jsonl
0,TTS,random440_expressivespeech_247,5,834,codec_frames,/data/L202500147/Caption/DualISL_Train_RewardV3/runs/midasheng_7b_reward_v3_10rounds_20260905_run01/round_000/collections/round_000_caption_tts_rollout.output.jsonl
0,TTS,random440_expressivespeech_196,6,282,codec_frames,/data/L202500147/Caption/DualISL_Train_RewardV3/runs/midasheng_7b_reward_v3_10rounds_20260905_run01/round_000/collections/round_000_caption_tts_rollout.output.jsonl
0,TTS,random440_expressivespeech_042,7,441,codec_frames,/data/L202500147/Caption/DualISL_Train_RewardV3/runs/midasheng_7b_reward_v3_10rounds_20260905_run01/round_000/collections/round_000_caption_tts_rollout.output.jsonl
0,TTS,random440_expressivespeech_033,0,95,codec_frames,/data/L202500147/Caption/DualISL_Train_RewardV3/runs/midasheng_7b_reward_v3_10rounds_20260905_run01/round_000/collections/round_000_caption_tts_rollout.output.jsonl
0,TTS,random440_deear_061,1,812,codec_frames,/data/L202500147/Caption/DualISL_Train_RewardV3/runs/midasheng_7b_reward_v3_10rounds_20260905_run01/round_000/collections/round_000_caption_tts_rollout.output.jsonl
0,TTS,random440_deear_020,2,422,codec_frames,/data/L202500147/Caption/DualISL_Train_RewardV3/runs/midasheng_7b_reward_v3_10rounds_20260905_run01/round_000/collections/round_000_caption_tts_rollout.output.jsonl
0,TTS,random440_deear_021,3,45,codec_frames,/data/L202500147/Caption/DualISL_Train_RewardV3/runs/midasheng_7b_reward_v3_10rounds_20260905_run01/round_000/collections/round_000_caption_tts_rollout.output.jsonl
0,TTS,random440_expressivespeech_153,4,219,codec_frames,/data/L202500147/Caption/DualISL_Train_RewardV3/runs/midasheng_7b_reward_v3_10rounds_20260905_run01/round_000/collections/round_000_caption_tts_rollout.output.jsonl
0,TTS,random440_expressivespeech_241,5,126,codec_frames,/data/L202500147/Caption/DualISL_Train_RewardV3/runs/midasheng_7b_reward_v3_10rounds_20260905_run01/round_000/collections/round_000_caption_tts_rollout.output.jsonl
0,TTS,random440_deear_058,6,105,codec_frames,/data/L202500147/Caption/DualISL_Train_RewardV3/runs/midasheng_7b_reward_v3_10rounds_20260905_run01/round_000/collections/round_000_caption_tts_rollout.output.jsonl
0,TTS,random440_expressivespeech_218,7,185,codec_frames,/data/L202500147/Caption/DualISL_Train_RewardV3/runs/midasheng_7b_reward_v3_10rounds_20260905_run01/round_000/collections/round_000_caption_tts_rollout.output.jsonl
0,TTS,random440_expressivespeech_337,0,202,codec_frames,/data/L202500147/Caption/DualISL_Train_RewardV3/runs/midasheng_7b_reward_v3_10rounds_20260905_run01/round_000/collections/round_000_caption_tts_rollout.output.jsonl
0,TTS,random440_expressivespeech_288,1,178,codec_frames,/data/L202500147/Caption/DualISL_Train_RewardV3/runs/midasheng_7b_reward_v3_10rounds_20260905_run01/round_000/collections/round_000_caption_tts_rollout.output.jsonl
0,TTS,random440_deear_068,2,73,codec_frames,/data/L202500147/Caption/DualISL_Train_RewardV3/runs/midasheng_7b_reward_v3_10rounds_20260905_run01/round_000/collections/round_000_caption_tts_rollout.output.jsonl
0,TTS,random440_expressivespeech_325,3,295,codec_frames,/data/L202500147/Caption/DualISL_Train_RewardV3/runs/midasheng_7b_reward_v3_10rounds_20260905_run01/round_000/collections/round_000_caption_tts_rollout.output.jsonl
0,TTS,random440_deear_089,4,270,codec_frames,/data/L202500147/Caption/DualISL_Train_RewardV3/runs/midasheng_7b_reward_v3_10rounds_20260905_run01/round_000/collections/round_000_caption_tts_rollout.output.jsonl
0,TTS,random440_expressivespeech_036,5,187,codec_frames,/data/L202500147/Caption/DualISL_Train_RewardV3/runs/midasheng_7b_reward_v3_10rounds_20260905_run01/round_000/collections/round_000_caption_tts_rollout.output.jsonl
0,TTS,random440_expressivespeech_048,6,44,codec_frames,/data/L202500147/Caption/DualISL_Train_RewardV3/runs/midasheng_7b_reward_v3_10rounds_20260905_run01/round_000/collections/round_000_caption_tts_rollout.output.jsonl
0,TTS,random440_expressivespeech_064,7,45,codec_frames,/data/L202500147/Caption/DualISL_Train_RewardV3/runs/midasheng_7b_reward_v3_10rounds_20260905_run01/round_000/collections/round_000_caption_tts_rollout.output.jsonl
0,TTS,random440_expressivespeech_327,0,547,codec_frames,/data/L202500147/Caption/DualISL_Train_RewardV3/runs/midasheng_7b_reward_v3_10rounds_20260905_run01/round_000/collections/round_000_caption_tts_rollout.output.jsonl
0,TTS,random440_deear_017,1,122,codec_frames,/data/L202500147/Caption/DualISL_Train_RewardV3/runs/midasheng_7b_reward_v3_10rounds_20260905_run01/round_000/collections/round_000_caption_tts_rollout.output.jsonl
0,TTS,random440_deear_075,2,153,codec_frames,/data/L202500147/Caption/DualISL_Train_RewardV3/runs/midasheng_7b_reward_v3_10rounds_20260905_run01/round_000/collections/round_000_caption_tts_rollout.output.jsonl
0,TTS,random440_expressivespeech_269,3,186,codec_frames,/data/L202500147/Caption/DualISL_Train_RewardV3/runs/midasheng_7b_reward_v3_10rounds_20260905_run01/round_000/collections/round_000_caption_tts_rollout.output.jsonl
1,Captioner,random440_expressivespeech_287,0,621,sampled_tokens,/data/L202500147/Caption/DualISL_Train_RewardV3/runs/midasheng_7b_reward_v3_10rounds_20260905_run01/round_001/collections/round_001_audio_caption_rollout.output.jsonl
1,Captioner,random440_expressivespeech_245,1,786,sampled_tokens,/data/L202500147/Caption/DualISL_Train_RewardV3/runs/midasheng_7b_reward_v3_10rounds_20260905_run01/round_001/collections/round_001_audio_caption_rollout.output.jsonl
1,Captioner,random440_expressivespeech_304,2,568,sampled_tokens,/data/L202500147/Caption/DualISL_Train_RewardV3/runs/midasheng_7b_reward_v3_10rounds_20260905_run01/round_001/collections/round_001_audio_caption_rollout.output.jsonl
1,Captioner,random440_expressivespeech_178,3,592,sampled_tokens,/data/L202500147/Caption/DualISL_Train_RewardV3/runs/midasheng_7b_reward_v3_10rounds_20260905_run01/round_001/collections/round_001_audio_caption_rollout.output.jsonl
1,Captioner,random440_deear_090,4,612,sampled_tokens,/data/L202500147/Caption/DualISL_Train_RewardV3/runs/midasheng_7b_reward_v3_10rounds_20260905_run01/round_001/collections/round_001_audio_caption_rollout.output.jsonl
1,Captioner,random440_expressivespeech_017,5,863,sampled_tokens,/data/L202500147/Caption/DualISL_Train_RewardV3/runs/midasheng_7b_reward_v3_10rounds_20260905_run01/round_001/collections/round_001_audio_caption_rollout.output.jsonl
1,Captioner,random440_expressivespeech_326,6,602,sampled_tokens,/data/L202500147/Caption/DualISL_Train_RewardV3/runs/midasheng_7b_reward_v3_10rounds_20260905_run01/round_001/collections/round_001_audio_caption_rollout.output.jsonl
1,Captioner,random440_expressivespeech_283,7,625,sampled_tokens,/data/L202500147/Caption/DualISL_Train_RewardV3/runs/midasheng_7b_reward_v3_10rounds_20260905_run01/round_001/collections/round_001_audio_caption_rollout.output.jsonl
1,Captioner,random440_expressivespeech_004,0,609,sampled_tokens,/data/L202500147/Caption/DualISL_Train_RewardV3/runs/midasheng_7b_reward_v3_10rounds_20260905_run01/round_001/collections/round_001_audio_caption_rollout.output.jsonl
1,Captioner,random440_expressivespeech_192,1,450,sampled_tokens,/data/L202500147/Caption/DualISL_Train_RewardV3/runs/midasheng_7b_reward_v3_10rounds_20260905_run01/round_001/collections/round_001_audio_caption_rollout.output.jsonl
1,Captioner,random440_deear_093,2,516,sampled_tokens,/data/L202500147/Caption/DualISL_Train_RewardV3/runs/midasheng_7b_reward_v3_10rounds_20260905_run01/round_001/collections/round_001_audio_caption_rollout.output.jsonl
1,Captioner,random440_expressivespeech_079,3,709,sampled_tokens,/data/L202500147/Caption/DualISL_Train_RewardV3/runs/midasheng_7b_reward_v3_10rounds_20260905_run01/round_001/collections/round_001_audio_caption_rollout.output.jsonl
1,Captioner,random440_expressivespeech_122,4,790,sampled_tokens,/data/L202500147/Caption/DualISL_Train_RewardV3/runs/midasheng_7b_reward_v3_10rounds_20260905_run01/round_001/collections/round_001_audio_caption_rollout.output.jsonl
1,Captioner,random440_expressivespeech_183,5,853,sampled_tokens,/data/L202500147/Caption/DualISL_Train_RewardV3/runs/midasheng_7b_reward_v3_10rounds_20260905_run01/round_001/collections/round_001_audio_caption_rollout.output.jsonl
1,Captioner,random440_deear_086,6,705,sampled_tokens,/data/L202500147/Caption/DualISL_Train_RewardV3/runs/midasheng_7b_reward_v3_10rounds_20260905_run01/round_001/collections/round_001_audio_caption_rollout.output.jsonl
1,Captioner,random440_deear_044,7,503,sampled_tokens,/data/L202500147/Caption/DualISL_Train_RewardV3/runs/midasheng_7b_reward_v3_10rounds_20260905_run01/round_001/collections/round_001_audio_caption_rollout.output.jsonl
1,Captioner,random440_expressivespeech_158,0,828,sampled_tokens,/data/L202500147/Caption/DualISL_Train_RewardV3/runs/midasheng_7b_reward_v3_10rounds_20260905_run01/round_001/collections/round_001_audio_caption_rollout.output.jsonl
1,Captioner,random440_expressivespeech_271,1,596,sampled_tokens,/data/L202500147/Caption/DualISL_Train_RewardV3/runs/midasheng_7b_reward_v3_10rounds_20260905_run01/round_001/collections/round_001_audio_caption_rollout.output.jsonl
1,Captioner,random440_expressivespeech_225,2,553,sampled_tokens,/data/L202500147/Caption/DualISL_Train_RewardV3/runs/midasheng_7b_reward_v3_10rounds_20260905_run01/round_001/collections/round_001_audio_caption_rollout.output.jsonl
1,Captioner,random440_expressivespeech_176,3,932,sampled_tokens,/data/L202500147/Caption/DualISL_Train_RewardV3/runs/midasheng_7b_reward_v3_10rounds_20260905_run01/round_001/collections/round_001_audio_caption_rollout.output.jsonl
1,Captioner,random440_deear_070,4,572,sampled_tokens,/data/L202500147/Caption/DualISL_Train_RewardV3/runs/midasheng_7b_reward_v3_10rounds_20260905_run01/round_001/collections/round_001_audio_caption_rollout.output.jsonl
1,Captioner,random440_expressivespeech_043,5,555,sampled_tokens,/data/L202500147/Caption/DualISL_Train_RewardV3/runs/midasheng_7b_reward_v3_10rounds_20260905_run01/round_001/collections/round_001_audio_caption_rollout.output.jsonl
1,Captioner,random440_expressivespeech_154,6,767,sampled_tokens,/data/L202500147/Caption/DualISL_Train_RewardV3/runs/midasheng_7b_reward_v3_10rounds_20260905_run01/round_001/collections/round_001_audio_caption_rollout.output.jsonl
1,Captioner,random440_expressivespeech_249,7,979,sampled_tokens,/data/L202500147/Caption/DualISL_Train_RewardV3/runs/midasheng_7b_reward_v3_10rounds_20260905_run01/round_001/collections/round_001_audio_caption_rollout.output.jsonl
1,Captioner,random440_deear_072,0,544,sampled_tokens,/data/L202500147/Caption/DualISL_Train_RewardV3/runs/midasheng_7b_reward_v3_10rounds_20260905_run01/round_001/collections/round_001_audio_caption_rollout.output.jsonl
1,Captioner,random440_expressivespeech_050,1,811,sampled_tokens,/data/L202500147/Caption/DualISL_Train_RewardV3/runs/midasheng_7b_reward_v3_10rounds_20260905_run01/round_001/collections/round_001_audio_caption_rollout.output.jsonl
1,Captioner,random440_expressivespeech_046,2,799,sampled_tokens,/data/L202500147/Caption/DualISL_Train_RewardV3/runs/midasheng_7b_reward_v3_10rounds_20260905_run01/round_001/collections/round_001_audio_caption_rollout.output.jsonl
1,Captioner,random440_expressivespeech_011,3,437,sampled_tokens,/data/L202500147/Caption/DualISL_Train_RewardV3/runs/midasheng_7b_reward_v3_10rounds_20260905_run01/round_001/collections/round_001_audio_caption_rollout.output.jsonl
1,Captioner,random440_expressivespeech_167,4,462,sampled_tokens,/data/L202500147/Caption/DualISL_Train_RewardV3/runs/midasheng_7b_reward_v3_10rounds_20260905_run01/round_001/collections/round_001_audio_caption_rollout.output.jsonl
1,Captioner,random440_expressivespeech_227,5,691,sampled_tokens,/data/L202500147/Caption/DualISL_Train_RewardV3/runs/midasheng_7b_reward_v3_10rounds_20260905_run01/round_001/collections/round_001_audio_caption_rollout.output.jsonl
1,Captioner,random440_expressivespeech_175,6,726,sampled_tokens,/data/L202500147/Caption/DualISL_Train_RewardV3/runs/midasheng_7b_reward_v3_10rounds_20260905_run01/round_001/collections/round_001_audio_caption_rollout.output.jsonl
1,Captioner,random440_expressivespeech_160,7,744,sampled_tokens,/data/L202500147/Caption/DualISL_Train_RewardV3/runs/midasheng_7b_reward_v3_10rounds_20260905_run01/round_001/collections/round_001_audio_caption_rollout.output.jsonl
1,Captioner,random440_expressivespeech_202,0,734,sampled_tokens,/data/L202500147/Caption/DualISL_Train_RewardV3/runs/midasheng_7b_reward_v3_10rounds_20260905_run01/round_001/collections/round_001_audio_caption_rollout.output.jsonl
1,Captioner,random440_expressivespeech_314,1,587,sampled_tokens,/data/L202500147/Caption/DualISL_Train_RewardV3/runs/midasheng_7b_reward_v3_10rounds_20260905_run01/round_001/collections/round_001_audio_caption_rollout.output.jsonl
1,Captioner,random440_expressivespeech_238,2,495,sampled_tokens,/data/L202500147/Caption/DualISL_Train_RewardV3/runs/midasheng_7b_reward_v3_10rounds_20260905_run01/round_001/collections/round_001_audio_caption_rollout.output.jsonl
1,Captioner,random440_expressivespeech_179,3,652,sampled_tokens,/data/L202500147/Caption/DualISL_Train_RewardV3/runs/midasheng_7b_reward_v3_10rounds_20260905_run01/round_001/collections/round_001_audio_caption_rollout.output.jsonl
1,Captioner,random440_deear_054,4,725,sampled_tokens,/data/L202500147/Caption/DualISL_Train_RewardV3/runs/midasheng_7b_reward_v3_10rounds_20260905_run01/round_001/collections/round_001_audio_caption_rollout.output.jsonl
1,Captioner,random440_deear_037,5,662,sampled_tokens,/data/L202500147/Caption/DualISL_Train_RewardV3/runs/midasheng_7b_reward_v3_10rounds_20260905_run01/round_001/collections/round_001_audio_caption_rollout.output.jsonl
1,Captioner,random440_expressivespeech_220,6,607,sampled_tokens,/data/L202500147/Caption/DualISL_Train_RewardV3/runs/midasheng_7b_reward_v3_10rounds_20260905_run01/round_001/collections/round_001_audio_caption_rollout.output.jsonl
1,Captioner,random440_expressivespeech_228,7,685,sampled_tokens,/data/L202500147/Caption/DualISL_Train_RewardV3/runs/midasheng_7b_reward_v3_10rounds_20260905_run01/round_001/collections/round_001_audio_caption_rollout.output.jsonl
1,Captioner,random440_expressivespeech_272,0,660,sampled_tokens,/data/L202500147/Caption/DualISL_Train_RewardV3/runs/midasheng_7b_reward_v3_10rounds_20260905_run01/round_001/collections/round_001_audio_caption_rollout.output.jsonl
1,Captioner,random440_expressivespeech_285,1,795,sampled_tokens,/data/L202500147/Caption/DualISL_Train_RewardV3/runs/midasheng_7b_reward_v3_10rounds_20260905_run01/round_001/collections/round_001_audio_caption_rollout.output.jsonl
1,Captioner,random440_expressivespeech_013,2,725,sampled_tokens,/data/L202500147/Caption/DualISL_Train_RewardV3/runs/midasheng_7b_reward_v3_10rounds_20260905_run01/round_001/collections/round_001_audio_caption_rollout.output.jsonl
1,Captioner,random440_expressivespeech_290,3,639,sampled_tokens,/data/L202500147/Caption/DualISL_Train_RewardV3/runs/midasheng_7b_reward_v3_10rounds_20260905_run01/round_001/collections/round_001_audio_caption_rollout.output.jsonl
1,Captioner,random440_expressivespeech_256,4,810,sampled_tokens,/data/L202500147/Caption/DualISL_Train_RewardV3/runs/midasheng_7b_reward_v3_10rounds_20260905_run01/round_001/collections/round_001_audio_caption_rollout.output.jsonl
1,Captioner,random440_expressivespeech_083,5,619,sampled_tokens,/data/L202500147/Caption/DualISL_Train_RewardV3/runs/midasheng_7b_reward_v3_10rounds_20260905_run01/round_001/collections/round_001_audio_caption_rollout.output.jsonl
1,Captioner,random440_expressivespeech_126,6,555,sampled_tokens,/data/L202500147/Caption/DualISL_Train_RewardV3/runs/midasheng_7b_reward_v3_10rounds_20260905_run01/round_001/collections/round_001_audio_caption_rollout.output.jsonl
1,Captioner,random440_expressivespeech_087,7,799,sampled_tokens,/data/L202500147/Caption/DualISL_Train_RewardV3/runs/midasheng_7b_reward_v3_10rounds_20260905_run01/round_001/collections/round_001_audio_caption_rollout.output.jsonl
1,Captioner,random440_expressivespeech_109,0,644,sampled_tokens,/data/L202500147/Caption/DualISL_Train_RewardV3/runs/midasheng_7b_reward_v3_10rounds_20260905_run01/round_001/collections/round_001_audio_caption_rollout.output.jsonl
1,Captioner,random440_expressivespeech_135,1,837,sampled_tokens,/data/L202500147/Caption/DualISL_Train_RewardV3/runs/midasheng_7b_reward_v3_10rounds_20260905_run01/round_001/collections/round_001_audio_caption_rollout.output.jsonl
1,Captioner,random440_deear_032,2,668,sampled_tokens,/data/L202500147/Caption/DualISL_Train_RewardV3/runs/midasheng_7b_reward_v3_10rounds_20260905_run01/round_001/collections/round_001_audio_caption_rollout.output.jsonl
1,Captioner,random440_expressivespeech_197,3,719,sampled_tokens,/data/L202500147/Caption/DualISL_Train_RewardV3/runs/midasheng_7b_reward_v3_10rounds_20260905_run01/round_001/collections/round_001_audio_caption_rollout.output.jsonl
1,Captioner,random440_expressivespeech_181,4,626,sampled_tokens,/data/L202500147/Caption/DualISL_Train_RewardV3/runs/midasheng_7b_reward_v3_10rounds_20260905_run01/round_001/collections/round_001_audio_caption_rollout.output.jsonl
1,Captioner,random440_deear_003,5,648,sampled_tokens,/data/L202500147/Caption/DualISL_Train_RewardV3/runs/midasheng_7b_reward_v3_10rounds_20260905_run01/round_001/collections/round_001_audio_caption_rollout.output.jsonl
1,Captioner,random440_deear_049,6,602,sampled_tokens,/data/L202500147/Caption/DualISL_Train_RewardV3/runs/midasheng_7b_reward_v3_10rounds_20260905_run01/round_001/collections/round_001_audio_caption_rollout.output.jsonl
1,Captioner,random440_expressivespeech_007,7,554,sampled_tokens,/data/L202500147/Caption/DualISL_Train_RewardV3/runs/midasheng_7b_reward_v3_10rounds_20260905_run01/round_001/collections/round_001_audio_caption_rollout.output.jsonl
1,Captioner,random440_expressivespeech_235,0,529,sampled_tokens,/data/L202500147/Caption/DualISL_Train_RewardV3/runs/midasheng_7b_reward_v3_10rounds_20260905_run01/round_001/collections/round_001_audio_caption_rollout.output.jsonl
1,Captioner,random440_expressivespeech_157,1,684,sampled_tokens,/data/L202500147/Caption/DualISL_Train_RewardV3/runs/midasheng_7b_reward_v3_10rounds_20260905_run01/round_001/collections/round_001_audio_caption_rollout.output.jsonl
1,Captioner,random440_expressivespeech_063,2,521,sampled_tokens,/data/L202500147/Caption/DualISL_Train_RewardV3/runs/midasheng_7b_reward_v3_10rounds_20260905_run01/round_001/collections/round_001_audio_caption_rollout.output.jsonl
1,Captioner,random440_expressivespeech_089,3,507,sampled_tokens,/data/L202500147/Caption/DualISL_Train_RewardV3/runs/midasheng_7b_reward_v3_10rounds_20260905_run01/round_001/collections/round_001_audio_caption_rollout.output.jsonl
1,Captioner,random440_expressivespeech_113,4,685,sampled_tokens,/data/L202500147/Caption/DualISL_Train_RewardV3/runs/midasheng_7b_reward_v3_10rounds_20260905_run01/round_001/collections/round_001_audio_caption_rollout.output.jsonl
1,Captioner,random440_expressivespeech_020,5,454,sampled_tokens,/data/L202500147/Caption/DualISL_Train_RewardV3/runs/midasheng_7b_reward_v3_10rounds_20260905_run01/round_001/collections/round_001_audio_caption_rollout.output.jsonl
1,Captioner,random440_expressivespeech_028,6,568,sampled_tokens,/data/L202500147/Caption/DualISL_Train_RewardV3/runs/midasheng_7b_reward_v3_10rounds_20260905_run01/round_001/collections/round_001_audio_caption_rollout.output.jsonl
1,Captioner,random440_deear_084,7,1003,sampled_tokens,/data/L202500147/Caption/DualISL_Train_RewardV3/runs/midasheng_7b_reward_v3_10rounds_20260905_run01/round_001/collections/round_001_audio_caption_rollout.output.jsonl
1,Captioner,random440_expressivespeech_093,0,468,sampled_tokens,/data/L202500147/Caption/DualISL_Train_RewardV3/runs/midasheng_7b_reward_v3_10rounds_20260905_run01/round_001/collections/round_001_audio_caption_rollout.output.jsonl
1,Captioner,random440_expressivespeech_222,1,812,sampled_tokens,/data/L202500147/Caption/DualISL_Train_RewardV3/runs/midasheng_7b_reward_v3_10rounds_20260905_run01/round_001/collections/round_001_audio_caption_rollout.output.jsonl
1,Captioner,random440_deear_015,2,533,sampled_tokens,/data/L202500147/Caption/DualISL_Train_RewardV3/runs/midasheng_7b_reward_v3_10rounds_20260905_run01/round_001/collections/round_001_audio_caption_rollout.output.jsonl
1,Captioner,random440_deear_083,3,516,sampled_tokens,/data/L202500147/Caption/DualISL_Train_RewardV3/runs/midasheng_7b_reward_v3_10rounds_20260905_run01/round_001/collections/round_001_audio_caption_rollout.output.jsonl
1,Captioner,random440_deear_096,4,663,sampled_tokens,/data/L202500147/Caption/DualISL_Train_RewardV3/runs/midasheng_7b_reward_v3_10rounds_20260905_run01/round_001/collections/round_001_audio_caption_rollout.output.jsonl
1,Captioner,random440_expressivespeech_219,5,527,sampled_tokens,/data/L202500147/Caption/DualISL_Train_RewardV3/runs/midasheng_7b_reward_v3_10rounds_20260905_run01/round_001/collections/round_001_audio_caption_rollout.output.jsonl
1,Captioner,random440_deear_082,6,584,sampled_tokens,/data/L202500147/Caption/DualISL_Train_RewardV3/runs/midasheng_7b_reward_v3_10rounds_20260905_run01/round_001/collections/round_001_audio_caption_rollout.output.jsonl
1,Captioner,random440_expressivespeech_208,7,753,sampled_tokens,/data/L202500147/Caption/DualISL_Train_RewardV3/runs/midasheng_7b_reward_v3_10rounds_20260905_run01/round_001/collections/round_001_audio_caption_rollout.output.jsonl
1,Captioner,random440_expressivespeech_035,0,743,sampled_tokens,/data/L202500147/Caption/DualISL_Train_RewardV3/runs/midasheng_7b_reward_v3_10rounds_20260905_run01/round_001/collections/round_001_audio_caption_rollout.output.jsonl
1,Captioner,random440_expressivespeech_147,1,606,sampled_tokens,/data/L202500147/Caption/DualISL_Train_RewardV3/runs/midasheng_7b_reward_v3_10rounds_20260905_run01/round_001/collections/round_001_audio_caption_rollout.output.jsonl
1,Captioner,random440_expressivespeech_266,2,669,sampled_tokens,/data/L202500147/Caption/DualISL_Train_RewardV3/runs/midasheng_7b_reward_v3_10rounds_20260905_run01/round_001/collections/round_001_audio_caption_rollout.output.jsonl
1,Captioner,random440_expressivespeech_188,3,515,sampled_tokens,/data/L202500147/Caption/DualISL_Train_RewardV3/runs/midasheng_7b_reward_v3_10rounds_20260905_run01/round_001/collections/round_001_audio_caption_rollout.output.jsonl
1,Captioner,random440_expressivespeech_045,4,559,sampled_tokens,/data/L202500147/Caption/DualISL_Train_RewardV3/runs/midasheng_7b_reward_v3_10rounds_20260905_run01/round_001/collections/round_001_audio_caption_rollout.output.jsonl
1,Captioner,random440_deear_092,5,549,sampled_tokens,/data/L202500147/Caption/DualISL_Train_RewardV3/runs/midasheng_7b_reward_v3_10rounds_20260905_run01/round_001/collections/round_001_audio_caption_rollout.output.jsonl
1,Captioner,random440_expressivespeech_019,6,659,sampled_tokens,/data/L202500147/Caption/DualISL_Train_RewardV3/runs/midasheng_7b_reward_v3_10rounds_20260905_run01/round_001/collections/round_001_audio_caption_rollout.output.jsonl
1,Captioner,random440_expressivespeech_313,7,807,sampled_tokens,/data/L202500147/Caption/DualISL_Train_RewardV3/runs/midasheng_7b_reward_v3_10rounds_20260905_run01/round_001/collections/round_001_audio_caption_rollout.output.jsonl
1,Captioner,random440_deear_047,0,748,sampled_tokens,/data/L202500147/Caption/DualISL_Train_RewardV3/runs/midasheng_7b_reward_v3_10rounds_20260905_run01/round_001/collections/round_001_audio_caption_rollout.output.jsonl
1,Captioner,random440_expressivespeech_069,1,535,sampled_tokens,/data/L202500147/Caption/DualISL_Train_RewardV3/runs/midasheng_7b_reward_v3_10rounds_20260905_run01/round_001/collections/round_001_audio_caption_rollout.output.jsonl
1,Captioner,random440_deear_024,2,635,sampled_tokens,/data/L202500147/Caption/DualISL_Train_RewardV3/runs/midasheng_7b_reward_v3_10rounds_20260905_run01/round_001/collections/round_001_audio_caption_rollout.output.jsonl
1,Captioner,random440_expressivespeech_187,3,449,sampled_tokens,/data/L202500147/Caption/DualISL_Train_RewardV3/runs/midasheng_7b_reward_v3_10rounds_20260905_run01/round_001/collections/round_001_audio_caption_rollout.output.jsonl
1,Captioner,random440_expressivespeech_088,4,376,sampled_tokens,/data/L202500147/Caption/DualISL_Train_RewardV3/runs/midasheng_7b_reward_v3_10rounds_20260905_run01/round_001/collections/round_001_audio_caption_rollout.output.jsonl
1,Captioner,random440_expressivespeech_009,5,577,sampled_tokens,/data/L202500147/Caption/DualISL_Train_RewardV3/runs/midasheng_7b_reward_v3_10rounds_20260905_run01/round_001/collections/round_001_audio_caption_rollout.output.jsonl
1,Captioner,random440_expressivespeech_168,6,675,sampled_tokens,/data/L202500147/Caption/DualISL_Train_RewardV3/runs/midasheng_7b_reward_v3_10rounds_20260905_run01/round_001/collections/round_001_audio_caption_rollout.output.jsonl
1,Captioner,random440_expressivespeech_252,7,747,sampled_tokens,/data/L202500147/Caption/DualISL_Train_RewardV3/runs/midasheng_7b_reward_v3_10rounds_20260905_run01/round_001/collections/round_001_audio_caption_rollout.output.jsonl
1,Captioner,random440_expressivespeech_095,0,982,sampled_tokens,/data/L202500147/Caption/DualISL_Train_RewardV3/runs/midasheng_7b_reward_v3_10rounds_20260905_run01/round_001/collections/round_001_audio_caption_rollout.output.jsonl
1,Captioner,random440_expressivespeech_090,1,743,sampled_tokens,/data/L202500147/Caption/DualISL_Train_RewardV3/runs/midasheng_7b_reward_v3_10rounds_20260905_run01/round_001/collections/round_001_audio_caption_rollout.output.jsonl
1,Captioner,random440_expressivespeech_053,2,490,sampled_tokens,/data/L202500147/Caption/DualISL_Train_RewardV3/runs/midasheng_7b_reward_v3_10rounds_20260905_run01/round_001/collections/round_001_audio_caption_rollout.output.jsonl
1,Captioner,random440_expressivespeech_165,3,569,sampled_tokens,/data/L202500147/Caption/DualISL_Train_RewardV3/runs/midasheng_7b_reward_v3_10rounds_20260905_run01/round_001/collections/round_001_audio_caption_rollout.output.jsonl
1,Captioner,random440_deear_010,4,571,sampled_tokens,/data/L202500147/Caption/DualISL_Train_RewardV3/runs/midasheng_7b_reward_v3_10rounds_20260905_run01/round_001/collections/round_001_audio_caption_rollout.output.jsonl
1,Captioner,random440_expressivespeech_312,5,654,sampled_tokens,/data/L202500147/Caption/DualISL_Train_RewardV3/runs/midasheng_7b_reward_v3_10rounds_20260905_run01/round_001/collections/round_001_audio_caption_rollout.output.jsonl
1,Captioner,random440_expressivespeech_057,6,810,sampled_tokens,/data/L202500147/Caption/DualISL_Train_RewardV3/runs/midasheng_7b_reward_v3_10rounds_20260905_run01/round_001/collections/round_001_audio_caption_rollout.output.jsonl
1,Captioner,random440_expressivespeech_309,7,582,sampled_tokens,/data/L202500147/Caption/DualISL_Train_RewardV3/runs/midasheng_7b_reward_v3_10rounds_20260905_run01/round_001/collections/round_001_audio_caption_rollout.output.jsonl
1,Captioner,random440_expressivespeech_076,0,694,sampled_tokens,/data/L202500147/Caption/DualISL_Train_RewardV3/runs/midasheng_7b_reward_v3_10rounds_20260905_run01/round_001/collections/round_001_audio_caption_rollout.output.jsonl
1,Captioner,random440_expressivespeech_292,1,844,sampled_tokens,/data/L202500147/Caption/DualISL_Train_RewardV3/runs/midasheng_7b_reward_v3_10rounds_20260905_run01/round_001/collections/round_001_audio_caption_rollout.output.jsonl
1,Captioner,random440_expressivespeech_148,2,751,sampled_tokens,/data/L202500147/Caption/DualISL_Train_RewardV3/runs/midasheng_7b_reward_v3_10rounds_20260905_run01/round_001/collections/round_001_audio_caption_rollout.output.jsonl
1,Captioner,random440_expressivespeech_111,3,526,sampled_tokens,/data/L202500147/Caption/DualISL_Train_RewardV3/runs/midasheng_7b_reward_v3_10rounds_20260905_run01/round_001/collections/round_001_audio_caption_rollout.output.jsonl
1,Captioner,random440_expressivespeech_016,4,740,sampled_tokens,/data/L202500147/Caption/DualISL_Train_RewardV3/runs/midasheng_7b_reward_v3_10rounds_20260905_run01/round_001/collections/round_001_audio_caption_rollout.output.jsonl
1,Captioner,random440_deear_016,5,698,sampled_tokens,/data/L202500147/Caption/DualISL_Train_RewardV3/runs/midasheng_7b_reward_v3_10rounds_20260905_run01/round_001/collections/round_001_audio_caption_rollout.output.jsonl
1,Captioner,random440_expressivespeech_138,6,828,sampled_tokens,/data/L202500147/Caption/DualISL_Train_RewardV3/runs/midasheng_7b_reward_v3_10rounds_20260905_run01/round_001/collections/round_001_audio_caption_rollout.output.jsonl
1,Captioner,random440_expressivespeech_254,7,533,sampled_tokens,/data/L202500147/Caption/DualISL_Train_RewardV3/runs/midasheng_7b_reward_v3_10rounds_20260905_run01/round_001/collections/round_001_audio_caption_rollout.output.jsonl
1,Captioner,random440_deear_087,0,768,sampled_tokens,/data/L202500147/Caption/DualISL_Train_RewardV3/runs/midasheng_7b_reward_v3_10rounds_20260905_run01/round_001/collections/round_001_audio_caption_rollout.output.jsonl
1,Captioner,random440_expressivespeech_246,1,472,sampled_tokens,/data/L202500147/Caption/DualISL_Train_RewardV3/runs/midasheng_7b_reward_v3_10rounds_20260905_run01/round_001/collections/round_001_audio_caption_rollout.output.jsonl
1,Captioner,random440_expressivespeech_338,2,661,sampled_tokens,/data/L202500147/Caption/DualISL_Train_RewardV3/runs/midasheng_7b_reward_v3_10rounds_20260905_run01/round_001/collections/round_001_audio_caption_rollout.output.jsonl
1,Captioner,random440_expressivespeech_215,3,910,sampled_tokens,/data/L202500147/Caption/DualISL_Train_RewardV3/runs/midasheng_7b_reward_v3_10rounds_20260905_run01/round_001/collections/round_001_audio_caption_rollout.output.jsonl
1,Captioner,random440_expressivespeech_031,4,608,sampled_tokens,/data/L202500147/Caption/DualISL_Train_RewardV3/runs/midasheng_7b_reward_v3_10rounds_20260905_run01/round_001/collections/round_001_audio_caption_rollout.output.jsonl
1,Captioner,random440_expressivespeech_068,5,529,sampled_tokens,/data/L202500147/Caption/DualISL_Train_RewardV3/runs/midasheng_7b_reward_v3_10rounds_20260905_run01/round_001/collections/round_001_audio_caption_rollout.output.jsonl
1,Captioner,random440_expressivespeech_310,6,574,sampled_tokens,/data/L202500147/Caption/DualISL_Train_RewardV3/runs/midasheng_7b_reward_v3_10rounds_20260905_run01/round_001/collections/round_001_audio_caption_rollout.output.jsonl
1,Captioner,random440_expressivespeech_101,7,694,sampled_tokens,/data/L202500147/Caption/DualISL_Train_RewardV3/runs/midasheng_7b_reward_v3_10rounds_20260905_run01/round_001/collections/round_001_audio_caption_rollout.output.jsonl
1,Captioner,random440_deear_014,0,778,sampled_tokens,/data/L202500147/Caption/DualISL_Train_RewardV3/runs/midasheng_7b_reward_v3_10rounds_20260905_run01/round_001/collections/round_001_audio_caption_rollout.output.jsonl
1,Captioner,random440_expressivespeech_041,1,1077,sampled_tokens,/data/L202500147/Caption/DualISL_Train_RewardV3/runs/midasheng_7b_reward_v3_10rounds_20260905_run01/round_001/collections/round_001_audio_caption_rollout.output.jsonl
1,Captioner,random440_expressivespeech_319,2,888,sampled_tokens,/data/L202500147/Caption/DualISL_Train_RewardV3/runs/midasheng_7b_reward_v3_10rounds_20260905_run01/round_001/collections/round_001_audio_caption_rollout.output.jsonl
1,Captioner,random440_deear_040,3,532,sampled_tokens,/data/L202500147/Caption/DualISL_Train_RewardV3/runs/midasheng_7b_reward_v3_10rounds_20260905_run01/round_001/collections/round_001_audio_caption_rollout.output.jsonl
1,Captioner,random440_expressivespeech_185,4,722,sampled_tokens,/data/L202500147/Caption/DualISL_Train_RewardV3/runs/midasheng_7b_reward_v3_10rounds_20260905_run01/round_001/collections/round_001_audio_caption_rollout.output.jsonl
1,Captioner,random440_expressivespeech_340,5,547,sampled_tokens,/data/L202500147/Caption/DualISL_Train_RewardV3/runs/midasheng_7b_reward_v3_10rounds_20260905_run01/round_001/collections/round_001_audio_caption_rollout.output.jsonl
1,Captioner,random440_expressivespeech_294,6,708,sampled_tokens,/data/L202500147/Caption/DualISL_Train_RewardV3/runs/midasheng_7b_reward_v3_10rounds_20260905_run01/round_001/collections/round_001_audio_caption_rollout.output.jsonl
1,Captioner,random440_expressivespeech_270,7,634,sampled_tokens,/data/L202500147/Caption/DualISL_Train_RewardV3/runs/midasheng_7b_reward_v3_10rounds_20260905_run01/round_001/collections/round_001_audio_caption_rollout.output.jsonl
1,Captioner,random440_expressivespeech_334,0,788,sampled_tokens,/data/L202500147/Caption/DualISL_Train_RewardV3/runs/midasheng_7b_reward_v3_10rounds_20260905_run01/round_001/collections/round_001_audio_caption_rollout.output.jsonl
1,Captioner,random440_expressivespeech_080,1,825,sampled_tokens,/data/L202500147/Caption/DualISL_Train_RewardV3/runs/midasheng_7b_reward_v3_10rounds_20260905_run01/round_001/collections/round_001_audio_caption_rollout.output.jsonl
1,Captioner,random440_expressivespeech_329,2,605,sampled_tokens,/data/L202500147/Caption/DualISL_Train_RewardV3/runs/midasheng_7b_reward_v3_10rounds_20260905_run01/round_001/collections/round_001_audio_caption_rollout.output.jsonl
1,Captioner,random440_expressivespeech_110,3,828,sampled_tokens,/data/L202500147/Caption/DualISL_Train_RewardV3/runs/midasheng_7b_reward_v3_10rounds_20260905_run01/round_001/collections/round_001_audio_caption_rollout.output.jsonl
1,Captioner,random440_expressivespeech_180,4,799,sampled_tokens,/data/L202500147/Caption/DualISL_Train_RewardV3/runs/midasheng_7b_reward_v3_10rounds_20260905_run01/round_001/collections/round_001_audio_caption_rollout.output.jsonl
1,Captioner,random440_expressivespeech_107,5,622,sampled_tokens,/data/L202500147/Caption/DualISL_Train_RewardV3/runs/midasheng_7b_reward_v3_10rounds_20260905_run01/round_001/collections/round_001_audio_caption_rollout.output.jsonl
1,Captioner,random440_expressivespeech_025,6,680,sampled_tokens,/data/L202500147/Caption/DualISL_Train_RewardV3/runs/midasheng_7b_reward_v3_10rounds_20260905_run01/round_001/collections/round_001_audio_caption_rollout.output.jsonl
1,Captioner,random440_expressivespeech_096,7,797,sampled_tokens,/data/L202500147/Caption/DualISL_Train_RewardV3/runs/midasheng_7b_reward_v3_10rounds_20260905_run01/round_001/collections/round_001_audio_caption_rollout.output.jsonl
1,Captioner,random440_deear_030,0,602,sampled_tokens,/data/L202500147/Caption/DualISL_Train_RewardV3/runs/midasheng_7b_reward_v3_10rounds_20260905_run01/round_001/collections/round_001_audio_caption_rollout.output.jsonl
1,Captioner,random440_expressivespeech_315,1,635,sampled_tokens,/data/L202500147/Caption/DualISL_Train_RewardV3/runs/midasheng_7b_reward_v3_10rounds_20260905_run01/round_001/collections/round_001_audio_caption_rollout.output.jsonl
1,Captioner,random440_expressivespeech_265,2,772,sampled_tokens,/data/L202500147/Caption/DualISL_Train_RewardV3/runs/midasheng_7b_reward_v3_10rounds_20260905_run01/round_001/collections/round_001_audio_caption_rollout.output.jsonl
1,Captioner,random440_expressivespeech_027,3,722,sampled_tokens,/data/L202500147/Caption/DualISL_Train_RewardV3/runs/midasheng_7b_reward_v3_10rounds_20260905_run01/round_001/collections/round_001_audio_caption_rollout.output.jsonl
1,Captioner,random440_expressivespeech_155,4,714,sampled_tokens,/data/L202500147/Caption/DualISL_Train_RewardV3/runs/midasheng_7b_reward_v3_10rounds_20260905_run01/round_001/collections/round_001_audio_caption_rollout.output.jsonl
1,Captioner,random440_expressivespeech_010,5,695,sampled_tokens,/data/L202500147/Caption/DualISL_Train_RewardV3/runs/midasheng_7b_reward_v3_10rounds_20260905_run01/round_001/collections/round_001_audio_caption_rollout.output.jsonl
1,Captioner,random440_expressivespeech_295,6,515,sampled_tokens,/data/L202500147/Caption/DualISL_Train_RewardV3/runs/midasheng_7b_reward_v3_10rounds_20260905_run01/round_001/collections/round_001_audio_caption_rollout.output.jsonl
1,Captioner,random440_expressivespeech_150,7,579,sampled_tokens,/data/L202500147/Caption/DualISL_Train_RewardV3/runs/midasheng_7b_reward_v3_10rounds_20260905_run01/round_001/collections/round_001_audio_caption_rollout.output.jsonl
1,Captioner,random440_expressivespeech_211,0,661,sampled_tokens,/data/L202500147/Caption/DualISL_Train_RewardV3/runs/midasheng_7b_reward_v3_10rounds_20260905_run01/round_001/collections/round_001_audio_caption_rollout.output.jsonl
1,Captioner,random440_deear_062,1,742,sampled_tokens,/data/L202500147/Caption/DualISL_Train_RewardV3/runs/midasheng_7b_reward_v3_10rounds_20260905_run01/round_001/collections/round_001_audio_caption_rollout.output.jsonl
1,Captioner,random440_expressivespeech_026,2,772,sampled_tokens,/data/L202500147/Caption/DualISL_Train_RewardV3/runs/midasheng_7b_reward_v3_10rounds_20260905_run01/round_001/collections/round_001_audio_caption_rollout.output.jsonl
1,Captioner,random440_expressivespeech_102,3,672,sampled_tokens,/data/L202500147/Caption/DualISL_Train_RewardV3/runs/midasheng_7b_reward_v3_10rounds_20260905_run01/round_001/collections/round_001_audio_caption_rollout.output.jsonl
1,Captioner,random440_deear_080,4,436,sampled_tokens,/data/L202500147/Caption/DualISL_Train_RewardV3/runs/midasheng_7b_reward_v3_10rounds_20260905_run01/round_001/collections/round_001_audio_caption_rollout.output.jsonl
1,Captioner,random440_expressivespeech_137,5,456,sampled_tokens,/data/L202500147/Caption/DualISL_Train_RewardV3/runs/midasheng_7b_reward_v3_10rounds_20260905_run01/round_001/collections/round_001_audio_caption_rollout.output.jsonl
1,Captioner,random440_expressivespeech_074,6,987,sampled_tokens,/data/L202500147/Caption/DualISL_Train_RewardV3/runs/midasheng_7b_reward_v3_10rounds_20260905_run01/round_001/collections/round_001_audio_caption_rollout.output.jsonl
1,Captioner,random440_expressivespeech_073,7,811,sampled_tokens,/data/L202500147/Caption/DualISL_Train_RewardV3/runs/midasheng_7b_reward_v3_10rounds_20260905_run01/round_001/collections/round_001_audio_caption_rollout.output.jsonl
1,Captioner,random440_expressivespeech_233,0,813,sampled_tokens,/data/L202500147/Caption/DualISL_Train_RewardV3/runs/midasheng_7b_reward_v3_10rounds_20260905_run01/round_001/collections/round_001_audio_caption_rollout.output.jsonl
1,Captioner,random440_expressivespeech_128,1,685,sampled_tokens,/data/L202500147/Caption/DualISL_Train_RewardV3/runs/midasheng_7b_reward_v3_10rounds_20260905_run01/round_001/collections/round_001_audio_caption_rollout.output.jsonl
1,Captioner,random440_expressivespeech_279,2,638,sampled_tokens,/data/L202500147/Caption/DualISL_Train_RewardV3/runs/midasheng_7b_reward_v3_10rounds_20260905_run01/round_001/collections/round_001_audio_caption_rollout.output.jsonl
1,Captioner,random440_expressivespeech_146,3,720,sampled_tokens,/data/L202500147/Caption/DualISL_Train_RewardV3/runs/midasheng_7b_reward_v3_10rounds_20260905_run01/round_001/collections/round_001_audio_caption_rollout.output.jsonl
1,Captioner,random440_expressivespeech_223,4,571,sampled_tokens,/data/L202500147/Caption/DualISL_Train_RewardV3/runs/midasheng_7b_reward_v3_10rounds_20260905_run01/round_001/collections/round_001_audio_caption_rollout.output.jsonl
1,Captioner,random440_deear_078,5,447,sampled_tokens,/data/L202500147/Caption/DualISL_Train_RewardV3/runs/midasheng_7b_reward_v3_10rounds_20260905_run01/round_001/collections/round_001_audio_caption_rollout.output.jsonl
1,Captioner,random440_expressivespeech_055,6,523,sampled_tokens,/data/L202500147/Caption/DualISL_Train_RewardV3/runs/midasheng_7b_reward_v3_10rounds_20260905_run01/round_001/collections/round_001_audio_caption_rollout.output.jsonl
1,Captioner,random440_expressivespeech_098,7,858,sampled_tokens,/data/L202500147/Caption/DualISL_Train_RewardV3/runs/midasheng_7b_reward_v3_10rounds_20260905_run01/round_001/collections/round_001_audio_caption_rollout.output.jsonl
1,Captioner,random440_expressivespeech_003,0,829,sampled_tokens,/data/L202500147/Caption/DualISL_Train_RewardV3/runs/midasheng_7b_reward_v3_10rounds_20260905_run01/round_001/collections/round_001_audio_caption_rollout.output.jsonl
1,Captioner,random440_expressivespeech_144,1,749,sampled_tokens,/data/L202500147/Caption/DualISL_Train_RewardV3/runs/midasheng_7b_reward_v3_10rounds_20260905_run01/round_001/collections/round_001_audio_caption_rollout.output.jsonl
1,Captioner,random440_expressivespeech_217,2,587,sampled_tokens,/data/L202500147/Caption/DualISL_Train_RewardV3/runs/midasheng_7b_reward_v3_10rounds_20260905_run01/round_001/collections/round_001_audio_caption_rollout.output.jsonl
1,Captioner,random440_expressivespeech_321,3,571,sampled_tokens,/data/L202500147/Caption/DualISL_Train_RewardV3/runs/midasheng_7b_reward_v3_10rounds_20260905_run01/round_001/collections/round_001_audio_caption_rollout.output.jsonl
1,Captioner,random440_expressivespeech_230,4,930,sampled_tokens,/data/L202500147/Caption/DualISL_Train_RewardV3/runs/midasheng_7b_reward_v3_10rounds_20260905_run01/round_001/collections/round_001_audio_caption_rollout.output.jsonl
1,Captioner,random440_deear_002,5,666,sampled_tokens,/data/L202500147/Caption/DualISL_Train_RewardV3/runs/midasheng_7b_reward_v3_10rounds_20260905_run01/round_001/collections/round_001_audio_caption_rollout.output.jsonl
1,Captioner,random440_expressivespeech_210,6,649,sampled_tokens,/data/L202500147/Caption/DualISL_Train_RewardV3/runs/midasheng_7b_reward_v3_10rounds_20260905_run01/round_001/collections/round_001_audio_caption_rollout.output.jsonl
1,Captioner,random440_expressivespeech_105,7,448,sampled_tokens,/data/L202500147/Caption/DualISL_Train_RewardV3/runs/midasheng_7b_reward_v3_10rounds_20260905_run01/round_001/collections/round_001_audio_caption_rollout.output.jsonl
1,Captioner,random440_expressivespeech_199,0,742,sampled_tokens,/data/L202500147/Caption/DualISL_Train_RewardV3/runs/midasheng_7b_reward_v3_10rounds_20260905_run01/round_001/collections/round_001_audio_caption_rollout.output.jsonl
1,Captioner,random440_expressivespeech_065,1,691,sampled_tokens,/data/L202500147/Caption/DualISL_Train_RewardV3/runs/midasheng_7b_reward_v3_10rounds_20260905_run01/round_001/collections/round_001_audio_caption_rollout.output.jsonl
1,Captioner,random440_expressivespeech_195,2,688,sampled_tokens,/data/L202500147/Caption/DualISL_Train_RewardV3/runs/midasheng_7b_reward_v3_10rounds_20260905_run01/round_001/collections/round_001_audio_caption_rollout.output.jsonl
1,Captioner,random440_expressivespeech_200,3,751,sampled_tokens,/data/L202500147/Caption/DualISL_Train_RewardV3/runs/midasheng_7b_reward_v3_10rounds_20260905_run01/round_001/collections/round_001_audio_caption_rollout.output.jsonl
1,Captioner,random440_expressivespeech_005,4,772,sampled_tokens,/data/L202500147/Caption/DualISL_Train_RewardV3/runs/midasheng_7b_reward_v3_10rounds_20260905_run01/round_001/collections/round_001_audio_caption_rollout.output.jsonl
1,Captioner,random440_expressivespeech_237,5,856,sampled_tokens,/data/L202500147/Caption/DualISL_Train_RewardV3/runs/midasheng_7b_reward_v3_10rounds_20260905_run01/round_001/collections/round_001_audio_caption_rollout.output.jsonl
1,Captioner,random440_expressivespeech_317,6,701,sampled_tokens,/data/L202500147/Caption/DualISL_Train_RewardV3/runs/midasheng_7b_reward_v3_10rounds_20260905_run01/round_001/collections/round_001_audio_caption_rollout.output.jsonl
1,Captioner,random440_expressivespeech_280,7,698,sampled_tokens,/data/L202500147/Caption/DualISL_Train_RewardV3/runs/midasheng_7b_reward_v3_10rounds_20260905_run01/round_001/collections/round_001_audio_caption_rollout.output.jsonl
1,Captioner,random440_deear_038,0,673,sampled_tokens,/data/L202500147/Caption/DualISL_Train_RewardV3/runs/midasheng_7b_reward_v3_10rounds_20260905_run01/round_001/collections/round_001_audio_caption_rollout.output.jsonl
1,Captioner,random440_expressivespeech_038,1,737,sampled_tokens,/data/L202500147/Caption/DualISL_Train_RewardV3/runs/midasheng_7b_reward_v3_10rounds_20260905_run01/round_001/collections/round_001_audio_caption_rollout.output.jsonl
1,Captioner,random440_expressivespeech_056,2,843,sampled_tokens,/data/L202500147/Caption/DualISL_Train_RewardV3/runs/midasheng_7b_reward_v3_10rounds_20260905_run01/round_001/collections/round_001_audio_caption_rollout.output.jsonl
1,Captioner,random440_expressivespeech_216,3,660,sampled_tokens,/data/L202500147/Caption/DualISL_Train_RewardV3/runs/midasheng_7b_reward_v3_10rounds_20260905_run01/round_001/collections/round_001_audio_caption_rollout.output.jsonl
1,Captioner,random440_expressivespeech_260,4,689,sampled_tokens,/data/L202500147/Caption/DualISL_Train_RewardV3/runs/midasheng_7b_reward_v3_10rounds_20260905_run01/round_001/collections/round_001_audio_caption_rollout.output.jsonl
1,Captioner,random440_expressivespeech_311,5,676,sampled_tokens,/data/L202500147/Caption/DualISL_Train_RewardV3/runs/midasheng_7b_reward_v3_10rounds_20260905_run01/round_001/collections/round_001_audio_caption_rollout.output.jsonl
1,Captioner,random440_expressivespeech_103,6,553,sampled_tokens,/data/L202500147/Caption/DualISL_Train_RewardV3/runs/midasheng_7b_reward_v3_10rounds_20260905_run01/round_001/collections/round_001_audio_caption_rollout.output.jsonl
1,Captioner,random440_expressivespeech_024,7,770,sampled_tokens,/data/L202500147/Caption/DualISL_Train_RewardV3/runs/midasheng_7b_reward_v3_10rounds_20260905_run01/round_001/collections/round_001_audio_caption_rollout.output.jsonl
1,Captioner,random440_expressivespeech_296,0,628,sampled_tokens,/data/L202500147/Caption/DualISL_Train_RewardV3/runs/midasheng_7b_reward_v3_10rounds_20260905_run01/round_001/collections/round_001_audio_caption_rollout.output.jsonl
1,Captioner,random440_expressivespeech_115,1,651,sampled_tokens,/data/L202500147/Caption/DualISL_Train_RewardV3/runs/midasheng_7b_reward_v3_10rounds_20260905_run01/round_001/collections/round_001_audio_caption_rollout.output.jsonl
1,Captioner,random440_expressivespeech_264,2,542,sampled_tokens,/data/L202500147/Caption/DualISL_Train_RewardV3/runs/midasheng_7b_reward_v3_10rounds_20260905_run01/round_001/collections/round_001_audio_caption_rollout.output.jsonl
1,Captioner,random440_expressivespeech_286,3,421,sampled_tokens,/data/L202500147/Caption/DualISL_Train_RewardV3/runs/midasheng_7b_reward_v3_10rounds_20260905_run01/round_001/collections/round_001_audio_caption_rollout.output.jsonl
1,Captioner,random440_expressivespeech_307,4,800,sampled_tokens,/data/L202500147/Caption/DualISL_Train_RewardV3/runs/midasheng_7b_reward_v3_10rounds_20260905_run01/round_001/collections/round_001_audio_caption_rollout.output.jsonl
1,Captioner,random440_deear_071,5,526,sampled_tokens,/data/L202500147/Caption/DualISL_Train_RewardV3/runs/midasheng_7b_reward_v3_10rounds_20260905_run01/round_001/collections/round_001_audio_caption_rollout.output.jsonl
1,Captioner,random440_expressivespeech_231,6,581,sampled_tokens,/data/L202500147/Caption/DualISL_Train_RewardV3/runs/midasheng_7b_reward_v3_10rounds_20260905_run01/round_001/collections/round_001_audio_caption_rollout.output.jsonl
1,Captioner,random440_expressivespeech_282,7,449,sampled_tokens,/data/L202500147/Caption/DualISL_Train_RewardV3/runs/midasheng_7b_reward_v3_10rounds_20260905_run01/round_001/collections/round_001_audio_caption_rollout.output.jsonl
1,TTS,random440_expressivespeech_164,0,377,codec_frames,/data/L202500147/Caption/DualISL_Train_RewardV3/runs/midasheng_7b_reward_v3_10rounds_20260905_run01/round_001/collections/round_001_caption_tts_rollout.output.jsonl
1,TTS,random440_expressivespeech_186,1,56,codec_frames,/data/L202500147/Caption/DualISL_Train_RewardV3/runs/midasheng_7b_reward_v3_10rounds_20260905_run01/round_001/collections/round_001_caption_tts_rollout.output.jsonl
1,TTS,random440_deear_053,2,40,codec_frames,/data/L202500147/Caption/DualISL_Train_RewardV3/runs/midasheng_7b_reward_v3_10rounds_20260905_run01/round_001/collections/round_001_caption_tts_rollout.output.jsonl
1,TTS,random440_expressivespeech_336,3,128,codec_frames,/data/L202500147/Caption/DualISL_Train_RewardV3/runs/midasheng_7b_reward_v3_10rounds_20260905_run01/round_001/collections/round_001_caption_tts_rollout.output.jsonl
1,TTS,random440_expressivespeech_044,4,147,codec_frames,/data/L202500147/Caption/DualISL_Train_RewardV3/runs/midasheng_7b_reward_v3_10rounds_20260905_run01/round_001/collections/round_001_caption_tts_rollout.output.jsonl
1,TTS,random440_expressivespeech_100,5,278,codec_frames,/data/L202500147/Caption/DualISL_Train_RewardV3/runs/midasheng_7b_reward_v3_10rounds_20260905_run01/round_001/collections/round_001_caption_tts_rollout.output.jsonl
1,TTS,random440_expressivespeech_140,6,43,codec_frames,/data/L202500147/Caption/DualISL_Train_RewardV3/runs/midasheng_7b_reward_v3_10rounds_20260905_run01/round_001/collections/round_001_caption_tts_rollout.output.jsonl
1,TTS,random440_expressivespeech_206,7,526,codec_frames,/data/L202500147/Caption/DualISL_Train_RewardV3/runs/midasheng_7b_reward_v3_10rounds_20260905_run01/round_001/collections/round_001_caption_tts_rollout.output.jsonl
1,TTS,random440_expressivespeech_133,0,488,codec_frames,/data/L202500147/Caption/DualISL_Train_RewardV3/runs/midasheng_7b_reward_v3_10rounds_20260905_run01/round_001/collections/round_001_caption_tts_rollout.output.jsonl
1,TTS,random440_expressivespeech_277,1,191,codec_frames,/data/L202500147/Caption/DualISL_Train_RewardV3/runs/midasheng_7b_reward_v3_10rounds_20260905_run01/round_001/collections/round_001_caption_tts_rollout.output.jsonl
1,TTS,random440_expressivespeech_244,2,261,codec_frames,/data/L202500147/Caption/DualISL_Train_RewardV3/runs/midasheng_7b_reward_v3_10rounds_20260905_run01/round_001/collections/round_001_caption_tts_rollout.output.jsonl
1,TTS,random440_deear_022,3,173,codec_frames,/data/L202500147/Caption/DualISL_Train_RewardV3/runs/midasheng_7b_reward_v3_10rounds_20260905_run01/round_001/collections/round_001_caption_tts_rollout.output.jsonl
1,TTS,random440_expressivespeech_145,4,181,codec_frames,/data/L202500147/Caption/DualISL_Train_RewardV3/runs/midasheng_7b_reward_v3_10rounds_20260905_run01/round_001/collections/round_001_caption_tts_rollout.output.jsonl
1,TTS,random440_expressivespeech_047,5,163,codec_frames,/data/L202500147/Caption/DualISL_Train_RewardV3/runs/midasheng_7b_reward_v3_10rounds_20260905_run01/round_001/collections/round_001_caption_tts_rollout.output.jsonl
1,TTS,random440_expressivespeech_121,6,571,codec_frames,/data/L202500147/Caption/DualISL_Train_RewardV3/runs/midasheng_7b_reward_v3_10rounds_20260905_run01/round_001/collections/round_001_caption_tts_rollout.output.jsonl
1,TTS,random440_deear_026,7,237,codec_frames,/data/L202500147/Caption/DualISL_Train_RewardV3/runs/midasheng_7b_reward_v3_10rounds_20260905_run01/round_001/collections/round_001_caption_tts_rollout.output.jsonl
1,TTS,random440_deear_025,0,393,codec_frames,/data/L202500147/Caption/DualISL_Train_RewardV3/runs/midasheng_7b_reward_v3_10rounds_20260905_run01/round_001/collections/round_001_caption_tts_rollout.output.jsonl
1,TTS,random440_expressivespeech_072,1,192,codec_frames,/data/L202500147/Caption/DualISL_Train_RewardV3/runs/midasheng_7b_reward_v3_10rounds_20260905_run01/round_001/collections/round_001_caption_tts_rollout.output.jsonl
1,TTS,random440_expressivespeech_207,2,187,codec_frames,/data/L202500147/Caption/DualISL_Train_RewardV3/runs/midasheng_7b_reward_v3_10rounds_20260905_run01/round_001/collections/round_001_caption_tts_rollout.output.jsonl
1,TTS,random440_deear_019,3,318,codec_frames,/data/L202500147/Caption/DualISL_Train_RewardV3/runs/midasheng_7b_reward_v3_10rounds_20260905_run01/round_001/collections/round_001_caption_tts_rollout.output.jsonl
1,TTS,random440_deear_079,4,326,codec_frames,/data/L202500147/Caption/DualISL_Train_RewardV3/runs/midasheng_7b_reward_v3_10rounds_20260905_run01/round_001/collections/round_001_caption_tts_rollout.output.jsonl
1,TTS,random440_expressivespeech_209,5,351,codec_frames,/data/L202500147/Caption/DualISL_Train_RewardV3/runs/midasheng_7b_reward_v3_10rounds_20260905_run01/round_001/collections/round_001_caption_tts_rollout.output.jsonl
1,TTS,random440_expressivespeech_143,6,140,codec_frames,/data/L202500147/Caption/DualISL_Train_RewardV3/runs/midasheng_7b_reward_v3_10rounds_20260905_run01/round_001/collections/round_001_caption_tts_rollout.output.jsonl
1,TTS,random440_expressivespeech_149,7,79,codec_frames,/data/L202500147/Caption/DualISL_Train_RewardV3/runs/midasheng_7b_reward_v3_10rounds_20260905_run01/round_001/collections/round_001_caption_tts_rollout.output.jsonl
1,TTS,random440_expressivespeech_012,0,423,codec_frames,/data/L202500147/Caption/DualISL_Train_RewardV3/runs/midasheng_7b_reward_v3_10rounds_20260905_run01/round_001/collections/round_001_caption_tts_rollout.output.jsonl
1,TTS,random440_expressivespeech_239,1,175,codec_frames,/data/L202500147/Caption/DualISL_Train_RewardV3/runs/midasheng_7b_reward_v3_10rounds_20260905_run01/round_001/collections/round_001_caption_tts_rollout.output.jsonl
1,TTS,random440_deear_005,2,97,codec_frames,/data/L202500147/Caption/DualISL_Train_RewardV3/runs/midasheng_7b_reward_v3_10rounds_20260905_run01/round_001/collections/round_001_caption_tts_rollout.output.jsonl
1,TTS,random440_expressivespeech_316,3,58,codec_frames,/data/L202500147/Caption/DualISL_Train_RewardV3/runs/midasheng_7b_reward_v3_10rounds_20260905_run01/round_001/collections/round_001_caption_tts_rollout.output.jsonl
1,TTS,random440_expressivespeech_001,4,455,codec_frames,/data/L202500147/Caption/DualISL_Train_RewardV3/runs/midasheng_7b_reward_v3_10rounds_20260905_run01/round_001/collections/round_001_caption_tts_rollout.output.jsonl
1,TTS,random440_expressivespeech_081,5,285,codec_frames,/data/L202500147/Caption/DualISL_Train_RewardV3/runs/midasheng_7b_reward_v3_10rounds_20260905_run01/round_001/collections/round_001_caption_tts_rollout.output.jsonl
1,TTS,random440_expressivespeech_191,6,286,codec_frames,/data/L202500147/Caption/DualISL_Train_RewardV3/runs/midasheng_7b_reward_v3_10rounds_20260905_run01/round_001/collections/round_001_caption_tts_rollout.output.jsonl
1,TTS,random440_expressivespeech_242,7,214,codec_frames,/data/L202500147/Caption/DualISL_Train_RewardV3/runs/midasheng_7b_reward_v3_10rounds_20260905_run01/round_001/collections/round_001_caption_tts_rollout.output.jsonl
1,TTS,random440_expressivespeech_136,0,353,codec_frames,/data/L202500147/Caption/DualISL_Train_RewardV3/runs/midasheng_7b_reward_v3_10rounds_20260905_run01/round_001/collections/round_001_caption_tts_rollout.output.jsonl
1,TTS,random440_expressivespeech_243,1,300,codec_frames,/data/L202500147/Caption/DualISL_Train_RewardV3/runs/midasheng_7b_reward_v3_10rounds_20260905_run01/round_001/collections/round_001_caption_tts_rollout.output.jsonl
1,TTS,random440_deear_052,2,257,codec_frames,/data/L202500147/Caption/DualISL_Train_RewardV3/runs/midasheng_7b_reward_v3_10rounds_20260905_run01/round_001/collections/round_001_caption_tts_rollout.output.jsonl
1,TTS,random440_expressivespeech_184,3,847,codec_frames,/data/L202500147/Caption/DualISL_Train_RewardV3/runs/midasheng_7b_reward_v3_10rounds_20260905_run01/round_001/collections/round_001_caption_tts_rollout.output.jsonl
1,TTS,random440_expressivespeech_015,4,166,codec_frames,/data/L202500147/Caption/DualISL_Train_RewardV3/runs/midasheng_7b_reward_v3_10rounds_20260905_run01/round_001/collections/round_001_caption_tts_rollout.output.jsonl
1,TTS,random440_deear_050,5,1235,codec_frames,/data/L202500147/Caption/DualISL_Train_RewardV3/runs/midasheng_7b_reward_v3_10rounds_20260905_run01/round_001/collections/round_001_caption_tts_rollout.output.jsonl
1,TTS,random440_deear_066,6,245,codec_frames,/data/L202500147/Caption/DualISL_Train_RewardV3/runs/midasheng_7b_reward_v3_10rounds_20260905_run01/round_001/collections/round_001_caption_tts_rollout.output.jsonl
1,TTS,random440_expressivespeech_084,7,555,codec_frames,/data/L202500147/Caption/DualISL_Train_RewardV3/runs/midasheng_7b_reward_v3_10rounds_20260905_run01/round_001/collections/round_001_caption_tts_rollout.output.jsonl
1,TTS,random440_expressivespeech_281,0,189,codec_frames,/data/L202500147/Caption/DualISL_Train_RewardV3/runs/midasheng_7b_reward_v3_10rounds_20260905_run01/round_001/collections/round_001_caption_tts_rollout.output.jsonl
1,TTS,random440_expressivespeech_094,1,256,codec_frames,/data/L202500147/Caption/DualISL_Train_RewardV3/runs/midasheng_7b_reward_v3_10rounds_20260905_run01/round_001/collections/round_001_caption_tts_rollout.output.jsonl
1,TTS,random440_expressivespeech_152,2,656,codec_frames,/data/L202500147/Caption/DualISL_Train_RewardV3/runs/midasheng_7b_reward_v3_10rounds_20260905_run01/round_001/collections/round_001_caption_tts_rollout.output.jsonl
1,TTS,random440_deear_094,3,67,codec_frames,/data/L202500147/Caption/DualISL_Train_RewardV3/runs/midasheng_7b_reward_v3_10rounds_20260905_run01/round_001/collections/round_001_caption_tts_rollout.output.jsonl
1,TTS,random440_expressivespeech_091,4,383,codec_frames,/data/L202500147/Caption/DualISL_Train_RewardV3/runs/midasheng_7b_reward_v3_10rounds_20260905_run01/round_001/collections/round_001_caption_tts_rollout.output.jsonl
1,TTS,random440_expressivespeech_194,5,92,codec_frames,/data/L202500147/Caption/DualISL_Train_RewardV3/runs/midasheng_7b_reward_v3_10rounds_20260905_run01/round_001/collections/round_001_caption_tts_rollout.output.jsonl
1,TTS,random440_deear_034,6,243,codec_frames,/data/L202500147/Caption/DualISL_Train_RewardV3/runs/midasheng_7b_reward_v3_10rounds_20260905_run01/round_001/collections/round_001_caption_tts_rollout.output.jsonl
1,TTS,random440_expressivespeech_171,7,335,codec_frames,/data/L202500147/Caption/DualISL_Train_RewardV3/runs/midasheng_7b_reward_v3_10rounds_20260905_run01/round_001/collections/round_001_caption_tts_rollout.output.jsonl
1,TTS,random440_expressivespeech_052,0,410,codec_frames,/data/L202500147/Caption/DualISL_Train_RewardV3/runs/midasheng_7b_reward_v3_10rounds_20260905_run01/round_001/collections/round_001_caption_tts_rollout.output.jsonl
1,TTS,random440_deear_059,1,130,codec_frames,/data/L202500147/Caption/DualISL_Train_RewardV3/runs/midasheng_7b_reward_v3_10rounds_20260905_run01/round_001/collections/round_001_caption_tts_rollout.output.jsonl
1,TTS,random440_expressivespeech_203,2,174,codec_frames,/data/L202500147/Caption/DualISL_Train_RewardV3/runs/midasheng_7b_reward_v3_10rounds_20260905_run01/round_001/collections/round_001_caption_tts_rollout.output.jsonl
1,TTS,random440_expressivespeech_201,3,182,codec_frames,/data/L202500147/Caption/DualISL_Train_RewardV3/runs/midasheng_7b_reward_v3_10rounds_20260905_run01/round_001/collections/round_001_caption_tts_rollout.output.jsonl
1,TTS,random440_deear_085,4,633,codec_frames,/data/L202500147/Caption/DualISL_Train_RewardV3/runs/midasheng_7b_reward_v3_10rounds_20260905_run01/round_001/collections/round_001_caption_tts_rollout.output.jsonl
1,TTS,random440_expressivespeech_189,5,321,codec_frames,/data/L202500147/Caption/DualISL_Train_RewardV3/runs/midasheng_7b_reward_v3_10rounds_20260905_run01/round_001/collections/round_001_caption_tts_rollout.output.jsonl
1,TTS,random440_expressivespeech_161,6,431,codec_frames,/data/L202500147/Caption/DualISL_Train_RewardV3/runs/midasheng_7b_reward_v3_10rounds_20260905_run01/round_001/collections/round_001_caption_tts_rollout.output.jsonl
1,TTS,random440_expressivespeech_117,7,643,codec_frames,/data/L202500147/Caption/DualISL_Train_RewardV3/runs/midasheng_7b_reward_v3_10rounds_20260905_run01/round_001/collections/round_001_caption_tts_rollout.output.jsonl
1,TTS,random440_expressivespeech_182,0,428,codec_frames,/data/L202500147/Caption/DualISL_Train_RewardV3/runs/midasheng_7b_reward_v3_10rounds_20260905_run01/round_001/collections/round_001_caption_tts_rollout.output.jsonl
1,TTS,random440_deear_001,1,251,codec_frames,/data/L202500147/Caption/DualISL_Train_RewardV3/runs/midasheng_7b_reward_v3_10rounds_20260905_run01/round_001/collections/round_001_caption_tts_rollout.output.jsonl
1,TTS,random440_expressivespeech_268,2,626,codec_frames,/data/L202500147/Caption/DualISL_Train_RewardV3/runs/midasheng_7b_reward_v3_10rounds_20260905_run01/round_001/collections/round_001_caption_tts_rollout.output.jsonl
1,TTS,random440_deear_099,3,100,codec_frames,/data/L202500147/Caption/DualISL_Train_RewardV3/runs/midasheng_7b_reward_v3_10rounds_20260905_run01/round_001/collections/round_001_caption_tts_rollout.output.jsonl
1,TTS,random440_expressivespeech_159,4,49,codec_frames,/data/L202500147/Caption/DualISL_Train_RewardV3/runs/midasheng_7b_reward_v3_10rounds_20260905_run01/round_001/collections/round_001_caption_tts_rollout.output.jsonl
1,TTS,random440_expressivespeech_276,5,917,codec_frames,/data/L202500147/Caption/DualISL_Train_RewardV3/runs/midasheng_7b_reward_v3_10rounds_20260905_run01/round_001/collections/round_001_caption_tts_rollout.output.jsonl
1,TTS,random440_expressivespeech_339,6,92,codec_frames,/data/L202500147/Caption/DualISL_Train_RewardV3/runs/midasheng_7b_reward_v3_10rounds_20260905_run01/round_001/collections/round_001_caption_tts_rollout.output.jsonl
1,TTS,random440_expressivespeech_299,7,709,codec_frames,/data/L202500147/Caption/DualISL_Train_RewardV3/runs/midasheng_7b_reward_v3_10rounds_20260905_run01/round_001/collections/round_001_caption_tts_rollout.output.jsonl
1,TTS,random440_expressivespeech_253,0,117,codec_frames,/data/L202500147/Caption/DualISL_Train_RewardV3/runs/midasheng_7b_reward_v3_10rounds_20260905_run01/round_001/collections/round_001_caption_tts_rollout.output.jsonl
1,TTS,random440_deear_076,1,344,codec_frames,/data/L202500147/Caption/DualISL_Train_RewardV3/runs/midasheng_7b_reward_v3_10rounds_20260905_run01/round_001/collections/round_001_caption_tts_rollout.output.jsonl
1,TTS,random440_deear_007,2,203,codec_frames,/data/L202500147/Caption/DualISL_Train_RewardV3/runs/midasheng_7b_reward_v3_10rounds_20260905_run01/round_001/collections/round_001_caption_tts_rollout.output.jsonl
1,TTS,random440_expressivespeech_051,3,413,codec_frames,/data/L202500147/Caption/DualISL_Train_RewardV3/runs/midasheng_7b_reward_v3_10rounds_20260905_run01/round_001/collections/round_001_caption_tts_rollout.output.jsonl
1,TTS,random440_expressivespeech_177,4,191,codec_frames,/data/L202500147/Caption/DualISL_Train_RewardV3/runs/midasheng_7b_reward_v3_10rounds_20260905_run01/round_001/collections/round_001_caption_tts_rollout.output.jsonl
1,TTS,random440_expressivespeech_132,5,518,codec_frames,/data/L202500147/Caption/DualISL_Train_RewardV3/runs/midasheng_7b_reward_v3_10rounds_20260905_run01/round_001/collections/round_001_caption_tts_rollout.output.jsonl
1,TTS,random440_expressivespeech_134,6,229,codec_frames,/data/L202500147/Caption/DualISL_Train_RewardV3/runs/midasheng_7b_reward_v3_10rounds_20260905_run01/round_001/collections/round_001_caption_tts_rollout.output.jsonl
1,TTS,random440_deear_041,7,319,codec_frames,/data/L202500147/Caption/DualISL_Train_RewardV3/runs/midasheng_7b_reward_v3_10rounds_20260905_run01/round_001/collections/round_001_caption_tts_rollout.output.jsonl
1,TTS,random440_expressivespeech_300,0,258,codec_frames,/data/L202500147/Caption/DualISL_Train_RewardV3/runs/midasheng_7b_reward_v3_10rounds_20260905_run01/round_001/collections/round_001_caption_tts_rollout.output.jsonl
1,TTS,random440_expressivespeech_302,1,101,codec_frames,/data/L202500147/Caption/DualISL_Train_RewardV3/runs/midasheng_7b_reward_v3_10rounds_20260905_run01/round_001/collections/round_001_caption_tts_rollout.output.jsonl
1,TTS,random440_deear_097,2,96,codec_frames,/data/L202500147/Caption/DualISL_Train_RewardV3/runs/midasheng_7b_reward_v3_10rounds_20260905_run01/round_001/collections/round_001_caption_tts_rollout.output.jsonl
1,TTS,random440_deear_073,3,118,codec_frames,/data/L202500147/Caption/DualISL_Train_RewardV3/runs/midasheng_7b_reward_v3_10rounds_20260905_run01/round_001/collections/round_001_caption_tts_rollout.output.jsonl
1,TTS,random440_deear_029,4,162,codec_frames,/data/L202500147/Caption/DualISL_Train_RewardV3/runs/midasheng_7b_reward_v3_10rounds_20260905_run01/round_001/collections/round_001_caption_tts_rollout.output.jsonl
1,TTS,random440_deear_060,5,105,codec_frames,/data/L202500147/Caption/DualISL_Train_RewardV3/runs/midasheng_7b_reward_v3_10rounds_20260905_run01/round_001/collections/round_001_caption_tts_rollout.output.jsonl
1,TTS,random440_expressivespeech_190,6,48,codec_frames,/data/L202500147/Caption/DualISL_Train_RewardV3/runs/midasheng_7b_reward_v3_10rounds_20260905_run01/round_001/collections/round_001_caption_tts_rollout.output.jsonl
1,TTS,random440_expressivespeech_198,7,275,codec_frames,/data/L202500147/Caption/DualISL_Train_RewardV3/runs/midasheng_7b_reward_v3_10rounds_20260905_run01/round_001/collections/round_001_caption_tts_rollout.output.jsonl
1,TTS,random440_deear_088,0,581,codec_frames,/data/L202500147/Caption/DualISL_Train_RewardV3/runs/midasheng_7b_reward_v3_10rounds_20260905_run01/round_001/collections/round_001_caption_tts_rollout.output.jsonl
1,TTS,random440_expressivespeech_331,1,429,codec_frames,/data/L202500147/Caption/DualISL_Train_RewardV3/runs/midasheng_7b_reward_v3_10rounds_20260905_run01/round_001/collections/round_001_caption_tts_rollout.output.jsonl
1,TTS,random440_expressivespeech_273,2,170,codec_frames,/data/L202500147/Caption/DualISL_Train_RewardV3/runs/midasheng_7b_reward_v3_10rounds_20260905_run01/round_001/collections/round_001_caption_tts_rollout.output.jsonl
1,TTS,random440_expressivespeech_141,3,1017,codec_frames,/data/L202500147/Caption/DualISL_Train_RewardV3/runs/midasheng_7b_reward_v3_10rounds_20260905_run01/round_001/collections/round_001_caption_tts_rollout.output.jsonl
1,TTS,random440_expressivespeech_156,4,95,codec_frames,/data/L202500147/Caption/DualISL_Train_RewardV3/runs/midasheng_7b_reward_v3_10rounds_20260905_run01/round_001/collections/round_001_caption_tts_rollout.output.jsonl
1,TTS,random440_expressivespeech_058,5,143,codec_frames,/data/L202500147/Caption/DualISL_Train_RewardV3/runs/midasheng_7b_reward_v3_10rounds_20260905_run01/round_001/collections/round_001_caption_tts_rollout.output.jsonl
1,TTS,random440_expressivespeech_214,6,185,codec_frames,/data/L202500147/Caption/DualISL_Train_RewardV3/runs/midasheng_7b_reward_v3_10rounds_20260905_run01/round_001/collections/round_001_caption_tts_rollout.output.jsonl
1,TTS,random440_expressivespeech_049,7,347,codec_frames,/data/L202500147/Caption/DualISL_Train_RewardV3/runs/midasheng_7b_reward_v3_10rounds_20260905_run01/round_001/collections/round_001_caption_tts_rollout.output.jsonl
1,TTS,random440_expressivespeech_332,0,128,codec_frames,/data/L202500147/Caption/DualISL_Train_RewardV3/runs/midasheng_7b_reward_v3_10rounds_20260905_run01/round_001/collections/round_001_caption_tts_rollout.output.jsonl
1,TTS,random440_expressivespeech_284,1,168,codec_frames,/data/L202500147/Caption/DualISL_Train_RewardV3/runs/midasheng_7b_reward_v3_10rounds_20260905_run01/round_001/collections/round_001_caption_tts_rollout.output.jsonl
1,TTS,random440_deear_091,2,385,codec_frames,/data/L202500147/Caption/DualISL_Train_RewardV3/runs/midasheng_7b_reward_v3_10rounds_20260905_run01/round_001/collections/round_001_caption_tts_rollout.output.jsonl
1,TTS,random440_expressivespeech_172,3,710,codec_frames,/data/L202500147/Caption/DualISL_Train_RewardV3/runs/midasheng_7b_reward_v3_10rounds_20260905_run01/round_001/collections/round_001_caption_tts_rollout.output.jsonl
1,TTS,random440_expressivespeech_139,4,484,codec_frames,/data/L202500147/Caption/DualISL_Train_RewardV3/runs/midasheng_7b_reward_v3_10rounds_20260905_run01/round_001/collections/round_001_caption_tts_rollout.output.jsonl
1,TTS,random440_expressivespeech_193,5,596,codec_frames,/data/L202500147/Caption/DualISL_Train_RewardV3/runs/midasheng_7b_reward_v3_10rounds_20260905_run01/round_001/collections/round_001_caption_tts_rollout.output.jsonl
1,TTS,random440_expressivespeech_232,6,85,codec_frames,/data/L202500147/Caption/DualISL_Train_RewardV3/runs/midasheng_7b_reward_v3_10rounds_20260905_run01/round_001/collections/round_001_caption_tts_rollout.output.jsonl
1,TTS,random440_expressivespeech_236,7,1369,codec_frames,/data/L202500147/Caption/DualISL_Train_RewardV3/runs/midasheng_7b_reward_v3_10rounds_20260905_run01/round_001/collections/round_001_caption_tts_rollout.output.jsonl
1,TTS,random440_expressivespeech_229,0,1355,codec_frames,/data/L202500147/Caption/DualISL_Train_RewardV3/runs/midasheng_7b_reward_v3_10rounds_20260905_run01/round_001/collections/round_001_caption_tts_rollout.output.jsonl
1,TTS,random440_expressivespeech_030,1,205,codec_frames,/data/L202500147/Caption/DualISL_Train_RewardV3/runs/midasheng_7b_reward_v3_10rounds_20260905_run01/round_001/collections/round_001_caption_tts_rollout.output.jsonl
1,TTS,random440_deear_043,2,316,codec_frames,/data/L202500147/Caption/DualISL_Train_RewardV3/runs/midasheng_7b_reward_v3_10rounds_20260905_run01/round_001/collections/round_001_caption_tts_rollout.output.jsonl
1,TTS,random440_expressivespeech_061,3,73,codec_frames,/data/L202500147/Caption/DualISL_Train_RewardV3/runs/midasheng_7b_reward_v3_10rounds_20260905_run01/round_001/collections/round_001_caption_tts_rollout.output.jsonl
1,TTS,random440_expressivespeech_142,4,111,codec_frames,/data/L202500147/Caption/DualISL_Train_RewardV3/runs/midasheng_7b_reward_v3_10rounds_20260905_run01/round_001/collections/round_001_caption_tts_rollout.output.jsonl
1,TTS,random440_expressivespeech_092,5,184,codec_frames,/data/L202500147/Caption/DualISL_Train_RewardV3/runs/midasheng_7b_reward_v3_10rounds_20260905_run01/round_001/collections/round_001_caption_tts_rollout.output.jsonl
1,TTS,random440_expressivespeech_322,6,64,codec_frames,/data/L202500147/Caption/DualISL_Train_RewardV3/runs/midasheng_7b_reward_v3_10rounds_20260905_run01/round_001/collections/round_001_caption_tts_rollout.output.jsonl
1,TTS,random440_expressivespeech_040,7,75,codec_frames,/data/L202500147/Caption/DualISL_Train_RewardV3/runs/midasheng_7b_reward_v3_10rounds_20260905_run01/round_001/collections/round_001_caption_tts_rollout.output.jsonl
1,TTS,random440_deear_036,0,105,codec_frames,/data/L202500147/Caption/DualISL_Train_RewardV3/runs/midasheng_7b_reward_v3_10rounds_20260905_run01/round_001/collections/round_001_caption_tts_rollout.output.jsonl
1,TTS,random440_expressivespeech_097,1,100,codec_frames,/data/L202500147/Caption/DualISL_Train_RewardV3/runs/midasheng_7b_reward_v3_10rounds_20260905_run01/round_001/collections/round_001_caption_tts_rollout.output.jsonl
1,TTS,random440_expressivespeech_308,2,292,codec_frames,/data/L202500147/Caption/DualISL_Train_RewardV3/runs/midasheng_7b_reward_v3_10rounds_20260905_run01/round_001/collections/round_001_caption_tts_rollout.output.jsonl
1,TTS,random440_expressivespeech_224,3,284,codec_frames,/data/L202500147/Caption/DualISL_Train_RewardV3/runs/midasheng_7b_reward_v3_10rounds_20260905_run01/round_001/collections/round_001_caption_tts_rollout.output.jsonl
1,TTS,random440_expressivespeech_062,4,175,codec_frames,/data/L202500147/Caption/DualISL_Train_RewardV3/runs/midasheng_7b_reward_v3_10rounds_20260905_run01/round_001/collections/round_001_caption_tts_rollout.output.jsonl
1,TTS,random440_expressivespeech_275,5,103,codec_frames,/data/L202500147/Caption/DualISL_Train_RewardV3/runs/midasheng_7b_reward_v3_10rounds_20260905_run01/round_001/collections/round_001_caption_tts_rollout.output.jsonl
1,TTS,random440_expressivespeech_174,6,605,codec_frames,/data/L202500147/Caption/DualISL_Train_RewardV3/runs/midasheng_7b_reward_v3_10rounds_20260905_run01/round_001/collections/round_001_caption_tts_rollout.output.jsonl
1,TTS,random440_expressivespeech_258,7,227,codec_frames,/data/L202500147/Caption/DualISL_Train_RewardV3/runs/midasheng_7b_reward_v3_10rounds_20260905_run01/round_001/collections/round_001_caption_tts_rollout.output.jsonl
1,TTS,random440_expressivespeech_335,0,259,codec_frames,/data/L202500147/Caption/DualISL_Train_RewardV3/runs/midasheng_7b_reward_v3_10rounds_20260905_run01/round_001/collections/round_001_caption_tts_rollout.output.jsonl
1,TTS,random440_expressivespeech_212,1,490,codec_frames,/data/L202500147/Caption/DualISL_Train_RewardV3/runs/midasheng_7b_reward_v3_10rounds_20260905_run01/round_001/collections/round_001_caption_tts_rollout.output.jsonl
1,TTS,random440_expressivespeech_006,2,302,codec_frames,/data/L202500147/Caption/DualISL_Train_RewardV3/runs/midasheng_7b_reward_v3_10rounds_20260905_run01/round_001/collections/round_001_caption_tts_rollout.output.jsonl
1,TTS,random440_expressivespeech_250,3,1314,codec_frames,/data/L202500147/Caption/DualISL_Train_RewardV3/runs/midasheng_7b_reward_v3_10rounds_20260905_run01/round_001/collections/round_001_caption_tts_rollout.output.jsonl
1,TTS,random440_deear_046,4,66,codec_frames,/data/L202500147/Caption/DualISL_Train_RewardV3/runs/midasheng_7b_reward_v3_10rounds_20260905_run01/round_001/collections/round_001_caption_tts_rollout.output.jsonl
1,TTS,random440_expressivespeech_060,5,214,codec_frames,/data/L202500147/Caption/DualISL_Train_RewardV3/runs/midasheng_7b_reward_v3_10rounds_20260905_run01/round_001/collections/round_001_caption_tts_rollout.output.jsonl
1,TTS,random440_expressivespeech_029,6,356,codec_frames,/data/L202500147/Caption/DualISL_Train_RewardV3/runs/midasheng_7b_reward_v3_10rounds_20260905_run01/round_001/collections/round_001_caption_tts_rollout.output.jsonl
1,TTS,random440_expressivespeech_114,7,172,codec_frames,/data/L202500147/Caption/DualISL_Train_RewardV3/runs/midasheng_7b_reward_v3_10rounds_20260905_run01/round_001/collections/round_001_caption_tts_rollout.output.jsonl
1,TTS,random440_expressivespeech_125,0,680,codec_frames,/data/L202500147/Caption/DualISL_Train_RewardV3/runs/midasheng_7b_reward_v3_10rounds_20260905_run01/round_001/collections/round_001_caption_tts_rollout.output.jsonl
1,TTS,random440_expressivespeech_002,1,175,codec_frames,/data/L202500147/Caption/DualISL_Train_RewardV3/runs/midasheng_7b_reward_v3_10rounds_20260905_run01/round_001/collections/round_001_caption_tts_rollout.output.jsonl
1,TTS,random440_expressivespeech_119,2,71,codec_frames,/data/L202500147/Caption/DualISL_Train_RewardV3/runs/midasheng_7b_reward_v3_10rounds_20260905_run01/round_001/collections/round_001_caption_tts_rollout.output.jsonl
1,TTS,random440_expressivespeech_170,3,57,codec_frames,/data/L202500147/Caption/DualISL_Train_RewardV3/runs/midasheng_7b_reward_v3_10rounds_20260905_run01/round_001/collections/round_001_caption_tts_rollout.output.jsonl
1,TTS,random440_expressivespeech_297,4,154,codec_frames,/data/L202500147/Caption/DualISL_Train_RewardV3/runs/midasheng_7b_reward_v3_10rounds_20260905_run01/round_001/collections/round_001_caption_tts_rollout.output.jsonl
1,TTS,random440_expressivespeech_289,5,642,codec_frames,/data/L202500147/Caption/DualISL_Train_RewardV3/runs/midasheng_7b_reward_v3_10rounds_20260905_run01/round_001/collections/round_001_caption_tts_rollout.output.jsonl
1,TTS,random440_deear_067,6,36,codec_frames,/data/L202500147/Caption/DualISL_Train_RewardV3/runs/midasheng_7b_reward_v3_10rounds_20260905_run01/round_001/collections/round_001_caption_tts_rollout.output.jsonl
1,TTS,random440_expressivespeech_318,7,716,codec_frames,/data/L202500147/Caption/DualISL_Train_RewardV3/runs/midasheng_7b_reward_v3_10rounds_20260905_run01/round_001/collections/round_001_caption_tts_rollout.output.jsonl
1,TTS,random440_expressivespeech_278,0,102,codec_frames,/data/L202500147/Caption/DualISL_Train_RewardV3/runs/midasheng_7b_reward_v3_10rounds_20260905_run01/round_001/collections/round_001_caption_tts_rollout.output.jsonl
1,TTS,random440_expressivespeech_075,1,770,codec_frames,/data/L202500147/Caption/DualISL_Train_RewardV3/runs/midasheng_7b_reward_v3_10rounds_20260905_run01/round_001/collections/round_001_caption_tts_rollout.output.jsonl
1,TTS,random440_expressivespeech_039,2,491,codec_frames,/data/L202500147/Caption/DualISL_Train_RewardV3/runs/midasheng_7b_reward_v3_10rounds_20260905_run01/round_001/collections/round_001_caption_tts_rollout.output.jsonl
1,TTS,random440_deear_028,3,92,codec_frames,/data/L202500147/Caption/DualISL_Train_RewardV3/runs/midasheng_7b_reward_v3_10rounds_20260905_run01/round_001/collections/round_001_caption_tts_rollout.output.jsonl
1,TTS,random440_deear_045,4,88,codec_frames,/data/L202500147/Caption/DualISL_Train_RewardV3/runs/midasheng_7b_reward_v3_10rounds_20260905_run01/round_001/collections/round_001_caption_tts_rollout.output.jsonl
1,TTS,random440_expressivespeech_018,5,1714,codec_frames,/data/L202500147/Caption/DualISL_Train_RewardV3/runs/midasheng_7b_reward_v3_10rounds_20260905_run01/round_001/collections/round_001_caption_tts_rollout.output.jsonl
1,TTS,random440_expressivespeech_234,6,171,codec_frames,/data/L202500147/Caption/DualISL_Train_RewardV3/runs/midasheng_7b_reward_v3_10rounds_20260905_run01/round_001/collections/round_001_caption_tts_rollout.output.jsonl
1,TTS,random440_expressivespeech_118,7,615,codec_frames,/data/L202500147/Caption/DualISL_Train_RewardV3/runs/midasheng_7b_reward_v3_10rounds_20260905_run01/round_001/collections/round_001_caption_tts_rollout.output.jsonl
1,TTS,random440_expressivespeech_257,0,352,codec_frames,/data/L202500147/Caption/DualISL_Train_RewardV3/runs/midasheng_7b_reward_v3_10rounds_20260905_run01/round_001/collections/round_001_caption_tts_rollout.output.jsonl
1,TTS,random440_expressivespeech_262,1,210,codec_frames,/data/L202500147/Caption/DualISL_Train_RewardV3/runs/midasheng_7b_reward_v3_10rounds_20260905_run01/round_001/collections/round_001_caption_tts_rollout.output.jsonl
1,TTS,random440_expressivespeech_077,2,851,codec_frames,/data/L202500147/Caption/DualISL_Train_RewardV3/runs/midasheng_7b_reward_v3_10rounds_20260905_run01/round_001/collections/round_001_caption_tts_rollout.output.jsonl
1,TTS,random440_expressivespeech_221,3,282,codec_frames,/data/L202500147/Caption/DualISL_Train_RewardV3/runs/midasheng_7b_reward_v3_10rounds_20260905_run01/round_001/collections/round_001_caption_tts_rollout.output.jsonl
1,TTS,random440_deear_051,4,600,codec_frames,/data/L202500147/Caption/DualISL_Train_RewardV3/runs/midasheng_7b_reward_v3_10rounds_20260905_run01/round_001/collections/round_001_caption_tts_rollout.output.jsonl
1,TTS,random440_expressivespeech_130,5,772,codec_frames,/data/L202500147/Caption/DualISL_Train_RewardV3/runs/midasheng_7b_reward_v3_10rounds_20260905_run01/round_001/collections/round_001_caption_tts_rollout.output.jsonl
1,TTS,random440_deear_081,6,105,codec_frames,/data/L202500147/Caption/DualISL_Train_RewardV3/runs/midasheng_7b_reward_v3_10rounds_20260905_run01/round_001/collections/round_001_caption_tts_rollout.output.jsonl
1,TTS,random440_expressivespeech_213,7,65,codec_frames,/data/L202500147/Caption/DualISL_Train_RewardV3/runs/midasheng_7b_reward_v3_10rounds_20260905_run01/round_001/collections/round_001_caption_tts_rollout.output.jsonl
1,TTS,random440_expressivespeech_173,0,40,codec_frames,/data/L202500147/Caption/DualISL_Train_RewardV3/runs/midasheng_7b_reward_v3_10rounds_20260905_run01/round_001/collections/round_001_caption_tts_rollout.output.jsonl
1,TTS,random440_deear_027,1,184,codec_frames,/data/L202500147/Caption/DualISL_Train_RewardV3/runs/midasheng_7b_reward_v3_10rounds_20260905_run01/round_001/collections/round_001_caption_tts_rollout.output.jsonl
1,TTS,random440_expressivespeech_059,2,193,codec_frames,/data/L202500147/Caption/DualISL_Train_RewardV3/runs/midasheng_7b_reward_v3_10rounds_20260905_run01/round_001/collections/round_001_caption_tts_rollout.output.jsonl
1,TTS,random440_expressivespeech_248,3,294,codec_frames,/data/L202500147/Caption/DualISL_Train_RewardV3/runs/midasheng_7b_reward_v3_10rounds_20260905_run01/round_001/collections/round_001_caption_tts_rollout.output.jsonl
1,TTS,random440_expressivespeech_108,4,1072,codec_frames,/data/L202500147/Caption/DualISL_Train_RewardV3/runs/midasheng_7b_reward_v3_10rounds_20260905_run01/round_001/collections/round_001_caption_tts_rollout.output.jsonl
1,TTS,random440_expressivespeech_116,5,671,codec_frames,/data/L202500147/Caption/DualISL_Train_RewardV3/runs/midasheng_7b_reward_v3_10rounds_20260905_run01/round_001/collections/round_001_caption_tts_rollout.output.jsonl
1,TTS,random440_deear_065,6,394,codec_frames,/data/L202500147/Caption/DualISL_Train_RewardV3/runs/midasheng_7b_reward_v3_10rounds_20260905_run01/round_001/collections/round_001_caption_tts_rollout.output.jsonl
1,TTS,random440_expressivespeech_131,7,117,codec_frames,/data/L202500147/Caption/DualISL_Train_RewardV3/runs/midasheng_7b_reward_v3_10rounds_20260905_run01/round_001/collections/round_001_caption_tts_rollout.output.jsonl
1,TTS,random440_expressivespeech_320,0,145,codec_frames,/data/L202500147/Caption/DualISL_Train_RewardV3/runs/midasheng_7b_reward_v3_10rounds_20260905_run01/round_001/collections/round_001_caption_tts_rollout.output.jsonl
1,TTS,random440_expressivespeech_330,1,867,codec_frames,/data/L202500147/Caption/DualISL_Train_RewardV3/runs/midasheng_7b_reward_v3_10rounds_20260905_run01/round_001/collections/round_001_caption_tts_rollout.output.jsonl
1,TTS,random440_expressivespeech_104,2,181,codec_frames,/data/L202500147/Caption/DualISL_Train_RewardV3/runs/midasheng_7b_reward_v3_10rounds_20260905_run01/round_001/collections/round_001_caption_tts_rollout.output.jsonl
1,TTS,random440_expressivespeech_032,3,278,codec_frames,/data/L202500147/Caption/DualISL_Train_RewardV3/runs/midasheng_7b_reward_v3_10rounds_20260905_run01/round_001/collections/round_001_caption_tts_rollout.output.jsonl
1,TTS,random440_deear_098,4,487,codec_frames,/data/L202500147/Caption/DualISL_Train_RewardV3/runs/midasheng_7b_reward_v3_10rounds_20260905_run01/round_001/collections/round_001_caption_tts_rollout.output.jsonl
1,TTS,random440_expressivespeech_305,5,303,codec_frames,/data/L202500147/Caption/DualISL_Train_RewardV3/runs/midasheng_7b_reward_v3_10rounds_20260905_run01/round_001/collections/round_001_caption_tts_rollout.output.jsonl
1,TTS,random440_expressivespeech_106,6,119,codec_frames,/data/L202500147/Caption/DualISL_Train_RewardV3/runs/midasheng_7b_reward_v3_10rounds_20260905_run01/round_001/collections/round_001_caption_tts_rollout.output.jsonl
1,TTS,random440_expressivespeech_324,7,339,codec_frames,/data/L202500147/Caption/DualISL_Train_RewardV3/runs/midasheng_7b_reward_v3_10rounds_20260905_run01/round_001/collections/round_001_caption_tts_rollout.output.jsonl
1,TTS,random440_deear_100,0,289,codec_frames,/data/L202500147/Caption/DualISL_Train_RewardV3/runs/midasheng_7b_reward_v3_10rounds_20260905_run01/round_001/collections/round_001_caption_tts_rollout.output.jsonl
1,TTS,random440_deear_004,1,1522,codec_frames,/data/L202500147/Caption/DualISL_Train_RewardV3/runs/midasheng_7b_reward_v3_10rounds_20260905_run01/round_001/collections/round_001_caption_tts_rollout.output.jsonl
1,TTS,random440_expressivespeech_066,2,230,codec_frames,/data/L202500147/Caption/DualISL_Train_RewardV3/runs/midasheng_7b_reward_v3_10rounds_20260905_run01/round_001/collections/round_001_caption_tts_rollout.output.jsonl
1,TTS,random440_expressivespeech_240,3,407,codec_frames,/data/L202500147/Caption/DualISL_Train_RewardV3/runs/midasheng_7b_reward_v3_10rounds_20260905_run01/round_001/collections/round_001_caption_tts_rollout.output.jsonl
1,TTS,random440_expressivespeech_166,4,78,codec_frames,/data/L202500147/Caption/DualISL_Train_RewardV3/runs/midasheng_7b_reward_v3_10rounds_20260905_run01/round_001/collections/round_001_caption_tts_rollout.output.jsonl
1,TTS,random440_expressivespeech_034,5,91,codec_frames,/data/L202500147/Caption/DualISL_Train_RewardV3/runs/midasheng_7b_reward_v3_10rounds_20260905_run01/round_001/collections/round_001_caption_tts_rollout.output.jsonl
1,TTS,random440_expressivespeech_151,6,578,codec_frames,/data/L202500147/Caption/DualISL_Train_RewardV3/runs/midasheng_7b_reward_v3_10rounds_20260905_run01/round_001/collections/round_001_caption_tts_rollout.output.jsonl
1,TTS,random440_expressivespeech_328,7,227,codec_frames,/data/L202500147/Caption/DualISL_Train_RewardV3/runs/midasheng_7b_reward_v3_10rounds_20260905_run01/round_001/collections/round_001_caption_tts_rollout.output.jsonl
1,TTS,random440_expressivespeech_306,0,60,codec_frames,/data/L202500147/Caption/DualISL_Train_RewardV3/runs/midasheng_7b_reward_v3_10rounds_20260905_run01/round_001/collections/round_001_caption_tts_rollout.output.jsonl
1,TTS,random440_expressivespeech_274,1,691,codec_frames,/data/L202500147/Caption/DualISL_Train_RewardV3/runs/midasheng_7b_reward_v3_10rounds_20260905_run01/round_001/collections/round_001_caption_tts_rollout.output.jsonl
1,TTS,random440_expressivespeech_023,2,204,codec_frames,/data/L202500147/Caption/DualISL_Train_RewardV3/runs/midasheng_7b_reward_v3_10rounds_20260905_run01/round_001/collections/round_001_caption_tts_rollout.output.jsonl
1,TTS,random440_expressivespeech_226,3,125,codec_frames,/data/L202500147/Caption/DualISL_Train_RewardV3/runs/midasheng_7b_reward_v3_10rounds_20260905_run01/round_001/collections/round_001_caption_tts_rollout.output.jsonl
1,TTS,random440_deear_018,4,323,codec_frames,/data/L202500147/Caption/DualISL_Train_RewardV3/runs/midasheng_7b_reward_v3_10rounds_20260905_run01/round_001/collections/round_001_caption_tts_rollout.output.jsonl
1,TTS,random440_expressivespeech_247,5,794,codec_frames,/data/L202500147/Caption/DualISL_Train_RewardV3/runs/midasheng_7b_reward_v3_10rounds_20260905_run01/round_001/collections/round_001_caption_tts_rollout.output.jsonl
1,TTS,random440_expressivespeech_196,6,301,codec_frames,/data/L202500147/Caption/DualISL_Train_RewardV3/runs/midasheng_7b_reward_v3_10rounds_20260905_run01/round_001/collections/round_001_caption_tts_rollout.output.jsonl
1,TTS,random440_expressivespeech_042,7,349,codec_frames,/data/L202500147/Caption/DualISL_Train_RewardV3/runs/midasheng_7b_reward_v3_10rounds_20260905_run01/round_001/collections/round_001_caption_tts_rollout.output.jsonl
1,TTS,random440_expressivespeech_033,0,95,codec_frames,/data/L202500147/Caption/DualISL_Train_RewardV3/runs/midasheng_7b_reward_v3_10rounds_20260905_run01/round_001/collections/round_001_caption_tts_rollout.output.jsonl
1,TTS,random440_deear_061,1,779,codec_frames,/data/L202500147/Caption/DualISL_Train_RewardV3/runs/midasheng_7b_reward_v3_10rounds_20260905_run01/round_001/collections/round_001_caption_tts_rollout.output.jsonl
1,TTS,random440_deear_020,2,408,codec_frames,/data/L202500147/Caption/DualISL_Train_RewardV3/runs/midasheng_7b_reward_v3_10rounds_20260905_run01/round_001/collections/round_001_caption_tts_rollout.output.jsonl
1,TTS,random440_deear_021,3,37,codec_frames,/data/L202500147/Caption/DualISL_Train_RewardV3/runs/midasheng_7b_reward_v3_10rounds_20260905_run01/round_001/collections/round_001_caption_tts_rollout.output.jsonl
1,TTS,random440_expressivespeech_153,4,232,codec_frames,/data/L202500147/Caption/DualISL_Train_RewardV3/runs/midasheng_7b_reward_v3_10rounds_20260905_run01/round_001/collections/round_001_caption_tts_rollout.output.jsonl
1,TTS,random440_expressivespeech_241,5,113,codec_frames,/data/L202500147/Caption/DualISL_Train_RewardV3/runs/midasheng_7b_reward_v3_10rounds_20260905_run01/round_001/collections/round_001_caption_tts_rollout.output.jsonl
1,TTS,random440_deear_058,6,104,codec_frames,/data/L202500147/Caption/DualISL_Train_RewardV3/runs/midasheng_7b_reward_v3_10rounds_20260905_run01/round_001/collections/round_001_caption_tts_rollout.output.jsonl
1,TTS,random440_expressivespeech_218,7,146,codec_frames,/data/L202500147/Caption/DualISL_Train_RewardV3/runs/midasheng_7b_reward_v3_10rounds_20260905_run01/round_001/collections/round_001_caption_tts_rollout.output.jsonl
1,TTS,random440_expressivespeech_337,0,200,codec_frames,/data/L202500147/Caption/DualISL_Train_RewardV3/runs/midasheng_7b_reward_v3_10rounds_20260905_run01/round_001/collections/round_001_caption_tts_rollout.output.jsonl
1,TTS,random440_expressivespeech_288,1,198,codec_frames,/data/L202500147/Caption/DualISL_Train_RewardV3/runs/midasheng_7b_reward_v3_10rounds_20260905_run01/round_001/collections/round_001_caption_tts_rollout.output.jsonl
1,TTS,random440_deear_068,2,69,codec_frames,/data/L202500147/Caption/DualISL_Train_RewardV3/runs/midasheng_7b_reward_v3_10rounds_20260905_run01/round_001/collections/round_001_caption_tts_rollout.output.jsonl
1,TTS,random440_expressivespeech_325,3,216,codec_frames,/data/L202500147/Caption/DualISL_Train_RewardV3/runs/midasheng_7b_reward_v3_10rounds_20260905_run01/round_001/collections/round_001_caption_tts_rollout.output.jsonl
1,TTS,random440_deear_089,4,289,codec_frames,/data/L202500147/Caption/DualISL_Train_RewardV3/runs/midasheng_7b_reward_v3_10rounds_20260905_run01/round_001/collections/round_001_caption_tts_rollout.output.jsonl
1,TTS,random440_expressivespeech_036,5,197,codec_frames,/data/L202500147/Caption/DualISL_Train_RewardV3/runs/midasheng_7b_reward_v3_10rounds_20260905_run01/round_001/collections/round_001_caption_tts_rollout.output.jsonl
1,TTS,random440_expressivespeech_048,6,69,codec_frames,/data/L202500147/Caption/DualISL_Train_RewardV3/runs/midasheng_7b_reward_v3_10rounds_20260905_run01/round_001/collections/round_001_caption_tts_rollout.output.jsonl
1,TTS,random440_expressivespeech_064,7,41,codec_frames,/data/L202500147/Caption/DualISL_Train_RewardV3/runs/midasheng_7b_reward_v3_10rounds_20260905_run01/round_001/collections/round_001_caption_tts_rollout.output.jsonl
1,TTS,random440_expressivespeech_327,0,542,codec_frames,/data/L202500147/Caption/DualISL_Train_RewardV3/runs/midasheng_7b_reward_v3_10rounds_20260905_run01/round_001/collections/round_001_caption_tts_rollout.output.jsonl
1,TTS,random440_deear_017,1,149,codec_frames,/data/L202500147/Caption/DualISL_Train_RewardV3/runs/midasheng_7b_reward_v3_10rounds_20260905_run01/round_001/collections/round_001_caption_tts_rollout.output.jsonl
1,TTS,random440_deear_075,2,177,codec_frames,/data/L202500147/Caption/DualISL_Train_RewardV3/runs/midasheng_7b_reward_v3_10rounds_20260905_run01/round_001/collections/round_001_caption_tts_rollout.output.jsonl
1,TTS,random440_expressivespeech_269,3,180,codec_frames,/data/L202500147/Caption/DualISL_Train_RewardV3/runs/midasheng_7b_reward_v3_10rounds_20260905_run01/round_001/collections/round_001_caption_tts_rollout.output.jsonl
2,Captioner,random440_expressivespeech_287,0,644,sampled_tokens,/data/L202500147/Caption/DualISL_Train_RewardV3/runs/midasheng_7b_reward_v3_10rounds_20260905_run01/round_002/collections/round_002_audio_caption_rollout.output.jsonl
2,Captioner,random440_expressivespeech_245,1,854,sampled_tokens,/data/L202500147/Caption/DualISL_Train_RewardV3/runs/midasheng_7b_reward_v3_10rounds_20260905_run01/round_002/collections/round_002_audio_caption_rollout.output.jsonl
2,Captioner,random440_expressivespeech_304,2,573,sampled_tokens,/data/L202500147/Caption/DualISL_Train_RewardV3/runs/midasheng_7b_reward_v3_10rounds_20260905_run01/round_002/collections/round_002_audio_caption_rollout.output.jsonl
2,Captioner,random440_expressivespeech_178,3,721,sampled_tokens,/data/L202500147/Caption/DualISL_Train_RewardV3/runs/midasheng_7b_reward_v3_10rounds_20260905_run01/round_002/collections/round_002_audio_caption_rollout.output.jsonl
2,Captioner,random440_deear_090,4,630,sampled_tokens,/data/L202500147/Caption/DualISL_Train_RewardV3/runs/midasheng_7b_reward_v3_10rounds_20260905_run01/round_002/collections/round_002_audio_caption_rollout.output.jsonl
2,Captioner,random440_expressivespeech_017,5,711,sampled_tokens,/data/L202500147/Caption/DualISL_Train_RewardV3/runs/midasheng_7b_reward_v3_10rounds_20260905_run01/round_002/collections/round_002_audio_caption_rollout.output.jsonl
2,Captioner,random440_expressivespeech_326,6,686,sampled_tokens,/data/L202500147/Caption/DualISL_Train_RewardV3/runs/midasheng_7b_reward_v3_10rounds_20260905_run01/round_002/collections/round_002_audio_caption_rollout.output.jsonl
2,Captioner,random440_expressivespeech_283,7,710,sampled_tokens,/data/L202500147/Caption/DualISL_Train_RewardV3/runs/midasheng_7b_reward_v3_10rounds_20260905_run01/round_002/collections/round_002_audio_caption_rollout.output.jsonl
2,Captioner,random440_expressivespeech_004,0,564,sampled_tokens,/data/L202500147/Caption/DualISL_Train_RewardV3/runs/midasheng_7b_reward_v3_10rounds_20260905_run01/round_002/collections/round_002_audio_caption_rollout.output.jsonl
2,Captioner,random440_expressivespeech_192,1,593,sampled_tokens,/data/L202500147/Caption/DualISL_Train_RewardV3/runs/midasheng_7b_reward_v3_10rounds_20260905_run01/round_002/collections/round_002_audio_caption_rollout.output.jsonl
2,Captioner,random440_deear_093,2,860,sampled_tokens,/data/L202500147/Caption/DualISL_Train_RewardV3/runs/midasheng_7b_reward_v3_10rounds_20260905_run01/round_002/collections/round_002_audio_caption_rollout.output.jsonl
2,Captioner,random440_expressivespeech_079,3,699,sampled_tokens,/data/L202500147/Caption/DualISL_Train_RewardV3/runs/midasheng_7b_reward_v3_10rounds_20260905_run01/round_002/collections/round_002_audio_caption_rollout.output.jsonl
2,Captioner,random440_expressivespeech_122,4,668,sampled_tokens,/data/L202500147/Caption/DualISL_Train_RewardV3/runs/midasheng_7b_reward_v3_10rounds_20260905_run01/round_002/collections/round_002_audio_caption_rollout.output.jsonl
2,Captioner,random440_expressivespeech_183,5,817,sampled_tokens,/data/L202500147/Caption/DualISL_Train_RewardV3/runs/midasheng_7b_reward_v3_10rounds_20260905_run01/round_002/collections/round_002_audio_caption_rollout.output.jsonl
2,Captioner,random440_deear_086,6,692,sampled_tokens,/data/L202500147/Caption/DualISL_Train_RewardV3/runs/midasheng_7b_reward_v3_10rounds_20260905_run01/round_002/collections/round_002_audio_caption_rollout.output.jsonl
2,Captioner,random440_deear_044,7,464,sampled_tokens,/data/L202500147/Caption/DualISL_Train_RewardV3/runs/midasheng_7b_reward_v3_10rounds_20260905_run01/round_002/collections/round_002_audio_caption_rollout.output.jsonl
2,Captioner,random440_expressivespeech_158,0,767,sampled_tokens,/data/L202500147/Caption/DualISL_Train_RewardV3/runs/midasheng_7b_reward_v3_10rounds_20260905_run01/round_002/collections/round_002_audio_caption_rollout.output.jsonl
2,Captioner,random440_expressivespeech_271,1,616,sampled_tokens,/data/L202500147/Caption/DualISL_Train_RewardV3/runs/midasheng_7b_reward_v3_10rounds_20260905_run01/round_002/collections/round_002_audio_caption_rollout.output.jsonl
2,Captioner,random440_expressivespeech_225,2,426,sampled_tokens,/data/L202500147/Caption/DualISL_Train_RewardV3/runs/midasheng_7b_reward_v3_10rounds_20260905_run01/round_002/collections/round_002_audio_caption_rollout.output.jsonl
2,Captioner,random440_expressivespeech_176,3,924,sampled_tokens,/data/L202500147/Caption/DualISL_Train_RewardV3/runs/midasheng_7b_reward_v3_10rounds_20260905_run01/round_002/collections/round_002_audio_caption_rollout.output.jsonl
2,Captioner,random440_deear_070,4,814,sampled_tokens,/data/L202500147/Caption/DualISL_Train_RewardV3/runs/midasheng_7b_reward_v3_10rounds_20260905_run01/round_002/collections/round_002_audio_caption_rollout.output.jsonl
2,Captioner,random440_expressivespeech_043,5,1095,sampled_tokens,/data/L202500147/Caption/DualISL_Train_RewardV3/runs/midasheng_7b_reward_v3_10rounds_20260905_run01/round_002/collections/round_002_audio_caption_rollout.output.jsonl
2,Captioner,random440_expressivespeech_154,6,910,sampled_tokens,/data/L202500147/Caption/DualISL_Train_RewardV3/runs/midasheng_7b_reward_v3_10rounds_20260905_run01/round_002/collections/round_002_audio_caption_rollout.output.jsonl
2,Captioner,random440_expressivespeech_249,7,849,sampled_tokens,/data/L202500147/Caption/DualISL_Train_RewardV3/runs/midasheng_7b_reward_v3_10rounds_20260905_run01/round_002/collections/round_002_audio_caption_rollout.output.jsonl
2,Captioner,random440_deear_072,0,472,sampled_tokens,/data/L202500147/Caption/DualISL_Train_RewardV3/runs/midasheng_7b_reward_v3_10rounds_20260905_run01/round_002/collections/round_002_audio_caption_rollout.output.jsonl
2,Captioner,random440_expressivespeech_050,1,604,sampled_tokens,/data/L202500147/Caption/DualISL_Train_RewardV3/runs/midasheng_7b_reward_v3_10rounds_20260905_run01/round_002/collections/round_002_audio_caption_rollout.output.jsonl
2,Captioner,random440_expressivespeech_046,2,692,sampled_tokens,/data/L202500147/Caption/DualISL_Train_RewardV3/runs/midasheng_7b_reward_v3_10rounds_20260905_run01/round_002/collections/round_002_audio_caption_rollout.output.jsonl
2,Captioner,random440_expressivespeech_011,3,772,sampled_tokens,/data/L202500147/Caption/DualISL_Train_RewardV3/runs/midasheng_7b_reward_v3_10rounds_20260905_run01/round_002/collections/round_002_audio_caption_rollout.output.jsonl
2,Captioner,random440_expressivespeech_167,4,447,sampled_tokens,/data/L202500147/Caption/DualISL_Train_RewardV3/runs/midasheng_7b_reward_v3_10rounds_20260905_run01/round_002/collections/round_002_audio_caption_rollout.output.jsonl
2,Captioner,random440_expressivespeech_227,5,681,sampled_tokens,/data/L202500147/Caption/DualISL_Train_RewardV3/runs/midasheng_7b_reward_v3_10rounds_20260905_run01/round_002/collections/round_002_audio_caption_rollout.output.jsonl
2,Captioner,random440_expressivespeech_175,6,588,sampled_tokens,/data/L202500147/Caption/DualISL_Train_RewardV3/runs/midasheng_7b_reward_v3_10rounds_20260905_run01/round_002/collections/round_002_audio_caption_rollout.output.jsonl
2,Captioner,random440_expressivespeech_160,7,587,sampled_tokens,/data/L202500147/Caption/DualISL_Train_RewardV3/runs/midasheng_7b_reward_v3_10rounds_20260905_run01/round_002/collections/round_002_audio_caption_rollout.output.jsonl
2,Captioner,random440_expressivespeech_202,0,613,sampled_tokens,/data/L202500147/Caption/DualISL_Train_RewardV3/runs/midasheng_7b_reward_v3_10rounds_20260905_run01/round_002/collections/round_002_audio_caption_rollout.output.jsonl
2,Captioner,random440_expressivespeech_314,1,625,sampled_tokens,/data/L202500147/Caption/DualISL_Train_RewardV3/runs/midasheng_7b_reward_v3_10rounds_20260905_run01/round_002/collections/round_002_audio_caption_rollout.output.jsonl
2,Captioner,random440_expressivespeech_238,2,468,sampled_tokens,/data/L202500147/Caption/DualISL_Train_RewardV3/runs/midasheng_7b_reward_v3_10rounds_20260905_run01/round_002/collections/round_002_audio_caption_rollout.output.jsonl
2,Captioner,random440_expressivespeech_179,3,645,sampled_tokens,/data/L202500147/Caption/DualISL_Train_RewardV3/runs/midasheng_7b_reward_v3_10rounds_20260905_run01/round_002/collections/round_002_audio_caption_rollout.output.jsonl
2,Captioner,random440_deear_054,4,668,sampled_tokens,/data/L202500147/Caption/DualISL_Train_RewardV3/runs/midasheng_7b_reward_v3_10rounds_20260905_run01/round_002/collections/round_002_audio_caption_rollout.output.jsonl
2,Captioner,random440_deear_037,5,654,sampled_tokens,/data/L202500147/Caption/DualISL_Train_RewardV3/runs/midasheng_7b_reward_v3_10rounds_20260905_run01/round_002/collections/round_002_audio_caption_rollout.output.jsonl
2,Captioner,random440_expressivespeech_220,6,730,sampled_tokens,/data/L202500147/Caption/DualISL_Train_RewardV3/runs/midasheng_7b_reward_v3_10rounds_20260905_run01/round_002/collections/round_002_audio_caption_rollout.output.jsonl
2,Captioner,random440_expressivespeech_228,7,785,sampled_tokens,/data/L202500147/Caption/DualISL_Train_RewardV3/runs/midasheng_7b_reward_v3_10rounds_20260905_run01/round_002/collections/round_002_audio_caption_rollout.output.jsonl
2,Captioner,random440_expressivespeech_272,0,616,sampled_tokens,/data/L202500147/Caption/DualISL_Train_RewardV3/runs/midasheng_7b_reward_v3_10rounds_20260905_run01/round_002/collections/round_002_audio_caption_rollout.output.jsonl
2,Captioner,random440_expressivespeech_285,1,685,sampled_tokens,/data/L202500147/Caption/DualISL_Train_RewardV3/runs/midasheng_7b_reward_v3_10rounds_20260905_run01/round_002/collections/round_002_audio_caption_rollout.output.jsonl
2,Captioner,random440_expressivespeech_013,2,626,sampled_tokens,/data/L202500147/Caption/DualISL_Train_RewardV3/runs/midasheng_7b_reward_v3_10rounds_20260905_run01/round_002/collections/round_002_audio_caption_rollout.output.jsonl
2,Captioner,random440_expressivespeech_290,3,677,sampled_tokens,/data/L202500147/Caption/DualISL_Train_RewardV3/runs/midasheng_7b_reward_v3_10rounds_20260905_run01/round_002/collections/round_002_audio_caption_rollout.output.jsonl
2,Captioner,random440_expressivespeech_256,4,679,sampled_tokens,/data/L202500147/Caption/DualISL_Train_RewardV3/runs/midasheng_7b_reward_v3_10rounds_20260905_run01/round_002/collections/round_002_audio_caption_rollout.output.jsonl
2,Captioner,random440_expressivespeech_083,5,1056,sampled_tokens,/data/L202500147/Caption/DualISL_Train_RewardV3/runs/midasheng_7b_reward_v3_10rounds_20260905_run01/round_002/collections/round_002_audio_caption_rollout.output.jsonl
2,Captioner,random440_expressivespeech_126,6,588,sampled_tokens,/data/L202500147/Caption/DualISL_Train_RewardV3/runs/midasheng_7b_reward_v3_10rounds_20260905_run01/round_002/collections/round_002_audio_caption_rollout.output.jsonl
2,Captioner,random440_expressivespeech_087,7,665,sampled_tokens,/data/L202500147/Caption/DualISL_Train_RewardV3/runs/midasheng_7b_reward_v3_10rounds_20260905_run01/round_002/collections/round_002_audio_caption_rollout.output.jsonl
2,Captioner,random440_expressivespeech_109,0,718,sampled_tokens,/data/L202500147/Caption/DualISL_Train_RewardV3/runs/midasheng_7b_reward_v3_10rounds_20260905_run01/round_002/collections/round_002_audio_caption_rollout.output.jsonl
2,Captioner,random440_expressivespeech_135,1,628,sampled_tokens,/data/L202500147/Caption/DualISL_Train_RewardV3/runs/midasheng_7b_reward_v3_10rounds_20260905_run01/round_002/collections/round_002_audio_caption_rollout.output.jsonl
2,Captioner,random440_deear_032,2,640,sampled_tokens,/data/L202500147/Caption/DualISL_Train_RewardV3/runs/midasheng_7b_reward_v3_10rounds_20260905_run01/round_002/collections/round_002_audio_caption_rollout.output.jsonl
2,Captioner,random440_expressivespeech_197,3,591,sampled_tokens,/data/L202500147/Caption/DualISL_Train_RewardV3/runs/midasheng_7b_reward_v3_10rounds_20260905_run01/round_002/collections/round_002_audio_caption_rollout.output.jsonl
2,Captioner,random440_expressivespeech_181,4,859,sampled_tokens,/data/L202500147/Caption/DualISL_Train_RewardV3/runs/midasheng_7b_reward_v3_10rounds_20260905_run01/round_002/collections/round_002_audio_caption_rollout.output.jsonl
2,Captioner,random440_deear_003,5,568,sampled_tokens,/data/L202500147/Caption/DualISL_Train_RewardV3/runs/midasheng_7b_reward_v3_10rounds_20260905_run01/round_002/collections/round_002_audio_caption_rollout.output.jsonl
2,Captioner,random440_deear_049,6,601,sampled_tokens,/data/L202500147/Caption/DualISL_Train_RewardV3/runs/midasheng_7b_reward_v3_10rounds_20260905_run01/round_002/collections/round_002_audio_caption_rollout.output.jsonl
2,Captioner,random440_expressivespeech_007,7,734,sampled_tokens,/data/L202500147/Caption/DualISL_Train_RewardV3/runs/midasheng_7b_reward_v3_10rounds_20260905_run01/round_002/collections/round_002_audio_caption_rollout.output.jsonl
2,Captioner,random440_expressivespeech_235,0,483,sampled_tokens,/data/L202500147/Caption/DualISL_Train_RewardV3/runs/midasheng_7b_reward_v3_10rounds_20260905_run01/round_002/collections/round_002_audio_caption_rollout.output.jsonl
2,Captioner,random440_expressivespeech_157,1,564,sampled_tokens,/data/L202500147/Caption/DualISL_Train_RewardV3/runs/midasheng_7b_reward_v3_10rounds_20260905_run01/round_002/collections/round_002_audio_caption_rollout.output.jsonl
2,Captioner,random440_expressivespeech_063,2,673,sampled_tokens,/data/L202500147/Caption/DualISL_Train_RewardV3/runs/midasheng_7b_reward_v3_10rounds_20260905_run01/round_002/collections/round_002_audio_caption_rollout.output.jsonl
2,Captioner,random440_expressivespeech_089,3,507,sampled_tokens,/data/L202500147/Caption/DualISL_Train_RewardV3/runs/midasheng_7b_reward_v3_10rounds_20260905_run01/round_002/collections/round_002_audio_caption_rollout.output.jsonl
2,Captioner,random440_expressivespeech_113,4,607,sampled_tokens,/data/L202500147/Caption/DualISL_Train_RewardV3/runs/midasheng_7b_reward_v3_10rounds_20260905_run01/round_002/collections/round_002_audio_caption_rollout.output.jsonl
2,Captioner,random440_expressivespeech_020,5,541,sampled_tokens,/data/L202500147/Caption/DualISL_Train_RewardV3/runs/midasheng_7b_reward_v3_10rounds_20260905_run01/round_002/collections/round_002_audio_caption_rollout.output.jsonl
2,Captioner,random440_expressivespeech_028,6,616,sampled_tokens,/data/L202500147/Caption/DualISL_Train_RewardV3/runs/midasheng_7b_reward_v3_10rounds_20260905_run01/round_002/collections/round_002_audio_caption_rollout.output.jsonl
2,Captioner,random440_deear_084,7,838,sampled_tokens,/data/L202500147/Caption/DualISL_Train_RewardV3/runs/midasheng_7b_reward_v3_10rounds_20260905_run01/round_002/collections/round_002_audio_caption_rollout.output.jsonl
2,Captioner,random440_expressivespeech_093,0,595,sampled_tokens,/data/L202500147/Caption/DualISL_Train_RewardV3/runs/midasheng_7b_reward_v3_10rounds_20260905_run01/round_002/collections/round_002_audio_caption_rollout.output.jsonl
2,Captioner,random440_expressivespeech_222,1,1046,sampled_tokens,/data/L202500147/Caption/DualISL_Train_RewardV3/runs/midasheng_7b_reward_v3_10rounds_20260905_run01/round_002/collections/round_002_audio_caption_rollout.output.jsonl
2,Captioner,random440_deear_015,2,571,sampled_tokens,/data/L202500147/Caption/DualISL_Train_RewardV3/runs/midasheng_7b_reward_v3_10rounds_20260905_run01/round_002/collections/round_002_audio_caption_rollout.output.jsonl
2,Captioner,random440_deear_083,3,404,sampled_tokens,/data/L202500147/Caption/DualISL_Train_RewardV3/runs/midasheng_7b_reward_v3_10rounds_20260905_run01/round_002/collections/round_002_audio_caption_rollout.output.jsonl
2,Captioner,random440_deear_096,4,684,sampled_tokens,/data/L202500147/Caption/DualISL_Train_RewardV3/runs/midasheng_7b_reward_v3_10rounds_20260905_run01/round_002/collections/round_002_audio_caption_rollout.output.jsonl
2,Captioner,random440_expressivespeech_219,5,534,sampled_tokens,/data/L202500147/Caption/DualISL_Train_RewardV3/runs/midasheng_7b_reward_v3_10rounds_20260905_run01/round_002/collections/round_002_audio_caption_rollout.output.jsonl
2,Captioner,random440_deear_082,6,557,sampled_tokens,/data/L202500147/Caption/DualISL_Train_RewardV3/runs/midasheng_7b_reward_v3_10rounds_20260905_run01/round_002/collections/round_002_audio_caption_rollout.output.jsonl
2,Captioner,random440_expressivespeech_208,7,672,sampled_tokens,/data/L202500147/Caption/DualISL_Train_RewardV3/runs/midasheng_7b_reward_v3_10rounds_20260905_run01/round_002/collections/round_002_audio_caption_rollout.output.jsonl
2,Captioner,random440_expressivespeech_035,0,728,sampled_tokens,/data/L202500147/Caption/DualISL_Train_RewardV3/runs/midasheng_7b_reward_v3_10rounds_20260905_run01/round_002/collections/round_002_audio_caption_rollout.output.jsonl
2,Captioner,random440_expressivespeech_147,1,570,sampled_tokens,/data/L202500147/Caption/DualISL_Train_RewardV3/runs/midasheng_7b_reward_v3_10rounds_20260905_run01/round_002/collections/round_002_audio_caption_rollout.output.jsonl
2,Captioner,random440_expressivespeech_266,2,530,sampled_tokens,/data/L202500147/Caption/DualISL_Train_RewardV3/runs/midasheng_7b_reward_v3_10rounds_20260905_run01/round_002/collections/round_002_audio_caption_rollout.output.jsonl
2,Captioner,random440_expressivespeech_188,3,732,sampled_tokens,/data/L202500147/Caption/DualISL_Train_RewardV3/runs/midasheng_7b_reward_v3_10rounds_20260905_run01/round_002/collections/round_002_audio_caption_rollout.output.jsonl
2,Captioner,random440_expressivespeech_045,4,712,sampled_tokens,/data/L202500147/Caption/DualISL_Train_RewardV3/runs/midasheng_7b_reward_v3_10rounds_20260905_run01/round_002/collections/round_002_audio_caption_rollout.output.jsonl
2,Captioner,random440_deear_092,5,791,sampled_tokens,/data/L202500147/Caption/DualISL_Train_RewardV3/runs/midasheng_7b_reward_v3_10rounds_20260905_run01/round_002/collections/round_002_audio_caption_rollout.output.jsonl
2,Captioner,random440_expressivespeech_019,6,744,sampled_tokens,/data/L202500147/Caption/DualISL_Train_RewardV3/runs/midasheng_7b_reward_v3_10rounds_20260905_run01/round_002/collections/round_002_audio_caption_rollout.output.jsonl
2,Captioner,random440_expressivespeech_313,7,948,sampled_tokens,/data/L202500147/Caption/DualISL_Train_RewardV3/runs/midasheng_7b_reward_v3_10rounds_20260905_run01/round_002/collections/round_002_audio_caption_rollout.output.jsonl
2,Captioner,random440_deear_047,0,788,sampled_tokens,/data/L202500147/Caption/DualISL_Train_RewardV3/runs/midasheng_7b_reward_v3_10rounds_20260905_run01/round_002/collections/round_002_audio_caption_rollout.output.jsonl
2,Captioner,random440_expressivespeech_069,1,461,sampled_tokens,/data/L202500147/Caption/DualISL_Train_RewardV3/runs/midasheng_7b_reward_v3_10rounds_20260905_run01/round_002/collections/round_002_audio_caption_rollout.output.jsonl
2,Captioner,random440_deear_024,2,649,sampled_tokens,/data/L202500147/Caption/DualISL_Train_RewardV3/runs/midasheng_7b_reward_v3_10rounds_20260905_run01/round_002/collections/round_002_audio_caption_rollout.output.jsonl
2,Captioner,random440_expressivespeech_187,3,614,sampled_tokens,/data/L202500147/Caption/DualISL_Train_RewardV3/runs/midasheng_7b_reward_v3_10rounds_20260905_run01/round_002/collections/round_002_audio_caption_rollout.output.jsonl
2,Captioner,random440_expressivespeech_088,4,474,sampled_tokens,/data/L202500147/Caption/DualISL_Train_RewardV3/runs/midasheng_7b_reward_v3_10rounds_20260905_run01/round_002/collections/round_002_audio_caption_rollout.output.jsonl
2,Captioner,random440_expressivespeech_009,5,598,sampled_tokens,/data/L202500147/Caption/DualISL_Train_RewardV3/runs/midasheng_7b_reward_v3_10rounds_20260905_run01/round_002/collections/round_002_audio_caption_rollout.output.jsonl
2,Captioner,random440_expressivespeech_168,6,491,sampled_tokens,/data/L202500147/Caption/DualISL_Train_RewardV3/runs/midasheng_7b_reward_v3_10rounds_20260905_run01/round_002/collections/round_002_audio_caption_rollout.output.jsonl
2,Captioner,random440_expressivespeech_252,7,594,sampled_tokens,/data/L202500147/Caption/DualISL_Train_RewardV3/runs/midasheng_7b_reward_v3_10rounds_20260905_run01/round_002/collections/round_002_audio_caption_rollout.output.jsonl
2,Captioner,random440_expressivespeech_095,0,773,sampled_tokens,/data/L202500147/Caption/DualISL_Train_RewardV3/runs/midasheng_7b_reward_v3_10rounds_20260905_run01/round_002/collections/round_002_audio_caption_rollout.output.jsonl
2,Captioner,random440_expressivespeech_090,1,552,sampled_tokens,/data/L202500147/Caption/DualISL_Train_RewardV3/runs/midasheng_7b_reward_v3_10rounds_20260905_run01/round_002/collections/round_002_audio_caption_rollout.output.jsonl
2,Captioner,random440_expressivespeech_053,2,731,sampled_tokens,/data/L202500147/Caption/DualISL_Train_RewardV3/runs/midasheng_7b_reward_v3_10rounds_20260905_run01/round_002/collections/round_002_audio_caption_rollout.output.jsonl
2,Captioner,random440_expressivespeech_165,3,721,sampled_tokens,/data/L202500147/Caption/DualISL_Train_RewardV3/runs/midasheng_7b_reward_v3_10rounds_20260905_run01/round_002/collections/round_002_audio_caption_rollout.output.jsonl
2,Captioner,random440_deear_010,4,662,sampled_tokens,/data/L202500147/Caption/DualISL_Train_RewardV3/runs/midasheng_7b_reward_v3_10rounds_20260905_run01/round_002/collections/round_002_audio_caption_rollout.output.jsonl
2,Captioner,random440_expressivespeech_312,5,706,sampled_tokens,/data/L202500147/Caption/DualISL_Train_RewardV3/runs/midasheng_7b_reward_v3_10rounds_20260905_run01/round_002/collections/round_002_audio_caption_rollout.output.jsonl
2,Captioner,random440_expressivespeech_057,6,845,sampled_tokens,/data/L202500147/Caption/DualISL_Train_RewardV3/runs/midasheng_7b_reward_v3_10rounds_20260905_run01/round_002/collections/round_002_audio_caption_rollout.output.jsonl
2,Captioner,random440_expressivespeech_309,7,670,sampled_tokens,/data/L202500147/Caption/DualISL_Train_RewardV3/runs/midasheng_7b_reward_v3_10rounds_20260905_run01/round_002/collections/round_002_audio_caption_rollout.output.jsonl
2,Captioner,random440_expressivespeech_076,0,697,sampled_tokens,/data/L202500147/Caption/DualISL_Train_RewardV3/runs/midasheng_7b_reward_v3_10rounds_20260905_run01/round_002/collections/round_002_audio_caption_rollout.output.jsonl
2,Captioner,random440_expressivespeech_292,1,794,sampled_tokens,/data/L202500147/Caption/DualISL_Train_RewardV3/runs/midasheng_7b_reward_v3_10rounds_20260905_run01/round_002/collections/round_002_audio_caption_rollout.output.jsonl
2,Captioner,random440_expressivespeech_148,2,646,sampled_tokens,/data/L202500147/Caption/DualISL_Train_RewardV3/runs/midasheng_7b_reward_v3_10rounds_20260905_run01/round_002/collections/round_002_audio_caption_rollout.output.jsonl
2,Captioner,random440_expressivespeech_111,3,727,sampled_tokens,/data/L202500147/Caption/DualISL_Train_RewardV3/runs/midasheng_7b_reward_v3_10rounds_20260905_run01/round_002/collections/round_002_audio_caption_rollout.output.jsonl
2,Captioner,random440_expressivespeech_016,4,874,sampled_tokens,/data/L202500147/Caption/DualISL_Train_RewardV3/runs/midasheng_7b_reward_v3_10rounds_20260905_run01/round_002/collections/round_002_audio_caption_rollout.output.jsonl
2,Captioner,random440_deear_016,5,889,sampled_tokens,/data/L202500147/Caption/DualISL_Train_RewardV3/runs/midasheng_7b_reward_v3_10rounds_20260905_run01/round_002/collections/round_002_audio_caption_rollout.output.jsonl
2,Captioner,random440_expressivespeech_138,6,605,sampled_tokens,/data/L202500147/Caption/DualISL_Train_RewardV3/runs/midasheng_7b_reward_v3_10rounds_20260905_run01/round_002/collections/round_002_audio_caption_rollout.output.jsonl
2,Captioner,random440_expressivespeech_254,7,862,sampled_tokens,/data/L202500147/Caption/DualISL_Train_RewardV3/runs/midasheng_7b_reward_v3_10rounds_20260905_run01/round_002/collections/round_002_audio_caption_rollout.output.jsonl
2,Captioner,random440_deear_087,0,960,sampled_tokens,/data/L202500147/Caption/DualISL_Train_RewardV3/runs/midasheng_7b_reward_v3_10rounds_20260905_run01/round_002/collections/round_002_audio_caption_rollout.output.jsonl
2,Captioner,random440_expressivespeech_246,1,488,sampled_tokens,/data/L202500147/Caption/DualISL_Train_RewardV3/runs/midasheng_7b_reward_v3_10rounds_20260905_run01/round_002/collections/round_002_audio_caption_rollout.output.jsonl
2,Captioner,random440_expressivespeech_338,2,894,sampled_tokens,/data/L202500147/Caption/DualISL_Train_RewardV3/runs/midasheng_7b_reward_v3_10rounds_20260905_run01/round_002/collections/round_002_audio_caption_rollout.output.jsonl
2,Captioner,random440_expressivespeech_215,3,834,sampled_tokens,/data/L202500147/Caption/DualISL_Train_RewardV3/runs/midasheng_7b_reward_v3_10rounds_20260905_run01/round_002/collections/round_002_audio_caption_rollout.output.jsonl
2,Captioner,random440_expressivespeech_031,4,647,sampled_tokens,/data/L202500147/Caption/DualISL_Train_RewardV3/runs/midasheng_7b_reward_v3_10rounds_20260905_run01/round_002/collections/round_002_audio_caption_rollout.output.jsonl
2,Captioner,random440_expressivespeech_068,5,769,sampled_tokens,/data/L202500147/Caption/DualISL_Train_RewardV3/runs/midasheng_7b_reward_v3_10rounds_20260905_run01/round_002/collections/round_002_audio_caption_rollout.output.jsonl
2,Captioner,random440_expressivespeech_310,6,487,sampled_tokens,/data/L202500147/Caption/DualISL_Train_RewardV3/runs/midasheng_7b_reward_v3_10rounds_20260905_run01/round_002/collections/round_002_audio_caption_rollout.output.jsonl
2,Captioner,random440_expressivespeech_101,7,723,sampled_tokens,/data/L202500147/Caption/DualISL_Train_RewardV3/runs/midasheng_7b_reward_v3_10rounds_20260905_run01/round_002/collections/round_002_audio_caption_rollout.output.jsonl
2,Captioner,random440_deear_014,0,721,sampled_tokens,/data/L202500147/Caption/DualISL_Train_RewardV3/runs/midasheng_7b_reward_v3_10rounds_20260905_run01/round_002/collections/round_002_audio_caption_rollout.output.jsonl
2,Captioner,random440_expressivespeech_041,1,644,sampled_tokens,/data/L202500147/Caption/DualISL_Train_RewardV3/runs/midasheng_7b_reward_v3_10rounds_20260905_run01/round_002/collections/round_002_audio_caption_rollout.output.jsonl
2,Captioner,random440_expressivespeech_319,2,679,sampled_tokens,/data/L202500147/Caption/DualISL_Train_RewardV3/runs/midasheng_7b_reward_v3_10rounds_20260905_run01/round_002/collections/round_002_audio_caption_rollout.output.jsonl
2,Captioner,random440_deear_040,3,544,sampled_tokens,/data/L202500147/Caption/DualISL_Train_RewardV3/runs/midasheng_7b_reward_v3_10rounds_20260905_run01/round_002/collections/round_002_audio_caption_rollout.output.jsonl
2,Captioner,random440_expressivespeech_185,4,624,sampled_tokens,/data/L202500147/Caption/DualISL_Train_RewardV3/runs/midasheng_7b_reward_v3_10rounds_20260905_run01/round_002/collections/round_002_audio_caption_rollout.output.jsonl
2,Captioner,random440_expressivespeech_340,5,815,sampled_tokens,/data/L202500147/Caption/DualISL_Train_RewardV3/runs/midasheng_7b_reward_v3_10rounds_20260905_run01/round_002/collections/round_002_audio_caption_rollout.output.jsonl
2,Captioner,random440_expressivespeech_294,6,631,sampled_tokens,/data/L202500147/Caption/DualISL_Train_RewardV3/runs/midasheng_7b_reward_v3_10rounds_20260905_run01/round_002/collections/round_002_audio_caption_rollout.output.jsonl
2,Captioner,random440_expressivespeech_270,7,697,sampled_tokens,/data/L202500147/Caption/DualISL_Train_RewardV3/runs/midasheng_7b_reward_v3_10rounds_20260905_run01/round_002/collections/round_002_audio_caption_rollout.output.jsonl
2,Captioner,random440_expressivespeech_334,0,902,sampled_tokens,/data/L202500147/Caption/DualISL_Train_RewardV3/runs/midasheng_7b_reward_v3_10rounds_20260905_run01/round_002/collections/round_002_audio_caption_rollout.output.jsonl
2,Captioner,random440_expressivespeech_080,1,702,sampled_tokens,/data/L202500147/Caption/DualISL_Train_RewardV3/runs/midasheng_7b_reward_v3_10rounds_20260905_run01/round_002/collections/round_002_audio_caption_rollout.output.jsonl
2,Captioner,random440_expressivespeech_329,2,640,sampled_tokens,/data/L202500147/Caption/DualISL_Train_RewardV3/runs/midasheng_7b_reward_v3_10rounds_20260905_run01/round_002/collections/round_002_audio_caption_rollout.output.jsonl
2,Captioner,random440_expressivespeech_110,3,871,sampled_tokens,/data/L202500147/Caption/DualISL_Train_RewardV3/runs/midasheng_7b_reward_v3_10rounds_20260905_run01/round_002/collections/round_002_audio_caption_rollout.output.jsonl
2,Captioner,random440_expressivespeech_180,4,628,sampled_tokens,/data/L202500147/Caption/DualISL_Train_RewardV3/runs/midasheng_7b_reward_v3_10rounds_20260905_run01/round_002/collections/round_002_audio_caption_rollout.output.jsonl
2,Captioner,random440_expressivespeech_107,5,819,sampled_tokens,/data/L202500147/Caption/DualISL_Train_RewardV3/runs/midasheng_7b_reward_v3_10rounds_20260905_run01/round_002/collections/round_002_audio_caption_rollout.output.jsonl
2,Captioner,random440_expressivespeech_025,6,512,sampled_tokens,/data/L202500147/Caption/DualISL_Train_RewardV3/runs/midasheng_7b_reward_v3_10rounds_20260905_run01/round_002/collections/round_002_audio_caption_rollout.output.jsonl
2,Captioner,random440_expressivespeech_096,7,811,sampled_tokens,/data/L202500147/Caption/DualISL_Train_RewardV3/runs/midasheng_7b_reward_v3_10rounds_20260905_run01/round_002/collections/round_002_audio_caption_rollout.output.jsonl
2,Captioner,random440_deear_030,0,822,sampled_tokens,/data/L202500147/Caption/DualISL_Train_RewardV3/runs/midasheng_7b_reward_v3_10rounds_20260905_run01/round_002/collections/round_002_audio_caption_rollout.output.jsonl
2,Captioner,random440_expressivespeech_315,1,688,sampled_tokens,/data/L202500147/Caption/DualISL_Train_RewardV3/runs/midasheng_7b_reward_v3_10rounds_20260905_run01/round_002/collections/round_002_audio_caption_rollout.output.jsonl
2,Captioner,random440_expressivespeech_265,2,738,sampled_tokens,/data/L202500147/Caption/DualISL_Train_RewardV3/runs/midasheng_7b_reward_v3_10rounds_20260905_run01/round_002/collections/round_002_audio_caption_rollout.output.jsonl
2,Captioner,random440_expressivespeech_027,3,687,sampled_tokens,/data/L202500147/Caption/DualISL_Train_RewardV3/runs/midasheng_7b_reward_v3_10rounds_20260905_run01/round_002/collections/round_002_audio_caption_rollout.output.jsonl
2,Captioner,random440_expressivespeech_155,4,717,sampled_tokens,/data/L202500147/Caption/DualISL_Train_RewardV3/runs/midasheng_7b_reward_v3_10rounds_20260905_run01/round_002/collections/round_002_audio_caption_rollout.output.jsonl
2,Captioner,random440_expressivespeech_010,5,647,sampled_tokens,/data/L202500147/Caption/DualISL_Train_RewardV3/runs/midasheng_7b_reward_v3_10rounds_20260905_run01/round_002/collections/round_002_audio_caption_rollout.output.jsonl
2,Captioner,random440_expressivespeech_295,6,593,sampled_tokens,/data/L202500147/Caption/DualISL_Train_RewardV3/runs/midasheng_7b_reward_v3_10rounds_20260905_run01/round_002/collections/round_002_audio_caption_rollout.output.jsonl
2,Captioner,random440_expressivespeech_150,7,734,sampled_tokens,/data/L202500147/Caption/DualISL_Train_RewardV3/runs/midasheng_7b_reward_v3_10rounds_20260905_run01/round_002/collections/round_002_audio_caption_rollout.output.jsonl
2,Captioner,random440_expressivespeech_211,0,776,sampled_tokens,/data/L202500147/Caption/DualISL_Train_RewardV3/runs/midasheng_7b_reward_v3_10rounds_20260905_run01/round_002/collections/round_002_audio_caption_rollout.output.jsonl
2,Captioner,random440_deear_062,1,607,sampled_tokens,/data/L202500147/Caption/DualISL_Train_RewardV3/runs/midasheng_7b_reward_v3_10rounds_20260905_run01/round_002/collections/round_002_audio_caption_rollout.output.jsonl
2,Captioner,random440_expressivespeech_026,2,800,sampled_tokens,/data/L202500147/Caption/DualISL_Train_RewardV3/runs/midasheng_7b_reward_v3_10rounds_20260905_run01/round_002/collections/round_002_audio_caption_rollout.output.jsonl
2,Captioner,random440_expressivespeech_102,3,724,sampled_tokens,/data/L202500147/Caption/DualISL_Train_RewardV3/runs/midasheng_7b_reward_v3_10rounds_20260905_run01/round_002/collections/round_002_audio_caption_rollout.output.jsonl
2,Captioner,random440_deear_080,4,600,sampled_tokens,/data/L202500147/Caption/DualISL_Train_RewardV3/runs/midasheng_7b_reward_v3_10rounds_20260905_run01/round_002/collections/round_002_audio_caption_rollout.output.jsonl
2,Captioner,random440_expressivespeech_137,5,586,sampled_tokens,/data/L202500147/Caption/DualISL_Train_RewardV3/runs/midasheng_7b_reward_v3_10rounds_20260905_run01/round_002/collections/round_002_audio_caption_rollout.output.jsonl
2,Captioner,random440_expressivespeech_074,6,792,sampled_tokens,/data/L202500147/Caption/DualISL_Train_RewardV3/runs/midasheng_7b_reward_v3_10rounds_20260905_run01/round_002/collections/round_002_audio_caption_rollout.output.jsonl
2,Captioner,random440_expressivespeech_073,7,1096,sampled_tokens,/data/L202500147/Caption/DualISL_Train_RewardV3/runs/midasheng_7b_reward_v3_10rounds_20260905_run01/round_002/collections/round_002_audio_caption_rollout.output.jsonl
2,Captioner,random440_expressivespeech_233,0,825,sampled_tokens,/data/L202500147/Caption/DualISL_Train_RewardV3/runs/midasheng_7b_reward_v3_10rounds_20260905_run01/round_002/collections/round_002_audio_caption_rollout.output.jsonl
2,Captioner,random440_expressivespeech_128,1,640,sampled_tokens,/data/L202500147/Caption/DualISL_Train_RewardV3/runs/midasheng_7b_reward_v3_10rounds_20260905_run01/round_002/collections/round_002_audio_caption_rollout.output.jsonl
2,Captioner,random440_expressivespeech_279,2,788,sampled_tokens,/data/L202500147/Caption/DualISL_Train_RewardV3/runs/midasheng_7b_reward_v3_10rounds_20260905_run01/round_002/collections/round_002_audio_caption_rollout.output.jsonl
2,Captioner,random440_expressivespeech_146,3,712,sampled_tokens,/data/L202500147/Caption/DualISL_Train_RewardV3/runs/midasheng_7b_reward_v3_10rounds_20260905_run01/round_002/collections/round_002_audio_caption_rollout.output.jsonl
2,Captioner,random440_expressivespeech_223,4,664,sampled_tokens,/data/L202500147/Caption/DualISL_Train_RewardV3/runs/midasheng_7b_reward_v3_10rounds_20260905_run01/round_002/collections/round_002_audio_caption_rollout.output.jsonl
2,Captioner,random440_deear_078,5,459,sampled_tokens,/data/L202500147/Caption/DualISL_Train_RewardV3/runs/midasheng_7b_reward_v3_10rounds_20260905_run01/round_002/collections/round_002_audio_caption_rollout.output.jsonl
2,Captioner,random440_expressivespeech_055,6,542,sampled_tokens,/data/L202500147/Caption/DualISL_Train_RewardV3/runs/midasheng_7b_reward_v3_10rounds_20260905_run01/round_002/collections/round_002_audio_caption_rollout.output.jsonl
2,Captioner,random440_expressivespeech_098,7,730,sampled_tokens,/data/L202500147/Caption/DualISL_Train_RewardV3/runs/midasheng_7b_reward_v3_10rounds_20260905_run01/round_002/collections/round_002_audio_caption_rollout.output.jsonl
2,Captioner,random440_expressivespeech_003,0,636,sampled_tokens,/data/L202500147/Caption/DualISL_Train_RewardV3/runs/midasheng_7b_reward_v3_10rounds_20260905_run01/round_002/collections/round_002_audio_caption_rollout.output.jsonl
2,Captioner,random440_expressivespeech_144,1,687,sampled_tokens,/data/L202500147/Caption/DualISL_Train_RewardV3/runs/midasheng_7b_reward_v3_10rounds_20260905_run01/round_002/collections/round_002_audio_caption_rollout.output.jsonl
2,Captioner,random440_expressivespeech_217,2,771,sampled_tokens,/data/L202500147/Caption/DualISL_Train_RewardV3/runs/midasheng_7b_reward_v3_10rounds_20260905_run01/round_002/collections/round_002_audio_caption_rollout.output.jsonl
2,Captioner,random440_expressivespeech_321,3,719,sampled_tokens,/data/L202500147/Caption/DualISL_Train_RewardV3/runs/midasheng_7b_reward_v3_10rounds_20260905_run01/round_002/collections/round_002_audio_caption_rollout.output.jsonl
2,Captioner,random440_expressivespeech_230,4,705,sampled_tokens,/data/L202500147/Caption/DualISL_Train_RewardV3/runs/midasheng_7b_reward_v3_10rounds_20260905_run01/round_002/collections/round_002_audio_caption_rollout.output.jsonl
2,Captioner,random440_deear_002,5,863,sampled_tokens,/data/L202500147/Caption/DualISL_Train_RewardV3/runs/midasheng_7b_reward_v3_10rounds_20260905_run01/round_002/collections/round_002_audio_caption_rollout.output.jsonl
2,Captioner,random440_expressivespeech_210,6,912,sampled_tokens,/data/L202500147/Caption/DualISL_Train_RewardV3/runs/midasheng_7b_reward_v3_10rounds_20260905_run01/round_002/collections/round_002_audio_caption_rollout.output.jsonl
2,Captioner,random440_expressivespeech_105,7,456,sampled_tokens,/data/L202500147/Caption/DualISL_Train_RewardV3/runs/midasheng_7b_reward_v3_10rounds_20260905_run01/round_002/collections/round_002_audio_caption_rollout.output.jsonl
2,Captioner,random440_expressivespeech_199,0,888,sampled_tokens,/data/L202500147/Caption/DualISL_Train_RewardV3/runs/midasheng_7b_reward_v3_10rounds_20260905_run01/round_002/collections/round_002_audio_caption_rollout.output.jsonl
2,Captioner,random440_expressivespeech_065,1,556,sampled_tokens,/data/L202500147/Caption/DualISL_Train_RewardV3/runs/midasheng_7b_reward_v3_10rounds_20260905_run01/round_002/collections/round_002_audio_caption_rollout.output.jsonl
2,Captioner,random440_expressivespeech_195,2,690,sampled_tokens,/data/L202500147/Caption/DualISL_Train_RewardV3/runs/midasheng_7b_reward_v3_10rounds_20260905_run01/round_002/collections/round_002_audio_caption_rollout.output.jsonl
2,Captioner,random440_expressivespeech_200,3,701,sampled_tokens,/data/L202500147/Caption/DualISL_Train_RewardV3/runs/midasheng_7b_reward_v3_10rounds_20260905_run01/round_002/collections/round_002_audio_caption_rollout.output.jsonl
2,Captioner,random440_expressivespeech_005,4,825,sampled_tokens,/data/L202500147/Caption/DualISL_Train_RewardV3/runs/midasheng_7b_reward_v3_10rounds_20260905_run01/round_002/collections/round_002_audio_caption_rollout.output.jsonl
2,Captioner,random440_expressivespeech_237,5,759,sampled_tokens,/data/L202500147/Caption/DualISL_Train_RewardV3/runs/midasheng_7b_reward_v3_10rounds_20260905_run01/round_002/collections/round_002_audio_caption_rollout.output.jsonl
2,Captioner,random440_expressivespeech_317,6,785,sampled_tokens,/data/L202500147/Caption/DualISL_Train_RewardV3/runs/midasheng_7b_reward_v3_10rounds_20260905_run01/round_002/collections/round_002_audio_caption_rollout.output.jsonl
2,Captioner,random440_expressivespeech_280,7,701,sampled_tokens,/data/L202500147/Caption/DualISL_Train_RewardV3/runs/midasheng_7b_reward_v3_10rounds_20260905_run01/round_002/collections/round_002_audio_caption_rollout.output.jsonl
2,Captioner,random440_deear_038,0,584,sampled_tokens,/data/L202500147/Caption/DualISL_Train_RewardV3/runs/midasheng_7b_reward_v3_10rounds_20260905_run01/round_002/collections/round_002_audio_caption_rollout.output.jsonl
2,Captioner,random440_expressivespeech_038,1,596,sampled_tokens,/data/L202500147/Caption/DualISL_Train_RewardV3/runs/midasheng_7b_reward_v3_10rounds_20260905_run01/round_002/collections/round_002_audio_caption_rollout.output.jsonl
2,Captioner,random440_expressivespeech_056,2,807,sampled_tokens,/data/L202500147/Caption/DualISL_Train_RewardV3/runs/midasheng_7b_reward_v3_10rounds_20260905_run01/round_002/collections/round_002_audio_caption_rollout.output.jsonl
2,Captioner,random440_expressivespeech_216,3,719,sampled_tokens,/data/L202500147/Caption/DualISL_Train_RewardV3/runs/midasheng_7b_reward_v3_10rounds_20260905_run01/round_002/collections/round_002_audio_caption_rollout.output.jsonl
2,Captioner,random440_expressivespeech_260,4,784,sampled_tokens,/data/L202500147/Caption/DualISL_Train_RewardV3/runs/midasheng_7b_reward_v3_10rounds_20260905_run01/round_002/collections/round_002_audio_caption_rollout.output.jsonl
2,Captioner,random440_expressivespeech_311,5,801,sampled_tokens,/data/L202500147/Caption/DualISL_Train_RewardV3/runs/midasheng_7b_reward_v3_10rounds_20260905_run01/round_002/collections/round_002_audio_caption_rollout.output.jsonl
2,Captioner,random440_expressivespeech_103,6,635,sampled_tokens,/data/L202500147/Caption/DualISL_Train_RewardV3/runs/midasheng_7b_reward_v3_10rounds_20260905_run01/round_002/collections/round_002_audio_caption_rollout.output.jsonl
2,Captioner,random440_expressivespeech_024,7,518,sampled_tokens,/data/L202500147/Caption/DualISL_Train_RewardV3/runs/midasheng_7b_reward_v3_10rounds_20260905_run01/round_002/collections/round_002_audio_caption_rollout.output.jsonl
2,Captioner,random440_expressivespeech_296,0,646,sampled_tokens,/data/L202500147/Caption/DualISL_Train_RewardV3/runs/midasheng_7b_reward_v3_10rounds_20260905_run01/round_002/collections/round_002_audio_caption_rollout.output.jsonl
2,Captioner,random440_expressivespeech_115,1,625,sampled_tokens,/data/L202500147/Caption/DualISL_Train_RewardV3/runs/midasheng_7b_reward_v3_10rounds_20260905_run01/round_002/collections/round_002_audio_caption_rollout.output.jsonl
2,Captioner,random440_expressivespeech_264,2,622,sampled_tokens,/data/L202500147/Caption/DualISL_Train_RewardV3/runs/midasheng_7b_reward_v3_10rounds_20260905_run01/round_002/collections/round_002_audio_caption_rollout.output.jsonl
2,Captioner,random440_expressivespeech_286,3,599,sampled_tokens,/data/L202500147/Caption/DualISL_Train_RewardV3/runs/midasheng_7b_reward_v3_10rounds_20260905_run01/round_002/collections/round_002_audio_caption_rollout.output.jsonl
2,Captioner,random440_expressivespeech_307,4,1039,sampled_tokens,/data/L202500147/Caption/DualISL_Train_RewardV3/runs/midasheng_7b_reward_v3_10rounds_20260905_run01/round_002/collections/round_002_audio_caption_rollout.output.jsonl
2,Captioner,random440_deear_071,5,605,sampled_tokens,/data/L202500147/Caption/DualISL_Train_RewardV3/runs/midasheng_7b_reward_v3_10rounds_20260905_run01/round_002/collections/round_002_audio_caption_rollout.output.jsonl
2,Captioner,random440_expressivespeech_231,6,605,sampled_tokens,/data/L202500147/Caption/DualISL_Train_RewardV3/runs/midasheng_7b_reward_v3_10rounds_20260905_run01/round_002/collections/round_002_audio_caption_rollout.output.jsonl
2,Captioner,random440_expressivespeech_282,7,577,sampled_tokens,/data/L202500147/Caption/DualISL_Train_RewardV3/runs/midasheng_7b_reward_v3_10rounds_20260905_run01/round_002/collections/round_002_audio_caption_rollout.output.jsonl
2,TTS,random440_expressivespeech_164,0,327,codec_frames,/data/L202500147/Caption/DualISL_Train_RewardV3/runs/midasheng_7b_reward_v3_10rounds_20260905_run01/round_002/collections/round_002_caption_tts_rollout.output.jsonl
2,TTS,random440_expressivespeech_186,1,51,codec_frames,/data/L202500147/Caption/DualISL_Train_RewardV3/runs/midasheng_7b_reward_v3_10rounds_20260905_run01/round_002/collections/round_002_caption_tts_rollout.output.jsonl
2,TTS,random440_deear_053,2,52,codec_frames,/data/L202500147/Caption/DualISL_Train_RewardV3/runs/midasheng_7b_reward_v3_10rounds_20260905_run01/round_002/collections/round_002_caption_tts_rollout.output.jsonl
2,TTS,random440_expressivespeech_336,3,145,codec_frames,/data/L202500147/Caption/DualISL_Train_RewardV3/runs/midasheng_7b_reward_v3_10rounds_20260905_run01/round_002/collections/round_002_caption_tts_rollout.output.jsonl
2,TTS,random440_expressivespeech_044,4,131,codec_frames,/data/L202500147/Caption/DualISL_Train_RewardV3/runs/midasheng_7b_reward_v3_10rounds_20260905_run01/round_002/collections/round_002_caption_tts_rollout.output.jsonl
2,TTS,random440_expressivespeech_100,5,278,codec_frames,/data/L202500147/Caption/DualISL_Train_RewardV3/runs/midasheng_7b_reward_v3_10rounds_20260905_run01/round_002/collections/round_002_caption_tts_rollout.output.jsonl
2,TTS,random440_expressivespeech_140,6,46,codec_frames,/data/L202500147/Caption/DualISL_Train_RewardV3/runs/midasheng_7b_reward_v3_10rounds_20260905_run01/round_002/collections/round_002_caption_tts_rollout.output.jsonl
2,TTS,random440_expressivespeech_206,7,501,codec_frames,/data/L202500147/Caption/DualISL_Train_RewardV3/runs/midasheng_7b_reward_v3_10rounds_20260905_run01/round_002/collections/round_002_caption_tts_rollout.output.jsonl
2,TTS,random440_expressivespeech_133,0,486,codec_frames,/data/L202500147/Caption/DualISL_Train_RewardV3/runs/midasheng_7b_reward_v3_10rounds_20260905_run01/round_002/collections/round_002_caption_tts_rollout.output.jsonl
2,TTS,random440_expressivespeech_277,1,194,codec_frames,/data/L202500147/Caption/DualISL_Train_RewardV3/runs/midasheng_7b_reward_v3_10rounds_20260905_run01/round_002/collections/round_002_caption_tts_rollout.output.jsonl
2,TTS,random440_expressivespeech_244,2,268,codec_frames,/data/L202500147/Caption/DualISL_Train_RewardV3/runs/midasheng_7b_reward_v3_10rounds_20260905_run01/round_002/collections/round_002_caption_tts_rollout.output.jsonl
2,TTS,random440_deear_022,3,194,codec_frames,/data/L202500147/Caption/DualISL_Train_RewardV3/runs/midasheng_7b_reward_v3_10rounds_20260905_run01/round_002/collections/round_002_caption_tts_rollout.output.jsonl
2,TTS,random440_expressivespeech_145,4,191,codec_frames,/data/L202500147/Caption/DualISL_Train_RewardV3/runs/midasheng_7b_reward_v3_10rounds_20260905_run01/round_002/collections/round_002_caption_tts_rollout.output.jsonl
2,TTS,random440_expressivespeech_047,5,138,codec_frames,/data/L202500147/Caption/DualISL_Train_RewardV3/runs/midasheng_7b_reward_v3_10rounds_20260905_run01/round_002/collections/round_002_caption_tts_rollout.output.jsonl
2,TTS,random440_expressivespeech_121,6,472,codec_frames,/data/L202500147/Caption/DualISL_Train_RewardV3/runs/midasheng_7b_reward_v3_10rounds_20260905_run01/round_002/collections/round_002_caption_tts_rollout.output.jsonl
2,TTS,random440_deear_026,7,225,codec_frames,/data/L202500147/Caption/DualISL_Train_RewardV3/runs/midasheng_7b_reward_v3_10rounds_20260905_run01/round_002/collections/round_002_caption_tts_rollout.output.jsonl
2,TTS,random440_deear_025,0,349,codec_frames,/data/L202500147/Caption/DualISL_Train_RewardV3/runs/midasheng_7b_reward_v3_10rounds_20260905_run01/round_002/collections/round_002_caption_tts_rollout.output.jsonl
2,TTS,random440_expressivespeech_072,1,247,codec_frames,/data/L202500147/Caption/DualISL_Train_RewardV3/runs/midasheng_7b_reward_v3_10rounds_20260905_run01/round_002/collections/round_002_caption_tts_rollout.output.jsonl
2,TTS,random440_expressivespeech_207,2,205,codec_frames,/data/L202500147/Caption/DualISL_Train_RewardV3/runs/midasheng_7b_reward_v3_10rounds_20260905_run01/round_002/collections/round_002_caption_tts_rollout.output.jsonl
2,TTS,random440_deear_019,3,272,codec_frames,/data/L202500147/Caption/DualISL_Train_RewardV3/runs/midasheng_7b_reward_v3_10rounds_20260905_run01/round_002/collections/round_002_caption_tts_rollout.output.jsonl
2,TTS,random440_deear_079,4,341,codec_frames,/data/L202500147/Caption/DualISL_Train_RewardV3/runs/midasheng_7b_reward_v3_10rounds_20260905_run01/round_002/collections/round_002_caption_tts_rollout.output.jsonl
2,TTS,random440_expressivespeech_209,5,412,codec_frames,/data/L202500147/Caption/DualISL_Train_RewardV3/runs/midasheng_7b_reward_v3_10rounds_20260905_run01/round_002/collections/round_002_caption_tts_rollout.output.jsonl
2,TTS,random440_expressivespeech_143,6,145,codec_frames,/data/L202500147/Caption/DualISL_Train_RewardV3/runs/midasheng_7b_reward_v3_10rounds_20260905_run01/round_002/collections/round_002_caption_tts_rollout.output.jsonl
2,TTS,random440_expressivespeech_149,7,98,codec_frames,/data/L202500147/Caption/DualISL_Train_RewardV3/runs/midasheng_7b_reward_v3_10rounds_20260905_run01/round_002/collections/round_002_caption_tts_rollout.output.jsonl
2,TTS,random440_expressivespeech_012,0,412,codec_frames,/data/L202500147/Caption/DualISL_Train_RewardV3/runs/midasheng_7b_reward_v3_10rounds_20260905_run01/round_002/collections/round_002_caption_tts_rollout.output.jsonl
2,TTS,random440_expressivespeech_239,1,166,codec_frames,/data/L202500147/Caption/DualISL_Train_RewardV3/runs/midasheng_7b_reward_v3_10rounds_20260905_run01/round_002/collections/round_002_caption_tts_rollout.output.jsonl
2,TTS,random440_deear_005,2,89,codec_frames,/data/L202500147/Caption/DualISL_Train_RewardV3/runs/midasheng_7b_reward_v3_10rounds_20260905_run01/round_002/collections/round_002_caption_tts_rollout.output.jsonl
2,TTS,random440_expressivespeech_316,3,53,codec_frames,/data/L202500147/Caption/DualISL_Train_RewardV3/runs/midasheng_7b_reward_v3_10rounds_20260905_run01/round_002/collections/round_002_caption_tts_rollout.output.jsonl
2,TTS,random440_expressivespeech_001,4,430,codec_frames,/data/L202500147/Caption/DualISL_Train_RewardV3/runs/midasheng_7b_reward_v3_10rounds_20260905_run01/round_002/collections/round_002_caption_tts_rollout.output.jsonl
2,TTS,random440_expressivespeech_081,5,304,codec_frames,/data/L202500147/Caption/DualISL_Train_RewardV3/runs/midasheng_7b_reward_v3_10rounds_20260905_run01/round_002/collections/round_002_caption_tts_rollout.output.jsonl
2,TTS,random440_expressivespeech_191,6,294,codec_frames,/data/L202500147/Caption/DualISL_Train_RewardV3/runs/midasheng_7b_reward_v3_10rounds_20260905_run01/round_002/collections/round_002_caption_tts_rollout.output.jsonl
2,TTS,random440_expressivespeech_242,7,224,codec_frames,/data/L202500147/Caption/DualISL_Train_RewardV3/runs/midasheng_7b_reward_v3_10rounds_20260905_run01/round_002/collections/round_002_caption_tts_rollout.output.jsonl
2,TTS,random440_expressivespeech_136,0,387,codec_frames,/data/L202500147/Caption/DualISL_Train_RewardV3/runs/midasheng_7b_reward_v3_10rounds_20260905_run01/round_002/collections/round_002_caption_tts_rollout.output.jsonl
2,TTS,random440_expressivespeech_243,1,262,codec_frames,/data/L202500147/Caption/DualISL_Train_RewardV3/runs/midasheng_7b_reward_v3_10rounds_20260905_run01/round_002/collections/round_002_caption_tts_rollout.output.jsonl
2,TTS,random440_deear_052,2,346,codec_frames,/data/L202500147/Caption/DualISL_Train_RewardV3/runs/midasheng_7b_reward_v3_10rounds_20260905_run01/round_002/collections/round_002_caption_tts_rollout.output.jsonl
2,TTS,random440_expressivespeech_184,3,793,codec_frames,/data/L202500147/Caption/DualISL_Train_RewardV3/runs/midasheng_7b_reward_v3_10rounds_20260905_run01/round_002/collections/round_002_caption_tts_rollout.output.jsonl
2,TTS,random440_expressivespeech_015,4,168,codec_frames,/data/L202500147/Caption/DualISL_Train_RewardV3/runs/midasheng_7b_reward_v3_10rounds_20260905_run01/round_002/collections/round_002_caption_tts_rollout.output.jsonl
2,TTS,random440_deear_050,5,1200,codec_frames,/data/L202500147/Caption/DualISL_Train_RewardV3/runs/midasheng_7b_reward_v3_10rounds_20260905_run01/round_002/collections/round_002_caption_tts_rollout.output.jsonl
2,TTS,random440_deear_066,6,235,codec_frames,/data/L202500147/Caption/DualISL_Train_RewardV3/runs/midasheng_7b_reward_v3_10rounds_20260905_run01/round_002/collections/round_002_caption_tts_rollout.output.jsonl
2,TTS,random440_expressivespeech_084,7,477,codec_frames,/data/L202500147/Caption/DualISL_Train_RewardV3/runs/midasheng_7b_reward_v3_10rounds_20260905_run01/round_002/collections/round_002_caption_tts_rollout.output.jsonl
2,TTS,random440_expressivespeech_281,0,177,codec_frames,/data/L202500147/Caption/DualISL_Train_RewardV3/runs/midasheng_7b_reward_v3_10rounds_20260905_run01/round_002/collections/round_002_caption_tts_rollout.output.jsonl
2,TTS,random440_expressivespeech_094,1,244,codec_frames,/data/L202500147/Caption/DualISL_Train_RewardV3/runs/midasheng_7b_reward_v3_10rounds_20260905_run01/round_002/collections/round_002_caption_tts_rollout.output.jsonl
2,TTS,random440_expressivespeech_152,2,675,codec_frames,/data/L202500147/Caption/DualISL_Train_RewardV3/runs/midasheng_7b_reward_v3_10rounds_20260905_run01/round_002/collections/round_002_caption_tts_rollout.output.jsonl
2,TTS,random440_deear_094,3,64,codec_frames,/data/L202500147/Caption/DualISL_Train_RewardV3/runs/midasheng_7b_reward_v3_10rounds_20260905_run01/round_002/collections/round_002_caption_tts_rollout.output.jsonl
2,TTS,random440_expressivespeech_091,4,319,codec_frames,/data/L202500147/Caption/DualISL_Train_RewardV3/runs/midasheng_7b_reward_v3_10rounds_20260905_run01/round_002/collections/round_002_caption_tts_rollout.output.jsonl
2,TTS,random440_expressivespeech_194,5,88,codec_frames,/data/L202500147/Caption/DualISL_Train_RewardV3/runs/midasheng_7b_reward_v3_10rounds_20260905_run01/round_002/collections/round_002_caption_tts_rollout.output.jsonl
2,TTS,random440_deear_034,6,259,codec_frames,/data/L202500147/Caption/DualISL_Train_RewardV3/runs/midasheng_7b_reward_v3_10rounds_20260905_run01/round_002/collections/round_002_caption_tts_rollout.output.jsonl
2,TTS,random440_expressivespeech_171,7,328,codec_frames,/data/L202500147/Caption/DualISL_Train_RewardV3/runs/midasheng_7b_reward_v3_10rounds_20260905_run01/round_002/collections/round_002_caption_tts_rollout.output.jsonl
2,TTS,random440_expressivespeech_052,0,421,codec_frames,/data/L202500147/Caption/DualISL_Train_RewardV3/runs/midasheng_7b_reward_v3_10rounds_20260905_run01/round_002/collections/round_002_caption_tts_rollout.output.jsonl
2,TTS,random440_deear_059,1,134,codec_frames,/data/L202500147/Caption/DualISL_Train_RewardV3/runs/midasheng_7b_reward_v3_10rounds_20260905_run01/round_002/collections/round_002_caption_tts_rollout.output.jsonl
2,TTS,random440_expressivespeech_203,2,183,codec_frames,/data/L202500147/Caption/DualISL_Train_RewardV3/runs/midasheng_7b_reward_v3_10rounds_20260905_run01/round_002/collections/round_002_caption_tts_rollout.output.jsonl
2,TTS,random440_expressivespeech_201,3,199,codec_frames,/data/L202500147/Caption/DualISL_Train_RewardV3/runs/midasheng_7b_reward_v3_10rounds_20260905_run01/round_002/collections/round_002_caption_tts_rollout.output.jsonl
2,TTS,random440_deear_085,4,625,codec_frames,/data/L202500147/Caption/DualISL_Train_RewardV3/runs/midasheng_7b_reward_v3_10rounds_20260905_run01/round_002/collections/round_002_caption_tts_rollout.output.jsonl
2,TTS,random440_expressivespeech_189,5,334,codec_frames,/data/L202500147/Caption/DualISL_Train_RewardV3/runs/midasheng_7b_reward_v3_10rounds_20260905_run01/round_002/collections/round_002_caption_tts_rollout.output.jsonl
2,TTS,random440_expressivespeech_161,6,382,codec_frames,/data/L202500147/Caption/DualISL_Train_RewardV3/runs/midasheng_7b_reward_v3_10rounds_20260905_run01/round_002/collections/round_002_caption_tts_rollout.output.jsonl
2,TTS,random440_expressivespeech_117,7,668,codec_frames,/data/L202500147/Caption/DualISL_Train_RewardV3/runs/midasheng_7b_reward_v3_10rounds_20260905_run01/round_002/collections/round_002_caption_tts_rollout.output.jsonl
2,TTS,random440_expressivespeech_182,0,492,codec_frames,/data/L202500147/Caption/DualISL_Train_RewardV3/runs/midasheng_7b_reward_v3_10rounds_20260905_run01/round_002/collections/round_002_caption_tts_rollout.output.jsonl
2,TTS,random440_deear_001,1,246,codec_frames,/data/L202500147/Caption/DualISL_Train_RewardV3/runs/midasheng_7b_reward_v3_10rounds_20260905_run01/round_002/collections/round_002_caption_tts_rollout.output.jsonl
2,TTS,random440_expressivespeech_268,2,585,codec_frames,/data/L202500147/Caption/DualISL_Train_RewardV3/runs/midasheng_7b_reward_v3_10rounds_20260905_run01/round_002/collections/round_002_caption_tts_rollout.output.jsonl
2,TTS,random440_deear_099,3,92,codec_frames,/data/L202500147/Caption/DualISL_Train_RewardV3/runs/midasheng_7b_reward_v3_10rounds_20260905_run01/round_002/collections/round_002_caption_tts_rollout.output.jsonl
2,TTS,random440_expressivespeech_159,4,70,codec_frames,/data/L202500147/Caption/DualISL_Train_RewardV3/runs/midasheng_7b_reward_v3_10rounds_20260905_run01/round_002/collections/round_002_caption_tts_rollout.output.jsonl
2,TTS,random440_expressivespeech_276,5,885,codec_frames,/data/L202500147/Caption/DualISL_Train_RewardV3/runs/midasheng_7b_reward_v3_10rounds_20260905_run01/round_002/collections/round_002_caption_tts_rollout.output.jsonl
2,TTS,random440_expressivespeech_339,6,119,codec_frames,/data/L202500147/Caption/DualISL_Train_RewardV3/runs/midasheng_7b_reward_v3_10rounds_20260905_run01/round_002/collections/round_002_caption_tts_rollout.output.jsonl
2,TTS,random440_expressivespeech_299,7,697,codec_frames,/data/L202500147/Caption/DualISL_Train_RewardV3/runs/midasheng_7b_reward_v3_10rounds_20260905_run01/round_002/collections/round_002_caption_tts_rollout.output.jsonl
2,TTS,random440_expressivespeech_253,0,116,codec_frames,/data/L202500147/Caption/DualISL_Train_RewardV3/runs/midasheng_7b_reward_v3_10rounds_20260905_run01/round_002/collections/round_002_caption_tts_rollout.output.jsonl
2,TTS,random440_deear_076,1,377,codec_frames,/data/L202500147/Caption/DualISL_Train_RewardV3/runs/midasheng_7b_reward_v3_10rounds_20260905_run01/round_002/collections/round_002_caption_tts_rollout.output.jsonl
2,TTS,random440_deear_007,2,170,codec_frames,/data/L202500147/Caption/DualISL_Train_RewardV3/runs/midasheng_7b_reward_v3_10rounds_20260905_run01/round_002/collections/round_002_caption_tts_rollout.output.jsonl
2,TTS,random440_expressivespeech_051,3,408,codec_frames,/data/L202500147/Caption/DualISL_Train_RewardV3/runs/midasheng_7b_reward_v3_10rounds_20260905_run01/round_002/collections/round_002_caption_tts_rollout.output.jsonl
2,TTS,random440_expressivespeech_177,4,204,codec_frames,/data/L202500147/Caption/DualISL_Train_RewardV3/runs/midasheng_7b_reward_v3_10rounds_20260905_run01/round_002/collections/round_002_caption_tts_rollout.output.jsonl
2,TTS,random440_expressivespeech_132,5,499,codec_frames,/data/L202500147/Caption/DualISL_Train_RewardV3/runs/midasheng_7b_reward_v3_10rounds_20260905_run01/round_002/collections/round_002_caption_tts_rollout.output.jsonl
2,TTS,random440_expressivespeech_134,6,212,codec_frames,/data/L202500147/Caption/DualISL_Train_RewardV3/runs/midasheng_7b_reward_v3_10rounds_20260905_run01/round_002/collections/round_002_caption_tts_rollout.output.jsonl
2,TTS,random440_deear_041,7,345,codec_frames,/data/L202500147/Caption/DualISL_Train_RewardV3/runs/midasheng_7b_reward_v3_10rounds_20260905_run01/round_002/collections/round_002_caption_tts_rollout.output.jsonl
2,TTS,random440_expressivespeech_300,0,284,codec_frames,/data/L202500147/Caption/DualISL_Train_RewardV3/runs/midasheng_7b_reward_v3_10rounds_20260905_run01/round_002/collections/round_002_caption_tts_rollout.output.jsonl
2,TTS,random440_expressivespeech_302,1,84,codec_frames,/data/L202500147/Caption/DualISL_Train_RewardV3/runs/midasheng_7b_reward_v3_10rounds_20260905_run01/round_002/collections/round_002_caption_tts_rollout.output.jsonl
2,TTS,random440_deear_097,2,97,codec_frames,/data/L202500147/Caption/DualISL_Train_RewardV3/runs/midasheng_7b_reward_v3_10rounds_20260905_run01/round_002/collections/round_002_caption_tts_rollout.output.jsonl
2,TTS,random440_deear_073,3,98,codec_frames,/data/L202500147/Caption/DualISL_Train_RewardV3/runs/midasheng_7b_reward_v3_10rounds_20260905_run01/round_002/collections/round_002_caption_tts_rollout.output.jsonl
2,TTS,random440_deear_029,4,113,codec_frames,/data/L202500147/Caption/DualISL_Train_RewardV3/runs/midasheng_7b_reward_v3_10rounds_20260905_run01/round_002/collections/round_002_caption_tts_rollout.output.jsonl
2,TTS,random440_deear_060,5,87,codec_frames,/data/L202500147/Caption/DualISL_Train_RewardV3/runs/midasheng_7b_reward_v3_10rounds_20260905_run01/round_002/collections/round_002_caption_tts_rollout.output.jsonl
2,TTS,random440_expressivespeech_190,6,55,codec_frames,/data/L202500147/Caption/DualISL_Train_RewardV3/runs/midasheng_7b_reward_v3_10rounds_20260905_run01/round_002/collections/round_002_caption_tts_rollout.output.jsonl
2,TTS,random440_expressivespeech_198,7,284,codec_frames,/data/L202500147/Caption/DualISL_Train_RewardV3/runs/midasheng_7b_reward_v3_10rounds_20260905_run01/round_002/collections/round_002_caption_tts_rollout.output.jsonl
2,TTS,random440_deear_088,0,544,codec_frames,/data/L202500147/Caption/DualISL_Train_RewardV3/runs/midasheng_7b_reward_v3_10rounds_20260905_run01/round_002/collections/round_002_caption_tts_rollout.output.jsonl
2,TTS,random440_expressivespeech_331,1,446,codec_frames,/data/L202500147/Caption/DualISL_Train_RewardV3/runs/midasheng_7b_reward_v3_10rounds_20260905_run01/round_002/collections/round_002_caption_tts_rollout.output.jsonl
2,TTS,random440_expressivespeech_273,2,187,codec_frames,/data/L202500147/Caption/DualISL_Train_RewardV3/runs/midasheng_7b_reward_v3_10rounds_20260905_run01/round_002/collections/round_002_caption_tts_rollout.output.jsonl
2,TTS,random440_expressivespeech_141,3,926,codec_frames,/data/L202500147/Caption/DualISL_Train_RewardV3/runs/midasheng_7b_reward_v3_10rounds_20260905_run01/round_002/collections/round_002_caption_tts_rollout.output.jsonl
2,TTS,random440_expressivespeech_156,4,124,codec_frames,/data/L202500147/Caption/DualISL_Train_RewardV3/runs/midasheng_7b_reward_v3_10rounds_20260905_run01/round_002/collections/round_002_caption_tts_rollout.output.jsonl
2,TTS,random440_expressivespeech_058,5,155,codec_frames,/data/L202500147/Caption/DualISL_Train_RewardV3/runs/midasheng_7b_reward_v3_10rounds_20260905_run01/round_002/collections/round_002_caption_tts_rollout.output.jsonl
2,TTS,random440_expressivespeech_214,6,194,codec_frames,/data/L202500147/Caption/DualISL_Train_RewardV3/runs/midasheng_7b_reward_v3_10rounds_20260905_run01/round_002/collections/round_002_caption_tts_rollout.output.jsonl
2,TTS,random440_expressivespeech_049,7,315,codec_frames,/data/L202500147/Caption/DualISL_Train_RewardV3/runs/midasheng_7b_reward_v3_10rounds_20260905_run01/round_002/collections/round_002_caption_tts_rollout.output.jsonl
2,TTS,random440_expressivespeech_332,0,106,codec_frames,/data/L202500147/Caption/DualISL_Train_RewardV3/runs/midasheng_7b_reward_v3_10rounds_20260905_run01/round_002/collections/round_002_caption_tts_rollout.output.jsonl
2,TTS,random440_expressivespeech_284,1,142,codec_frames,/data/L202500147/Caption/DualISL_Train_RewardV3/runs/midasheng_7b_reward_v3_10rounds_20260905_run01/round_002/collections/round_002_caption_tts_rollout.output.jsonl
2,TTS,random440_deear_091,2,425,codec_frames,/data/L202500147/Caption/DualISL_Train_RewardV3/runs/midasheng_7b_reward_v3_10rounds_20260905_run01/round_002/collections/round_002_caption_tts_rollout.output.jsonl
2,TTS,random440_expressivespeech_172,3,835,codec_frames,/data/L202500147/Caption/DualISL_Train_RewardV3/runs/midasheng_7b_reward_v3_10rounds_20260905_run01/round_002/collections/round_002_caption_tts_rollout.output.jsonl
2,TTS,random440_expressivespeech_139,4,552,codec_frames,/data/L202500147/Caption/DualISL_Train_RewardV3/runs/midasheng_7b_reward_v3_10rounds_20260905_run01/round_002/collections/round_002_caption_tts_rollout.output.jsonl
2,TTS,random440_expressivespeech_193,5,562,codec_frames,/data/L202500147/Caption/DualISL_Train_RewardV3/runs/midasheng_7b_reward_v3_10rounds_20260905_run01/round_002/collections/round_002_caption_tts_rollout.output.jsonl
2,TTS,random440_expressivespeech_232,6,90,codec_frames,/data/L202500147/Caption/DualISL_Train_RewardV3/runs/midasheng_7b_reward_v3_10rounds_20260905_run01/round_002/collections/round_002_caption_tts_rollout.output.jsonl
2,TTS,random440_expressivespeech_236,7,1373,codec_frames,/data/L202500147/Caption/DualISL_Train_RewardV3/runs/midasheng_7b_reward_v3_10rounds_20260905_run01/round_002/collections/round_002_caption_tts_rollout.output.jsonl
2,TTS,random440_expressivespeech_229,0,1231,codec_frames,/data/L202500147/Caption/DualISL_Train_RewardV3/runs/midasheng_7b_reward_v3_10rounds_20260905_run01/round_002/collections/round_002_caption_tts_rollout.output.jsonl
2,TTS,random440_expressivespeech_030,1,145,codec_frames,/data/L202500147/Caption/DualISL_Train_RewardV3/runs/midasheng_7b_reward_v3_10rounds_20260905_run01/round_002/collections/round_002_caption_tts_rollout.output.jsonl
2,TTS,random440_deear_043,2,305,codec_frames,/data/L202500147/Caption/DualISL_Train_RewardV3/runs/midasheng_7b_reward_v3_10rounds_20260905_run01/round_002/collections/round_002_caption_tts_rollout.output.jsonl
2,TTS,random440_expressivespeech_061,3,91,codec_frames,/data/L202500147/Caption/DualISL_Train_RewardV3/runs/midasheng_7b_reward_v3_10rounds_20260905_run01/round_002/collections/round_002_caption_tts_rollout.output.jsonl
2,TTS,random440_expressivespeech_142,4,105,codec_frames,/data/L202500147/Caption/DualISL_Train_RewardV3/runs/midasheng_7b_reward_v3_10rounds_20260905_run01/round_002/collections/round_002_caption_tts_rollout.output.jsonl
2,TTS,random440_expressivespeech_092,5,184,codec_frames,/data/L202500147/Caption/DualISL_Train_RewardV3/runs/midasheng_7b_reward_v3_10rounds_20260905_run01/round_002/collections/round_002_caption_tts_rollout.output.jsonl
2,TTS,random440_expressivespeech_322,6,65,codec_frames,/data/L202500147/Caption/DualISL_Train_RewardV3/runs/midasheng_7b_reward_v3_10rounds_20260905_run01/round_002/collections/round_002_caption_tts_rollout.output.jsonl
2,TTS,random440_expressivespeech_040,7,84,codec_frames,/data/L202500147/Caption/DualISL_Train_RewardV3/runs/midasheng_7b_reward_v3_10rounds_20260905_run01/round_002/collections/round_002_caption_tts_rollout.output.jsonl
2,TTS,random440_deear_036,0,89,codec_frames,/data/L202500147/Caption/DualISL_Train_RewardV3/runs/midasheng_7b_reward_v3_10rounds_20260905_run01/round_002/collections/round_002_caption_tts_rollout.output.jsonl
2,TTS,random440_expressivespeech_097,1,88,codec_frames,/data/L202500147/Caption/DualISL_Train_RewardV3/runs/midasheng_7b_reward_v3_10rounds_20260905_run01/round_002/collections/round_002_caption_tts_rollout.output.jsonl
2,TTS,random440_expressivespeech_308,2,255,codec_frames,/data/L202500147/Caption/DualISL_Train_RewardV3/runs/midasheng_7b_reward_v3_10rounds_20260905_run01/round_002/collections/round_002_caption_tts_rollout.output.jsonl
2,TTS,random440_expressivespeech_224,3,329,codec_frames,/data/L202500147/Caption/DualISL_Train_RewardV3/runs/midasheng_7b_reward_v3_10rounds_20260905_run01/round_002/collections/round_002_caption_tts_rollout.output.jsonl
2,TTS,random440_expressivespeech_062,4,174,codec_frames,/data/L202500147/Caption/DualISL_Train_RewardV3/runs/midasheng_7b_reward_v3_10rounds_20260905_run01/round_002/collections/round_002_caption_tts_rollout.output.jsonl
2,TTS,random440_expressivespeech_275,5,109,codec_frames,/data/L202500147/Caption/DualISL_Train_RewardV3/runs/midasheng_7b_reward_v3_10rounds_20260905_run01/round_002/collections/round_002_caption_tts_rollout.output.jsonl
2,TTS,random440_expressivespeech_174,6,688,codec_frames,/data/L202500147/Caption/DualISL_Train_RewardV3/runs/midasheng_7b_reward_v3_10rounds_20260905_run01/round_002/collections/round_002_caption_tts_rollout.output.jsonl
2,TTS,random440_expressivespeech_258,7,255,codec_frames,/data/L202500147/Caption/DualISL_Train_RewardV3/runs/midasheng_7b_reward_v3_10rounds_20260905_run01/round_002/collections/round_002_caption_tts_rollout.output.jsonl
2,TTS,random440_expressivespeech_335,0,241,codec_frames,/data/L202500147/Caption/DualISL_Train_RewardV3/runs/midasheng_7b_reward_v3_10rounds_20260905_run01/round_002/collections/round_002_caption_tts_rollout.output.jsonl
2,TTS,random440_expressivespeech_212,1,447,codec_frames,/data/L202500147/Caption/DualISL_Train_RewardV3/runs/midasheng_7b_reward_v3_10rounds_20260905_run01/round_002/collections/round_002_caption_tts_rollout.output.jsonl
2,TTS,random440_expressivespeech_006,2,268,codec_frames,/data/L202500147/Caption/DualISL_Train_RewardV3/runs/midasheng_7b_reward_v3_10rounds_20260905_run01/round_002/collections/round_002_caption_tts_rollout.output.jsonl
2,TTS,random440_expressivespeech_250,3,1457,codec_frames,/data/L202500147/Caption/DualISL_Train_RewardV3/runs/midasheng_7b_reward_v3_10rounds_20260905_run01/round_002/collections/round_002_caption_tts_rollout.output.jsonl
2,TTS,random440_deear_046,4,76,codec_frames,/data/L202500147/Caption/DualISL_Train_RewardV3/runs/midasheng_7b_reward_v3_10rounds_20260905_run01/round_002/collections/round_002_caption_tts_rollout.output.jsonl
2,TTS,random440_expressivespeech_060,5,206,codec_frames,/data/L202500147/Caption/DualISL_Train_RewardV3/runs/midasheng_7b_reward_v3_10rounds_20260905_run01/round_002/collections/round_002_caption_tts_rollout.output.jsonl
2,TTS,random440_expressivespeech_029,6,314,codec_frames,/data/L202500147/Caption/DualISL_Train_RewardV3/runs/midasheng_7b_reward_v3_10rounds_20260905_run01/round_002/collections/round_002_caption_tts_rollout.output.jsonl
2,TTS,random440_expressivespeech_114,7,173,codec_frames,/data/L202500147/Caption/DualISL_Train_RewardV3/runs/midasheng_7b_reward_v3_10rounds_20260905_run01/round_002/collections/round_002_caption_tts_rollout.output.jsonl
2,TTS,random440_expressivespeech_125,0,715,codec_frames,/data/L202500147/Caption/DualISL_Train_RewardV3/runs/midasheng_7b_reward_v3_10rounds_20260905_run01/round_002/collections/round_002_caption_tts_rollout.output.jsonl
2,TTS,random440_expressivespeech_002,1,215,codec_frames,/data/L202500147/Caption/DualISL_Train_RewardV3/runs/midasheng_7b_reward_v3_10rounds_20260905_run01/round_002/collections/round_002_caption_tts_rollout.output.jsonl
2,TTS,random440_expressivespeech_119,2,76,codec_frames,/data/L202500147/Caption/DualISL_Train_RewardV3/runs/midasheng_7b_reward_v3_10rounds_20260905_run01/round_002/collections/round_002_caption_tts_rollout.output.jsonl
2,TTS,random440_expressivespeech_170,3,69,codec_frames,/data/L202500147/Caption/DualISL_Train_RewardV3/runs/midasheng_7b_reward_v3_10rounds_20260905_run01/round_002/collections/round_002_caption_tts_rollout.output.jsonl
2,TTS,random440_expressivespeech_297,4,141,codec_frames,/data/L202500147/Caption/DualISL_Train_RewardV3/runs/midasheng_7b_reward_v3_10rounds_20260905_run01/round_002/collections/round_002_caption_tts_rollout.output.jsonl
2,TTS,random440_expressivespeech_289,5,606,codec_frames,/data/L202500147/Caption/DualISL_Train_RewardV3/runs/midasheng_7b_reward_v3_10rounds_20260905_run01/round_002/collections/round_002_caption_tts_rollout.output.jsonl
2,TTS,random440_deear_067,6,29,codec_frames,/data/L202500147/Caption/DualISL_Train_RewardV3/runs/midasheng_7b_reward_v3_10rounds_20260905_run01/round_002/collections/round_002_caption_tts_rollout.output.jsonl
2,TTS,random440_expressivespeech_318,7,820,codec_frames,/data/L202500147/Caption/DualISL_Train_RewardV3/runs/midasheng_7b_reward_v3_10rounds_20260905_run01/round_002/collections/round_002_caption_tts_rollout.output.jsonl
2,TTS,random440_expressivespeech_278,0,78,codec_frames,/data/L202500147/Caption/DualISL_Train_RewardV3/runs/midasheng_7b_reward_v3_10rounds_20260905_run01/round_002/collections/round_002_caption_tts_rollout.output.jsonl
2,TTS,random440_expressivespeech_075,1,701,codec_frames,/data/L202500147/Caption/DualISL_Train_RewardV3/runs/midasheng_7b_reward_v3_10rounds_20260905_run01/round_002/collections/round_002_caption_tts_rollout.output.jsonl
2,TTS,random440_expressivespeech_039,2,600,codec_frames,/data/L202500147/Caption/DualISL_Train_RewardV3/runs/midasheng_7b_reward_v3_10rounds_20260905_run01/round_002/collections/round_002_caption_tts_rollout.output.jsonl
2,TTS,random440_deear_028,3,97,codec_frames,/data/L202500147/Caption/DualISL_Train_RewardV3/runs/midasheng_7b_reward_v3_10rounds_20260905_run01/round_002/collections/round_002_caption_tts_rollout.output.jsonl
2,TTS,random440_deear_045,4,106,codec_frames,/data/L202500147/Caption/DualISL_Train_RewardV3/runs/midasheng_7b_reward_v3_10rounds_20260905_run01/round_002/collections/round_002_caption_tts_rollout.output.jsonl
2,TTS,random440_expressivespeech_018,5,1778,codec_frames,/data/L202500147/Caption/DualISL_Train_RewardV3/runs/midasheng_7b_reward_v3_10rounds_20260905_run01/round_002/collections/round_002_caption_tts_rollout.output.jsonl
2,TTS,random440_expressivespeech_234,6,153,codec_frames,/data/L202500147/Caption/DualISL_Train_RewardV3/runs/midasheng_7b_reward_v3_10rounds_20260905_run01/round_002/collections/round_002_caption_tts_rollout.output.jsonl
2,TTS,random440_expressivespeech_118,7,687,codec_frames,/data/L202500147/Caption/DualISL_Train_RewardV3/runs/midasheng_7b_reward_v3_10rounds_20260905_run01/round_002/collections/round_002_caption_tts_rollout.output.jsonl
2,TTS,random440_expressivespeech_257,0,394,codec_frames,/data/L202500147/Caption/DualISL_Train_RewardV3/runs/midasheng_7b_reward_v3_10rounds_20260905_run01/round_002/collections/round_002_caption_tts_rollout.output.jsonl
2,TTS,random440_expressivespeech_262,1,233,codec_frames,/data/L202500147/Caption/DualISL_Train_RewardV3/runs/midasheng_7b_reward_v3_10rounds_20260905_run01/round_002/collections/round_002_caption_tts_rollout.output.jsonl
2,TTS,random440_expressivespeech_077,2,856,codec_frames,/data/L202500147/Caption/DualISL_Train_RewardV3/runs/midasheng_7b_reward_v3_10rounds_20260905_run01/round_002/collections/round_002_caption_tts_rollout.output.jsonl
2,TTS,random440_expressivespeech_221,3,274,codec_frames,/data/L202500147/Caption/DualISL_Train_RewardV3/runs/midasheng_7b_reward_v3_10rounds_20260905_run01/round_002/collections/round_002_caption_tts_rollout.output.jsonl
2,TTS,random440_deear_051,4,526,codec_frames,/data/L202500147/Caption/DualISL_Train_RewardV3/runs/midasheng_7b_reward_v3_10rounds_20260905_run01/round_002/collections/round_002_caption_tts_rollout.output.jsonl
2,TTS,random440_expressivespeech_130,5,903,codec_frames,/data/L202500147/Caption/DualISL_Train_RewardV3/runs/midasheng_7b_reward_v3_10rounds_20260905_run01/round_002/collections/round_002_caption_tts_rollout.output.jsonl
2,TTS,random440_deear_081,6,118,codec_frames,/data/L202500147/Caption/DualISL_Train_RewardV3/runs/midasheng_7b_reward_v3_10rounds_20260905_run01/round_002/collections/round_002_caption_tts_rollout.output.jsonl
2,TTS,random440_expressivespeech_213,7,72,codec_frames,/data/L202500147/Caption/DualISL_Train_RewardV3/runs/midasheng_7b_reward_v3_10rounds_20260905_run01/round_002/collections/round_002_caption_tts_rollout.output.jsonl
2,TTS,random440_expressivespeech_173,0,56,codec_frames,/data/L202500147/Caption/DualISL_Train_RewardV3/runs/midasheng_7b_reward_v3_10rounds_20260905_run01/round_002/collections/round_002_caption_tts_rollout.output.jsonl
2,TTS,random440_deear_027,1,202,codec_frames,/data/L202500147/Caption/DualISL_Train_RewardV3/runs/midasheng_7b_reward_v3_10rounds_20260905_run01/round_002/collections/round_002_caption_tts_rollout.output.jsonl
2,TTS,random440_expressivespeech_059,2,180,codec_frames,/data/L202500147/Caption/DualISL_Train_RewardV3/runs/midasheng_7b_reward_v3_10rounds_20260905_run01/round_002/collections/round_002_caption_tts_rollout.output.jsonl
2,TTS,random440_expressivespeech_248,3,255,codec_frames,/data/L202500147/Caption/DualISL_Train_RewardV3/runs/midasheng_7b_reward_v3_10rounds_20260905_run01/round_002/collections/round_002_caption_tts_rollout.output.jsonl
2,TTS,random440_expressivespeech_108,4,1097,codec_frames,/data/L202500147/Caption/DualISL_Train_RewardV3/runs/midasheng_7b_reward_v3_10rounds_20260905_run01/round_002/collections/round_002_caption_tts_rollout.output.jsonl
2,TTS,random440_expressivespeech_116,5,714,codec_frames,/data/L202500147/Caption/DualISL_Train_RewardV3/runs/midasheng_7b_reward_v3_10rounds_20260905_run01/round_002/collections/round_002_caption_tts_rollout.output.jsonl
2,TTS,random440_deear_065,6,381,codec_frames,/data/L202500147/Caption/DualISL_Train_RewardV3/runs/midasheng_7b_reward_v3_10rounds_20260905_run01/round_002/collections/round_002_caption_tts_rollout.output.jsonl
2,TTS,random440_expressivespeech_131,7,94,codec_frames,/data/L202500147/Caption/DualISL_Train_RewardV3/runs/midasheng_7b_reward_v3_10rounds_20260905_run01/round_002/collections/round_002_caption_tts_rollout.output.jsonl
2,TTS,random440_expressivespeech_320,0,177,codec_frames,/data/L202500147/Caption/DualISL_Train_RewardV3/runs/midasheng_7b_reward_v3_10rounds_20260905_run01/round_002/collections/round_002_caption_tts_rollout.output.jsonl
2,TTS,random440_expressivespeech_330,1,869,codec_frames,/data/L202500147/Caption/DualISL_Train_RewardV3/runs/midasheng_7b_reward_v3_10rounds_20260905_run01/round_002/collections/round_002_caption_tts_rollout.output.jsonl
2,TTS,random440_expressivespeech_104,2,175,codec_frames,/data/L202500147/Caption/DualISL_Train_RewardV3/runs/midasheng_7b_reward_v3_10rounds_20260905_run01/round_002/collections/round_002_caption_tts_rollout.output.jsonl
2,TTS,random440_expressivespeech_032,3,280,codec_frames,/data/L202500147/Caption/DualISL_Train_RewardV3/runs/midasheng_7b_reward_v3_10rounds_20260905_run01/round_002/collections/round_002_caption_tts_rollout.output.jsonl
2,TTS,random440_deear_098,4,514,codec_frames,/data/L202500147/Caption/DualISL_Train_RewardV3/runs/midasheng_7b_reward_v3_10rounds_20260905_run01/round_002/collections/round_002_caption_tts_rollout.output.jsonl
2,TTS,random440_expressivespeech_305,5,256,codec_frames,/data/L202500147/Caption/DualISL_Train_RewardV3/runs/midasheng_7b_reward_v3_10rounds_20260905_run01/round_002/collections/round_002_caption_tts_rollout.output.jsonl
2,TTS,random440_expressivespeech_106,6,119,codec_frames,/data/L202500147/Caption/DualISL_Train_RewardV3/runs/midasheng_7b_reward_v3_10rounds_20260905_run01/round_002/collections/round_002_caption_tts_rollout.output.jsonl
2,TTS,random440_expressivespeech_324,7,357,codec_frames,/data/L202500147/Caption/DualISL_Train_RewardV3/runs/midasheng_7b_reward_v3_10rounds_20260905_run01/round_002/collections/round_002_caption_tts_rollout.output.jsonl
2,TTS,random440_deear_100,0,282,codec_frames,/data/L202500147/Caption/DualISL_Train_RewardV3/runs/midasheng_7b_reward_v3_10rounds_20260905_run01/round_002/collections/round_002_caption_tts_rollout.output.jsonl
2,TTS,random440_deear_004,1,1352,codec_frames,/data/L202500147/Caption/DualISL_Train_RewardV3/runs/midasheng_7b_reward_v3_10rounds_20260905_run01/round_002/collections/round_002_caption_tts_rollout.output.jsonl
2,TTS,random440_expressivespeech_066,2,233,codec_frames,/data/L202500147/Caption/DualISL_Train_RewardV3/runs/midasheng_7b_reward_v3_10rounds_20260905_run01/round_002/collections/round_002_caption_tts_rollout.output.jsonl
2,TTS,random440_expressivespeech_240,3,401,codec_frames,/data/L202500147/Caption/DualISL_Train_RewardV3/runs/midasheng_7b_reward_v3_10rounds_20260905_run01/round_002/collections/round_002_caption_tts_rollout.output.jsonl
2,TTS,random440_expressivespeech_166,4,70,codec_frames,/data/L202500147/Caption/DualISL_Train_RewardV3/runs/midasheng_7b_reward_v3_10rounds_20260905_run01/round_002/collections/round_002_caption_tts_rollout.output.jsonl
2,TTS,random440_expressivespeech_034,5,105,codec_frames,/data/L202500147/Caption/DualISL_Train_RewardV3/runs/midasheng_7b_reward_v3_10rounds_20260905_run01/round_002/collections/round_002_caption_tts_rollout.output.jsonl
2,TTS,random440_expressivespeech_151,6,618,codec_frames,/data/L202500147/Caption/DualISL_Train_RewardV3/runs/midasheng_7b_reward_v3_10rounds_20260905_run01/round_002/collections/round_002_caption_tts_rollout.output.jsonl
2,TTS,random440_expressivespeech_328,7,215,codec_frames,/data/L202500147/Caption/DualISL_Train_RewardV3/runs/midasheng_7b_reward_v3_10rounds_20260905_run01/round_002/collections/round_002_caption_tts_rollout.output.jsonl
2,TTS,random440_expressivespeech_306,0,74,codec_frames,/data/L202500147/Caption/DualISL_Train_RewardV3/runs/midasheng_7b_reward_v3_10rounds_20260905_run01/round_002/collections/round_002_caption_tts_rollout.output.jsonl
2,TTS,random440_expressivespeech_274,1,671,codec_frames,/data/L202500147/Caption/DualISL_Train_RewardV3/runs/midasheng_7b_reward_v3_10rounds_20260905_run01/round_002/collections/round_002_caption_tts_rollout.output.jsonl
2,TTS,random440_expressivespeech_023,2,210,codec_frames,/data/L202500147/Caption/DualISL_Train_RewardV3/runs/midasheng_7b_reward_v3_10rounds_20260905_run01/round_002/collections/round_002_caption_tts_rollout.output.jsonl
2,TTS,random440_expressivespeech_226,3,134,codec_frames,/data/L202500147/Caption/DualISL_Train_RewardV3/runs/midasheng_7b_reward_v3_10rounds_20260905_run01/round_002/collections/round_002_caption_tts_rollout.output.jsonl
2,TTS,random440_deear_018,4,314,codec_frames,/data/L202500147/Caption/DualISL_Train_RewardV3/runs/midasheng_7b_reward_v3_10rounds_20260905_run01/round_002/collections/round_002_caption_tts_rollout.output.jsonl
2,TTS,random440_expressivespeech_247,5,772,codec_frames,/data/L202500147/Caption/DualISL_Train_RewardV3/runs/midasheng_7b_reward_v3_10rounds_20260905_run01/round_002/collections/round_002_caption_tts_rollout.output.jsonl
2,TTS,random440_expressivespeech_196,6,306,codec_frames,/data/L202500147/Caption/DualISL_Train_RewardV3/runs/midasheng_7b_reward_v3_10rounds_20260905_run01/round_002/collections/round_002_caption_tts_rollout.output.jsonl
2,TTS,random440_expressivespeech_042,7,352,codec_frames,/data/L202500147/Caption/DualISL_Train_RewardV3/runs/midasheng_7b_reward_v3_10rounds_20260905_run01/round_002/collections/round_002_caption_tts_rollout.output.jsonl
2,TTS,random440_expressivespeech_033,0,104,codec_frames,/data/L202500147/Caption/DualISL_Train_RewardV3/runs/midasheng_7b_reward_v3_10rounds_20260905_run01/round_002/collections/round_002_caption_tts_rollout.output.jsonl
2,TTS,random440_deear_061,1,786,codec_frames,/data/L202500147/Caption/DualISL_Train_RewardV3/runs/midasheng_7b_reward_v3_10rounds_20260905_run01/round_002/collections/round_002_caption_tts_rollout.output.jsonl
2,TTS,random440_deear_020,2,451,codec_frames,/data/L202500147/Caption/DualISL_Train_RewardV3/runs/midasheng_7b_reward_v3_10rounds_20260905_run01/round_002/collections/round_002_caption_tts_rollout.output.jsonl
2,TTS,random440_deear_021,3,41,codec_frames,/data/L202500147/Caption/DualISL_Train_RewardV3/runs/midasheng_7b_reward_v3_10rounds_20260905_run01/round_002/collections/round_002_caption_tts_rollout.output.jsonl
2,TTS,random440_expressivespeech_153,4,228,codec_frames,/data/L202500147/Caption/DualISL_Train_RewardV3/runs/midasheng_7b_reward_v3_10rounds_20260905_run01/round_002/collections/round_002_caption_tts_rollout.output.jsonl
2,TTS,random440_expressivespeech_241,5,103,codec_frames,/data/L202500147/Caption/DualISL_Train_RewardV3/runs/midasheng_7b_reward_v3_10rounds_20260905_run01/round_002/collections/round_002_caption_tts_rollout.output.jsonl
2,TTS,random440_deear_058,6,92,codec_frames,/data/L202500147/Caption/DualISL_Train_RewardV3/runs/midasheng_7b_reward_v3_10rounds_20260905_run01/round_002/collections/round_002_caption_tts_rollout.output.jsonl
2,TTS,random440_expressivespeech_218,7,192,codec_frames,/data/L202500147/Caption/DualISL_Train_RewardV3/runs/midasheng_7b_reward_v3_10rounds_20260905_run01/round_002/collections/round_002_caption_tts_rollout.output.jsonl
2,TTS,random440_expressivespeech_337,0,172,codec_frames,/data/L202500147/Caption/DualISL_Train_RewardV3/runs/midasheng_7b_reward_v3_10rounds_20260905_run01/round_002/collections/round_002_caption_tts_rollout.output.jsonl
2,TTS,random440_expressivespeech_288,1,235,codec_frames,/data/L202500147/Caption/DualISL_Train_RewardV3/runs/midasheng_7b_reward_v3_10rounds_20260905_run01/round_002/collections/round_002_caption_tts_rollout.output.jsonl
2,TTS,random440_deear_068,2,68,codec_frames,/data/L202500147/Caption/DualISL_Train_RewardV3/runs/midasheng_7b_reward_v3_10rounds_20260905_run01/round_002/collections/round_002_caption_tts_rollout.output.jsonl
2,TTS,random440_expressivespeech_325,3,187,codec_frames,/data/L202500147/Caption/DualISL_Train_RewardV3/runs/midasheng_7b_reward_v3_10rounds_20260905_run01/round_002/collections/round_002_caption_tts_rollout.output.jsonl
2,TTS,random440_deear_089,4,304,codec_frames,/data/L202500147/Caption/DualISL_Train_RewardV3/runs/midasheng_7b_reward_v3_10rounds_20260905_run01/round_002/collections/round_002_caption_tts_rollout.output.jsonl
2,TTS,random440_expressivespeech_036,5,183,codec_frames,/data/L202500147/Caption/DualISL_Train_RewardV3/runs/midasheng_7b_reward_v3_10rounds_20260905_run01/round_002/collections/round_002_caption_tts_rollout.output.jsonl
2,TTS,random440_expressivespeech_048,6,48,codec_frames,/data/L202500147/Caption/DualISL_Train_RewardV3/runs/midasheng_7b_reward_v3_10rounds_20260905_run01/round_002/collections/round_002_caption_tts_rollout.output.jsonl
2,TTS,random440_expressivespeech_064,7,44,codec_frames,/data/L202500147/Caption/DualISL_Train_RewardV3/runs/midasheng_7b_reward_v3_10rounds_20260905_run01/round_002/collections/round_002_caption_tts_rollout.output.jsonl
2,TTS,random440_expressivespeech_327,0,597,codec_frames,/data/L202500147/Caption/DualISL_Train_RewardV3/runs/midasheng_7b_reward_v3_10rounds_20260905_run01/round_002/collections/round_002_caption_tts_rollout.output.jsonl
2,TTS,random440_deear_017,1,135,codec_frames,/data/L202500147/Caption/DualISL_Train_RewardV3/runs/midasheng_7b_reward_v3_10rounds_20260905_run01/round_002/collections/round_002_caption_tts_rollout.output.jsonl
2,TTS,random440_deear_075,2,185,codec_frames,/data/L202500147/Caption/DualISL_Train_RewardV3/runs/midasheng_7b_reward_v3_10rounds_20260905_run01/round_002/collections/round_002_caption_tts_rollout.output.jsonl
2,TTS,random440_expressivespeech_269,3,182,codec_frames,/data/L202500147/Caption/DualISL_Train_RewardV3/runs/midasheng_7b_reward_v3_10rounds_20260905_run01/round_002/collections/round_002_caption_tts_rollout.output.jsonl
3,Captioner,random440_expressivespeech_287,0,777,sampled_tokens,/data/L202500147/Caption/DualISL_Train_RewardV3/runs/midasheng_7b_reward_v3_10rounds_20260905_run01/round_003/collections/round_003_audio_caption_rollout.output.jsonl
3,Captioner,random440_expressivespeech_245,1,744,sampled_tokens,/data/L202500147/Caption/DualISL_Train_RewardV3/runs/midasheng_7b_reward_v3_10rounds_20260905_run01/round_003/collections/round_003_audio_caption_rollout.output.jsonl
3,Captioner,random440_expressivespeech_304,2,603,sampled_tokens,/data/L202500147/Caption/DualISL_Train_RewardV3/runs/midasheng_7b_reward_v3_10rounds_20260905_run01/round_003/collections/round_003_audio_caption_rollout.output.jsonl
3,Captioner,random440_expressivespeech_178,3,652,sampled_tokens,/data/L202500147/Caption/DualISL_Train_RewardV3/runs/midasheng_7b_reward_v3_10rounds_20260905_run01/round_003/collections/round_003_audio_caption_rollout.output.jsonl
3,Captioner,random440_deear_090,4,574,sampled_tokens,/data/L202500147/Caption/DualISL_Train_RewardV3/runs/midasheng_7b_reward_v3_10rounds_20260905_run01/round_003/collections/round_003_audio_caption_rollout.output.jsonl
3,Captioner,random440_expressivespeech_017,5,872,sampled_tokens,/data/L202500147/Caption/DualISL_Train_RewardV3/runs/midasheng_7b_reward_v3_10rounds_20260905_run01/round_003/collections/round_003_audio_caption_rollout.output.jsonl
3,Captioner,random440_expressivespeech_326,6,696,sampled_tokens,/data/L202500147/Caption/DualISL_Train_RewardV3/runs/midasheng_7b_reward_v3_10rounds_20260905_run01/round_003/collections/round_003_audio_caption_rollout.output.jsonl
3,Captioner,random440_expressivespeech_283,7,563,sampled_tokens,/data/L202500147/Caption/DualISL_Train_RewardV3/runs/midasheng_7b_reward_v3_10rounds_20260905_run01/round_003/collections/round_003_audio_caption_rollout.output.jsonl
3,Captioner,random440_expressivespeech_004,0,462,sampled_tokens,/data/L202500147/Caption/DualISL_Train_RewardV3/runs/midasheng_7b_reward_v3_10rounds_20260905_run01/round_003/collections/round_003_audio_caption_rollout.output.jsonl
3,Captioner,random440_expressivespeech_192,1,615,sampled_tokens,/data/L202500147/Caption/DualISL_Train_RewardV3/runs/midasheng_7b_reward_v3_10rounds_20260905_run01/round_003/collections/round_003_audio_caption_rollout.output.jsonl
3,Captioner,random440_deear_093,2,520,sampled_tokens,/data/L202500147/Caption/DualISL_Train_RewardV3/runs/midasheng_7b_reward_v3_10rounds_20260905_run01/round_003/collections/round_003_audio_caption_rollout.output.jsonl
3,Captioner,random440_expressivespeech_079,3,701,sampled_tokens,/data/L202500147/Caption/DualISL_Train_RewardV3/runs/midasheng_7b_reward_v3_10rounds_20260905_run01/round_003/collections/round_003_audio_caption_rollout.output.jsonl
3,Captioner,random440_expressivespeech_122,4,605,sampled_tokens,/data/L202500147/Caption/DualISL_Train_RewardV3/runs/midasheng_7b_reward_v3_10rounds_20260905_run01/round_003/collections/round_003_audio_caption_rollout.output.jsonl
3,Captioner,random440_expressivespeech_183,5,721,sampled_tokens,/data/L202500147/Caption/DualISL_Train_RewardV3/runs/midasheng_7b_reward_v3_10rounds_20260905_run01/round_003/collections/round_003_audio_caption_rollout.output.jsonl
3,Captioner,random440_deear_086,6,626,sampled_tokens,/data/L202500147/Caption/DualISL_Train_RewardV3/runs/midasheng_7b_reward_v3_10rounds_20260905_run01/round_003/collections/round_003_audio_caption_rollout.output.jsonl
3,Captioner,random440_deear_044,7,531,sampled_tokens,/data/L202500147/Caption/DualISL_Train_RewardV3/runs/midasheng_7b_reward_v3_10rounds_20260905_run01/round_003/collections/round_003_audio_caption_rollout.output.jsonl
3,Captioner,random440_expressivespeech_158,0,689,sampled_tokens,/data/L202500147/Caption/DualISL_Train_RewardV3/runs/midasheng_7b_reward_v3_10rounds_20260905_run01/round_003/collections/round_003_audio_caption_rollout.output.jsonl
3,Captioner,random440_expressivespeech_271,1,670,sampled_tokens,/data/L202500147/Caption/DualISL_Train_RewardV3/runs/midasheng_7b_reward_v3_10rounds_20260905_run01/round_003/collections/round_003_audio_caption_rollout.output.jsonl
3,Captioner,random440_expressivespeech_225,2,643,sampled_tokens,/data/L202500147/Caption/DualISL_Train_RewardV3/runs/midasheng_7b_reward_v3_10rounds_20260905_run01/round_003/collections/round_003_audio_caption_rollout.output.jsonl
3,Captioner,random440_expressivespeech_176,3,793,sampled_tokens,/data/L202500147/Caption/DualISL_Train_RewardV3/runs/midasheng_7b_reward_v3_10rounds_20260905_run01/round_003/collections/round_003_audio_caption_rollout.output.jsonl
3,Captioner,random440_deear_070,4,664,sampled_tokens,/data/L202500147/Caption/DualISL_Train_RewardV3/runs/midasheng_7b_reward_v3_10rounds_20260905_run01/round_003/collections/round_003_audio_caption_rollout.output.jsonl
3,Captioner,random440_expressivespeech_043,5,744,sampled_tokens,/data/L202500147/Caption/DualISL_Train_RewardV3/runs/midasheng_7b_reward_v3_10rounds_20260905_run01/round_003/collections/round_003_audio_caption_rollout.output.jsonl
3,Captioner,random440_expressivespeech_154,6,716,sampled_tokens,/data/L202500147/Caption/DualISL_Train_RewardV3/runs/midasheng_7b_reward_v3_10rounds_20260905_run01/round_003/collections/round_003_audio_caption_rollout.output.jsonl
3,Captioner,random440_expressivespeech_249,7,753,sampled_tokens,/data/L202500147/Caption/DualISL_Train_RewardV3/runs/midasheng_7b_reward_v3_10rounds_20260905_run01/round_003/collections/round_003_audio_caption_rollout.output.jsonl
3,Captioner,random440_deear_072,0,546,sampled_tokens,/data/L202500147/Caption/DualISL_Train_RewardV3/runs/midasheng_7b_reward_v3_10rounds_20260905_run01/round_003/collections/round_003_audio_caption_rollout.output.jsonl
3,Captioner,random440_expressivespeech_050,1,770,sampled_tokens,/data/L202500147/Caption/DualISL_Train_RewardV3/runs/midasheng_7b_reward_v3_10rounds_20260905_run01/round_003/collections/round_003_audio_caption_rollout.output.jsonl
3,Captioner,random440_expressivespeech_046,2,531,sampled_tokens,/data/L202500147/Caption/DualISL_Train_RewardV3/runs/midasheng_7b_reward_v3_10rounds_20260905_run01/round_003/collections/round_003_audio_caption_rollout.output.jsonl
3,Captioner,random440_expressivespeech_011,3,449,sampled_tokens,/data/L202500147/Caption/DualISL_Train_RewardV3/runs/midasheng_7b_reward_v3_10rounds_20260905_run01/round_003/collections/round_003_audio_caption_rollout.output.jsonl
3,Captioner,random440_expressivespeech_167,4,447,sampled_tokens,/data/L202500147/Caption/DualISL_Train_RewardV3/runs/midasheng_7b_reward_v3_10rounds_20260905_run01/round_003/collections/round_003_audio_caption_rollout.output.jsonl
3,Captioner,random440_expressivespeech_227,5,1093,sampled_tokens,/data/L202500147/Caption/DualISL_Train_RewardV3/runs/midasheng_7b_reward_v3_10rounds_20260905_run01/round_003/collections/round_003_audio_caption_rollout.output.jsonl
3,Captioner,random440_expressivespeech_175,6,713,sampled_tokens,/data/L202500147/Caption/DualISL_Train_RewardV3/runs/midasheng_7b_reward_v3_10rounds_20260905_run01/round_003/collections/round_003_audio_caption_rollout.output.jsonl
3,Captioner,random440_expressivespeech_160,7,746,sampled_tokens,/data/L202500147/Caption/DualISL_Train_RewardV3/runs/midasheng_7b_reward_v3_10rounds_20260905_run01/round_003/collections/round_003_audio_caption_rollout.output.jsonl
3,Captioner,random440_expressivespeech_202,0,713,sampled_tokens,/data/L202500147/Caption/DualISL_Train_RewardV3/runs/midasheng_7b_reward_v3_10rounds_20260905_run01/round_003/collections/round_003_audio_caption_rollout.output.jsonl
3,Captioner,random440_expressivespeech_314,1,495,sampled_tokens,/data/L202500147/Caption/DualISL_Train_RewardV3/runs/midasheng_7b_reward_v3_10rounds_20260905_run01/round_003/collections/round_003_audio_caption_rollout.output.jsonl
3,Captioner,random440_expressivespeech_238,2,673,sampled_tokens,/data/L202500147/Caption/DualISL_Train_RewardV3/runs/midasheng_7b_reward_v3_10rounds_20260905_run01/round_003/collections/round_003_audio_caption_rollout.output.jsonl
3,Captioner,random440_expressivespeech_179,3,661,sampled_tokens,/data/L202500147/Caption/DualISL_Train_RewardV3/runs/midasheng_7b_reward_v3_10rounds_20260905_run01/round_003/collections/round_003_audio_caption_rollout.output.jsonl
3,Captioner,random440_deear_054,4,649,sampled_tokens,/data/L202500147/Caption/DualISL_Train_RewardV3/runs/midasheng_7b_reward_v3_10rounds_20260905_run01/round_003/collections/round_003_audio_caption_rollout.output.jsonl
3,Captioner,random440_deear_037,5,802,sampled_tokens,/data/L202500147/Caption/DualISL_Train_RewardV3/runs/midasheng_7b_reward_v3_10rounds_20260905_run01/round_003/collections/round_003_audio_caption_rollout.output.jsonl
3,Captioner,random440_expressivespeech_220,6,677,sampled_tokens,/data/L202500147/Caption/DualISL_Train_RewardV3/runs/midasheng_7b_reward_v3_10rounds_20260905_run01/round_003/collections/round_003_audio_caption_rollout.output.jsonl
3,Captioner,random440_expressivespeech_228,7,570,sampled_tokens,/data/L202500147/Caption/DualISL_Train_RewardV3/runs/midasheng_7b_reward_v3_10rounds_20260905_run01/round_003/collections/round_003_audio_caption_rollout.output.jsonl
3,Captioner,random440_expressivespeech_272,0,749,sampled_tokens,/data/L202500147/Caption/DualISL_Train_RewardV3/runs/midasheng_7b_reward_v3_10rounds_20260905_run01/round_003/collections/round_003_audio_caption_rollout.output.jsonl
3,Captioner,random440_expressivespeech_285,1,770,sampled_tokens,/data/L202500147/Caption/DualISL_Train_RewardV3/runs/midasheng_7b_reward_v3_10rounds_20260905_run01/round_003/collections/round_003_audio_caption_rollout.output.jsonl
3,Captioner,random440_expressivespeech_013,2,781,sampled_tokens,/data/L202500147/Caption/DualISL_Train_RewardV3/runs/midasheng_7b_reward_v3_10rounds_20260905_run01/round_003/collections/round_003_audio_caption_rollout.output.jsonl
3,Captioner,random440_expressivespeech_290,3,604,sampled_tokens,/data/L202500147/Caption/DualISL_Train_RewardV3/runs/midasheng_7b_reward_v3_10rounds_20260905_run01/round_003/collections/round_003_audio_caption_rollout.output.jsonl
3,Captioner,random440_expressivespeech_256,4,864,sampled_tokens,/data/L202500147/Caption/DualISL_Train_RewardV3/runs/midasheng_7b_reward_v3_10rounds_20260905_run01/round_003/collections/round_003_audio_caption_rollout.output.jsonl
3,Captioner,random440_expressivespeech_083,5,697,sampled_tokens,/data/L202500147/Caption/DualISL_Train_RewardV3/runs/midasheng_7b_reward_v3_10rounds_20260905_run01/round_003/collections/round_003_audio_caption_rollout.output.jsonl
3,Captioner,random440_expressivespeech_126,6,445,sampled_tokens,/data/L202500147/Caption/DualISL_Train_RewardV3/runs/midasheng_7b_reward_v3_10rounds_20260905_run01/round_003/collections/round_003_audio_caption_rollout.output.jsonl
3,Captioner,random440_expressivespeech_087,7,672,sampled_tokens,/data/L202500147/Caption/DualISL_Train_RewardV3/runs/midasheng_7b_reward_v3_10rounds_20260905_run01/round_003/collections/round_003_audio_caption_rollout.output.jsonl
3,Captioner,random440_expressivespeech_109,0,612,sampled_tokens,/data/L202500147/Caption/DualISL_Train_RewardV3/runs/midasheng_7b_reward_v3_10rounds_20260905_run01/round_003/collections/round_003_audio_caption_rollout.output.jsonl
3,Captioner,random440_expressivespeech_135,1,550,sampled_tokens,/data/L202500147/Caption/DualISL_Train_RewardV3/runs/midasheng_7b_reward_v3_10rounds_20260905_run01/round_003/collections/round_003_audio_caption_rollout.output.jsonl
3,Captioner,random440_deear_032,2,661,sampled_tokens,/data/L202500147/Caption/DualISL_Train_RewardV3/runs/midasheng_7b_reward_v3_10rounds_20260905_run01/round_003/collections/round_003_audio_caption_rollout.output.jsonl
3,Captioner,random440_expressivespeech_197,3,545,sampled_tokens,/data/L202500147/Caption/DualISL_Train_RewardV3/runs/midasheng_7b_reward_v3_10rounds_20260905_run01/round_003/collections/round_003_audio_caption_rollout.output.jsonl
3,Captioner,random440_expressivespeech_181,4,682,sampled_tokens,/data/L202500147/Caption/DualISL_Train_RewardV3/runs/midasheng_7b_reward_v3_10rounds_20260905_run01/round_003/collections/round_003_audio_caption_rollout.output.jsonl
3,Captioner,random440_deear_003,5,589,sampled_tokens,/data/L202500147/Caption/DualISL_Train_RewardV3/runs/midasheng_7b_reward_v3_10rounds_20260905_run01/round_003/collections/round_003_audio_caption_rollout.output.jsonl
3,Captioner,random440_deear_049,6,585,sampled_tokens,/data/L202500147/Caption/DualISL_Train_RewardV3/runs/midasheng_7b_reward_v3_10rounds_20260905_run01/round_003/collections/round_003_audio_caption_rollout.output.jsonl
3,Captioner,random440_expressivespeech_007,7,667,sampled_tokens,/data/L202500147/Caption/DualISL_Train_RewardV3/runs/midasheng_7b_reward_v3_10rounds_20260905_run01/round_003/collections/round_003_audio_caption_rollout.output.jsonl
3,Captioner,random440_expressivespeech_235,0,561,sampled_tokens,/data/L202500147/Caption/DualISL_Train_RewardV3/runs/midasheng_7b_reward_v3_10rounds_20260905_run01/round_003/collections/round_003_audio_caption_rollout.output.jsonl
3,Captioner,random440_expressivespeech_157,1,714,sampled_tokens,/data/L202500147/Caption/DualISL_Train_RewardV3/runs/midasheng_7b_reward_v3_10rounds_20260905_run01/round_003/collections/round_003_audio_caption_rollout.output.jsonl
3,Captioner,random440_expressivespeech_063,2,576,sampled_tokens,/data/L202500147/Caption/DualISL_Train_RewardV3/runs/midasheng_7b_reward_v3_10rounds_20260905_run01/round_003/collections/round_003_audio_caption_rollout.output.jsonl
3,Captioner,random440_expressivespeech_089,3,569,sampled_tokens,/data/L202500147/Caption/DualISL_Train_RewardV3/runs/midasheng_7b_reward_v3_10rounds_20260905_run01/round_003/collections/round_003_audio_caption_rollout.output.jsonl
3,Captioner,random440_expressivespeech_113,4,618,sampled_tokens,/data/L202500147/Caption/DualISL_Train_RewardV3/runs/midasheng_7b_reward_v3_10rounds_20260905_run01/round_003/collections/round_003_audio_caption_rollout.output.jsonl
3,Captioner,random440_expressivespeech_020,5,579,sampled_tokens,/data/L202500147/Caption/DualISL_Train_RewardV3/runs/midasheng_7b_reward_v3_10rounds_20260905_run01/round_003/collections/round_003_audio_caption_rollout.output.jsonl
3,Captioner,random440_expressivespeech_028,6,673,sampled_tokens,/data/L202500147/Caption/DualISL_Train_RewardV3/runs/midasheng_7b_reward_v3_10rounds_20260905_run01/round_003/collections/round_003_audio_caption_rollout.output.jsonl
3,Captioner,random440_deear_084,7,857,sampled_tokens,/data/L202500147/Caption/DualISL_Train_RewardV3/runs/midasheng_7b_reward_v3_10rounds_20260905_run01/round_003/collections/round_003_audio_caption_rollout.output.jsonl
3,Captioner,random440_expressivespeech_093,0,786,sampled_tokens,/data/L202500147/Caption/DualISL_Train_RewardV3/runs/midasheng_7b_reward_v3_10rounds_20260905_run01/round_003/collections/round_003_audio_caption_rollout.output.jsonl
3,Captioner,random440_expressivespeech_222,1,1167,sampled_tokens,/data/L202500147/Caption/DualISL_Train_RewardV3/runs/midasheng_7b_reward_v3_10rounds_20260905_run01/round_003/collections/round_003_audio_caption_rollout.output.jsonl
3,Captioner,random440_deear_015,2,526,sampled_tokens,/data/L202500147/Caption/DualISL_Train_RewardV3/runs/midasheng_7b_reward_v3_10rounds_20260905_run01/round_003/collections/round_003_audio_caption_rollout.output.jsonl
3,Captioner,random440_deear_083,3,632,sampled_tokens,/data/L202500147/Caption/DualISL_Train_RewardV3/runs/midasheng_7b_reward_v3_10rounds_20260905_run01/round_003/collections/round_003_audio_caption_rollout.output.jsonl
3,Captioner,random440_deear_096,4,565,sampled_tokens,/data/L202500147/Caption/DualISL_Train_RewardV3/runs/midasheng_7b_reward_v3_10rounds_20260905_run01/round_003/collections/round_003_audio_caption_rollout.output.jsonl
3,Captioner,random440_expressivespeech_219,5,703,sampled_tokens,/data/L202500147/Caption/DualISL_Train_RewardV3/runs/midasheng_7b_reward_v3_10rounds_20260905_run01/round_003/collections/round_003_audio_caption_rollout.output.jsonl
3,Captioner,random440_deear_082,6,665,sampled_tokens,/data/L202500147/Caption/DualISL_Train_RewardV3/runs/midasheng_7b_reward_v3_10rounds_20260905_run01/round_003/collections/round_003_audio_caption_rollout.output.jsonl
3,Captioner,random440_expressivespeech_208,7,595,sampled_tokens,/data/L202500147/Caption/DualISL_Train_RewardV3/runs/midasheng_7b_reward_v3_10rounds_20260905_run01/round_003/collections/round_003_audio_caption_rollout.output.jsonl
3,Captioner,random440_expressivespeech_035,0,833,sampled_tokens,/data/L202500147/Caption/DualISL_Train_RewardV3/runs/midasheng_7b_reward_v3_10rounds_20260905_run01/round_003/collections/round_003_audio_caption_rollout.output.jsonl
3,Captioner,random440_expressivespeech_147,1,579,sampled_tokens,/data/L202500147/Caption/DualISL_Train_RewardV3/runs/midasheng_7b_reward_v3_10rounds_20260905_run01/round_003/collections/round_003_audio_caption_rollout.output.jsonl
3,Captioner,random440_expressivespeech_266,2,528,sampled_tokens,/data/L202500147/Caption/DualISL_Train_RewardV3/runs/midasheng_7b_reward_v3_10rounds_20260905_run01/round_003/collections/round_003_audio_caption_rollout.output.jsonl
3,Captioner,random440_expressivespeech_188,3,679,sampled_tokens,/data/L202500147/Caption/DualISL_Train_RewardV3/runs/midasheng_7b_reward_v3_10rounds_20260905_run01/round_003/collections/round_003_audio_caption_rollout.output.jsonl
3,Captioner,random440_expressivespeech_045,4,605,sampled_tokens,/data/L202500147/Caption/DualISL_Train_RewardV3/runs/midasheng_7b_reward_v3_10rounds_20260905_run01/round_003/collections/round_003_audio_caption_rollout.output.jsonl
3,Captioner,random440_deear_092,5,685,sampled_tokens,/data/L202500147/Caption/DualISL_Train_RewardV3/runs/midasheng_7b_reward_v3_10rounds_20260905_run01/round_003/collections/round_003_audio_caption_rollout.output.jsonl
3,Captioner,random440_expressivespeech_019,6,719,sampled_tokens,/data/L202500147/Caption/DualISL_Train_RewardV3/runs/midasheng_7b_reward_v3_10rounds_20260905_run01/round_003/collections/round_003_audio_caption_rollout.output.jsonl
3,Captioner,random440_expressivespeech_313,7,733,sampled_tokens,/data/L202500147/Caption/DualISL_Train_RewardV3/runs/midasheng_7b_reward_v3_10rounds_20260905_run01/round_003/collections/round_003_audio_caption_rollout.output.jsonl
3,Captioner,random440_deear_047,0,658,sampled_tokens,/data/L202500147/Caption/DualISL_Train_RewardV3/runs/midasheng_7b_reward_v3_10rounds_20260905_run01/round_003/collections/round_003_audio_caption_rollout.output.jsonl
3,Captioner,random440_expressivespeech_069,1,641,sampled_tokens,/data/L202500147/Caption/DualISL_Train_RewardV3/runs/midasheng_7b_reward_v3_10rounds_20260905_run01/round_003/collections/round_003_audio_caption_rollout.output.jsonl
3,Captioner,random440_deear_024,2,734,sampled_tokens,/data/L202500147/Caption/DualISL_Train_RewardV3/runs/midasheng_7b_reward_v3_10rounds_20260905_run01/round_003/collections/round_003_audio_caption_rollout.output.jsonl
3,Captioner,random440_expressivespeech_187,3,577,sampled_tokens,/data/L202500147/Caption/DualISL_Train_RewardV3/runs/midasheng_7b_reward_v3_10rounds_20260905_run01/round_003/collections/round_003_audio_caption_rollout.output.jsonl
3,Captioner,random440_expressivespeech_088,4,601,sampled_tokens,/data/L202500147/Caption/DualISL_Train_RewardV3/runs/midasheng_7b_reward_v3_10rounds_20260905_run01/round_003/collections/round_003_audio_caption_rollout.output.jsonl
3,Captioner,random440_expressivespeech_009,5,593,sampled_tokens,/data/L202500147/Caption/DualISL_Train_RewardV3/runs/midasheng_7b_reward_v3_10rounds_20260905_run01/round_003/collections/round_003_audio_caption_rollout.output.jsonl
3,Captioner,random440_expressivespeech_168,6,562,sampled_tokens,/data/L202500147/Caption/DualISL_Train_RewardV3/runs/midasheng_7b_reward_v3_10rounds_20260905_run01/round_003/collections/round_003_audio_caption_rollout.output.jsonl
3,Captioner,random440_expressivespeech_252,7,542,sampled_tokens,/data/L202500147/Caption/DualISL_Train_RewardV3/runs/midasheng_7b_reward_v3_10rounds_20260905_run01/round_003/collections/round_003_audio_caption_rollout.output.jsonl
3,Captioner,random440_expressivespeech_095,0,1128,sampled_tokens,/data/L202500147/Caption/DualISL_Train_RewardV3/runs/midasheng_7b_reward_v3_10rounds_20260905_run01/round_003/collections/round_003_audio_caption_rollout.output.jsonl
3,Captioner,random440_expressivespeech_090,1,898,sampled_tokens,/data/L202500147/Caption/DualISL_Train_RewardV3/runs/midasheng_7b_reward_v3_10rounds_20260905_run01/round_003/collections/round_003_audio_caption_rollout.output.jsonl
3,Captioner,random440_expressivespeech_053,2,722,sampled_tokens,/data/L202500147/Caption/DualISL_Train_RewardV3/runs/midasheng_7b_reward_v3_10rounds_20260905_run01/round_003/collections/round_003_audio_caption_rollout.output.jsonl
3,Captioner,random440_expressivespeech_165,3,668,sampled_tokens,/data/L202500147/Caption/DualISL_Train_RewardV3/runs/midasheng_7b_reward_v3_10rounds_20260905_run01/round_003/collections/round_003_audio_caption_rollout.output.jsonl
3,Captioner,random440_deear_010,4,676,sampled_tokens,/data/L202500147/Caption/DualISL_Train_RewardV3/runs/midasheng_7b_reward_v3_10rounds_20260905_run01/round_003/collections/round_003_audio_caption_rollout.output.jsonl
3,Captioner,random440_expressivespeech_312,5,680,sampled_tokens,/data/L202500147/Caption/DualISL_Train_RewardV3/runs/midasheng_7b_reward_v3_10rounds_20260905_run01/round_003/collections/round_003_audio_caption_rollout.output.jsonl
3,Captioner,random440_expressivespeech_057,6,827,sampled_tokens,/data/L202500147/Caption/DualISL_Train_RewardV3/runs/midasheng_7b_reward_v3_10rounds_20260905_run01/round_003/collections/round_003_audio_caption_rollout.output.jsonl
3,Captioner,random440_expressivespeech_309,7,655,sampled_tokens,/data/L202500147/Caption/DualISL_Train_RewardV3/runs/midasheng_7b_reward_v3_10rounds_20260905_run01/round_003/collections/round_003_audio_caption_rollout.output.jsonl
3,Captioner,random440_expressivespeech_076,0,698,sampled_tokens,/data/L202500147/Caption/DualISL_Train_RewardV3/runs/midasheng_7b_reward_v3_10rounds_20260905_run01/round_003/collections/round_003_audio_caption_rollout.output.jsonl
3,Captioner,random440_expressivespeech_292,1,922,sampled_tokens,/data/L202500147/Caption/DualISL_Train_RewardV3/runs/midasheng_7b_reward_v3_10rounds_20260905_run01/round_003/collections/round_003_audio_caption_rollout.output.jsonl
3,Captioner,random440_expressivespeech_148,2,656,sampled_tokens,/data/L202500147/Caption/DualISL_Train_RewardV3/runs/midasheng_7b_reward_v3_10rounds_20260905_run01/round_003/collections/round_003_audio_caption_rollout.output.jsonl
3,Captioner,random440_expressivespeech_111,3,686,sampled_tokens,/data/L202500147/Caption/DualISL_Train_RewardV3/runs/midasheng_7b_reward_v3_10rounds_20260905_run01/round_003/collections/round_003_audio_caption_rollout.output.jsonl
3,Captioner,random440_expressivespeech_016,4,947,sampled_tokens,/data/L202500147/Caption/DualISL_Train_RewardV3/runs/midasheng_7b_reward_v3_10rounds_20260905_run01/round_003/collections/round_003_audio_caption_rollout.output.jsonl
3,Captioner,random440_deear_016,5,836,sampled_tokens,/data/L202500147/Caption/DualISL_Train_RewardV3/runs/midasheng_7b_reward_v3_10rounds_20260905_run01/round_003/collections/round_003_audio_caption_rollout.output.jsonl
3,Captioner,random440_expressivespeech_138,6,612,sampled_tokens,/data/L202500147/Caption/DualISL_Train_RewardV3/runs/midasheng_7b_reward_v3_10rounds_20260905_run01/round_003/collections/round_003_audio_caption_rollout.output.jsonl
3,Captioner,random440_expressivespeech_254,7,788,sampled_tokens,/data/L202500147/Caption/DualISL_Train_RewardV3/runs/midasheng_7b_reward_v3_10rounds_20260905_run01/round_003/collections/round_003_audio_caption_rollout.output.jsonl
3,Captioner,random440_deear_087,0,613,sampled_tokens,/data/L202500147/Caption/DualISL_Train_RewardV3/runs/midasheng_7b_reward_v3_10rounds_20260905_run01/round_003/collections/round_003_audio_caption_rollout.output.jsonl
3,Captioner,random440_expressivespeech_246,1,617,sampled_tokens,/data/L202500147/Caption/DualISL_Train_RewardV3/runs/midasheng_7b_reward_v3_10rounds_20260905_run01/round_003/collections/round_003_audio_caption_rollout.output.jsonl
3,Captioner,random440_expressivespeech_338,2,687,sampled_tokens,/data/L202500147/Caption/DualISL_Train_RewardV3/runs/midasheng_7b_reward_v3_10rounds_20260905_run01/round_003/collections/round_003_audio_caption_rollout.output.jsonl
3,Captioner,random440_expressivespeech_215,3,840,sampled_tokens,/data/L202500147/Caption/DualISL_Train_RewardV3/runs/midasheng_7b_reward_v3_10rounds_20260905_run01/round_003/collections/round_003_audio_caption_rollout.output.jsonl
3,Captioner,random440_expressivespeech_031,4,574,sampled_tokens,/data/L202500147/Caption/DualISL_Train_RewardV3/runs/midasheng_7b_reward_v3_10rounds_20260905_run01/round_003/collections/round_003_audio_caption_rollout.output.jsonl
3,Captioner,random440_expressivespeech_068,5,724,sampled_tokens,/data/L202500147/Caption/DualISL_Train_RewardV3/runs/midasheng_7b_reward_v3_10rounds_20260905_run01/round_003/collections/round_003_audio_caption_rollout.output.jsonl
3,Captioner,random440_expressivespeech_310,6,555,sampled_tokens,/data/L202500147/Caption/DualISL_Train_RewardV3/runs/midasheng_7b_reward_v3_10rounds_20260905_run01/round_003/collections/round_003_audio_caption_rollout.output.jsonl
3,Captioner,random440_expressivespeech_101,7,882,sampled_tokens,/data/L202500147/Caption/DualISL_Train_RewardV3/runs/midasheng_7b_reward_v3_10rounds_20260905_run01/round_003/collections/round_003_audio_caption_rollout.output.jsonl
3,Captioner,random440_deear_014,0,634,sampled_tokens,/data/L202500147/Caption/DualISL_Train_RewardV3/runs/midasheng_7b_reward_v3_10rounds_20260905_run01/round_003/collections/round_003_audio_caption_rollout.output.jsonl
3,Captioner,random440_expressivespeech_041,1,861,sampled_tokens,/data/L202500147/Caption/DualISL_Train_RewardV3/runs/midasheng_7b_reward_v3_10rounds_20260905_run01/round_003/collections/round_003_audio_caption_rollout.output.jsonl
3,Captioner,random440_expressivespeech_319,2,657,sampled_tokens,/data/L202500147/Caption/DualISL_Train_RewardV3/runs/midasheng_7b_reward_v3_10rounds_20260905_run01/round_003/collections/round_003_audio_caption_rollout.output.jsonl
3,Captioner,random440_deear_040,3,670,sampled_tokens,/data/L202500147/Caption/DualISL_Train_RewardV3/runs/midasheng_7b_reward_v3_10rounds_20260905_run01/round_003/collections/round_003_audio_caption_rollout.output.jsonl
3,Captioner,random440_expressivespeech_185,4,630,sampled_tokens,/data/L202500147/Caption/DualISL_Train_RewardV3/runs/midasheng_7b_reward_v3_10rounds_20260905_run01/round_003/collections/round_003_audio_caption_rollout.output.jsonl
3,Captioner,random440_expressivespeech_340,5,1002,sampled_tokens,/data/L202500147/Caption/DualISL_Train_RewardV3/runs/midasheng_7b_reward_v3_10rounds_20260905_run01/round_003/collections/round_003_audio_caption_rollout.output.jsonl
3,Captioner,random440_expressivespeech_294,6,718,sampled_tokens,/data/L202500147/Caption/DualISL_Train_RewardV3/runs/midasheng_7b_reward_v3_10rounds_20260905_run01/round_003/collections/round_003_audio_caption_rollout.output.jsonl
3,Captioner,random440_expressivespeech_270,7,520,sampled_tokens,/data/L202500147/Caption/DualISL_Train_RewardV3/runs/midasheng_7b_reward_v3_10rounds_20260905_run01/round_003/collections/round_003_audio_caption_rollout.output.jsonl
3,Captioner,random440_expressivespeech_334,0,868,sampled_tokens,/data/L202500147/Caption/DualISL_Train_RewardV3/runs/midasheng_7b_reward_v3_10rounds_20260905_run01/round_003/collections/round_003_audio_caption_rollout.output.jsonl
3,Captioner,random440_expressivespeech_080,1,468,sampled_tokens,/data/L202500147/Caption/DualISL_Train_RewardV3/runs/midasheng_7b_reward_v3_10rounds_20260905_run01/round_003/collections/round_003_audio_caption_rollout.output.jsonl
3,Captioner,random440_expressivespeech_329,2,549,sampled_tokens,/data/L202500147/Caption/DualISL_Train_RewardV3/runs/midasheng_7b_reward_v3_10rounds_20260905_run01/round_003/collections/round_003_audio_caption_rollout.output.jsonl
3,Captioner,random440_expressivespeech_110,3,1077,sampled_tokens,/data/L202500147/Caption/DualISL_Train_RewardV3/runs/midasheng_7b_reward_v3_10rounds_20260905_run01/round_003/collections/round_003_audio_caption_rollout.output.jsonl
3,Captioner,random440_expressivespeech_180,4,762,sampled_tokens,/data/L202500147/Caption/DualISL_Train_RewardV3/runs/midasheng_7b_reward_v3_10rounds_20260905_run01/round_003/collections/round_003_audio_caption_rollout.output.jsonl
3,Captioner,random440_expressivespeech_107,5,720,sampled_tokens,/data/L202500147/Caption/DualISL_Train_RewardV3/runs/midasheng_7b_reward_v3_10rounds_20260905_run01/round_003/collections/round_003_audio_caption_rollout.output.jsonl
3,Captioner,random440_expressivespeech_025,6,543,sampled_tokens,/data/L202500147/Caption/DualISL_Train_RewardV3/runs/midasheng_7b_reward_v3_10rounds_20260905_run01/round_003/collections/round_003_audio_caption_rollout.output.jsonl
3,Captioner,random440_expressivespeech_096,7,713,sampled_tokens,/data/L202500147/Caption/DualISL_Train_RewardV3/runs/midasheng_7b_reward_v3_10rounds_20260905_run01/round_003/collections/round_003_audio_caption_rollout.output.jsonl
3,Captioner,random440_deear_030,0,631,sampled_tokens,/data/L202500147/Caption/DualISL_Train_RewardV3/runs/midasheng_7b_reward_v3_10rounds_20260905_run01/round_003/collections/round_003_audio_caption_rollout.output.jsonl
3,Captioner,random440_expressivespeech_315,1,716,sampled_tokens,/data/L202500147/Caption/DualISL_Train_RewardV3/runs/midasheng_7b_reward_v3_10rounds_20260905_run01/round_003/collections/round_003_audio_caption_rollout.output.jsonl
3,Captioner,random440_expressivespeech_265,2,527,sampled_tokens,/data/L202500147/Caption/DualISL_Train_RewardV3/runs/midasheng_7b_reward_v3_10rounds_20260905_run01/round_003/collections/round_003_audio_caption_rollout.output.jsonl
3,Captioner,random440_expressivespeech_027,3,767,sampled_tokens,/data/L202500147/Caption/DualISL_Train_RewardV3/runs/midasheng_7b_reward_v3_10rounds_20260905_run01/round_003/collections/round_003_audio_caption_rollout.output.jsonl
3,Captioner,random440_expressivespeech_155,4,685,sampled_tokens,/data/L202500147/Caption/DualISL_Train_RewardV3/runs/midasheng_7b_reward_v3_10rounds_20260905_run01/round_003/collections/round_003_audio_caption_rollout.output.jsonl
3,Captioner,random440_expressivespeech_010,5,560,sampled_tokens,/data/L202500147/Caption/DualISL_Train_RewardV3/runs/midasheng_7b_reward_v3_10rounds_20260905_run01/round_003/collections/round_003_audio_caption_rollout.output.jsonl
3,Captioner,random440_expressivespeech_295,6,606,sampled_tokens,/data/L202500147/Caption/DualISL_Train_RewardV3/runs/midasheng_7b_reward_v3_10rounds_20260905_run01/round_003/collections/round_003_audio_caption_rollout.output.jsonl
3,Captioner,random440_expressivespeech_150,7,638,sampled_tokens,/data/L202500147/Caption/DualISL_Train_RewardV3/runs/midasheng_7b_reward_v3_10rounds_20260905_run01/round_003/collections/round_003_audio_caption_rollout.output.jsonl
3,Captioner,random440_expressivespeech_211,0,668,sampled_tokens,/data/L202500147/Caption/DualISL_Train_RewardV3/runs/midasheng_7b_reward_v3_10rounds_20260905_run01/round_003/collections/round_003_audio_caption_rollout.output.jsonl
3,Captioner,random440_deear_062,1,805,sampled_tokens,/data/L202500147/Caption/DualISL_Train_RewardV3/runs/midasheng_7b_reward_v3_10rounds_20260905_run01/round_003/collections/round_003_audio_caption_rollout.output.jsonl
3,Captioner,random440_expressivespeech_026,2,814,sampled_tokens,/data/L202500147/Caption/DualISL_Train_RewardV3/runs/midasheng_7b_reward_v3_10rounds_20260905_run01/round_003/collections/round_003_audio_caption_rollout.output.jsonl
3,Captioner,random440_expressivespeech_102,3,647,sampled_tokens,/data/L202500147/Caption/DualISL_Train_RewardV3/runs/midasheng_7b_reward_v3_10rounds_20260905_run01/round_003/collections/round_003_audio_caption_rollout.output.jsonl
3,Captioner,random440_deear_080,4,538,sampled_tokens,/data/L202500147/Caption/DualISL_Train_RewardV3/runs/midasheng_7b_reward_v3_10rounds_20260905_run01/round_003/collections/round_003_audio_caption_rollout.output.jsonl
3,Captioner,random440_expressivespeech_137,5,559,sampled_tokens,/data/L202500147/Caption/DualISL_Train_RewardV3/runs/midasheng_7b_reward_v3_10rounds_20260905_run01/round_003/collections/round_003_audio_caption_rollout.output.jsonl
3,Captioner,random440_expressivespeech_074,6,691,sampled_tokens,/data/L202500147/Caption/DualISL_Train_RewardV3/runs/midasheng_7b_reward_v3_10rounds_20260905_run01/round_003/collections/round_003_audio_caption_rollout.output.jsonl
3,Captioner,random440_expressivespeech_073,7,1097,sampled_tokens,/data/L202500147/Caption/DualISL_Train_RewardV3/runs/midasheng_7b_reward_v3_10rounds_20260905_run01/round_003/collections/round_003_audio_caption_rollout.output.jsonl
3,Captioner,random440_expressivespeech_233,0,902,sampled_tokens,/data/L202500147/Caption/DualISL_Train_RewardV3/runs/midasheng_7b_reward_v3_10rounds_20260905_run01/round_003/collections/round_003_audio_caption_rollout.output.jsonl
3,Captioner,random440_expressivespeech_128,1,548,sampled_tokens,/data/L202500147/Caption/DualISL_Train_RewardV3/runs/midasheng_7b_reward_v3_10rounds_20260905_run01/round_003/collections/round_003_audio_caption_rollout.output.jsonl
3,Captioner,random440_expressivespeech_279,2,662,sampled_tokens,/data/L202500147/Caption/DualISL_Train_RewardV3/runs/midasheng_7b_reward_v3_10rounds_20260905_run01/round_003/collections/round_003_audio_caption_rollout.output.jsonl
3,Captioner,random440_expressivespeech_146,3,707,sampled_tokens,/data/L202500147/Caption/DualISL_Train_RewardV3/runs/midasheng_7b_reward_v3_10rounds_20260905_run01/round_003/collections/round_003_audio_caption_rollout.output.jsonl
3,Captioner,random440_expressivespeech_223,4,548,sampled_tokens,/data/L202500147/Caption/DualISL_Train_RewardV3/runs/midasheng_7b_reward_v3_10rounds_20260905_run01/round_003/collections/round_003_audio_caption_rollout.output.jsonl
3,Captioner,random440_deear_078,5,594,sampled_tokens,/data/L202500147/Caption/DualISL_Train_RewardV3/runs/midasheng_7b_reward_v3_10rounds_20260905_run01/round_003/collections/round_003_audio_caption_rollout.output.jsonl
3,Captioner,random440_expressivespeech_055,6,593,sampled_tokens,/data/L202500147/Caption/DualISL_Train_RewardV3/runs/midasheng_7b_reward_v3_10rounds_20260905_run01/round_003/collections/round_003_audio_caption_rollout.output.jsonl
3,Captioner,random440_expressivespeech_098,7,667,sampled_tokens,/data/L202500147/Caption/DualISL_Train_RewardV3/runs/midasheng_7b_reward_v3_10rounds_20260905_run01/round_003/collections/round_003_audio_caption_rollout.output.jsonl
3,Captioner,random440_expressivespeech_003,0,786,sampled_tokens,/data/L202500147/Caption/DualISL_Train_RewardV3/runs/midasheng_7b_reward_v3_10rounds_20260905_run01/round_003/collections/round_003_audio_caption_rollout.output.jsonl
3,Captioner,random440_expressivespeech_144,1,521,sampled_tokens,/data/L202500147/Caption/DualISL_Train_RewardV3/runs/midasheng_7b_reward_v3_10rounds_20260905_run01/round_003/collections/round_003_audio_caption_rollout.output.jsonl
3,Captioner,random440_expressivespeech_217,2,948,sampled_tokens,/data/L202500147/Caption/DualISL_Train_RewardV3/runs/midasheng_7b_reward_v3_10rounds_20260905_run01/round_003/collections/round_003_audio_caption_rollout.output.jsonl
3,Captioner,random440_expressivespeech_321,3,811,sampled_tokens,/data/L202500147/Caption/DualISL_Train_RewardV3/runs/midasheng_7b_reward_v3_10rounds_20260905_run01/round_003/collections/round_003_audio_caption_rollout.output.jsonl
3,Captioner,random440_expressivespeech_230,4,756,sampled_tokens,/data/L202500147/Caption/DualISL_Train_RewardV3/runs/midasheng_7b_reward_v3_10rounds_20260905_run01/round_003/collections/round_003_audio_caption_rollout.output.jsonl
3,Captioner,random440_deear_002,5,765,sampled_tokens,/data/L202500147/Caption/DualISL_Train_RewardV3/runs/midasheng_7b_reward_v3_10rounds_20260905_run01/round_003/collections/round_003_audio_caption_rollout.output.jsonl
3,Captioner,random440_expressivespeech_210,6,839,sampled_tokens,/data/L202500147/Caption/DualISL_Train_RewardV3/runs/midasheng_7b_reward_v3_10rounds_20260905_run01/round_003/collections/round_003_audio_caption_rollout.output.jsonl
3,Captioner,random440_expressivespeech_105,7,481,sampled_tokens,/data/L202500147/Caption/DualISL_Train_RewardV3/runs/midasheng_7b_reward_v3_10rounds_20260905_run01/round_003/collections/round_003_audio_caption_rollout.output.jsonl
3,Captioner,random440_expressivespeech_199,0,747,sampled_tokens,/data/L202500147/Caption/DualISL_Train_RewardV3/runs/midasheng_7b_reward_v3_10rounds_20260905_run01/round_003/collections/round_003_audio_caption_rollout.output.jsonl
3,Captioner,random440_expressivespeech_065,1,609,sampled_tokens,/data/L202500147/Caption/DualISL_Train_RewardV3/runs/midasheng_7b_reward_v3_10rounds_20260905_run01/round_003/collections/round_003_audio_caption_rollout.output.jsonl
3,Captioner,random440_expressivespeech_195,2,745,sampled_tokens,/data/L202500147/Caption/DualISL_Train_RewardV3/runs/midasheng_7b_reward_v3_10rounds_20260905_run01/round_003/collections/round_003_audio_caption_rollout.output.jsonl
3,Captioner,random440_expressivespeech_200,3,684,sampled_tokens,/data/L202500147/Caption/DualISL_Train_RewardV3/runs/midasheng_7b_reward_v3_10rounds_20260905_run01/round_003/collections/round_003_audio_caption_rollout.output.jsonl
3,Captioner,random440_expressivespeech_005,4,737,sampled_tokens,/data/L202500147/Caption/DualISL_Train_RewardV3/runs/midasheng_7b_reward_v3_10rounds_20260905_run01/round_003/collections/round_003_audio_caption_rollout.output.jsonl
3,Captioner,random440_expressivespeech_237,5,764,sampled_tokens,/data/L202500147/Caption/DualISL_Train_RewardV3/runs/midasheng_7b_reward_v3_10rounds_20260905_run01/round_003/collections/round_003_audio_caption_rollout.output.jsonl
3,Captioner,random440_expressivespeech_317,6,742,sampled_tokens,/data/L202500147/Caption/DualISL_Train_RewardV3/runs/midasheng_7b_reward_v3_10rounds_20260905_run01/round_003/collections/round_003_audio_caption_rollout.output.jsonl
3,Captioner,random440_expressivespeech_280,7,716,sampled_tokens,/data/L202500147/Caption/DualISL_Train_RewardV3/runs/midasheng_7b_reward_v3_10rounds_20260905_run01/round_003/collections/round_003_audio_caption_rollout.output.jsonl
3,Captioner,random440_deear_038,0,512,sampled_tokens,/data/L202500147/Caption/DualISL_Train_RewardV3/runs/midasheng_7b_reward_v3_10rounds_20260905_run01/round_003/collections/round_003_audio_caption_rollout.output.jsonl
3,Captioner,random440_expressivespeech_038,1,845,sampled_tokens,/data/L202500147/Caption/DualISL_Train_RewardV3/runs/midasheng_7b_reward_v3_10rounds_20260905_run01/round_003/collections/round_003_audio_caption_rollout.output.jsonl
3,Captioner,random440_expressivespeech_056,2,636,sampled_tokens,/data/L202500147/Caption/DualISL_Train_RewardV3/runs/midasheng_7b_reward_v3_10rounds_20260905_run01/round_003/collections/round_003_audio_caption_rollout.output.jsonl
3,Captioner,random440_expressivespeech_216,3,601,sampled_tokens,/data/L202500147/Caption/DualISL_Train_RewardV3/runs/midasheng_7b_reward_v3_10rounds_20260905_run01/round_003/collections/round_003_audio_caption_rollout.output.jsonl
3,Captioner,random440_expressivespeech_260,4,680,sampled_tokens,/data/L202500147/Caption/DualISL_Train_RewardV3/runs/midasheng_7b_reward_v3_10rounds_20260905_run01/round_003/collections/round_003_audio_caption_rollout.output.jsonl
3,Captioner,random440_expressivespeech_311,5,581,sampled_tokens,/data/L202500147/Caption/DualISL_Train_RewardV3/runs/midasheng_7b_reward_v3_10rounds_20260905_run01/round_003/collections/round_003_audio_caption_rollout.output.jsonl
3,Captioner,random440_expressivespeech_103,6,606,sampled_tokens,/data/L202500147/Caption/DualISL_Train_RewardV3/runs/midasheng_7b_reward_v3_10rounds_20260905_run01/round_003/collections/round_003_audio_caption_rollout.output.jsonl
3,Captioner,random440_expressivespeech_024,7,668,sampled_tokens,/data/L202500147/Caption/DualISL_Train_RewardV3/runs/midasheng_7b_reward_v3_10rounds_20260905_run01/round_003/collections/round_003_audio_caption_rollout.output.jsonl
3,Captioner,random440_expressivespeech_296,0,604,sampled_tokens,/data/L202500147/Caption/DualISL_Train_RewardV3/runs/midasheng_7b_reward_v3_10rounds_20260905_run01/round_003/collections/round_003_audio_caption_rollout.output.jsonl
3,Captioner,random440_expressivespeech_115,1,725,sampled_tokens,/data/L202500147/Caption/DualISL_Train_RewardV3/runs/midasheng_7b_reward_v3_10rounds_20260905_run01/round_003/collections/round_003_audio_caption_rollout.output.jsonl
3,Captioner,random440_expressivespeech_264,2,506,sampled_tokens,/data/L202500147/Caption/DualISL_Train_RewardV3/runs/midasheng_7b_reward_v3_10rounds_20260905_run01/round_003/collections/round_003_audio_caption_rollout.output.jsonl
3,Captioner,random440_expressivespeech_286,3,536,sampled_tokens,/data/L202500147/Caption/DualISL_Train_RewardV3/runs/midasheng_7b_reward_v3_10rounds_20260905_run01/round_003/collections/round_003_audio_caption_rollout.output.jsonl
3,Captioner,random440_expressivespeech_307,4,701,sampled_tokens,/data/L202500147/Caption/DualISL_Train_RewardV3/runs/midasheng_7b_reward_v3_10rounds_20260905_run01/round_003/collections/round_003_audio_caption_rollout.output.jsonl
3,Captioner,random440_deear_071,5,439,sampled_tokens,/data/L202500147/Caption/DualISL_Train_RewardV3/runs/midasheng_7b_reward_v3_10rounds_20260905_run01/round_003/collections/round_003_audio_caption_rollout.output.jsonl
3,Captioner,random440_expressivespeech_231,6,619,sampled_tokens,/data/L202500147/Caption/DualISL_Train_RewardV3/runs/midasheng_7b_reward_v3_10rounds_20260905_run01/round_003/collections/round_003_audio_caption_rollout.output.jsonl
3,Captioner,random440_expressivespeech_282,7,589,sampled_tokens,/data/L202500147/Caption/DualISL_Train_RewardV3/runs/midasheng_7b_reward_v3_10rounds_20260905_run01/round_003/collections/round_003_audio_caption_rollout.output.jsonl
3,TTS,random440_expressivespeech_164,0,354,codec_frames,/data/L202500147/Caption/DualISL_Train_RewardV3/runs/midasheng_7b_reward_v3_10rounds_20260905_run01/round_003/collections/round_003_caption_tts_rollout.output.jsonl
3,TTS,random440_expressivespeech_186,1,40,codec_frames,/data/L202500147/Caption/DualISL_Train_RewardV3/runs/midasheng_7b_reward_v3_10rounds_20260905_run01/round_003/collections/round_003_caption_tts_rollout.output.jsonl
3,TTS,random440_deear_053,2,46,codec_frames,/data/L202500147/Caption/DualISL_Train_RewardV3/runs/midasheng_7b_reward_v3_10rounds_20260905_run01/round_003/collections/round_003_caption_tts_rollout.output.jsonl
3,TTS,random440_expressivespeech_336,3,153,codec_frames,/data/L202500147/Caption/DualISL_Train_RewardV3/runs/midasheng_7b_reward_v3_10rounds_20260905_run01/round_003/collections/round_003_caption_tts_rollout.output.jsonl
3,TTS,random440_expressivespeech_044,4,123,codec_frames,/data/L202500147/Caption/DualISL_Train_RewardV3/runs/midasheng_7b_reward_v3_10rounds_20260905_run01/round_003/collections/round_003_caption_tts_rollout.output.jsonl
3,TTS,random440_expressivespeech_100,5,278,codec_frames,/data/L202500147/Caption/DualISL_Train_RewardV3/runs/midasheng_7b_reward_v3_10rounds_20260905_run01/round_003/collections/round_003_caption_tts_rollout.output.jsonl
3,TTS,random440_expressivespeech_140,6,48,codec_frames,/data/L202500147/Caption/DualISL_Train_RewardV3/runs/midasheng_7b_reward_v3_10rounds_20260905_run01/round_003/collections/round_003_caption_tts_rollout.output.jsonl
3,TTS,random440_expressivespeech_206,7,498,codec_frames,/data/L202500147/Caption/DualISL_Train_RewardV3/runs/midasheng_7b_reward_v3_10rounds_20260905_run01/round_003/collections/round_003_caption_tts_rollout.output.jsonl
3,TTS,random440_expressivespeech_133,0,522,codec_frames,/data/L202500147/Caption/DualISL_Train_RewardV3/runs/midasheng_7b_reward_v3_10rounds_20260905_run01/round_003/collections/round_003_caption_tts_rollout.output.jsonl
3,TTS,random440_expressivespeech_277,1,224,codec_frames,/data/L202500147/Caption/DualISL_Train_RewardV3/runs/midasheng_7b_reward_v3_10rounds_20260905_run01/round_003/collections/round_003_caption_tts_rollout.output.jsonl
3,TTS,random440_expressivespeech_244,2,258,codec_frames,/data/L202500147/Caption/DualISL_Train_RewardV3/runs/midasheng_7b_reward_v3_10rounds_20260905_run01/round_003/collections/round_003_caption_tts_rollout.output.jsonl
3,TTS,random440_deear_022,3,184,codec_frames,/data/L202500147/Caption/DualISL_Train_RewardV3/runs/midasheng_7b_reward_v3_10rounds_20260905_run01/round_003/collections/round_003_caption_tts_rollout.output.jsonl
3,TTS,random440_expressivespeech_145,4,198,codec_frames,/data/L202500147/Caption/DualISL_Train_RewardV3/runs/midasheng_7b_reward_v3_10rounds_20260905_run01/round_003/collections/round_003_caption_tts_rollout.output.jsonl
3,TTS,random440_expressivespeech_047,5,134,codec_frames,/data/L202500147/Caption/DualISL_Train_RewardV3/runs/midasheng_7b_reward_v3_10rounds_20260905_run01/round_003/collections/round_003_caption_tts_rollout.output.jsonl
3,TTS,random440_expressivespeech_121,6,483,codec_frames,/data/L202500147/Caption/DualISL_Train_RewardV3/runs/midasheng_7b_reward_v3_10rounds_20260905_run01/round_003/collections/round_003_caption_tts_rollout.output.jsonl
3,TTS,random440_deear_026,7,261,codec_frames,/data/L202500147/Caption/DualISL_Train_RewardV3/runs/midasheng_7b_reward_v3_10rounds_20260905_run01/round_003/collections/round_003_caption_tts_rollout.output.jsonl
3,TTS,random440_deear_025,0,348,codec_frames,/data/L202500147/Caption/DualISL_Train_RewardV3/runs/midasheng_7b_reward_v3_10rounds_20260905_run01/round_003/collections/round_003_caption_tts_rollout.output.jsonl
3,TTS,random440_expressivespeech_072,1,189,codec_frames,/data/L202500147/Caption/DualISL_Train_RewardV3/runs/midasheng_7b_reward_v3_10rounds_20260905_run01/round_003/collections/round_003_caption_tts_rollout.output.jsonl
3,TTS,random440_expressivespeech_207,2,185,codec_frames,/data/L202500147/Caption/DualISL_Train_RewardV3/runs/midasheng_7b_reward_v3_10rounds_20260905_run01/round_003/collections/round_003_caption_tts_rollout.output.jsonl
3,TTS,random440_deear_019,3,328,codec_frames,/data/L202500147/Caption/DualISL_Train_RewardV3/runs/midasheng_7b_reward_v3_10rounds_20260905_run01/round_003/collections/round_003_caption_tts_rollout.output.jsonl
3,TTS,random440_deear_079,4,335,codec_frames,/data/L202500147/Caption/DualISL_Train_RewardV3/runs/midasheng_7b_reward_v3_10rounds_20260905_run01/round_003/collections/round_003_caption_tts_rollout.output.jsonl
3,TTS,random440_expressivespeech_209,5,306,codec_frames,/data/L202500147/Caption/DualISL_Train_RewardV3/runs/midasheng_7b_reward_v3_10rounds_20260905_run01/round_003/collections/round_003_caption_tts_rollout.output.jsonl
3,TTS,random440_expressivespeech_143,6,151,codec_frames,/data/L202500147/Caption/DualISL_Train_RewardV3/runs/midasheng_7b_reward_v3_10rounds_20260905_run01/round_003/collections/round_003_caption_tts_rollout.output.jsonl
3,TTS,random440_expressivespeech_149,7,83,codec_frames,/data/L202500147/Caption/DualISL_Train_RewardV3/runs/midasheng_7b_reward_v3_10rounds_20260905_run01/round_003/collections/round_003_caption_tts_rollout.output.jsonl
3,TTS,random440_expressivespeech_012,0,387,codec_frames,/data/L202500147/Caption/DualISL_Train_RewardV3/runs/midasheng_7b_reward_v3_10rounds_20260905_run01/round_003/collections/round_003_caption_tts_rollout.output.jsonl
3,TTS,random440_expressivespeech_239,1,174,codec_frames,/data/L202500147/Caption/DualISL_Train_RewardV3/runs/midasheng_7b_reward_v3_10rounds_20260905_run01/round_003/collections/round_003_caption_tts_rollout.output.jsonl
3,TTS,random440_deear_005,2,108,codec_frames,/data/L202500147/Caption/DualISL_Train_RewardV3/runs/midasheng_7b_reward_v3_10rounds_20260905_run01/round_003/collections/round_003_caption_tts_rollout.output.jsonl
3,TTS,random440_expressivespeech_316,3,44,codec_frames,/data/L202500147/Caption/DualISL_Train_RewardV3/runs/midasheng_7b_reward_v3_10rounds_20260905_run01/round_003/collections/round_003_caption_tts_rollout.output.jsonl
3,TTS,random440_expressivespeech_001,4,477,codec_frames,/data/L202500147/Caption/DualISL_Train_RewardV3/runs/midasheng_7b_reward_v3_10rounds_20260905_run01/round_003/collections/round_003_caption_tts_rollout.output.jsonl
3,TTS,random440_expressivespeech_081,5,274,codec_frames,/data/L202500147/Caption/DualISL_Train_RewardV3/runs/midasheng_7b_reward_v3_10rounds_20260905_run01/round_003/collections/round_003_caption_tts_rollout.output.jsonl
3,TTS,random440_expressivespeech_191,6,315,codec_frames,/data/L202500147/Caption/DualISL_Train_RewardV3/runs/midasheng_7b_reward_v3_10rounds_20260905_run01/round_003/collections/round_003_caption_tts_rollout.output.jsonl
3,TTS,random440_expressivespeech_242,7,224,codec_frames,/data/L202500147/Caption/DualISL_Train_RewardV3/runs/midasheng_7b_reward_v3_10rounds_20260905_run01/round_003/collections/round_003_caption_tts_rollout.output.jsonl
3,TTS,random440_expressivespeech_136,0,354,codec_frames,/data/L202500147/Caption/DualISL_Train_RewardV3/runs/midasheng_7b_reward_v3_10rounds_20260905_run01/round_003/collections/round_003_caption_tts_rollout.output.jsonl
3,TTS,random440_expressivespeech_243,1,333,codec_frames,/data/L202500147/Caption/DualISL_Train_RewardV3/runs/midasheng_7b_reward_v3_10rounds_20260905_run01/round_003/collections/round_003_caption_tts_rollout.output.jsonl
3,TTS,random440_deear_052,2,374,codec_frames,/data/L202500147/Caption/DualISL_Train_RewardV3/runs/midasheng_7b_reward_v3_10rounds_20260905_run01/round_003/collections/round_003_caption_tts_rollout.output.jsonl
3,TTS,random440_expressivespeech_184,3,763,codec_frames,/data/L202500147/Caption/DualISL_Train_RewardV3/runs/midasheng_7b_reward_v3_10rounds_20260905_run01/round_003/collections/round_003_caption_tts_rollout.output.jsonl
3,TTS,random440_expressivespeech_015,4,179,codec_frames,/data/L202500147/Caption/DualISL_Train_RewardV3/runs/midasheng_7b_reward_v3_10rounds_20260905_run01/round_003/collections/round_003_caption_tts_rollout.output.jsonl
3,TTS,random440_deear_050,5,1358,codec_frames,/data/L202500147/Caption/DualISL_Train_RewardV3/runs/midasheng_7b_reward_v3_10rounds_20260905_run01/round_003/collections/round_003_caption_tts_rollout.output.jsonl
3,TTS,random440_deear_066,6,241,codec_frames,/data/L202500147/Caption/DualISL_Train_RewardV3/runs/midasheng_7b_reward_v3_10rounds_20260905_run01/round_003/collections/round_003_caption_tts_rollout.output.jsonl
3,TTS,random440_expressivespeech_084,7,424,codec_frames,/data/L202500147/Caption/DualISL_Train_RewardV3/runs/midasheng_7b_reward_v3_10rounds_20260905_run01/round_003/collections/round_003_caption_tts_rollout.output.jsonl
3,TTS,random440_expressivespeech_281,0,191,codec_frames,/data/L202500147/Caption/DualISL_Train_RewardV3/runs/midasheng_7b_reward_v3_10rounds_20260905_run01/round_003/collections/round_003_caption_tts_rollout.output.jsonl
3,TTS,random440_expressivespeech_094,1,235,codec_frames,/data/L202500147/Caption/DualISL_Train_RewardV3/runs/midasheng_7b_reward_v3_10rounds_20260905_run01/round_003/collections/round_003_caption_tts_rollout.output.jsonl
3,TTS,random440_expressivespeech_152,2,680,codec_frames,/data/L202500147/Caption/DualISL_Train_RewardV3/runs/midasheng_7b_reward_v3_10rounds_20260905_run01/round_003/collections/round_003_caption_tts_rollout.output.jsonl
3,TTS,random440_deear_094,3,60,codec_frames,/data/L202500147/Caption/DualISL_Train_RewardV3/runs/midasheng_7b_reward_v3_10rounds_20260905_run01/round_003/collections/round_003_caption_tts_rollout.output.jsonl
3,TTS,random440_expressivespeech_091,4,354,codec_frames,/data/L202500147/Caption/DualISL_Train_RewardV3/runs/midasheng_7b_reward_v3_10rounds_20260905_run01/round_003/collections/round_003_caption_tts_rollout.output.jsonl
3,TTS,random440_expressivespeech_194,5,103,codec_frames,/data/L202500147/Caption/DualISL_Train_RewardV3/runs/midasheng_7b_reward_v3_10rounds_20260905_run01/round_003/collections/round_003_caption_tts_rollout.output.jsonl
3,TTS,random440_deear_034,6,266,codec_frames,/data/L202500147/Caption/DualISL_Train_RewardV3/runs/midasheng_7b_reward_v3_10rounds_20260905_run01/round_003/collections/round_003_caption_tts_rollout.output.jsonl
3,TTS,random440_expressivespeech_171,7,330,codec_frames,/data/L202500147/Caption/DualISL_Train_RewardV3/runs/midasheng_7b_reward_v3_10rounds_20260905_run01/round_003/collections/round_003_caption_tts_rollout.output.jsonl
3,TTS,random440_expressivespeech_052,0,433,codec_frames,/data/L202500147/Caption/DualISL_Train_RewardV3/runs/midasheng_7b_reward_v3_10rounds_20260905_run01/round_003/collections/round_003_caption_tts_rollout.output.jsonl
3,TTS,random440_deear_059,1,141,codec_frames,/data/L202500147/Caption/DualISL_Train_RewardV3/runs/midasheng_7b_reward_v3_10rounds_20260905_run01/round_003/collections/round_003_caption_tts_rollout.output.jsonl
3,TTS,random440_expressivespeech_203,2,169,codec_frames,/data/L202500147/Caption/DualISL_Train_RewardV3/runs/midasheng_7b_reward_v3_10rounds_20260905_run01/round_003/collections/round_003_caption_tts_rollout.output.jsonl
3,TTS,random440_expressivespeech_201,3,198,codec_frames,/data/L202500147/Caption/DualISL_Train_RewardV3/runs/midasheng_7b_reward_v3_10rounds_20260905_run01/round_003/collections/round_003_caption_tts_rollout.output.jsonl
3,TTS,random440_deear_085,4,550,codec_frames,/data/L202500147/Caption/DualISL_Train_RewardV3/runs/midasheng_7b_reward_v3_10rounds_20260905_run01/round_003/collections/round_003_caption_tts_rollout.output.jsonl
3,TTS,random440_expressivespeech_189,5,361,codec_frames,/data/L202500147/Caption/DualISL_Train_RewardV3/runs/midasheng_7b_reward_v3_10rounds_20260905_run01/round_003/collections/round_003_caption_tts_rollout.output.jsonl
3,TTS,random440_expressivespeech_161,6,432,codec_frames,/data/L202500147/Caption/DualISL_Train_RewardV3/runs/midasheng_7b_reward_v3_10rounds_20260905_run01/round_003/collections/round_003_caption_tts_rollout.output.jsonl
3,TTS,random440_expressivespeech_117,7,633,codec_frames,/data/L202500147/Caption/DualISL_Train_RewardV3/runs/midasheng_7b_reward_v3_10rounds_20260905_run01/round_003/collections/round_003_caption_tts_rollout.output.jsonl
3,TTS,random440_expressivespeech_182,0,484,codec_frames,/data/L202500147/Caption/DualISL_Train_RewardV3/runs/midasheng_7b_reward_v3_10rounds_20260905_run01/round_003/collections/round_003_caption_tts_rollout.output.jsonl
3,TTS,random440_deear_001,1,264,codec_frames,/data/L202500147/Caption/DualISL_Train_RewardV3/runs/midasheng_7b_reward_v3_10rounds_20260905_run01/round_003/collections/round_003_caption_tts_rollout.output.jsonl
3,TTS,random440_expressivespeech_268,2,637,codec_frames,/data/L202500147/Caption/DualISL_Train_RewardV3/runs/midasheng_7b_reward_v3_10rounds_20260905_run01/round_003/collections/round_003_caption_tts_rollout.output.jsonl
3,TTS,random440_deear_099,3,88,codec_frames,/data/L202500147/Caption/DualISL_Train_RewardV3/runs/midasheng_7b_reward_v3_10rounds_20260905_run01/round_003/collections/round_003_caption_tts_rollout.output.jsonl
3,TTS,random440_expressivespeech_159,4,46,codec_frames,/data/L202500147/Caption/DualISL_Train_RewardV3/runs/midasheng_7b_reward_v3_10rounds_20260905_run01/round_003/collections/round_003_caption_tts_rollout.output.jsonl
3,TTS,random440_expressivespeech_276,5,772,codec_frames,/data/L202500147/Caption/DualISL_Train_RewardV3/runs/midasheng_7b_reward_v3_10rounds_20260905_run01/round_003/collections/round_003_caption_tts_rollout.output.jsonl
3,TTS,random440_expressivespeech_339,6,117,codec_frames,/data/L202500147/Caption/DualISL_Train_RewardV3/runs/midasheng_7b_reward_v3_10rounds_20260905_run01/round_003/collections/round_003_caption_tts_rollout.output.jsonl
3,TTS,random440_expressivespeech_299,7,584,codec_frames,/data/L202500147/Caption/DualISL_Train_RewardV3/runs/midasheng_7b_reward_v3_10rounds_20260905_run01/round_003/collections/round_003_caption_tts_rollout.output.jsonl
3,TTS,random440_expressivespeech_253,0,107,codec_frames,/data/L202500147/Caption/DualISL_Train_RewardV3/runs/midasheng_7b_reward_v3_10rounds_20260905_run01/round_003/collections/round_003_caption_tts_rollout.output.jsonl
3,TTS,random440_deear_076,1,367,codec_frames,/data/L202500147/Caption/DualISL_Train_RewardV3/runs/midasheng_7b_reward_v3_10rounds_20260905_run01/round_003/collections/round_003_caption_tts_rollout.output.jsonl
3,TTS,random440_deear_007,2,182,codec_frames,/data/L202500147/Caption/DualISL_Train_RewardV3/runs/midasheng_7b_reward_v3_10rounds_20260905_run01/round_003/collections/round_003_caption_tts_rollout.output.jsonl
3,TTS,random440_expressivespeech_051,3,416,codec_frames,/data/L202500147/Caption/DualISL_Train_RewardV3/runs/midasheng_7b_reward_v3_10rounds_20260905_run01/round_003/collections/round_003_caption_tts_rollout.output.jsonl
3,TTS,random440_expressivespeech_177,4,204,codec_frames,/data/L202500147/Caption/DualISL_Train_RewardV3/runs/midasheng_7b_reward_v3_10rounds_20260905_run01/round_003/collections/round_003_caption_tts_rollout.output.jsonl
3,TTS,random440_expressivespeech_132,5,542,codec_frames,/data/L202500147/Caption/DualISL_Train_RewardV3/runs/midasheng_7b_reward_v3_10rounds_20260905_run01/round_003/collections/round_003_caption_tts_rollout.output.jsonl
3,TTS,random440_expressivespeech_134,6,233,codec_frames,/data/L202500147/Caption/DualISL_Train_RewardV3/runs/midasheng_7b_reward_v3_10rounds_20260905_run01/round_003/collections/round_003_caption_tts_rollout.output.jsonl
3,TTS,random440_deear_041,7,315,codec_frames,/data/L202500147/Caption/DualISL_Train_RewardV3/runs/midasheng_7b_reward_v3_10rounds_20260905_run01/round_003/collections/round_003_caption_tts_rollout.output.jsonl
3,TTS,random440_expressivespeech_300,0,303,codec_frames,/data/L202500147/Caption/DualISL_Train_RewardV3/runs/midasheng_7b_reward_v3_10rounds_20260905_run01/round_003/collections/round_003_caption_tts_rollout.output.jsonl
3,TTS,random440_expressivespeech_302,1,90,codec_frames,/data/L202500147/Caption/DualISL_Train_RewardV3/runs/midasheng_7b_reward_v3_10rounds_20260905_run01/round_003/collections/round_003_caption_tts_rollout.output.jsonl
3,TTS,random440_deear_097,2,88,codec_frames,/data/L202500147/Caption/DualISL_Train_RewardV3/runs/midasheng_7b_reward_v3_10rounds_20260905_run01/round_003/collections/round_003_caption_tts_rollout.output.jsonl
3,TTS,random440_deear_073,3,111,codec_frames,/data/L202500147/Caption/DualISL_Train_RewardV3/runs/midasheng_7b_reward_v3_10rounds_20260905_run01/round_003/collections/round_003_caption_tts_rollout.output.jsonl
3,TTS,random440_deear_029,4,108,codec_frames,/data/L202500147/Caption/DualISL_Train_RewardV3/runs/midasheng_7b_reward_v3_10rounds_20260905_run01/round_003/collections/round_003_caption_tts_rollout.output.jsonl
3,TTS,random440_deear_060,5,99,codec_frames,/data/L202500147/Caption/DualISL_Train_RewardV3/runs/midasheng_7b_reward_v3_10rounds_20260905_run01/round_003/collections/round_003_caption_tts_rollout.output.jsonl
3,TTS,random440_expressivespeech_190,6,51,codec_frames,/data/L202500147/Caption/DualISL_Train_RewardV3/runs/midasheng_7b_reward_v3_10rounds_20260905_run01/round_003/collections/round_003_caption_tts_rollout.output.jsonl
3,TTS,random440_expressivespeech_198,7,302,codec_frames,/data/L202500147/Caption/DualISL_Train_RewardV3/runs/midasheng_7b_reward_v3_10rounds_20260905_run01/round_003/collections/round_003_caption_tts_rollout.output.jsonl
3,TTS,random440_deear_088,0,574,codec_frames,/data/L202500147/Caption/DualISL_Train_RewardV3/runs/midasheng_7b_reward_v3_10rounds_20260905_run01/round_003/collections/round_003_caption_tts_rollout.output.jsonl
3,TTS,random440_expressivespeech_331,1,419,codec_frames,/data/L202500147/Caption/DualISL_Train_RewardV3/runs/midasheng_7b_reward_v3_10rounds_20260905_run01/round_003/collections/round_003_caption_tts_rollout.output.jsonl
3,TTS,random440_expressivespeech_273,2,179,codec_frames,/data/L202500147/Caption/DualISL_Train_RewardV3/runs/midasheng_7b_reward_v3_10rounds_20260905_run01/round_003/collections/round_003_caption_tts_rollout.output.jsonl
3,TTS,random440_expressivespeech_141,3,1045,codec_frames,/data/L202500147/Caption/DualISL_Train_RewardV3/runs/midasheng_7b_reward_v3_10rounds_20260905_run01/round_003/collections/round_003_caption_tts_rollout.output.jsonl
3,TTS,random440_expressivespeech_156,4,115,codec_frames,/data/L202500147/Caption/DualISL_Train_RewardV3/runs/midasheng_7b_reward_v3_10rounds_20260905_run01/round_003/collections/round_003_caption_tts_rollout.output.jsonl
3,TTS,random440_expressivespeech_058,5,183,codec_frames,/data/L202500147/Caption/DualISL_Train_RewardV3/runs/midasheng_7b_reward_v3_10rounds_20260905_run01/round_003/collections/round_003_caption_tts_rollout.output.jsonl
3,TTS,random440_expressivespeech_214,6,244,codec_frames,/data/L202500147/Caption/DualISL_Train_RewardV3/runs/midasheng_7b_reward_v3_10rounds_20260905_run01/round_003/collections/round_003_caption_tts_rollout.output.jsonl
3,TTS,random440_expressivespeech_049,7,340,codec_frames,/data/L202500147/Caption/DualISL_Train_RewardV3/runs/midasheng_7b_reward_v3_10rounds_20260905_run01/round_003/collections/round_003_caption_tts_rollout.output.jsonl
3,TTS,random440_expressivespeech_332,0,105,codec_frames,/data/L202500147/Caption/DualISL_Train_RewardV3/runs/midasheng_7b_reward_v3_10rounds_20260905_run01/round_003/collections/round_003_caption_tts_rollout.output.jsonl
3,TTS,random440_expressivespeech_284,1,162,codec_frames,/data/L202500147/Caption/DualISL_Train_RewardV3/runs/midasheng_7b_reward_v3_10rounds_20260905_run01/round_003/collections/round_003_caption_tts_rollout.output.jsonl
3,TTS,random440_deear_091,2,466,codec_frames,/data/L202500147/Caption/DualISL_Train_RewardV3/runs/midasheng_7b_reward_v3_10rounds_20260905_run01/round_003/collections/round_003_caption_tts_rollout.output.jsonl
3,TTS,random440_expressivespeech_172,3,748,codec_frames,/data/L202500147/Caption/DualISL_Train_RewardV3/runs/midasheng_7b_reward_v3_10rounds_20260905_run01/round_003/collections/round_003_caption_tts_rollout.output.jsonl
3,TTS,random440_expressivespeech_139,4,476,codec_frames,/data/L202500147/Caption/DualISL_Train_RewardV3/runs/midasheng_7b_reward_v3_10rounds_20260905_run01/round_003/collections/round_003_caption_tts_rollout.output.jsonl
3,TTS,random440_expressivespeech_193,5,560,codec_frames,/data/L202500147/Caption/DualISL_Train_RewardV3/runs/midasheng_7b_reward_v3_10rounds_20260905_run01/round_003/collections/round_003_caption_tts_rollout.output.jsonl
3,TTS,random440_expressivespeech_232,6,59,codec_frames,/data/L202500147/Caption/DualISL_Train_RewardV3/runs/midasheng_7b_reward_v3_10rounds_20260905_run01/round_003/collections/round_003_caption_tts_rollout.output.jsonl
3,TTS,random440_expressivespeech_236,7,1308,codec_frames,/data/L202500147/Caption/DualISL_Train_RewardV3/runs/midasheng_7b_reward_v3_10rounds_20260905_run01/round_003/collections/round_003_caption_tts_rollout.output.jsonl
3,TTS,random440_expressivespeech_229,0,1324,codec_frames,/data/L202500147/Caption/DualISL_Train_RewardV3/runs/midasheng_7b_reward_v3_10rounds_20260905_run01/round_003/collections/round_003_caption_tts_rollout.output.jsonl
3,TTS,random440_expressivespeech_030,1,159,codec_frames,/data/L202500147/Caption/DualISL_Train_RewardV3/runs/midasheng_7b_reward_v3_10rounds_20260905_run01/round_003/collections/round_003_caption_tts_rollout.output.jsonl
3,TTS,random440_deear_043,2,287,codec_frames,/data/L202500147/Caption/DualISL_Train_RewardV3/runs/midasheng_7b_reward_v3_10rounds_20260905_run01/round_003/collections/round_003_caption_tts_rollout.output.jsonl
3,TTS,random440_expressivespeech_061,3,74,codec_frames,/data/L202500147/Caption/DualISL_Train_RewardV3/runs/midasheng_7b_reward_v3_10rounds_20260905_run01/round_003/collections/round_003_caption_tts_rollout.output.jsonl
3,TTS,random440_expressivespeech_142,4,84,codec_frames,/data/L202500147/Caption/DualISL_Train_RewardV3/runs/midasheng_7b_reward_v3_10rounds_20260905_run01/round_003/collections/round_003_caption_tts_rollout.output.jsonl
3,TTS,random440_expressivespeech_092,5,227,codec_frames,/data/L202500147/Caption/DualISL_Train_RewardV3/runs/midasheng_7b_reward_v3_10rounds_20260905_run01/round_003/collections/round_003_caption_tts_rollout.output.jsonl
3,TTS,random440_expressivespeech_322,6,70,codec_frames,/data/L202500147/Caption/DualISL_Train_RewardV3/runs/midasheng_7b_reward_v3_10rounds_20260905_run01/round_003/collections/round_003_caption_tts_rollout.output.jsonl
3,TTS,random440_expressivespeech_040,7,78,codec_frames,/data/L202500147/Caption/DualISL_Train_RewardV3/runs/midasheng_7b_reward_v3_10rounds_20260905_run01/round_003/collections/round_003_caption_tts_rollout.output.jsonl
3,TTS,random440_deear_036,0,91,codec_frames,/data/L202500147/Caption/DualISL_Train_RewardV3/runs/midasheng_7b_reward_v3_10rounds_20260905_run01/round_003/collections/round_003_caption_tts_rollout.output.jsonl
3,TTS,random440_expressivespeech_097,1,99,codec_frames,/data/L202500147/Caption/DualISL_Train_RewardV3/runs/midasheng_7b_reward_v3_10rounds_20260905_run01/round_003/collections/round_003_caption_tts_rollout.output.jsonl
3,TTS,random440_expressivespeech_308,2,302,codec_frames,/data/L202500147/Caption/DualISL_Train_RewardV3/runs/midasheng_7b_reward_v3_10rounds_20260905_run01/round_003/collections/round_003_caption_tts_rollout.output.jsonl
3,TTS,random440_expressivespeech_224,3,286,codec_frames,/data/L202500147/Caption/DualISL_Train_RewardV3/runs/midasheng_7b_reward_v3_10rounds_20260905_run01/round_003/collections/round_003_caption_tts_rollout.output.jsonl
3,TTS,random440_expressivespeech_062,4,175,codec_frames,/data/L202500147/Caption/DualISL_Train_RewardV3/runs/midasheng_7b_reward_v3_10rounds_20260905_run01/round_003/collections/round_003_caption_tts_rollout.output.jsonl
3,TTS,random440_expressivespeech_275,5,132,codec_frames,/data/L202500147/Caption/DualISL_Train_RewardV3/runs/midasheng_7b_reward_v3_10rounds_20260905_run01/round_003/collections/round_003_caption_tts_rollout.output.jsonl
3,TTS,random440_expressivespeech_174,6,592,codec_frames,/data/L202500147/Caption/DualISL_Train_RewardV3/runs/midasheng_7b_reward_v3_10rounds_20260905_run01/round_003/collections/round_003_caption_tts_rollout.output.jsonl
3,TTS,random440_expressivespeech_258,7,247,codec_frames,/data/L202500147/Caption/DualISL_Train_RewardV3/runs/midasheng_7b_reward_v3_10rounds_20260905_run01/round_003/collections/round_003_caption_tts_rollout.output.jsonl
3,TTS,random440_expressivespeech_335,0,229,codec_frames,/data/L202500147/Caption/DualISL_Train_RewardV3/runs/midasheng_7b_reward_v3_10rounds_20260905_run01/round_003/collections/round_003_caption_tts_rollout.output.jsonl
3,TTS,random440_expressivespeech_212,1,546,codec_frames,/data/L202500147/Caption/DualISL_Train_RewardV3/runs/midasheng_7b_reward_v3_10rounds_20260905_run01/round_003/collections/round_003_caption_tts_rollout.output.jsonl
3,TTS,random440_expressivespeech_006,2,272,codec_frames,/data/L202500147/Caption/DualISL_Train_RewardV3/runs/midasheng_7b_reward_v3_10rounds_20260905_run01/round_003/collections/round_003_caption_tts_rollout.output.jsonl
3,TTS,random440_expressivespeech_250,3,1187,codec_frames,/data/L202500147/Caption/DualISL_Train_RewardV3/runs/midasheng_7b_reward_v3_10rounds_20260905_run01/round_003/collections/round_003_caption_tts_rollout.output.jsonl
3,TTS,random440_deear_046,4,71,codec_frames,/data/L202500147/Caption/DualISL_Train_RewardV3/runs/midasheng_7b_reward_v3_10rounds_20260905_run01/round_003/collections/round_003_caption_tts_rollout.output.jsonl
3,TTS,random440_expressivespeech_060,5,220,codec_frames,/data/L202500147/Caption/DualISL_Train_RewardV3/runs/midasheng_7b_reward_v3_10rounds_20260905_run01/round_003/collections/round_003_caption_tts_rollout.output.jsonl
3,TTS,random440_expressivespeech_029,6,359,codec_frames,/data/L202500147/Caption/DualISL_Train_RewardV3/runs/midasheng_7b_reward_v3_10rounds_20260905_run01/round_003/collections/round_003_caption_tts_rollout.output.jsonl
3,TTS,random440_expressivespeech_114,7,168,codec_frames,/data/L202500147/Caption/DualISL_Train_RewardV3/runs/midasheng_7b_reward_v3_10rounds_20260905_run01/round_003/collections/round_003_caption_tts_rollout.output.jsonl
3,TTS,random440_expressivespeech_125,0,548,codec_frames,/data/L202500147/Caption/DualISL_Train_RewardV3/runs/midasheng_7b_reward_v3_10rounds_20260905_run01/round_003/collections/round_003_caption_tts_rollout.output.jsonl
3,TTS,random440_expressivespeech_002,1,212,codec_frames,/data/L202500147/Caption/DualISL_Train_RewardV3/runs/midasheng_7b_reward_v3_10rounds_20260905_run01/round_003/collections/round_003_caption_tts_rollout.output.jsonl
3,TTS,random440_expressivespeech_119,2,65,codec_frames,/data/L202500147/Caption/DualISL_Train_RewardV3/runs/midasheng_7b_reward_v3_10rounds_20260905_run01/round_003/collections/round_003_caption_tts_rollout.output.jsonl
3,TTS,random440_expressivespeech_170,3,62,codec_frames,/data/L202500147/Caption/DualISL_Train_RewardV3/runs/midasheng_7b_reward_v3_10rounds_20260905_run01/round_003/collections/round_003_caption_tts_rollout.output.jsonl
3,TTS,random440_expressivespeech_297,4,151,codec_frames,/data/L202500147/Caption/DualISL_Train_RewardV3/runs/midasheng_7b_reward_v3_10rounds_20260905_run01/round_003/collections/round_003_caption_tts_rollout.output.jsonl
3,TTS,random440_expressivespeech_289,5,605,codec_frames,/data/L202500147/Caption/DualISL_Train_RewardV3/runs/midasheng_7b_reward_v3_10rounds_20260905_run01/round_003/collections/round_003_caption_tts_rollout.output.jsonl
3,TTS,random440_deear_067,6,42,codec_frames,/data/L202500147/Caption/DualISL_Train_RewardV3/runs/midasheng_7b_reward_v3_10rounds_20260905_run01/round_003/collections/round_003_caption_tts_rollout.output.jsonl
3,TTS,random440_expressivespeech_318,7,771,codec_frames,/data/L202500147/Caption/DualISL_Train_RewardV3/runs/midasheng_7b_reward_v3_10rounds_20260905_run01/round_003/collections/round_003_caption_tts_rollout.output.jsonl
3,TTS,random440_expressivespeech_278,0,106,codec_frames,/data/L202500147/Caption/DualISL_Train_RewardV3/runs/midasheng_7b_reward_v3_10rounds_20260905_run01/round_003/collections/round_003_caption_tts_rollout.output.jsonl
3,TTS,random440_expressivespeech_075,1,643,codec_frames,/data/L202500147/Caption/DualISL_Train_RewardV3/runs/midasheng_7b_reward_v3_10rounds_20260905_run01/round_003/collections/round_003_caption_tts_rollout.output.jsonl
3,TTS,random440_expressivespeech_039,2,495,codec_frames,/data/L202500147/Caption/DualISL_Train_RewardV3/runs/midasheng_7b_reward_v3_10rounds_20260905_run01/round_003/collections/round_003_caption_tts_rollout.output.jsonl
3,TTS,random440_deear_028,3,88,codec_frames,/data/L202500147/Caption/DualISL_Train_RewardV3/runs/midasheng_7b_reward_v3_10rounds_20260905_run01/round_003/collections/round_003_caption_tts_rollout.output.jsonl
3,TTS,random440_deear_045,4,102,codec_frames,/data/L202500147/Caption/DualISL_Train_RewardV3/runs/midasheng_7b_reward_v3_10rounds_20260905_run01/round_003/collections/round_003_caption_tts_rollout.output.jsonl
3,TTS,random440_expressivespeech_018,5,1781,codec_frames,/data/L202500147/Caption/DualISL_Train_RewardV3/runs/midasheng_7b_reward_v3_10rounds_20260905_run01/round_003/collections/round_003_caption_tts_rollout.output.jsonl
3,TTS,random440_expressivespeech_234,6,162,codec_frames,/data/L202500147/Caption/DualISL_Train_RewardV3/runs/midasheng_7b_reward_v3_10rounds_20260905_run01/round_003/collections/round_003_caption_tts_rollout.output.jsonl
3,TTS,random440_expressivespeech_118,7,669,codec_frames,/data/L202500147/Caption/DualISL_Train_RewardV3/runs/midasheng_7b_reward_v3_10rounds_20260905_run01/round_003/collections/round_003_caption_tts_rollout.output.jsonl
3,TTS,random440_expressivespeech_257,0,365,codec_frames,/data/L202500147/Caption/DualISL_Train_RewardV3/runs/midasheng_7b_reward_v3_10rounds_20260905_run01/round_003/collections/round_003_caption_tts_rollout.output.jsonl
3,TTS,random440_expressivespeech_262,1,222,codec_frames,/data/L202500147/Caption/DualISL_Train_RewardV3/runs/midasheng_7b_reward_v3_10rounds_20260905_run01/round_003/collections/round_003_caption_tts_rollout.output.jsonl
3,TTS,random440_expressivespeech_077,2,851,codec_frames,/data/L202500147/Caption/DualISL_Train_RewardV3/runs/midasheng_7b_reward_v3_10rounds_20260905_run01/round_003/collections/round_003_caption_tts_rollout.output.jsonl
3,TTS,random440_expressivespeech_221,3,296,codec_frames,/data/L202500147/Caption/DualISL_Train_RewardV3/runs/midasheng_7b_reward_v3_10rounds_20260905_run01/round_003/collections/round_003_caption_tts_rollout.output.jsonl
3,TTS,random440_deear_051,4,542,codec_frames,/data/L202500147/Caption/DualISL_Train_RewardV3/runs/midasheng_7b_reward_v3_10rounds_20260905_run01/round_003/collections/round_003_caption_tts_rollout.output.jsonl
3,TTS,random440_expressivespeech_130,5,838,codec_frames,/data/L202500147/Caption/DualISL_Train_RewardV3/runs/midasheng_7b_reward_v3_10rounds_20260905_run01/round_003/collections/round_003_caption_tts_rollout.output.jsonl
3,TTS,random440_deear_081,6,94,codec_frames,/data/L202500147/Caption/DualISL_Train_RewardV3/runs/midasheng_7b_reward_v3_10rounds_20260905_run01/round_003/collections/round_003_caption_tts_rollout.output.jsonl
3,TTS,random440_expressivespeech_213,7,57,codec_frames,/data/L202500147/Caption/DualISL_Train_RewardV3/runs/midasheng_7b_reward_v3_10rounds_20260905_run01/round_003/collections/round_003_caption_tts_rollout.output.jsonl
3,TTS,random440_expressivespeech_173,0,39,codec_frames,/data/L202500147/Caption/DualISL_Train_RewardV3/runs/midasheng_7b_reward_v3_10rounds_20260905_run01/round_003/collections/round_003_caption_tts_rollout.output.jsonl
3,TTS,random440_deear_027,1,210,codec_frames,/data/L202500147/Caption/DualISL_Train_RewardV3/runs/midasheng_7b_reward_v3_10rounds_20260905_run01/round_003/collections/round_003_caption_tts_rollout.output.jsonl
3,TTS,random440_expressivespeech_059,2,204,codec_frames,/data/L202500147/Caption/DualISL_Train_RewardV3/runs/midasheng_7b_reward_v3_10rounds_20260905_run01/round_003/collections/round_003_caption_tts_rollout.output.jsonl
3,TTS,random440_expressivespeech_248,3,243,codec_frames,/data/L202500147/Caption/DualISL_Train_RewardV3/runs/midasheng_7b_reward_v3_10rounds_20260905_run01/round_003/collections/round_003_caption_tts_rollout.output.jsonl
3,TTS,random440_expressivespeech_108,4,1068,codec_frames,/data/L202500147/Caption/DualISL_Train_RewardV3/runs/midasheng_7b_reward_v3_10rounds_20260905_run01/round_003/collections/round_003_caption_tts_rollout.output.jsonl
3,TTS,random440_expressivespeech_116,5,724,codec_frames,/data/L202500147/Caption/DualISL_Train_RewardV3/runs/midasheng_7b_reward_v3_10rounds_20260905_run01/round_003/collections/round_003_caption_tts_rollout.output.jsonl
3,TTS,random440_deear_065,6,431,codec_frames,/data/L202500147/Caption/DualISL_Train_RewardV3/runs/midasheng_7b_reward_v3_10rounds_20260905_run01/round_003/collections/round_003_caption_tts_rollout.output.jsonl
3,TTS,random440_expressivespeech_131,7,109,codec_frames,/data/L202500147/Caption/DualISL_Train_RewardV3/runs/midasheng_7b_reward_v3_10rounds_20260905_run01/round_003/collections/round_003_caption_tts_rollout.output.jsonl
3,TTS,random440_expressivespeech_320,0,167,codec_frames,/data/L202500147/Caption/DualISL_Train_RewardV3/runs/midasheng_7b_reward_v3_10rounds_20260905_run01/round_003/collections/round_003_caption_tts_rollout.output.jsonl
3,TTS,random440_expressivespeech_330,1,927,codec_frames,/data/L202500147/Caption/DualISL_Train_RewardV3/runs/midasheng_7b_reward_v3_10rounds_20260905_run01/round_003/collections/round_003_caption_tts_rollout.output.jsonl
3,TTS,random440_expressivespeech_104,2,169,codec_frames,/data/L202500147/Caption/DualISL_Train_RewardV3/runs/midasheng_7b_reward_v3_10rounds_20260905_run01/round_003/collections/round_003_caption_tts_rollout.output.jsonl
3,TTS,random440_expressivespeech_032,3,288,codec_frames,/data/L202500147/Caption/DualISL_Train_RewardV3/runs/midasheng_7b_reward_v3_10rounds_20260905_run01/round_003/collections/round_003_caption_tts_rollout.output.jsonl
3,TTS,random440_deear_098,4,511,codec_frames,/data/L202500147/Caption/DualISL_Train_RewardV3/runs/midasheng_7b_reward_v3_10rounds_20260905_run01/round_003/collections/round_003_caption_tts_rollout.output.jsonl
3,TTS,random440_expressivespeech_305,5,301,codec_frames,/data/L202500147/Caption/DualISL_Train_RewardV3/runs/midasheng_7b_reward_v3_10rounds_20260905_run01/round_003/collections/round_003_caption_tts_rollout.output.jsonl
3,TTS,random440_expressivespeech_106,6,136,codec_frames,/data/L202500147/Caption/DualISL_Train_RewardV3/runs/midasheng_7b_reward_v3_10rounds_20260905_run01/round_003/collections/round_003_caption_tts_rollout.output.jsonl
3,TTS,random440_expressivespeech_324,7,389,codec_frames,/data/L202500147/Caption/DualISL_Train_RewardV3/runs/midasheng_7b_reward_v3_10rounds_20260905_run01/round_003/collections/round_003_caption_tts_rollout.output.jsonl
3,TTS,random440_deear_100,0,313,codec_frames,/data/L202500147/Caption/DualISL_Train_RewardV3/runs/midasheng_7b_reward_v3_10rounds_20260905_run01/round_003/collections/round_003_caption_tts_rollout.output.jsonl
3,TTS,random440_deear_004,1,1492,codec_frames,/data/L202500147/Caption/DualISL_Train_RewardV3/runs/midasheng_7b_reward_v3_10rounds_20260905_run01/round_003/collections/round_003_caption_tts_rollout.output.jsonl
3,TTS,random440_expressivespeech_066,2,232,codec_frames,/data/L202500147/Caption/DualISL_Train_RewardV3/runs/midasheng_7b_reward_v3_10rounds_20260905_run01/round_003/collections/round_003_caption_tts_rollout.output.jsonl
3,TTS,random440_expressivespeech_240,3,432,codec_frames,/data/L202500147/Caption/DualISL_Train_RewardV3/runs/midasheng_7b_reward_v3_10rounds_20260905_run01/round_003/collections/round_003_caption_tts_rollout.output.jsonl
3,TTS,random440_expressivespeech_166,4,76,codec_frames,/data/L202500147/Caption/DualISL_Train_RewardV3/runs/midasheng_7b_reward_v3_10rounds_20260905_run01/round_003/collections/round_003_caption_tts_rollout.output.jsonl
3,TTS,random440_expressivespeech_034,5,100,codec_frames,/data/L202500147/Caption/DualISL_Train_RewardV3/runs/midasheng_7b_reward_v3_10rounds_20260905_run01/round_003/collections/round_003_caption_tts_rollout.output.jsonl
3,TTS,random440_expressivespeech_151,6,593,codec_frames,/data/L202500147/Caption/DualISL_Train_RewardV3/runs/midasheng_7b_reward_v3_10rounds_20260905_run01/round_003/collections/round_003_caption_tts_rollout.output.jsonl
3,TTS,random440_expressivespeech_328,7,221,codec_frames,/data/L202500147/Caption/DualISL_Train_RewardV3/runs/midasheng_7b_reward_v3_10rounds_20260905_run01/round_003/collections/round_003_caption_tts_rollout.output.jsonl
3,TTS,random440_expressivespeech_306,0,80,codec_frames,/data/L202500147/Caption/DualISL_Train_RewardV3/runs/midasheng_7b_reward_v3_10rounds_20260905_run01/round_003/collections/round_003_caption_tts_rollout.output.jsonl
3,TTS,random440_expressivespeech_274,1,657,codec_frames,/data/L202500147/Caption/DualISL_Train_RewardV3/runs/midasheng_7b_reward_v3_10rounds_20260905_run01/round_003/collections/round_003_caption_tts_rollout.output.jsonl
3,TTS,random440_expressivespeech_023,2,228,codec_frames,/data/L202500147/Caption/DualISL_Train_RewardV3/runs/midasheng_7b_reward_v3_10rounds_20260905_run01/round_003/collections/round_003_caption_tts_rollout.output.jsonl
3,TTS,random440_expressivespeech_226,3,125,codec_frames,/data/L202500147/Caption/DualISL_Train_RewardV3/runs/midasheng_7b_reward_v3_10rounds_20260905_run01/round_003/collections/round_003_caption_tts_rollout.output.jsonl
3,TTS,random440_deear_018,4,310,codec_frames,/data/L202500147/Caption/DualISL_Train_RewardV3/runs/midasheng_7b_reward_v3_10rounds_20260905_run01/round_003/collections/round_003_caption_tts_rollout.output.jsonl
3,TTS,random440_expressivespeech_247,5,784,codec_frames,/data/L202500147/Caption/DualISL_Train_RewardV3/runs/midasheng_7b_reward_v3_10rounds_20260905_run01/round_003/collections/round_003_caption_tts_rollout.output.jsonl
3,TTS,random440_expressivespeech_196,6,256,codec_frames,/data/L202500147/Caption/DualISL_Train_RewardV3/runs/midasheng_7b_reward_v3_10rounds_20260905_run01/round_003/collections/round_003_caption_tts_rollout.output.jsonl
3,TTS,random440_expressivespeech_042,7,386,codec_frames,/data/L202500147/Caption/DualISL_Train_RewardV3/runs/midasheng_7b_reward_v3_10rounds_20260905_run01/round_003/collections/round_003_caption_tts_rollout.output.jsonl
3,TTS,random440_expressivespeech_033,0,102,codec_frames,/data/L202500147/Caption/DualISL_Train_RewardV3/runs/midasheng_7b_reward_v3_10rounds_20260905_run01/round_003/collections/round_003_caption_tts_rollout.output.jsonl
3,TTS,random440_deear_061,1,756,codec_frames,/data/L202500147/Caption/DualISL_Train_RewardV3/runs/midasheng_7b_reward_v3_10rounds_20260905_run01/round_003/collections/round_003_caption_tts_rollout.output.jsonl
3,TTS,random440_deear_020,2,416,codec_frames,/data/L202500147/Caption/DualISL_Train_RewardV3/runs/midasheng_7b_reward_v3_10rounds_20260905_run01/round_003/collections/round_003_caption_tts_rollout.output.jsonl
3,TTS,random440_deear_021,3,59,codec_frames,/data/L202500147/Caption/DualISL_Train_RewardV3/runs/midasheng_7b_reward_v3_10rounds_20260905_run01/round_003/collections/round_003_caption_tts_rollout.output.jsonl
3,TTS,random440_expressivespeech_153,4,227,codec_frames,/data/L202500147/Caption/DualISL_Train_RewardV3/runs/midasheng_7b_reward_v3_10rounds_20260905_run01/round_003/collections/round_003_caption_tts_rollout.output.jsonl
3,TTS,random440_expressivespeech_241,5,120,codec_frames,/data/L202500147/Caption/DualISL_Train_RewardV3/runs/midasheng_7b_reward_v3_10rounds_20260905_run01/round_003/collections/round_003_caption_tts_rollout.output.jsonl
3,TTS,random440_deear_058,6,112,codec_frames,/data/L202500147/Caption/DualISL_Train_RewardV3/runs/midasheng_7b_reward_v3_10rounds_20260905_run01/round_003/collections/round_003_caption_tts_rollout.output.jsonl
3,TTS,random440_expressivespeech_218,7,157,codec_frames,/data/L202500147/Caption/DualISL_Train_RewardV3/runs/midasheng_7b_reward_v3_10rounds_20260905_run01/round_003/collections/round_003_caption_tts_rollout.output.jsonl
3,TTS,random440_expressivespeech_337,0,181,codec_frames,/data/L202500147/Caption/DualISL_Train_RewardV3/runs/midasheng_7b_reward_v3_10rounds_20260905_run01/round_003/collections/round_003_caption_tts_rollout.output.jsonl
3,TTS,random440_expressivespeech_288,1,227,codec_frames,/data/L202500147/Caption/DualISL_Train_RewardV3/runs/midasheng_7b_reward_v3_10rounds_20260905_run01/round_003/collections/round_003_caption_tts_rollout.output.jsonl
3,TTS,random440_deear_068,2,79,codec_frames,/data/L202500147/Caption/DualISL_Train_RewardV3/runs/midasheng_7b_reward_v3_10rounds_20260905_run01/round_003/collections/round_003_caption_tts_rollout.output.jsonl
3,TTS,random440_expressivespeech_325,3,204,codec_frames,/data/L202500147/Caption/DualISL_Train_RewardV3/runs/midasheng_7b_reward_v3_10rounds_20260905_run01/round_003/collections/round_003_caption_tts_rollout.output.jsonl
3,TTS,random440_deear_089,4,337,codec_frames,/data/L202500147/Caption/DualISL_Train_RewardV3/runs/midasheng_7b_reward_v3_10rounds_20260905_run01/round_003/collections/round_003_caption_tts_rollout.output.jsonl
3,TTS,random440_expressivespeech_036,5,183,codec_frames,/data/L202500147/Caption/DualISL_Train_RewardV3/runs/midasheng_7b_reward_v3_10rounds_20260905_run01/round_003/collections/round_003_caption_tts_rollout.output.jsonl
3,TTS,random440_expressivespeech_048,6,40,codec_frames,/data/L202500147/Caption/DualISL_Train_RewardV3/runs/midasheng_7b_reward_v3_10rounds_20260905_run01/round_003/collections/round_003_caption_tts_rollout.output.jsonl
3,TTS,random440_expressivespeech_064,7,68,codec_frames,/data/L202500147/Caption/DualISL_Train_RewardV3/runs/midasheng_7b_reward_v3_10rounds_20260905_run01/round_003/collections/round_003_caption_tts_rollout.output.jsonl
3,TTS,random440_expressivespeech_327,0,610,codec_frames,/data/L202500147/Caption/DualISL_Train_RewardV3/runs/midasheng_7b_reward_v3_10rounds_20260905_run01/round_003/collections/round_003_caption_tts_rollout.output.jsonl
3,TTS,random440_deear_017,1,114,codec_frames,/data/L202500147/Caption/DualISL_Train_RewardV3/runs/midasheng_7b_reward_v3_10rounds_20260905_run01/round_003/collections/round_003_caption_tts_rollout.output.jsonl
3,TTS,random440_deear_075,2,159,codec_frames,/data/L202500147/Caption/DualISL_Train_RewardV3/runs/midasheng_7b_reward_v3_10rounds_20260905_run01/round_003/collections/round_003_caption_tts_rollout.output.jsonl
3,TTS,random440_expressivespeech_269,3,198,codec_frames,/data/L202500147/Caption/DualISL_Train_RewardV3/runs/midasheng_7b_reward_v3_10rounds_20260905_run01/round_003/collections/round_003_caption_tts_rollout.output.jsonl
4,Captioner,random440_expressivespeech_287,0,631,sampled_tokens,/data/L202500147/Caption/DualISL_Train_RewardV3/runs/midasheng_7b_reward_v3_10rounds_20260905_run01/round_004/collections/round_004_audio_caption_rollout.output.jsonl
4,Captioner,random440_expressivespeech_245,1,787,sampled_tokens,/data/L202500147/Caption/DualISL_Train_RewardV3/runs/midasheng_7b_reward_v3_10rounds_20260905_run01/round_004/collections/round_004_audio_caption_rollout.output.jsonl
4,Captioner,random440_expressivespeech_304,2,689,sampled_tokens,/data/L202500147/Caption/DualISL_Train_RewardV3/runs/midasheng_7b_reward_v3_10rounds_20260905_run01/round_004/collections/round_004_audio_caption_rollout.output.jsonl
4,Captioner,random440_expressivespeech_178,3,699,sampled_tokens,/data/L202500147/Caption/DualISL_Train_RewardV3/runs/midasheng_7b_reward_v3_10rounds_20260905_run01/round_004/collections/round_004_audio_caption_rollout.output.jsonl
4,Captioner,random440_deear_090,4,536,sampled_tokens,/data/L202500147/Caption/DualISL_Train_RewardV3/runs/midasheng_7b_reward_v3_10rounds_20260905_run01/round_004/collections/round_004_audio_caption_rollout.output.jsonl
4,Captioner,random440_expressivespeech_017,5,930,sampled_tokens,/data/L202500147/Caption/DualISL_Train_RewardV3/runs/midasheng_7b_reward_v3_10rounds_20260905_run01/round_004/collections/round_004_audio_caption_rollout.output.jsonl
4,Captioner,random440_expressivespeech_326,6,696,sampled_tokens,/data/L202500147/Caption/DualISL_Train_RewardV3/runs/midasheng_7b_reward_v3_10rounds_20260905_run01/round_004/collections/round_004_audio_caption_rollout.output.jsonl
4,Captioner,random440_expressivespeech_283,7,483,sampled_tokens,/data/L202500147/Caption/DualISL_Train_RewardV3/runs/midasheng_7b_reward_v3_10rounds_20260905_run01/round_004/collections/round_004_audio_caption_rollout.output.jsonl
4,Captioner,random440_expressivespeech_004,0,475,sampled_tokens,/data/L202500147/Caption/DualISL_Train_RewardV3/runs/midasheng_7b_reward_v3_10rounds_20260905_run01/round_004/collections/round_004_audio_caption_rollout.output.jsonl
4,Captioner,random440_expressivespeech_192,1,757,sampled_tokens,/data/L202500147/Caption/DualISL_Train_RewardV3/runs/midasheng_7b_reward_v3_10rounds_20260905_run01/round_004/collections/round_004_audio_caption_rollout.output.jsonl
4,Captioner,random440_deear_093,2,556,sampled_tokens,/data/L202500147/Caption/DualISL_Train_RewardV3/runs/midasheng_7b_reward_v3_10rounds_20260905_run01/round_004/collections/round_004_audio_caption_rollout.output.jsonl
4,Captioner,random440_expressivespeech_079,3,758,sampled_tokens,/data/L202500147/Caption/DualISL_Train_RewardV3/runs/midasheng_7b_reward_v3_10rounds_20260905_run01/round_004/collections/round_004_audio_caption_rollout.output.jsonl
4,Captioner,random440_expressivespeech_122,4,685,sampled_tokens,/data/L202500147/Caption/DualISL_Train_RewardV3/runs/midasheng_7b_reward_v3_10rounds_20260905_run01/round_004/collections/round_004_audio_caption_rollout.output.jsonl
4,Captioner,random440_expressivespeech_183,5,721,sampled_tokens,/data/L202500147/Caption/DualISL_Train_RewardV3/runs/midasheng_7b_reward_v3_10rounds_20260905_run01/round_004/collections/round_004_audio_caption_rollout.output.jsonl
4,Captioner,random440_deear_086,6,645,sampled_tokens,/data/L202500147/Caption/DualISL_Train_RewardV3/runs/midasheng_7b_reward_v3_10rounds_20260905_run01/round_004/collections/round_004_audio_caption_rollout.output.jsonl
4,Captioner,random440_deear_044,7,602,sampled_tokens,/data/L202500147/Caption/DualISL_Train_RewardV3/runs/midasheng_7b_reward_v3_10rounds_20260905_run01/round_004/collections/round_004_audio_caption_rollout.output.jsonl
4,Captioner,random440_expressivespeech_158,0,713,sampled_tokens,/data/L202500147/Caption/DualISL_Train_RewardV3/runs/midasheng_7b_reward_v3_10rounds_20260905_run01/round_004/collections/round_004_audio_caption_rollout.output.jsonl
4,Captioner,random440_expressivespeech_271,1,678,sampled_tokens,/data/L202500147/Caption/DualISL_Train_RewardV3/runs/midasheng_7b_reward_v3_10rounds_20260905_run01/round_004/collections/round_004_audio_caption_rollout.output.jsonl
4,Captioner,random440_expressivespeech_225,2,644,sampled_tokens,/data/L202500147/Caption/DualISL_Train_RewardV3/runs/midasheng_7b_reward_v3_10rounds_20260905_run01/round_004/collections/round_004_audio_caption_rollout.output.jsonl
4,Captioner,random440_expressivespeech_176,3,765,sampled_tokens,/data/L202500147/Caption/DualISL_Train_RewardV3/runs/midasheng_7b_reward_v3_10rounds_20260905_run01/round_004/collections/round_004_audio_caption_rollout.output.jsonl
4,Captioner,random440_deear_070,4,527,sampled_tokens,/data/L202500147/Caption/DualISL_Train_RewardV3/runs/midasheng_7b_reward_v3_10rounds_20260905_run01/round_004/collections/round_004_audio_caption_rollout.output.jsonl
4,Captioner,random440_expressivespeech_043,5,622,sampled_tokens,/data/L202500147/Caption/DualISL_Train_RewardV3/runs/midasheng_7b_reward_v3_10rounds_20260905_run01/round_004/collections/round_004_audio_caption_rollout.output.jsonl
4,Captioner,random440_expressivespeech_154,6,740,sampled_tokens,/data/L202500147/Caption/DualISL_Train_RewardV3/runs/midasheng_7b_reward_v3_10rounds_20260905_run01/round_004/collections/round_004_audio_caption_rollout.output.jsonl
4,Captioner,random440_expressivespeech_249,7,1008,sampled_tokens,/data/L202500147/Caption/DualISL_Train_RewardV3/runs/midasheng_7b_reward_v3_10rounds_20260905_run01/round_004/collections/round_004_audio_caption_rollout.output.jsonl
4,Captioner,random440_deear_072,0,457,sampled_tokens,/data/L202500147/Caption/DualISL_Train_RewardV3/runs/midasheng_7b_reward_v3_10rounds_20260905_run01/round_004/collections/round_004_audio_caption_rollout.output.jsonl
4,Captioner,random440_expressivespeech_050,1,687,sampled_tokens,/data/L202500147/Caption/DualISL_Train_RewardV3/runs/midasheng_7b_reward_v3_10rounds_20260905_run01/round_004/collections/round_004_audio_caption_rollout.output.jsonl
4,Captioner,random440_expressivespeech_046,2,831,sampled_tokens,/data/L202500147/Caption/DualISL_Train_RewardV3/runs/midasheng_7b_reward_v3_10rounds_20260905_run01/round_004/collections/round_004_audio_caption_rollout.output.jsonl
4,Captioner,random440_expressivespeech_011,3,461,sampled_tokens,/data/L202500147/Caption/DualISL_Train_RewardV3/runs/midasheng_7b_reward_v3_10rounds_20260905_run01/round_004/collections/round_004_audio_caption_rollout.output.jsonl
4,Captioner,random440_expressivespeech_167,4,490,sampled_tokens,/data/L202500147/Caption/DualISL_Train_RewardV3/runs/midasheng_7b_reward_v3_10rounds_20260905_run01/round_004/collections/round_004_audio_caption_rollout.output.jsonl
4,Captioner,random440_expressivespeech_227,5,990,sampled_tokens,/data/L202500147/Caption/DualISL_Train_RewardV3/runs/midasheng_7b_reward_v3_10rounds_20260905_run01/round_004/collections/round_004_audio_caption_rollout.output.jsonl
4,Captioner,random440_expressivespeech_175,6,551,sampled_tokens,/data/L202500147/Caption/DualISL_Train_RewardV3/runs/midasheng_7b_reward_v3_10rounds_20260905_run01/round_004/collections/round_004_audio_caption_rollout.output.jsonl
4,Captioner,random440_expressivespeech_160,7,572,sampled_tokens,/data/L202500147/Caption/DualISL_Train_RewardV3/runs/midasheng_7b_reward_v3_10rounds_20260905_run01/round_004/collections/round_004_audio_caption_rollout.output.jsonl
4,Captioner,random440_expressivespeech_202,0,847,sampled_tokens,/data/L202500147/Caption/DualISL_Train_RewardV3/runs/midasheng_7b_reward_v3_10rounds_20260905_run01/round_004/collections/round_004_audio_caption_rollout.output.jsonl
4,Captioner,random440_expressivespeech_314,1,562,sampled_tokens,/data/L202500147/Caption/DualISL_Train_RewardV3/runs/midasheng_7b_reward_v3_10rounds_20260905_run01/round_004/collections/round_004_audio_caption_rollout.output.jsonl
4,Captioner,random440_expressivespeech_238,2,682,sampled_tokens,/data/L202500147/Caption/DualISL_Train_RewardV3/runs/midasheng_7b_reward_v3_10rounds_20260905_run01/round_004/collections/round_004_audio_caption_rollout.output.jsonl
4,Captioner,random440_expressivespeech_179,3,719,sampled_tokens,/data/L202500147/Caption/DualISL_Train_RewardV3/runs/midasheng_7b_reward_v3_10rounds_20260905_run01/round_004/collections/round_004_audio_caption_rollout.output.jsonl
4,Captioner,random440_deear_054,4,624,sampled_tokens,/data/L202500147/Caption/DualISL_Train_RewardV3/runs/midasheng_7b_reward_v3_10rounds_20260905_run01/round_004/collections/round_004_audio_caption_rollout.output.jsonl
4,Captioner,random440_deear_037,5,697,sampled_tokens,/data/L202500147/Caption/DualISL_Train_RewardV3/runs/midasheng_7b_reward_v3_10rounds_20260905_run01/round_004/collections/round_004_audio_caption_rollout.output.jsonl
4,Captioner,random440_expressivespeech_220,6,708,sampled_tokens,/data/L202500147/Caption/DualISL_Train_RewardV3/runs/midasheng_7b_reward_v3_10rounds_20260905_run01/round_004/collections/round_004_audio_caption_rollout.output.jsonl
4,Captioner,random440_expressivespeech_228,7,769,sampled_tokens,/data/L202500147/Caption/DualISL_Train_RewardV3/runs/midasheng_7b_reward_v3_10rounds_20260905_run01/round_004/collections/round_004_audio_caption_rollout.output.jsonl
4,Captioner,random440_expressivespeech_272,0,651,sampled_tokens,/data/L202500147/Caption/DualISL_Train_RewardV3/runs/midasheng_7b_reward_v3_10rounds_20260905_run01/round_004/collections/round_004_audio_caption_rollout.output.jsonl
4,Captioner,random440_expressivespeech_285,1,770,sampled_tokens,/data/L202500147/Caption/DualISL_Train_RewardV3/runs/midasheng_7b_reward_v3_10rounds_20260905_run01/round_004/collections/round_004_audio_caption_rollout.output.jsonl
4,Captioner,random440_expressivespeech_013,2,711,sampled_tokens,/data/L202500147/Caption/DualISL_Train_RewardV3/runs/midasheng_7b_reward_v3_10rounds_20260905_run01/round_004/collections/round_004_audio_caption_rollout.output.jsonl
4,Captioner,random440_expressivespeech_290,3,790,sampled_tokens,/data/L202500147/Caption/DualISL_Train_RewardV3/runs/midasheng_7b_reward_v3_10rounds_20260905_run01/round_004/collections/round_004_audio_caption_rollout.output.jsonl
4,Captioner,random440_expressivespeech_256,4,718,sampled_tokens,/data/L202500147/Caption/DualISL_Train_RewardV3/runs/midasheng_7b_reward_v3_10rounds_20260905_run01/round_004/collections/round_004_audio_caption_rollout.output.jsonl
4,Captioner,random440_expressivespeech_083,5,904,sampled_tokens,/data/L202500147/Caption/DualISL_Train_RewardV3/runs/midasheng_7b_reward_v3_10rounds_20260905_run01/round_004/collections/round_004_audio_caption_rollout.output.jsonl
4,Captioner,random440_expressivespeech_126,6,552,sampled_tokens,/data/L202500147/Caption/DualISL_Train_RewardV3/runs/midasheng_7b_reward_v3_10rounds_20260905_run01/round_004/collections/round_004_audio_caption_rollout.output.jsonl
4,Captioner,random440_expressivespeech_087,7,656,sampled_tokens,/data/L202500147/Caption/DualISL_Train_RewardV3/runs/midasheng_7b_reward_v3_10rounds_20260905_run01/round_004/collections/round_004_audio_caption_rollout.output.jsonl
4,Captioner,random440_expressivespeech_109,0,615,sampled_tokens,/data/L202500147/Caption/DualISL_Train_RewardV3/runs/midasheng_7b_reward_v3_10rounds_20260905_run01/round_004/collections/round_004_audio_caption_rollout.output.jsonl
4,Captioner,random440_expressivespeech_135,1,626,sampled_tokens,/data/L202500147/Caption/DualISL_Train_RewardV3/runs/midasheng_7b_reward_v3_10rounds_20260905_run01/round_004/collections/round_004_audio_caption_rollout.output.jsonl
4,Captioner,random440_deear_032,2,706,sampled_tokens,/data/L202500147/Caption/DualISL_Train_RewardV3/runs/midasheng_7b_reward_v3_10rounds_20260905_run01/round_004/collections/round_004_audio_caption_rollout.output.jsonl
4,Captioner,random440_expressivespeech_197,3,735,sampled_tokens,/data/L202500147/Caption/DualISL_Train_RewardV3/runs/midasheng_7b_reward_v3_10rounds_20260905_run01/round_004/collections/round_004_audio_caption_rollout.output.jsonl
4,Captioner,random440_expressivespeech_181,4,766,sampled_tokens,/data/L202500147/Caption/DualISL_Train_RewardV3/runs/midasheng_7b_reward_v3_10rounds_20260905_run01/round_004/collections/round_004_audio_caption_rollout.output.jsonl
4,Captioner,random440_deear_003,5,577,sampled_tokens,/data/L202500147/Caption/DualISL_Train_RewardV3/runs/midasheng_7b_reward_v3_10rounds_20260905_run01/round_004/collections/round_004_audio_caption_rollout.output.jsonl
4,Captioner,random440_deear_049,6,701,sampled_tokens,/data/L202500147/Caption/DualISL_Train_RewardV3/runs/midasheng_7b_reward_v3_10rounds_20260905_run01/round_004/collections/round_004_audio_caption_rollout.output.jsonl
4,Captioner,random440_expressivespeech_007,7,847,sampled_tokens,/data/L202500147/Caption/DualISL_Train_RewardV3/runs/midasheng_7b_reward_v3_10rounds_20260905_run01/round_004/collections/round_004_audio_caption_rollout.output.jsonl
4,Captioner,random440_expressivespeech_235,0,690,sampled_tokens,/data/L202500147/Caption/DualISL_Train_RewardV3/runs/midasheng_7b_reward_v3_10rounds_20260905_run01/round_004/collections/round_004_audio_caption_rollout.output.jsonl
4,Captioner,random440_expressivespeech_157,1,749,sampled_tokens,/data/L202500147/Caption/DualISL_Train_RewardV3/runs/midasheng_7b_reward_v3_10rounds_20260905_run01/round_004/collections/round_004_audio_caption_rollout.output.jsonl
4,Captioner,random440_expressivespeech_063,2,479,sampled_tokens,/data/L202500147/Caption/DualISL_Train_RewardV3/runs/midasheng_7b_reward_v3_10rounds_20260905_run01/round_004/collections/round_004_audio_caption_rollout.output.jsonl
4,Captioner,random440_expressivespeech_089,3,581,sampled_tokens,/data/L202500147/Caption/DualISL_Train_RewardV3/runs/midasheng_7b_reward_v3_10rounds_20260905_run01/round_004/collections/round_004_audio_caption_rollout.output.jsonl
4,Captioner,random440_expressivespeech_113,4,523,sampled_tokens,/data/L202500147/Caption/DualISL_Train_RewardV3/runs/midasheng_7b_reward_v3_10rounds_20260905_run01/round_004/collections/round_004_audio_caption_rollout.output.jsonl
4,Captioner,random440_expressivespeech_020,5,971,sampled_tokens,/data/L202500147/Caption/DualISL_Train_RewardV3/runs/midasheng_7b_reward_v3_10rounds_20260905_run01/round_004/collections/round_004_audio_caption_rollout.output.jsonl
4,Captioner,random440_expressivespeech_028,6,584,sampled_tokens,/data/L202500147/Caption/DualISL_Train_RewardV3/runs/midasheng_7b_reward_v3_10rounds_20260905_run01/round_004/collections/round_004_audio_caption_rollout.output.jsonl
4,Captioner,random440_deear_084,7,763,sampled_tokens,/data/L202500147/Caption/DualISL_Train_RewardV3/runs/midasheng_7b_reward_v3_10rounds_20260905_run01/round_004/collections/round_004_audio_caption_rollout.output.jsonl
4,Captioner,random440_expressivespeech_093,0,809,sampled_tokens,/data/L202500147/Caption/DualISL_Train_RewardV3/runs/midasheng_7b_reward_v3_10rounds_20260905_run01/round_004/collections/round_004_audio_caption_rollout.output.jsonl
4,Captioner,random440_expressivespeech_222,1,768,sampled_tokens,/data/L202500147/Caption/DualISL_Train_RewardV3/runs/midasheng_7b_reward_v3_10rounds_20260905_run01/round_004/collections/round_004_audio_caption_rollout.output.jsonl
4,Captioner,random440_deear_015,2,623,sampled_tokens,/data/L202500147/Caption/DualISL_Train_RewardV3/runs/midasheng_7b_reward_v3_10rounds_20260905_run01/round_004/collections/round_004_audio_caption_rollout.output.jsonl
4,Captioner,random440_deear_083,3,585,sampled_tokens,/data/L202500147/Caption/DualISL_Train_RewardV3/runs/midasheng_7b_reward_v3_10rounds_20260905_run01/round_004/collections/round_004_audio_caption_rollout.output.jsonl
4,Captioner,random440_deear_096,4,541,sampled_tokens,/data/L202500147/Caption/DualISL_Train_RewardV3/runs/midasheng_7b_reward_v3_10rounds_20260905_run01/round_004/collections/round_004_audio_caption_rollout.output.jsonl
4,Captioner,random440_expressivespeech_219,5,490,sampled_tokens,/data/L202500147/Caption/DualISL_Train_RewardV3/runs/midasheng_7b_reward_v3_10rounds_20260905_run01/round_004/collections/round_004_audio_caption_rollout.output.jsonl
4,Captioner,random440_deear_082,6,634,sampled_tokens,/data/L202500147/Caption/DualISL_Train_RewardV3/runs/midasheng_7b_reward_v3_10rounds_20260905_run01/round_004/collections/round_004_audio_caption_rollout.output.jsonl
4,Captioner,random440_expressivespeech_208,7,758,sampled_tokens,/data/L202500147/Caption/DualISL_Train_RewardV3/runs/midasheng_7b_reward_v3_10rounds_20260905_run01/round_004/collections/round_004_audio_caption_rollout.output.jsonl
4,Captioner,random440_expressivespeech_035,0,739,sampled_tokens,/data/L202500147/Caption/DualISL_Train_RewardV3/runs/midasheng_7b_reward_v3_10rounds_20260905_run01/round_004/collections/round_004_audio_caption_rollout.output.jsonl
4,Captioner,random440_expressivespeech_147,1,716,sampled_tokens,/data/L202500147/Caption/DualISL_Train_RewardV3/runs/midasheng_7b_reward_v3_10rounds_20260905_run01/round_004/collections/round_004_audio_caption_rollout.output.jsonl
4,Captioner,random440_expressivespeech_266,2,802,sampled_tokens,/data/L202500147/Caption/DualISL_Train_RewardV3/runs/midasheng_7b_reward_v3_10rounds_20260905_run01/round_004/collections/round_004_audio_caption_rollout.output.jsonl
4,Captioner,random440_expressivespeech_188,3,621,sampled_tokens,/data/L202500147/Caption/DualISL_Train_RewardV3/runs/midasheng_7b_reward_v3_10rounds_20260905_run01/round_004/collections/round_004_audio_caption_rollout.output.jsonl
4,Captioner,random440_expressivespeech_045,4,682,sampled_tokens,/data/L202500147/Caption/DualISL_Train_RewardV3/runs/midasheng_7b_reward_v3_10rounds_20260905_run01/round_004/collections/round_004_audio_caption_rollout.output.jsonl
4,Captioner,random440_deear_092,5,663,sampled_tokens,/data/L202500147/Caption/DualISL_Train_RewardV3/runs/midasheng_7b_reward_v3_10rounds_20260905_run01/round_004/collections/round_004_audio_caption_rollout.output.jsonl
4,Captioner,random440_expressivespeech_019,6,713,sampled_tokens,/data/L202500147/Caption/DualISL_Train_RewardV3/runs/midasheng_7b_reward_v3_10rounds_20260905_run01/round_004/collections/round_004_audio_caption_rollout.output.jsonl
4,Captioner,random440_expressivespeech_313,7,1029,sampled_tokens,/data/L202500147/Caption/DualISL_Train_RewardV3/runs/midasheng_7b_reward_v3_10rounds_20260905_run01/round_004/collections/round_004_audio_caption_rollout.output.jsonl
4,Captioner,random440_deear_047,0,748,sampled_tokens,/data/L202500147/Caption/DualISL_Train_RewardV3/runs/midasheng_7b_reward_v3_10rounds_20260905_run01/round_004/collections/round_004_audio_caption_rollout.output.jsonl
4,Captioner,random440_expressivespeech_069,1,527,sampled_tokens,/data/L202500147/Caption/DualISL_Train_RewardV3/runs/midasheng_7b_reward_v3_10rounds_20260905_run01/round_004/collections/round_004_audio_caption_rollout.output.jsonl
4,Captioner,random440_deear_024,2,522,sampled_tokens,/data/L202500147/Caption/DualISL_Train_RewardV3/runs/midasheng_7b_reward_v3_10rounds_20260905_run01/round_004/collections/round_004_audio_caption_rollout.output.jsonl
4,Captioner,random440_expressivespeech_187,3,889,sampled_tokens,/data/L202500147/Caption/DualISL_Train_RewardV3/runs/midasheng_7b_reward_v3_10rounds_20260905_run01/round_004/collections/round_004_audio_caption_rollout.output.jsonl
4,Captioner,random440_expressivespeech_088,4,506,sampled_tokens,/data/L202500147/Caption/DualISL_Train_RewardV3/runs/midasheng_7b_reward_v3_10rounds_20260905_run01/round_004/collections/round_004_audio_caption_rollout.output.jsonl
4,Captioner,random440_expressivespeech_009,5,648,sampled_tokens,/data/L202500147/Caption/DualISL_Train_RewardV3/runs/midasheng_7b_reward_v3_10rounds_20260905_run01/round_004/collections/round_004_audio_caption_rollout.output.jsonl
4,Captioner,random440_expressivespeech_168,6,672,sampled_tokens,/data/L202500147/Caption/DualISL_Train_RewardV3/runs/midasheng_7b_reward_v3_10rounds_20260905_run01/round_004/collections/round_004_audio_caption_rollout.output.jsonl
4,Captioner,random440_expressivespeech_252,7,617,sampled_tokens,/data/L202500147/Caption/DualISL_Train_RewardV3/runs/midasheng_7b_reward_v3_10rounds_20260905_run01/round_004/collections/round_004_audio_caption_rollout.output.jsonl
4,Captioner,random440_expressivespeech_095,0,674,sampled_tokens,/data/L202500147/Caption/DualISL_Train_RewardV3/runs/midasheng_7b_reward_v3_10rounds_20260905_run01/round_004/collections/round_004_audio_caption_rollout.output.jsonl
4,Captioner,random440_expressivespeech_090,1,602,sampled_tokens,/data/L202500147/Caption/DualISL_Train_RewardV3/runs/midasheng_7b_reward_v3_10rounds_20260905_run01/round_004/collections/round_004_audio_caption_rollout.output.jsonl
4,Captioner,random440_expressivespeech_053,2,568,sampled_tokens,/data/L202500147/Caption/DualISL_Train_RewardV3/runs/midasheng_7b_reward_v3_10rounds_20260905_run01/round_004/collections/round_004_audio_caption_rollout.output.jsonl
4,Captioner,random440_expressivespeech_165,3,800,sampled_tokens,/data/L202500147/Caption/DualISL_Train_RewardV3/runs/midasheng_7b_reward_v3_10rounds_20260905_run01/round_004/collections/round_004_audio_caption_rollout.output.jsonl
4,Captioner,random440_deear_010,4,736,sampled_tokens,/data/L202500147/Caption/DualISL_Train_RewardV3/runs/midasheng_7b_reward_v3_10rounds_20260905_run01/round_004/collections/round_004_audio_caption_rollout.output.jsonl
4,Captioner,random440_expressivespeech_312,5,772,sampled_tokens,/data/L202500147/Caption/DualISL_Train_RewardV3/runs/midasheng_7b_reward_v3_10rounds_20260905_run01/round_004/collections/round_004_audio_caption_rollout.output.jsonl
4,Captioner,random440_expressivespeech_057,6,861,sampled_tokens,/data/L202500147/Caption/DualISL_Train_RewardV3/runs/midasheng_7b_reward_v3_10rounds_20260905_run01/round_004/collections/round_004_audio_caption_rollout.output.jsonl
4,Captioner,random440_expressivespeech_309,7,703,sampled_tokens,/data/L202500147/Caption/DualISL_Train_RewardV3/runs/midasheng_7b_reward_v3_10rounds_20260905_run01/round_004/collections/round_004_audio_caption_rollout.output.jsonl
4,Captioner,random440_expressivespeech_076,0,508,sampled_tokens,/data/L202500147/Caption/DualISL_Train_RewardV3/runs/midasheng_7b_reward_v3_10rounds_20260905_run01/round_004/collections/round_004_audio_caption_rollout.output.jsonl
4,Captioner,random440_expressivespeech_292,1,666,sampled_tokens,/data/L202500147/Caption/DualISL_Train_RewardV3/runs/midasheng_7b_reward_v3_10rounds_20260905_run01/round_004/collections/round_004_audio_caption_rollout.output.jsonl
4,Captioner,random440_expressivespeech_148,2,645,sampled_tokens,/data/L202500147/Caption/DualISL_Train_RewardV3/runs/midasheng_7b_reward_v3_10rounds_20260905_run01/round_004/collections/round_004_audio_caption_rollout.output.jsonl
4,Captioner,random440_expressivespeech_111,3,445,sampled_tokens,/data/L202500147/Caption/DualISL_Train_RewardV3/runs/midasheng_7b_reward_v3_10rounds_20260905_run01/round_004/collections/round_004_audio_caption_rollout.output.jsonl
4,Captioner,random440_expressivespeech_016,4,931,sampled_tokens,/data/L202500147/Caption/DualISL_Train_RewardV3/runs/midasheng_7b_reward_v3_10rounds_20260905_run01/round_004/collections/round_004_audio_caption_rollout.output.jsonl
4,Captioner,random440_deear_016,5,1060,sampled_tokens,/data/L202500147/Caption/DualISL_Train_RewardV3/runs/midasheng_7b_reward_v3_10rounds_20260905_run01/round_004/collections/round_004_audio_caption_rollout.output.jsonl
4,Captioner,random440_expressivespeech_138,6,794,sampled_tokens,/data/L202500147/Caption/DualISL_Train_RewardV3/runs/midasheng_7b_reward_v3_10rounds_20260905_run01/round_004/collections/round_004_audio_caption_rollout.output.jsonl
4,Captioner,random440_expressivespeech_254,7,766,sampled_tokens,/data/L202500147/Caption/DualISL_Train_RewardV3/runs/midasheng_7b_reward_v3_10rounds_20260905_run01/round_004/collections/round_004_audio_caption_rollout.output.jsonl
4,Captioner,random440_deear_087,0,629,sampled_tokens,/data/L202500147/Caption/DualISL_Train_RewardV3/runs/midasheng_7b_reward_v3_10rounds_20260905_run01/round_004/collections/round_004_audio_caption_rollout.output.jsonl
4,Captioner,random440_expressivespeech_246,1,718,sampled_tokens,/data/L202500147/Caption/DualISL_Train_RewardV3/runs/midasheng_7b_reward_v3_10rounds_20260905_run01/round_004/collections/round_004_audio_caption_rollout.output.jsonl
4,Captioner,random440_expressivespeech_338,2,773,sampled_tokens,/data/L202500147/Caption/DualISL_Train_RewardV3/runs/midasheng_7b_reward_v3_10rounds_20260905_run01/round_004/collections/round_004_audio_caption_rollout.output.jsonl
4,Captioner,random440_expressivespeech_215,3,896,sampled_tokens,/data/L202500147/Caption/DualISL_Train_RewardV3/runs/midasheng_7b_reward_v3_10rounds_20260905_run01/round_004/collections/round_004_audio_caption_rollout.output.jsonl
4,Captioner,random440_expressivespeech_031,4,727,sampled_tokens,/data/L202500147/Caption/DualISL_Train_RewardV3/runs/midasheng_7b_reward_v3_10rounds_20260905_run01/round_004/collections/round_004_audio_caption_rollout.output.jsonl
4,Captioner,random440_expressivespeech_068,5,724,sampled_tokens,/data/L202500147/Caption/DualISL_Train_RewardV3/runs/midasheng_7b_reward_v3_10rounds_20260905_run01/round_004/collections/round_004_audio_caption_rollout.output.jsonl
4,Captioner,random440_expressivespeech_310,6,690,sampled_tokens,/data/L202500147/Caption/DualISL_Train_RewardV3/runs/midasheng_7b_reward_v3_10rounds_20260905_run01/round_004/collections/round_004_audio_caption_rollout.output.jsonl
4,Captioner,random440_expressivespeech_101,7,750,sampled_tokens,/data/L202500147/Caption/DualISL_Train_RewardV3/runs/midasheng_7b_reward_v3_10rounds_20260905_run01/round_004/collections/round_004_audio_caption_rollout.output.jsonl
4,Captioner,random440_deear_014,0,704,sampled_tokens,/data/L202500147/Caption/DualISL_Train_RewardV3/runs/midasheng_7b_reward_v3_10rounds_20260905_run01/round_004/collections/round_004_audio_caption_rollout.output.jsonl
4,Captioner,random440_expressivespeech_041,1,843,sampled_tokens,/data/L202500147/Caption/DualISL_Train_RewardV3/runs/midasheng_7b_reward_v3_10rounds_20260905_run01/round_004/collections/round_004_audio_caption_rollout.output.jsonl
4,Captioner,random440_expressivespeech_319,2,704,sampled_tokens,/data/L202500147/Caption/DualISL_Train_RewardV3/runs/midasheng_7b_reward_v3_10rounds_20260905_run01/round_004/collections/round_004_audio_caption_rollout.output.jsonl
4,Captioner,random440_deear_040,3,683,sampled_tokens,/data/L202500147/Caption/DualISL_Train_RewardV3/runs/midasheng_7b_reward_v3_10rounds_20260905_run01/round_004/collections/round_004_audio_caption_rollout.output.jsonl
4,Captioner,random440_expressivespeech_185,4,614,sampled_tokens,/data/L202500147/Caption/DualISL_Train_RewardV3/runs/midasheng_7b_reward_v3_10rounds_20260905_run01/round_004/collections/round_004_audio_caption_rollout.output.jsonl
4,Captioner,random440_expressivespeech_340,5,843,sampled_tokens,/data/L202500147/Caption/DualISL_Train_RewardV3/runs/midasheng_7b_reward_v3_10rounds_20260905_run01/round_004/collections/round_004_audio_caption_rollout.output.jsonl
4,Captioner,random440_expressivespeech_294,6,645,sampled_tokens,/data/L202500147/Caption/DualISL_Train_RewardV3/runs/midasheng_7b_reward_v3_10rounds_20260905_run01/round_004/collections/round_004_audio_caption_rollout.output.jsonl
4,Captioner,random440_expressivespeech_270,7,449,sampled_tokens,/data/L202500147/Caption/DualISL_Train_RewardV3/runs/midasheng_7b_reward_v3_10rounds_20260905_run01/round_004/collections/round_004_audio_caption_rollout.output.jsonl
4,Captioner,random440_expressivespeech_334,0,782,sampled_tokens,/data/L202500147/Caption/DualISL_Train_RewardV3/runs/midasheng_7b_reward_v3_10rounds_20260905_run01/round_004/collections/round_004_audio_caption_rollout.output.jsonl
4,Captioner,random440_expressivespeech_080,1,772,sampled_tokens,/data/L202500147/Caption/DualISL_Train_RewardV3/runs/midasheng_7b_reward_v3_10rounds_20260905_run01/round_004/collections/round_004_audio_caption_rollout.output.jsonl
4,Captioner,random440_expressivespeech_329,2,569,sampled_tokens,/data/L202500147/Caption/DualISL_Train_RewardV3/runs/midasheng_7b_reward_v3_10rounds_20260905_run01/round_004/collections/round_004_audio_caption_rollout.output.jsonl
4,Captioner,random440_expressivespeech_110,3,1004,sampled_tokens,/data/L202500147/Caption/DualISL_Train_RewardV3/runs/midasheng_7b_reward_v3_10rounds_20260905_run01/round_004/collections/round_004_audio_caption_rollout.output.jsonl
4,Captioner,random440_expressivespeech_180,4,839,sampled_tokens,/data/L202500147/Caption/DualISL_Train_RewardV3/runs/midasheng_7b_reward_v3_10rounds_20260905_run01/round_004/collections/round_004_audio_caption_rollout.output.jsonl
4,Captioner,random440_expressivespeech_107,5,948,sampled_tokens,/data/L202500147/Caption/DualISL_Train_RewardV3/runs/midasheng_7b_reward_v3_10rounds_20260905_run01/round_004/collections/round_004_audio_caption_rollout.output.jsonl
4,Captioner,random440_expressivespeech_025,6,513,sampled_tokens,/data/L202500147/Caption/DualISL_Train_RewardV3/runs/midasheng_7b_reward_v3_10rounds_20260905_run01/round_004/collections/round_004_audio_caption_rollout.output.jsonl
4,Captioner,random440_expressivespeech_096,7,817,sampled_tokens,/data/L202500147/Caption/DualISL_Train_RewardV3/runs/midasheng_7b_reward_v3_10rounds_20260905_run01/round_004/collections/round_004_audio_caption_rollout.output.jsonl
4,Captioner,random440_deear_030,0,563,sampled_tokens,/data/L202500147/Caption/DualISL_Train_RewardV3/runs/midasheng_7b_reward_v3_10rounds_20260905_run01/round_004/collections/round_004_audio_caption_rollout.output.jsonl
4,Captioner,random440_expressivespeech_315,1,689,sampled_tokens,/data/L202500147/Caption/DualISL_Train_RewardV3/runs/midasheng_7b_reward_v3_10rounds_20260905_run01/round_004/collections/round_004_audio_caption_rollout.output.jsonl
4,Captioner,random440_expressivespeech_265,2,749,sampled_tokens,/data/L202500147/Caption/DualISL_Train_RewardV3/runs/midasheng_7b_reward_v3_10rounds_20260905_run01/round_004/collections/round_004_audio_caption_rollout.output.jsonl
4,Captioner,random440_expressivespeech_027,3,771,sampled_tokens,/data/L202500147/Caption/DualISL_Train_RewardV3/runs/midasheng_7b_reward_v3_10rounds_20260905_run01/round_004/collections/round_004_audio_caption_rollout.output.jsonl
4,Captioner,random440_expressivespeech_155,4,715,sampled_tokens,/data/L202500147/Caption/DualISL_Train_RewardV3/runs/midasheng_7b_reward_v3_10rounds_20260905_run01/round_004/collections/round_004_audio_caption_rollout.output.jsonl
4,Captioner,random440_expressivespeech_010,5,492,sampled_tokens,/data/L202500147/Caption/DualISL_Train_RewardV3/runs/midasheng_7b_reward_v3_10rounds_20260905_run01/round_004/collections/round_004_audio_caption_rollout.output.jsonl
4,Captioner,random440_expressivespeech_295,6,599,sampled_tokens,/data/L202500147/Caption/DualISL_Train_RewardV3/runs/midasheng_7b_reward_v3_10rounds_20260905_run01/round_004/collections/round_004_audio_caption_rollout.output.jsonl
4,Captioner,random440_expressivespeech_150,7,656,sampled_tokens,/data/L202500147/Caption/DualISL_Train_RewardV3/runs/midasheng_7b_reward_v3_10rounds_20260905_run01/round_004/collections/round_004_audio_caption_rollout.output.jsonl
4,Captioner,random440_expressivespeech_211,0,662,sampled_tokens,/data/L202500147/Caption/DualISL_Train_RewardV3/runs/midasheng_7b_reward_v3_10rounds_20260905_run01/round_004/collections/round_004_audio_caption_rollout.output.jsonl
4,Captioner,random440_deear_062,1,718,sampled_tokens,/data/L202500147/Caption/DualISL_Train_RewardV3/runs/midasheng_7b_reward_v3_10rounds_20260905_run01/round_004/collections/round_004_audio_caption_rollout.output.jsonl
4,Captioner,random440_expressivespeech_026,2,930,sampled_tokens,/data/L202500147/Caption/DualISL_Train_RewardV3/runs/midasheng_7b_reward_v3_10rounds_20260905_run01/round_004/collections/round_004_audio_caption_rollout.output.jsonl
4,Captioner,random440_expressivespeech_102,3,647,sampled_tokens,/data/L202500147/Caption/DualISL_Train_RewardV3/runs/midasheng_7b_reward_v3_10rounds_20260905_run01/round_004/collections/round_004_audio_caption_rollout.output.jsonl
4,Captioner,random440_deear_080,4,471,sampled_tokens,/data/L202500147/Caption/DualISL_Train_RewardV3/runs/midasheng_7b_reward_v3_10rounds_20260905_run01/round_004/collections/round_004_audio_caption_rollout.output.jsonl
4,Captioner,random440_expressivespeech_137,5,604,sampled_tokens,/data/L202500147/Caption/DualISL_Train_RewardV3/runs/midasheng_7b_reward_v3_10rounds_20260905_run01/round_004/collections/round_004_audio_caption_rollout.output.jsonl
4,Captioner,random440_expressivespeech_074,6,549,sampled_tokens,/data/L202500147/Caption/DualISL_Train_RewardV3/runs/midasheng_7b_reward_v3_10rounds_20260905_run01/round_004/collections/round_004_audio_caption_rollout.output.jsonl
4,Captioner,random440_expressivespeech_073,7,1024,sampled_tokens,/data/L202500147/Caption/DualISL_Train_RewardV3/runs/midasheng_7b_reward_v3_10rounds_20260905_run01/round_004/collections/round_004_audio_caption_rollout.output.jsonl
4,Captioner,random440_expressivespeech_233,0,866,sampled_tokens,/data/L202500147/Caption/DualISL_Train_RewardV3/runs/midasheng_7b_reward_v3_10rounds_20260905_run01/round_004/collections/round_004_audio_caption_rollout.output.jsonl
4,Captioner,random440_expressivespeech_128,1,725,sampled_tokens,/data/L202500147/Caption/DualISL_Train_RewardV3/runs/midasheng_7b_reward_v3_10rounds_20260905_run01/round_004/collections/round_004_audio_caption_rollout.output.jsonl
4,Captioner,random440_expressivespeech_279,2,625,sampled_tokens,/data/L202500147/Caption/DualISL_Train_RewardV3/runs/midasheng_7b_reward_v3_10rounds_20260905_run01/round_004/collections/round_004_audio_caption_rollout.output.jsonl
4,Captioner,random440_expressivespeech_146,3,605,sampled_tokens,/data/L202500147/Caption/DualISL_Train_RewardV3/runs/midasheng_7b_reward_v3_10rounds_20260905_run01/round_004/collections/round_004_audio_caption_rollout.output.jsonl
4,Captioner,random440_expressivespeech_223,4,607,sampled_tokens,/data/L202500147/Caption/DualISL_Train_RewardV3/runs/midasheng_7b_reward_v3_10rounds_20260905_run01/round_004/collections/round_004_audio_caption_rollout.output.jsonl
4,Captioner,random440_deear_078,5,478,sampled_tokens,/data/L202500147/Caption/DualISL_Train_RewardV3/runs/midasheng_7b_reward_v3_10rounds_20260905_run01/round_004/collections/round_004_audio_caption_rollout.output.jsonl
4,Captioner,random440_expressivespeech_055,6,591,sampled_tokens,/data/L202500147/Caption/DualISL_Train_RewardV3/runs/midasheng_7b_reward_v3_10rounds_20260905_run01/round_004/collections/round_004_audio_caption_rollout.output.jsonl
4,Captioner,random440_expressivespeech_098,7,748,sampled_tokens,/data/L202500147/Caption/DualISL_Train_RewardV3/runs/midasheng_7b_reward_v3_10rounds_20260905_run01/round_004/collections/round_004_audio_caption_rollout.output.jsonl
4,Captioner,random440_expressivespeech_003,0,955,sampled_tokens,/data/L202500147/Caption/DualISL_Train_RewardV3/runs/midasheng_7b_reward_v3_10rounds_20260905_run01/round_004/collections/round_004_audio_caption_rollout.output.jsonl
4,Captioner,random440_expressivespeech_144,1,736,sampled_tokens,/data/L202500147/Caption/DualISL_Train_RewardV3/runs/midasheng_7b_reward_v3_10rounds_20260905_run01/round_004/collections/round_004_audio_caption_rollout.output.jsonl
4,Captioner,random440_expressivespeech_217,2,707,sampled_tokens,/data/L202500147/Caption/DualISL_Train_RewardV3/runs/midasheng_7b_reward_v3_10rounds_20260905_run01/round_004/collections/round_004_audio_caption_rollout.output.jsonl
4,Captioner,random440_expressivespeech_321,3,646,sampled_tokens,/data/L202500147/Caption/DualISL_Train_RewardV3/runs/midasheng_7b_reward_v3_10rounds_20260905_run01/round_004/collections/round_004_audio_caption_rollout.output.jsonl
4,Captioner,random440_expressivespeech_230,4,689,sampled_tokens,/data/L202500147/Caption/DualISL_Train_RewardV3/runs/midasheng_7b_reward_v3_10rounds_20260905_run01/round_004/collections/round_004_audio_caption_rollout.output.jsonl
4,Captioner,random440_deear_002,5,944,sampled_tokens,/data/L202500147/Caption/DualISL_Train_RewardV3/runs/midasheng_7b_reward_v3_10rounds_20260905_run01/round_004/collections/round_004_audio_caption_rollout.output.jsonl
4,Captioner,random440_expressivespeech_210,6,716,sampled_tokens,/data/L202500147/Caption/DualISL_Train_RewardV3/runs/midasheng_7b_reward_v3_10rounds_20260905_run01/round_004/collections/round_004_audio_caption_rollout.output.jsonl
4,Captioner,random440_expressivespeech_105,7,476,sampled_tokens,/data/L202500147/Caption/DualISL_Train_RewardV3/runs/midasheng_7b_reward_v3_10rounds_20260905_run01/round_004/collections/round_004_audio_caption_rollout.output.jsonl
4,Captioner,random440_expressivespeech_199,0,756,sampled_tokens,/data/L202500147/Caption/DualISL_Train_RewardV3/runs/midasheng_7b_reward_v3_10rounds_20260905_run01/round_004/collections/round_004_audio_caption_rollout.output.jsonl
4,Captioner,random440_expressivespeech_065,1,802,sampled_tokens,/data/L202500147/Caption/DualISL_Train_RewardV3/runs/midasheng_7b_reward_v3_10rounds_20260905_run01/round_004/collections/round_004_audio_caption_rollout.output.jsonl
4,Captioner,random440_expressivespeech_195,2,799,sampled_tokens,/data/L202500147/Caption/DualISL_Train_RewardV3/runs/midasheng_7b_reward_v3_10rounds_20260905_run01/round_004/collections/round_004_audio_caption_rollout.output.jsonl
4,Captioner,random440_expressivespeech_200,3,667,sampled_tokens,/data/L202500147/Caption/DualISL_Train_RewardV3/runs/midasheng_7b_reward_v3_10rounds_20260905_run01/round_004/collections/round_004_audio_caption_rollout.output.jsonl
4,Captioner,random440_expressivespeech_005,4,725,sampled_tokens,/data/L202500147/Caption/DualISL_Train_RewardV3/runs/midasheng_7b_reward_v3_10rounds_20260905_run01/round_004/collections/round_004_audio_caption_rollout.output.jsonl
4,Captioner,random440_expressivespeech_237,5,590,sampled_tokens,/data/L202500147/Caption/DualISL_Train_RewardV3/runs/midasheng_7b_reward_v3_10rounds_20260905_run01/round_004/collections/round_004_audio_caption_rollout.output.jsonl
4,Captioner,random440_expressivespeech_317,6,700,sampled_tokens,/data/L202500147/Caption/DualISL_Train_RewardV3/runs/midasheng_7b_reward_v3_10rounds_20260905_run01/round_004/collections/round_004_audio_caption_rollout.output.jsonl
4,Captioner,random440_expressivespeech_280,7,692,sampled_tokens,/data/L202500147/Caption/DualISL_Train_RewardV3/runs/midasheng_7b_reward_v3_10rounds_20260905_run01/round_004/collections/round_004_audio_caption_rollout.output.jsonl
4,Captioner,random440_deear_038,0,776,sampled_tokens,/data/L202500147/Caption/DualISL_Train_RewardV3/runs/midasheng_7b_reward_v3_10rounds_20260905_run01/round_004/collections/round_004_audio_caption_rollout.output.jsonl
4,Captioner,random440_expressivespeech_038,1,949,sampled_tokens,/data/L202500147/Caption/DualISL_Train_RewardV3/runs/midasheng_7b_reward_v3_10rounds_20260905_run01/round_004/collections/round_004_audio_caption_rollout.output.jsonl
4,Captioner,random440_expressivespeech_056,2,720,sampled_tokens,/data/L202500147/Caption/DualISL_Train_RewardV3/runs/midasheng_7b_reward_v3_10rounds_20260905_run01/round_004/collections/round_004_audio_caption_rollout.output.jsonl
4,Captioner,random440_expressivespeech_216,3,616,sampled_tokens,/data/L202500147/Caption/DualISL_Train_RewardV3/runs/midasheng_7b_reward_v3_10rounds_20260905_run01/round_004/collections/round_004_audio_caption_rollout.output.jsonl
4,Captioner,random440_expressivespeech_260,4,680,sampled_tokens,/data/L202500147/Caption/DualISL_Train_RewardV3/runs/midasheng_7b_reward_v3_10rounds_20260905_run01/round_004/collections/round_004_audio_caption_rollout.output.jsonl
4,Captioner,random440_expressivespeech_311,5,516,sampled_tokens,/data/L202500147/Caption/DualISL_Train_RewardV3/runs/midasheng_7b_reward_v3_10rounds_20260905_run01/round_004/collections/round_004_audio_caption_rollout.output.jsonl
4,Captioner,random440_expressivespeech_103,6,653,sampled_tokens,/data/L202500147/Caption/DualISL_Train_RewardV3/runs/midasheng_7b_reward_v3_10rounds_20260905_run01/round_004/collections/round_004_audio_caption_rollout.output.jsonl
4,Captioner,random440_expressivespeech_024,7,663,sampled_tokens,/data/L202500147/Caption/DualISL_Train_RewardV3/runs/midasheng_7b_reward_v3_10rounds_20260905_run01/round_004/collections/round_004_audio_caption_rollout.output.jsonl
4,Captioner,random440_expressivespeech_296,0,745,sampled_tokens,/data/L202500147/Caption/DualISL_Train_RewardV3/runs/midasheng_7b_reward_v3_10rounds_20260905_run01/round_004/collections/round_004_audio_caption_rollout.output.jsonl
4,Captioner,random440_expressivespeech_115,1,560,sampled_tokens,/data/L202500147/Caption/DualISL_Train_RewardV3/runs/midasheng_7b_reward_v3_10rounds_20260905_run01/round_004/collections/round_004_audio_caption_rollout.output.jsonl
4,Captioner,random440_expressivespeech_264,2,620,sampled_tokens,/data/L202500147/Caption/DualISL_Train_RewardV3/runs/midasheng_7b_reward_v3_10rounds_20260905_run01/round_004/collections/round_004_audio_caption_rollout.output.jsonl
4,Captioner,random440_expressivespeech_286,3,525,sampled_tokens,/data/L202500147/Caption/DualISL_Train_RewardV3/runs/midasheng_7b_reward_v3_10rounds_20260905_run01/round_004/collections/round_004_audio_caption_rollout.output.jsonl
4,Captioner,random440_expressivespeech_307,4,946,sampled_tokens,/data/L202500147/Caption/DualISL_Train_RewardV3/runs/midasheng_7b_reward_v3_10rounds_20260905_run01/round_004/collections/round_004_audio_caption_rollout.output.jsonl
4,Captioner,random440_deear_071,5,535,sampled_tokens,/data/L202500147/Caption/DualISL_Train_RewardV3/runs/midasheng_7b_reward_v3_10rounds_20260905_run01/round_004/collections/round_004_audio_caption_rollout.output.jsonl
4,Captioner,random440_expressivespeech_231,6,518,sampled_tokens,/data/L202500147/Caption/DualISL_Train_RewardV3/runs/midasheng_7b_reward_v3_10rounds_20260905_run01/round_004/collections/round_004_audio_caption_rollout.output.jsonl
4,Captioner,random440_expressivespeech_282,7,590,sampled_tokens,/data/L202500147/Caption/DualISL_Train_RewardV3/runs/midasheng_7b_reward_v3_10rounds_20260905_run01/round_004/collections/round_004_audio_caption_rollout.output.jsonl
4,TTS,random440_expressivespeech_164,0,343,codec_frames,/data/L202500147/Caption/DualISL_Train_RewardV3/runs/midasheng_7b_reward_v3_10rounds_20260905_run01/round_004/collections/round_004_caption_tts_rollout.output.jsonl
4,TTS,random440_expressivespeech_186,1,47,codec_frames,/data/L202500147/Caption/DualISL_Train_RewardV3/runs/midasheng_7b_reward_v3_10rounds_20260905_run01/round_004/collections/round_004_caption_tts_rollout.output.jsonl
4,TTS,random440_deear_053,2,48,codec_frames,/data/L202500147/Caption/DualISL_Train_RewardV3/runs/midasheng_7b_reward_v3_10rounds_20260905_run01/round_004/collections/round_004_caption_tts_rollout.output.jsonl
4,TTS,random440_expressivespeech_336,3,129,codec_frames,/data/L202500147/Caption/DualISL_Train_RewardV3/runs/midasheng_7b_reward_v3_10rounds_20260905_run01/round_004/collections/round_004_caption_tts_rollout.output.jsonl
4,TTS,random440_expressivespeech_044,4,138,codec_frames,/data/L202500147/Caption/DualISL_Train_RewardV3/runs/midasheng_7b_reward_v3_10rounds_20260905_run01/round_004/collections/round_004_caption_tts_rollout.output.jsonl
4,TTS,random440_expressivespeech_100,5,275,codec_frames,/data/L202500147/Caption/DualISL_Train_RewardV3/runs/midasheng_7b_reward_v3_10rounds_20260905_run01/round_004/collections/round_004_caption_tts_rollout.output.jsonl
4,TTS,random440_expressivespeech_140,6,49,codec_frames,/data/L202500147/Caption/DualISL_Train_RewardV3/runs/midasheng_7b_reward_v3_10rounds_20260905_run01/round_004/collections/round_004_caption_tts_rollout.output.jsonl
4,TTS,random440_expressivespeech_206,7,519,codec_frames,/data/L202500147/Caption/DualISL_Train_RewardV3/runs/midasheng_7b_reward_v3_10rounds_20260905_run01/round_004/collections/round_004_caption_tts_rollout.output.jsonl
4,TTS,random440_expressivespeech_133,0,482,codec_frames,/data/L202500147/Caption/DualISL_Train_RewardV3/runs/midasheng_7b_reward_v3_10rounds_20260905_run01/round_004/collections/round_004_caption_tts_rollout.output.jsonl
4,TTS,random440_expressivespeech_277,1,235,codec_frames,/data/L202500147/Caption/DualISL_Train_RewardV3/runs/midasheng_7b_reward_v3_10rounds_20260905_run01/round_004/collections/round_004_caption_tts_rollout.output.jsonl
4,TTS,random440_expressivespeech_244,2,247,codec_frames,/data/L202500147/Caption/DualISL_Train_RewardV3/runs/midasheng_7b_reward_v3_10rounds_20260905_run01/round_004/collections/round_004_caption_tts_rollout.output.jsonl
4,TTS,random440_deear_022,3,179,codec_frames,/data/L202500147/Caption/DualISL_Train_RewardV3/runs/midasheng_7b_reward_v3_10rounds_20260905_run01/round_004/collections/round_004_caption_tts_rollout.output.jsonl
4,TTS,random440_expressivespeech_145,4,165,codec_frames,/data/L202500147/Caption/DualISL_Train_RewardV3/runs/midasheng_7b_reward_v3_10rounds_20260905_run01/round_004/collections/round_004_caption_tts_rollout.output.jsonl
4,TTS,random440_expressivespeech_047,5,139,codec_frames,/data/L202500147/Caption/DualISL_Train_RewardV3/runs/midasheng_7b_reward_v3_10rounds_20260905_run01/round_004/collections/round_004_caption_tts_rollout.output.jsonl
4,TTS,random440_expressivespeech_121,6,495,codec_frames,/data/L202500147/Caption/DualISL_Train_RewardV3/runs/midasheng_7b_reward_v3_10rounds_20260905_run01/round_004/collections/round_004_caption_tts_rollout.output.jsonl
4,TTS,random440_deear_026,7,211,codec_frames,/data/L202500147/Caption/DualISL_Train_RewardV3/runs/midasheng_7b_reward_v3_10rounds_20260905_run01/round_004/collections/round_004_caption_tts_rollout.output.jsonl
4,TTS,random440_deear_025,0,368,codec_frames,/data/L202500147/Caption/DualISL_Train_RewardV3/runs/midasheng_7b_reward_v3_10rounds_20260905_run01/round_004/collections/round_004_caption_tts_rollout.output.jsonl
4,TTS,random440_expressivespeech_072,1,173,codec_frames,/data/L202500147/Caption/DualISL_Train_RewardV3/runs/midasheng_7b_reward_v3_10rounds_20260905_run01/round_004/collections/round_004_caption_tts_rollout.output.jsonl
4,TTS,random440_expressivespeech_207,2,179,codec_frames,/data/L202500147/Caption/DualISL_Train_RewardV3/runs/midasheng_7b_reward_v3_10rounds_20260905_run01/round_004/collections/round_004_caption_tts_rollout.output.jsonl
4,TTS,random440_deear_019,3,291,codec_frames,/data/L202500147/Caption/DualISL_Train_RewardV3/runs/midasheng_7b_reward_v3_10rounds_20260905_run01/round_004/collections/round_004_caption_tts_rollout.output.jsonl
4,TTS,random440_deear_079,4,338,codec_frames,/data/L202500147/Caption/DualISL_Train_RewardV3/runs/midasheng_7b_reward_v3_10rounds_20260905_run01/round_004/collections/round_004_caption_tts_rollout.output.jsonl
4,TTS,random440_expressivespeech_209,5,265,codec_frames,/data/L202500147/Caption/DualISL_Train_RewardV3/runs/midasheng_7b_reward_v3_10rounds_20260905_run01/round_004/collections/round_004_caption_tts_rollout.output.jsonl
4,TTS,random440_expressivespeech_143,6,158,codec_frames,/data/L202500147/Caption/DualISL_Train_RewardV3/runs/midasheng_7b_reward_v3_10rounds_20260905_run01/round_004/collections/round_004_caption_tts_rollout.output.jsonl
4,TTS,random440_expressivespeech_149,7,88,codec_frames,/data/L202500147/Caption/DualISL_Train_RewardV3/runs/midasheng_7b_reward_v3_10rounds_20260905_run01/round_004/collections/round_004_caption_tts_rollout.output.jsonl
4,TTS,random440_expressivespeech_012,0,415,codec_frames,/data/L202500147/Caption/DualISL_Train_RewardV3/runs/midasheng_7b_reward_v3_10rounds_20260905_run01/round_004/collections/round_004_caption_tts_rollout.output.jsonl
4,TTS,random440_expressivespeech_239,1,172,codec_frames,/data/L202500147/Caption/DualISL_Train_RewardV3/runs/midasheng_7b_reward_v3_10rounds_20260905_run01/round_004/collections/round_004_caption_tts_rollout.output.jsonl
4,TTS,random440_deear_005,2,97,codec_frames,/data/L202500147/Caption/DualISL_Train_RewardV3/runs/midasheng_7b_reward_v3_10rounds_20260905_run01/round_004/collections/round_004_caption_tts_rollout.output.jsonl
4,TTS,random440_expressivespeech_316,3,38,codec_frames,/data/L202500147/Caption/DualISL_Train_RewardV3/runs/midasheng_7b_reward_v3_10rounds_20260905_run01/round_004/collections/round_004_caption_tts_rollout.output.jsonl
4,TTS,random440_expressivespeech_001,4,443,codec_frames,/data/L202500147/Caption/DualISL_Train_RewardV3/runs/midasheng_7b_reward_v3_10rounds_20260905_run01/round_004/collections/round_004_caption_tts_rollout.output.jsonl
4,TTS,random440_expressivespeech_081,5,319,codec_frames,/data/L202500147/Caption/DualISL_Train_RewardV3/runs/midasheng_7b_reward_v3_10rounds_20260905_run01/round_004/collections/round_004_caption_tts_rollout.output.jsonl
4,TTS,random440_expressivespeech_191,6,292,codec_frames,/data/L202500147/Caption/DualISL_Train_RewardV3/runs/midasheng_7b_reward_v3_10rounds_20260905_run01/round_004/collections/round_004_caption_tts_rollout.output.jsonl
4,TTS,random440_expressivespeech_242,7,222,codec_frames,/data/L202500147/Caption/DualISL_Train_RewardV3/runs/midasheng_7b_reward_v3_10rounds_20260905_run01/round_004/collections/round_004_caption_tts_rollout.output.jsonl
4,TTS,random440_expressivespeech_136,0,357,codec_frames,/data/L202500147/Caption/DualISL_Train_RewardV3/runs/midasheng_7b_reward_v3_10rounds_20260905_run01/round_004/collections/round_004_caption_tts_rollout.output.jsonl
4,TTS,random440_expressivespeech_243,1,281,codec_frames,/data/L202500147/Caption/DualISL_Train_RewardV3/runs/midasheng_7b_reward_v3_10rounds_20260905_run01/round_004/collections/round_004_caption_tts_rollout.output.jsonl
4,TTS,random440_deear_052,2,346,codec_frames,/data/L202500147/Caption/DualISL_Train_RewardV3/runs/midasheng_7b_reward_v3_10rounds_20260905_run01/round_004/collections/round_004_caption_tts_rollout.output.jsonl
4,TTS,random440_expressivespeech_184,3,725,codec_frames,/data/L202500147/Caption/DualISL_Train_RewardV3/runs/midasheng_7b_reward_v3_10rounds_20260905_run01/round_004/collections/round_004_caption_tts_rollout.output.jsonl
4,TTS,random440_expressivespeech_015,4,175,codec_frames,/data/L202500147/Caption/DualISL_Train_RewardV3/runs/midasheng_7b_reward_v3_10rounds_20260905_run01/round_004/collections/round_004_caption_tts_rollout.output.jsonl
4,TTS,random440_deear_050,5,1349,codec_frames,/data/L202500147/Caption/DualISL_Train_RewardV3/runs/midasheng_7b_reward_v3_10rounds_20260905_run01/round_004/collections/round_004_caption_tts_rollout.output.jsonl
4,TTS,random440_deear_066,6,226,codec_frames,/data/L202500147/Caption/DualISL_Train_RewardV3/runs/midasheng_7b_reward_v3_10rounds_20260905_run01/round_004/collections/round_004_caption_tts_rollout.output.jsonl
4,TTS,random440_expressivespeech_084,7,473,codec_frames,/data/L202500147/Caption/DualISL_Train_RewardV3/runs/midasheng_7b_reward_v3_10rounds_20260905_run01/round_004/collections/round_004_caption_tts_rollout.output.jsonl
4,TTS,random440_expressivespeech_281,0,176,codec_frames,/data/L202500147/Caption/DualISL_Train_RewardV3/runs/midasheng_7b_reward_v3_10rounds_20260905_run01/round_004/collections/round_004_caption_tts_rollout.output.jsonl
4,TTS,random440_expressivespeech_094,1,267,codec_frames,/data/L202500147/Caption/DualISL_Train_RewardV3/runs/midasheng_7b_reward_v3_10rounds_20260905_run01/round_004/collections/round_004_caption_tts_rollout.output.jsonl
4,TTS,random440_expressivespeech_152,2,679,codec_frames,/data/L202500147/Caption/DualISL_Train_RewardV3/runs/midasheng_7b_reward_v3_10rounds_20260905_run01/round_004/collections/round_004_caption_tts_rollout.output.jsonl
4,TTS,random440_deear_094,3,66,codec_frames,/data/L202500147/Caption/DualISL_Train_RewardV3/runs/midasheng_7b_reward_v3_10rounds_20260905_run01/round_004/collections/round_004_caption_tts_rollout.output.jsonl
4,TTS,random440_expressivespeech_091,4,359,codec_frames,/data/L202500147/Caption/DualISL_Train_RewardV3/runs/midasheng_7b_reward_v3_10rounds_20260905_run01/round_004/collections/round_004_caption_tts_rollout.output.jsonl
4,TTS,random440_expressivespeech_194,5,94,codec_frames,/data/L202500147/Caption/DualISL_Train_RewardV3/runs/midasheng_7b_reward_v3_10rounds_20260905_run01/round_004/collections/round_004_caption_tts_rollout.output.jsonl
4,TTS,random440_deear_034,6,278,codec_frames,/data/L202500147/Caption/DualISL_Train_RewardV3/runs/midasheng_7b_reward_v3_10rounds_20260905_run01/round_004/collections/round_004_caption_tts_rollout.output.jsonl
4,TTS,random440_expressivespeech_171,7,340,codec_frames,/data/L202500147/Caption/DualISL_Train_RewardV3/runs/midasheng_7b_reward_v3_10rounds_20260905_run01/round_004/collections/round_004_caption_tts_rollout.output.jsonl
4,TTS,random440_expressivespeech_052,0,437,codec_frames,/data/L202500147/Caption/DualISL_Train_RewardV3/runs/midasheng_7b_reward_v3_10rounds_20260905_run01/round_004/collections/round_004_caption_tts_rollout.output.jsonl
4,TTS,random440_deear_059,1,146,codec_frames,/data/L202500147/Caption/DualISL_Train_RewardV3/runs/midasheng_7b_reward_v3_10rounds_20260905_run01/round_004/collections/round_004_caption_tts_rollout.output.jsonl
4,TTS,random440_expressivespeech_203,2,170,codec_frames,/data/L202500147/Caption/DualISL_Train_RewardV3/runs/midasheng_7b_reward_v3_10rounds_20260905_run01/round_004/collections/round_004_caption_tts_rollout.output.jsonl
4,TTS,random440_expressivespeech_201,3,226,codec_frames,/data/L202500147/Caption/DualISL_Train_RewardV3/runs/midasheng_7b_reward_v3_10rounds_20260905_run01/round_004/collections/round_004_caption_tts_rollout.output.jsonl
4,TTS,random440_deear_085,4,622,codec_frames,/data/L202500147/Caption/DualISL_Train_RewardV3/runs/midasheng_7b_reward_v3_10rounds_20260905_run01/round_004/collections/round_004_caption_tts_rollout.output.jsonl
4,TTS,random440_expressivespeech_189,5,321,codec_frames,/data/L202500147/Caption/DualISL_Train_RewardV3/runs/midasheng_7b_reward_v3_10rounds_20260905_run01/round_004/collections/round_004_caption_tts_rollout.output.jsonl
4,TTS,random440_expressivespeech_161,6,367,codec_frames,/data/L202500147/Caption/DualISL_Train_RewardV3/runs/midasheng_7b_reward_v3_10rounds_20260905_run01/round_004/collections/round_004_caption_tts_rollout.output.jsonl
4,TTS,random440_expressivespeech_117,7,648,codec_frames,/data/L202500147/Caption/DualISL_Train_RewardV3/runs/midasheng_7b_reward_v3_10rounds_20260905_run01/round_004/collections/round_004_caption_tts_rollout.output.jsonl
4,TTS,random440_expressivespeech_182,0,504,codec_frames,/data/L202500147/Caption/DualISL_Train_RewardV3/runs/midasheng_7b_reward_v3_10rounds_20260905_run01/round_004/collections/round_004_caption_tts_rollout.output.jsonl
4,TTS,random440_deear_001,1,261,codec_frames,/data/L202500147/Caption/DualISL_Train_RewardV3/runs/midasheng_7b_reward_v3_10rounds_20260905_run01/round_004/collections/round_004_caption_tts_rollout.output.jsonl
4,TTS,random440_expressivespeech_268,2,597,codec_frames,/data/L202500147/Caption/DualISL_Train_RewardV3/runs/midasheng_7b_reward_v3_10rounds_20260905_run01/round_004/collections/round_004_caption_tts_rollout.output.jsonl
4,TTS,random440_deear_099,3,95,codec_frames,/data/L202500147/Caption/DualISL_Train_RewardV3/runs/midasheng_7b_reward_v3_10rounds_20260905_run01/round_004/collections/round_004_caption_tts_rollout.output.jsonl
4,TTS,random440_expressivespeech_159,4,40,codec_frames,/data/L202500147/Caption/DualISL_Train_RewardV3/runs/midasheng_7b_reward_v3_10rounds_20260905_run01/round_004/collections/round_004_caption_tts_rollout.output.jsonl
4,TTS,random440_expressivespeech_276,5,841,codec_frames,/data/L202500147/Caption/DualISL_Train_RewardV3/runs/midasheng_7b_reward_v3_10rounds_20260905_run01/round_004/collections/round_004_caption_tts_rollout.output.jsonl
4,TTS,random440_expressivespeech_339,6,103,codec_frames,/data/L202500147/Caption/DualISL_Train_RewardV3/runs/midasheng_7b_reward_v3_10rounds_20260905_run01/round_004/collections/round_004_caption_tts_rollout.output.jsonl
4,TTS,random440_expressivespeech_299,7,734,codec_frames,/data/L202500147/Caption/DualISL_Train_RewardV3/runs/midasheng_7b_reward_v3_10rounds_20260905_run01/round_004/collections/round_004_caption_tts_rollout.output.jsonl
4,TTS,random440_expressivespeech_253,0,117,codec_frames,/data/L202500147/Caption/DualISL_Train_RewardV3/runs/midasheng_7b_reward_v3_10rounds_20260905_run01/round_004/collections/round_004_caption_tts_rollout.output.jsonl
4,TTS,random440_deear_076,1,369,codec_frames,/data/L202500147/Caption/DualISL_Train_RewardV3/runs/midasheng_7b_reward_v3_10rounds_20260905_run01/round_004/collections/round_004_caption_tts_rollout.output.jsonl
4,TTS,random440_deear_007,2,180,codec_frames,/data/L202500147/Caption/DualISL_Train_RewardV3/runs/midasheng_7b_reward_v3_10rounds_20260905_run01/round_004/collections/round_004_caption_tts_rollout.output.jsonl
4,TTS,random440_expressivespeech_051,3,428,codec_frames,/data/L202500147/Caption/DualISL_Train_RewardV3/runs/midasheng_7b_reward_v3_10rounds_20260905_run01/round_004/collections/round_004_caption_tts_rollout.output.jsonl
4,TTS,random440_expressivespeech_177,4,186,codec_frames,/data/L202500147/Caption/DualISL_Train_RewardV3/runs/midasheng_7b_reward_v3_10rounds_20260905_run01/round_004/collections/round_004_caption_tts_rollout.output.jsonl
4,TTS,random440_expressivespeech_132,5,557,codec_frames,/data/L202500147/Caption/DualISL_Train_RewardV3/runs/midasheng_7b_reward_v3_10rounds_20260905_run01/round_004/collections/round_004_caption_tts_rollout.output.jsonl
4,TTS,random440_expressivespeech_134,6,236,codec_frames,/data/L202500147/Caption/DualISL_Train_RewardV3/runs/midasheng_7b_reward_v3_10rounds_20260905_run01/round_004/collections/round_004_caption_tts_rollout.output.jsonl
4,TTS,random440_deear_041,7,325,codec_frames,/data/L202500147/Caption/DualISL_Train_RewardV3/runs/midasheng_7b_reward_v3_10rounds_20260905_run01/round_004/collections/round_004_caption_tts_rollout.output.jsonl
4,TTS,random440_expressivespeech_300,0,264,codec_frames,/data/L202500147/Caption/DualISL_Train_RewardV3/runs/midasheng_7b_reward_v3_10rounds_20260905_run01/round_004/collections/round_004_caption_tts_rollout.output.jsonl
4,TTS,random440_expressivespeech_302,1,90,codec_frames,/data/L202500147/Caption/DualISL_Train_RewardV3/runs/midasheng_7b_reward_v3_10rounds_20260905_run01/round_004/collections/round_004_caption_tts_rollout.output.jsonl
4,TTS,random440_deear_097,2,95,codec_frames,/data/L202500147/Caption/DualISL_Train_RewardV3/runs/midasheng_7b_reward_v3_10rounds_20260905_run01/round_004/collections/round_004_caption_tts_rollout.output.jsonl
4,TTS,random440_deear_073,3,93,codec_frames,/data/L202500147/Caption/DualISL_Train_RewardV3/runs/midasheng_7b_reward_v3_10rounds_20260905_run01/round_004/collections/round_004_caption_tts_rollout.output.jsonl
4,TTS,random440_deear_029,4,117,codec_frames,/data/L202500147/Caption/DualISL_Train_RewardV3/runs/midasheng_7b_reward_v3_10rounds_20260905_run01/round_004/collections/round_004_caption_tts_rollout.output.jsonl
4,TTS,random440_deear_060,5,104,codec_frames,/data/L202500147/Caption/DualISL_Train_RewardV3/runs/midasheng_7b_reward_v3_10rounds_20260905_run01/round_004/collections/round_004_caption_tts_rollout.output.jsonl
4,TTS,random440_expressivespeech_190,6,49,codec_frames,/data/L202500147/Caption/DualISL_Train_RewardV3/runs/midasheng_7b_reward_v3_10rounds_20260905_run01/round_004/collections/round_004_caption_tts_rollout.output.jsonl
4,TTS,random440_expressivespeech_198,7,287,codec_frames,/data/L202500147/Caption/DualISL_Train_RewardV3/runs/midasheng_7b_reward_v3_10rounds_20260905_run01/round_004/collections/round_004_caption_tts_rollout.output.jsonl
4,TTS,random440_deear_088,0,557,codec_frames,/data/L202500147/Caption/DualISL_Train_RewardV3/runs/midasheng_7b_reward_v3_10rounds_20260905_run01/round_004/collections/round_004_caption_tts_rollout.output.jsonl
4,TTS,random440_expressivespeech_331,1,439,codec_frames,/data/L202500147/Caption/DualISL_Train_RewardV3/runs/midasheng_7b_reward_v3_10rounds_20260905_run01/round_004/collections/round_004_caption_tts_rollout.output.jsonl
4,TTS,random440_expressivespeech_273,2,172,codec_frames,/data/L202500147/Caption/DualISL_Train_RewardV3/runs/midasheng_7b_reward_v3_10rounds_20260905_run01/round_004/collections/round_004_caption_tts_rollout.output.jsonl
4,TTS,random440_expressivespeech_141,3,1088,codec_frames,/data/L202500147/Caption/DualISL_Train_RewardV3/runs/midasheng_7b_reward_v3_10rounds_20260905_run01/round_004/collections/round_004_caption_tts_rollout.output.jsonl
4,TTS,random440_expressivespeech_156,4,110,codec_frames,/data/L202500147/Caption/DualISL_Train_RewardV3/runs/midasheng_7b_reward_v3_10rounds_20260905_run01/round_004/collections/round_004_caption_tts_rollout.output.jsonl
4,TTS,random440_expressivespeech_058,5,154,codec_frames,/data/L202500147/Caption/DualISL_Train_RewardV3/runs/midasheng_7b_reward_v3_10rounds_20260905_run01/round_004/collections/round_004_caption_tts_rollout.output.jsonl
4,TTS,random440_expressivespeech_214,6,186,codec_frames,/data/L202500147/Caption/DualISL_Train_RewardV3/runs/midasheng_7b_reward_v3_10rounds_20260905_run01/round_004/collections/round_004_caption_tts_rollout.output.jsonl
4,TTS,random440_expressivespeech_049,7,324,codec_frames,/data/L202500147/Caption/DualISL_Train_RewardV3/runs/midasheng_7b_reward_v3_10rounds_20260905_run01/round_004/collections/round_004_caption_tts_rollout.output.jsonl
4,TTS,random440_expressivespeech_332,0,113,codec_frames,/data/L202500147/Caption/DualISL_Train_RewardV3/runs/midasheng_7b_reward_v3_10rounds_20260905_run01/round_004/collections/round_004_caption_tts_rollout.output.jsonl
4,TTS,random440_expressivespeech_284,1,170,codec_frames,/data/L202500147/Caption/DualISL_Train_RewardV3/runs/midasheng_7b_reward_v3_10rounds_20260905_run01/round_004/collections/round_004_caption_tts_rollout.output.jsonl
4,TTS,random440_deear_091,2,414,codec_frames,/data/L202500147/Caption/DualISL_Train_RewardV3/runs/midasheng_7b_reward_v3_10rounds_20260905_run01/round_004/collections/round_004_caption_tts_rollout.output.jsonl
4,TTS,random440_expressivespeech_172,3,737,codec_frames,/data/L202500147/Caption/DualISL_Train_RewardV3/runs/midasheng_7b_reward_v3_10rounds_20260905_run01/round_004/collections/round_004_caption_tts_rollout.output.jsonl
4,TTS,random440_expressivespeech_139,4,515,codec_frames,/data/L202500147/Caption/DualISL_Train_RewardV3/runs/midasheng_7b_reward_v3_10rounds_20260905_run01/round_004/collections/round_004_caption_tts_rollout.output.jsonl
4,TTS,random440_expressivespeech_193,5,564,codec_frames,/data/L202500147/Caption/DualISL_Train_RewardV3/runs/midasheng_7b_reward_v3_10rounds_20260905_run01/round_004/collections/round_004_caption_tts_rollout.output.jsonl
4,TTS,random440_expressivespeech_232,6,66,codec_frames,/data/L202500147/Caption/DualISL_Train_RewardV3/runs/midasheng_7b_reward_v3_10rounds_20260905_run01/round_004/collections/round_004_caption_tts_rollout.output.jsonl
4,TTS,random440_expressivespeech_236,7,1287,codec_frames,/data/L202500147/Caption/DualISL_Train_RewardV3/runs/midasheng_7b_reward_v3_10rounds_20260905_run01/round_004/collections/round_004_caption_tts_rollout.output.jsonl
4,TTS,random440_expressivespeech_229,0,1376,codec_frames,/data/L202500147/Caption/DualISL_Train_RewardV3/runs/midasheng_7b_reward_v3_10rounds_20260905_run01/round_004/collections/round_004_caption_tts_rollout.output.jsonl
4,TTS,random440_expressivespeech_030,1,161,codec_frames,/data/L202500147/Caption/DualISL_Train_RewardV3/runs/midasheng_7b_reward_v3_10rounds_20260905_run01/round_004/collections/round_004_caption_tts_rollout.output.jsonl
4,TTS,random440_deear_043,2,304,codec_frames,/data/L202500147/Caption/DualISL_Train_RewardV3/runs/midasheng_7b_reward_v3_10rounds_20260905_run01/round_004/collections/round_004_caption_tts_rollout.output.jsonl
4,TTS,random440_expressivespeech_061,3,68,codec_frames,/data/L202500147/Caption/DualISL_Train_RewardV3/runs/midasheng_7b_reward_v3_10rounds_20260905_run01/round_004/collections/round_004_caption_tts_rollout.output.jsonl
4,TTS,random440_expressivespeech_142,4,97,codec_frames,/data/L202500147/Caption/DualISL_Train_RewardV3/runs/midasheng_7b_reward_v3_10rounds_20260905_run01/round_004/collections/round_004_caption_tts_rollout.output.jsonl
4,TTS,random440_expressivespeech_092,5,233,codec_frames,/data/L202500147/Caption/DualISL_Train_RewardV3/runs/midasheng_7b_reward_v3_10rounds_20260905_run01/round_004/collections/round_004_caption_tts_rollout.output.jsonl
4,TTS,random440_expressivespeech_322,6,65,codec_frames,/data/L202500147/Caption/DualISL_Train_RewardV3/runs/midasheng_7b_reward_v3_10rounds_20260905_run01/round_004/collections/round_004_caption_tts_rollout.output.jsonl
4,TTS,random440_expressivespeech_040,7,72,codec_frames,/data/L202500147/Caption/DualISL_Train_RewardV3/runs/midasheng_7b_reward_v3_10rounds_20260905_run01/round_004/collections/round_004_caption_tts_rollout.output.jsonl
4,TTS,random440_deear_036,0,112,codec_frames,/data/L202500147/Caption/DualISL_Train_RewardV3/runs/midasheng_7b_reward_v3_10rounds_20260905_run01/round_004/collections/round_004_caption_tts_rollout.output.jsonl
4,TTS,random440_expressivespeech_097,1,116,codec_frames,/data/L202500147/Caption/DualISL_Train_RewardV3/runs/midasheng_7b_reward_v3_10rounds_20260905_run01/round_004/collections/round_004_caption_tts_rollout.output.jsonl
4,TTS,random440_expressivespeech_308,2,261,codec_frames,/data/L202500147/Caption/DualISL_Train_RewardV3/runs/midasheng_7b_reward_v3_10rounds_20260905_run01/round_004/collections/round_004_caption_tts_rollout.output.jsonl
4,TTS,random440_expressivespeech_224,3,309,codec_frames,/data/L202500147/Caption/DualISL_Train_RewardV3/runs/midasheng_7b_reward_v3_10rounds_20260905_run01/round_004/collections/round_004_caption_tts_rollout.output.jsonl
4,TTS,random440_expressivespeech_062,4,179,codec_frames,/data/L202500147/Caption/DualISL_Train_RewardV3/runs/midasheng_7b_reward_v3_10rounds_20260905_run01/round_004/collections/round_004_caption_tts_rollout.output.jsonl
4,TTS,random440_expressivespeech_275,5,84,codec_frames,/data/L202500147/Caption/DualISL_Train_RewardV3/runs/midasheng_7b_reward_v3_10rounds_20260905_run01/round_004/collections/round_004_caption_tts_rollout.output.jsonl
4,TTS,random440_expressivespeech_174,6,594,codec_frames,/data/L202500147/Caption/DualISL_Train_RewardV3/runs/midasheng_7b_reward_v3_10rounds_20260905_run01/round_004/collections/round_004_caption_tts_rollout.output.jsonl
4,TTS,random440_expressivespeech_258,7,269,codec_frames,/data/L202500147/Caption/DualISL_Train_RewardV3/runs/midasheng_7b_reward_v3_10rounds_20260905_run01/round_004/collections/round_004_caption_tts_rollout.output.jsonl
4,TTS,random440_expressivespeech_335,0,252,codec_frames,/data/L202500147/Caption/DualISL_Train_RewardV3/runs/midasheng_7b_reward_v3_10rounds_20260905_run01/round_004/collections/round_004_caption_tts_rollout.output.jsonl
4,TTS,random440_expressivespeech_212,1,570,codec_frames,/data/L202500147/Caption/DualISL_Train_RewardV3/runs/midasheng_7b_reward_v3_10rounds_20260905_run01/round_004/collections/round_004_caption_tts_rollout.output.jsonl
4,TTS,random440_expressivespeech_006,2,287,codec_frames,/data/L202500147/Caption/DualISL_Train_RewardV3/runs/midasheng_7b_reward_v3_10rounds_20260905_run01/round_004/collections/round_004_caption_tts_rollout.output.jsonl
4,TTS,random440_expressivespeech_250,3,1340,codec_frames,/data/L202500147/Caption/DualISL_Train_RewardV3/runs/midasheng_7b_reward_v3_10rounds_20260905_run01/round_004/collections/round_004_caption_tts_rollout.output.jsonl
4,TTS,random440_deear_046,4,75,codec_frames,/data/L202500147/Caption/DualISL_Train_RewardV3/runs/midasheng_7b_reward_v3_10rounds_20260905_run01/round_004/collections/round_004_caption_tts_rollout.output.jsonl
4,TTS,random440_expressivespeech_060,5,198,codec_frames,/data/L202500147/Caption/DualISL_Train_RewardV3/runs/midasheng_7b_reward_v3_10rounds_20260905_run01/round_004/collections/round_004_caption_tts_rollout.output.jsonl
4,TTS,random440_expressivespeech_029,6,345,codec_frames,/data/L202500147/Caption/DualISL_Train_RewardV3/runs/midasheng_7b_reward_v3_10rounds_20260905_run01/round_004/collections/round_004_caption_tts_rollout.output.jsonl
4,TTS,random440_expressivespeech_114,7,168,codec_frames,/data/L202500147/Caption/DualISL_Train_RewardV3/runs/midasheng_7b_reward_v3_10rounds_20260905_run01/round_004/collections/round_004_caption_tts_rollout.output.jsonl
4,TTS,random440_expressivespeech_125,0,611,codec_frames,/data/L202500147/Caption/DualISL_Train_RewardV3/runs/midasheng_7b_reward_v3_10rounds_20260905_run01/round_004/collections/round_004_caption_tts_rollout.output.jsonl
4,TTS,random440_expressivespeech_002,1,199,codec_frames,/data/L202500147/Caption/DualISL_Train_RewardV3/runs/midasheng_7b_reward_v3_10rounds_20260905_run01/round_004/collections/round_004_caption_tts_rollout.output.jsonl
4,TTS,random440_expressivespeech_119,2,80,codec_frames,/data/L202500147/Caption/DualISL_Train_RewardV3/runs/midasheng_7b_reward_v3_10rounds_20260905_run01/round_004/collections/round_004_caption_tts_rollout.output.jsonl
4,TTS,random440_expressivespeech_170,3,57,codec_frames,/data/L202500147/Caption/DualISL_Train_RewardV3/runs/midasheng_7b_reward_v3_10rounds_20260905_run01/round_004/collections/round_004_caption_tts_rollout.output.jsonl
4,TTS,random440_expressivespeech_297,4,118,codec_frames,/data/L202500147/Caption/DualISL_Train_RewardV3/runs/midasheng_7b_reward_v3_10rounds_20260905_run01/round_004/collections/round_004_caption_tts_rollout.output.jsonl
4,TTS,random440_expressivespeech_289,5,638,codec_frames,/data/L202500147/Caption/DualISL_Train_RewardV3/runs/midasheng_7b_reward_v3_10rounds_20260905_run01/round_004/collections/round_004_caption_tts_rollout.output.jsonl
4,TTS,random440_deear_067,6,30,codec_frames,/data/L202500147/Caption/DualISL_Train_RewardV3/runs/midasheng_7b_reward_v3_10rounds_20260905_run01/round_004/collections/round_004_caption_tts_rollout.output.jsonl
4,TTS,random440_expressivespeech_318,7,758,codec_frames,/data/L202500147/Caption/DualISL_Train_RewardV3/runs/midasheng_7b_reward_v3_10rounds_20260905_run01/round_004/collections/round_004_caption_tts_rollout.output.jsonl
4,TTS,random440_expressivespeech_278,0,85,codec_frames,/data/L202500147/Caption/DualISL_Train_RewardV3/runs/midasheng_7b_reward_v3_10rounds_20260905_run01/round_004/collections/round_004_caption_tts_rollout.output.jsonl
4,TTS,random440_expressivespeech_075,1,671,codec_frames,/data/L202500147/Caption/DualISL_Train_RewardV3/runs/midasheng_7b_reward_v3_10rounds_20260905_run01/round_004/collections/round_004_caption_tts_rollout.output.jsonl
4,TTS,random440_expressivespeech_039,2,494,codec_frames,/data/L202500147/Caption/DualISL_Train_RewardV3/runs/midasheng_7b_reward_v3_10rounds_20260905_run01/round_004/collections/round_004_caption_tts_rollout.output.jsonl
4,TTS,random440_deear_028,3,120,codec_frames,/data/L202500147/Caption/DualISL_Train_RewardV3/runs/midasheng_7b_reward_v3_10rounds_20260905_run01/round_004/collections/round_004_caption_tts_rollout.output.jsonl
4,TTS,random440_deear_045,4,97,codec_frames,/data/L202500147/Caption/DualISL_Train_RewardV3/runs/midasheng_7b_reward_v3_10rounds_20260905_run01/round_004/collections/round_004_caption_tts_rollout.output.jsonl
4,TTS,random440_expressivespeech_018,5,1855,codec_frames,/data/L202500147/Caption/DualISL_Train_RewardV3/runs/midasheng_7b_reward_v3_10rounds_20260905_run01/round_004/collections/round_004_caption_tts_rollout.output.jsonl
4,TTS,random440_expressivespeech_234,6,139,codec_frames,/data/L202500147/Caption/DualISL_Train_RewardV3/runs/midasheng_7b_reward_v3_10rounds_20260905_run01/round_004/collections/round_004_caption_tts_rollout.output.jsonl
4,TTS,random440_expressivespeech_118,7,642,codec_frames,/data/L202500147/Caption/DualISL_Train_RewardV3/runs/midasheng_7b_reward_v3_10rounds_20260905_run01/round_004/collections/round_004_caption_tts_rollout.output.jsonl
4,TTS,random440_expressivespeech_257,0,360,codec_frames,/data/L202500147/Caption/DualISL_Train_RewardV3/runs/midasheng_7b_reward_v3_10rounds_20260905_run01/round_004/collections/round_004_caption_tts_rollout.output.jsonl
4,TTS,random440_expressivespeech_262,1,174,codec_frames,/data/L202500147/Caption/DualISL_Train_RewardV3/runs/midasheng_7b_reward_v3_10rounds_20260905_run01/round_004/collections/round_004_caption_tts_rollout.output.jsonl
4,TTS,random440_expressivespeech_077,2,873,codec_frames,/data/L202500147/Caption/DualISL_Train_RewardV3/runs/midasheng_7b_reward_v3_10rounds_20260905_run01/round_004/collections/round_004_caption_tts_rollout.output.jsonl
4,TTS,random440_expressivespeech_221,3,302,codec_frames,/data/L202500147/Caption/DualISL_Train_RewardV3/runs/midasheng_7b_reward_v3_10rounds_20260905_run01/round_004/collections/round_004_caption_tts_rollout.output.jsonl
4,TTS,random440_deear_051,4,542,codec_frames,/data/L202500147/Caption/DualISL_Train_RewardV3/runs/midasheng_7b_reward_v3_10rounds_20260905_run01/round_004/collections/round_004_caption_tts_rollout.output.jsonl
4,TTS,random440_expressivespeech_130,5,842,codec_frames,/data/L202500147/Caption/DualISL_Train_RewardV3/runs/midasheng_7b_reward_v3_10rounds_20260905_run01/round_004/collections/round_004_caption_tts_rollout.output.jsonl
4,TTS,random440_deear_081,6,114,codec_frames,/data/L202500147/Caption/DualISL_Train_RewardV3/runs/midasheng_7b_reward_v3_10rounds_20260905_run01/round_004/collections/round_004_caption_tts_rollout.output.jsonl
4,TTS,random440_expressivespeech_213,7,89,codec_frames,/data/L202500147/Caption/DualISL_Train_RewardV3/runs/midasheng_7b_reward_v3_10rounds_20260905_run01/round_004/collections/round_004_caption_tts_rollout.output.jsonl
4,TTS,random440_expressivespeech_173,0,70,codec_frames,/data/L202500147/Caption/DualISL_Train_RewardV3/runs/midasheng_7b_reward_v3_10rounds_20260905_run01/round_004/collections/round_004_caption_tts_rollout.output.jsonl
4,TTS,random440_deear_027,1,194,codec_frames,/data/L202500147/Caption/DualISL_Train_RewardV3/runs/midasheng_7b_reward_v3_10rounds_20260905_run01/round_004/collections/round_004_caption_tts_rollout.output.jsonl
4,TTS,random440_expressivespeech_059,2,185,codec_frames,/data/L202500147/Caption/DualISL_Train_RewardV3/runs/midasheng_7b_reward_v3_10rounds_20260905_run01/round_004/collections/round_004_caption_tts_rollout.output.jsonl
4,TTS,random440_expressivespeech_248,3,260,codec_frames,/data/L202500147/Caption/DualISL_Train_RewardV3/runs/midasheng_7b_reward_v3_10rounds_20260905_run01/round_004/collections/round_004_caption_tts_rollout.output.jsonl
4,TTS,random440_expressivespeech_108,4,1138,codec_frames,/data/L202500147/Caption/DualISL_Train_RewardV3/runs/midasheng_7b_reward_v3_10rounds_20260905_run01/round_004/collections/round_004_caption_tts_rollout.output.jsonl
4,TTS,random440_expressivespeech_116,5,716,codec_frames,/data/L202500147/Caption/DualISL_Train_RewardV3/runs/midasheng_7b_reward_v3_10rounds_20260905_run01/round_004/collections/round_004_caption_tts_rollout.output.jsonl
4,TTS,random440_deear_065,6,378,codec_frames,/data/L202500147/Caption/DualISL_Train_RewardV3/runs/midasheng_7b_reward_v3_10rounds_20260905_run01/round_004/collections/round_004_caption_tts_rollout.output.jsonl
4,TTS,random440_expressivespeech_131,7,96,codec_frames,/data/L202500147/Caption/DualISL_Train_RewardV3/runs/midasheng_7b_reward_v3_10rounds_20260905_run01/round_004/collections/round_004_caption_tts_rollout.output.jsonl
4,TTS,random440_expressivespeech_320,0,156,codec_frames,/data/L202500147/Caption/DualISL_Train_RewardV3/runs/midasheng_7b_reward_v3_10rounds_20260905_run01/round_004/collections/round_004_caption_tts_rollout.output.jsonl
4,TTS,random440_expressivespeech_330,1,923,codec_frames,/data/L202500147/Caption/DualISL_Train_RewardV3/runs/midasheng_7b_reward_v3_10rounds_20260905_run01/round_004/collections/round_004_caption_tts_rollout.output.jsonl
4,TTS,random440_expressivespeech_104,2,186,codec_frames,/data/L202500147/Caption/DualISL_Train_RewardV3/runs/midasheng_7b_reward_v3_10rounds_20260905_run01/round_004/collections/round_004_caption_tts_rollout.output.jsonl
4,TTS,random440_expressivespeech_032,3,262,codec_frames,/data/L202500147/Caption/DualISL_Train_RewardV3/runs/midasheng_7b_reward_v3_10rounds_20260905_run01/round_004/collections/round_004_caption_tts_rollout.output.jsonl
4,TTS,random440_deear_098,4,558,codec_frames,/data/L202500147/Caption/DualISL_Train_RewardV3/runs/midasheng_7b_reward_v3_10rounds_20260905_run01/round_004/collections/round_004_caption_tts_rollout.output.jsonl
4,TTS,random440_expressivespeech_305,5,243,codec_frames,/data/L202500147/Caption/DualISL_Train_RewardV3/runs/midasheng_7b_reward_v3_10rounds_20260905_run01/round_004/collections/round_004_caption_tts_rollout.output.jsonl
4,TTS,random440_expressivespeech_106,6,114,codec_frames,/data/L202500147/Caption/DualISL_Train_RewardV3/runs/midasheng_7b_reward_v3_10rounds_20260905_run01/round_004/collections/round_004_caption_tts_rollout.output.jsonl
4,TTS,random440_expressivespeech_324,7,346,codec_frames,/data/L202500147/Caption/DualISL_Train_RewardV3/runs/midasheng_7b_reward_v3_10rounds_20260905_run01/round_004/collections/round_004_caption_tts_rollout.output.jsonl
4,TTS,random440_deear_100,0,282,codec_frames,/data/L202500147/Caption/DualISL_Train_RewardV3/runs/midasheng_7b_reward_v3_10rounds_20260905_run01/round_004/collections/round_004_caption_tts_rollout.output.jsonl
4,TTS,random440_deear_004,1,1460,codec_frames,/data/L202500147/Caption/DualISL_Train_RewardV3/runs/midasheng_7b_reward_v3_10rounds_20260905_run01/round_004/collections/round_004_caption_tts_rollout.output.jsonl
4,TTS,random440_expressivespeech_066,2,249,codec_frames,/data/L202500147/Caption/DualISL_Train_RewardV3/runs/midasheng_7b_reward_v3_10rounds_20260905_run01/round_004/collections/round_004_caption_tts_rollout.output.jsonl
4,TTS,random440_expressivespeech_240,3,420,codec_frames,/data/L202500147/Caption/DualISL_Train_RewardV3/runs/midasheng_7b_reward_v3_10rounds_20260905_run01/round_004/collections/round_004_caption_tts_rollout.output.jsonl
4,TTS,random440_expressivespeech_166,4,87,codec_frames,/data/L202500147/Caption/DualISL_Train_RewardV3/runs/midasheng_7b_reward_v3_10rounds_20260905_run01/round_004/collections/round_004_caption_tts_rollout.output.jsonl
4,TTS,random440_expressivespeech_034,5,87,codec_frames,/data/L202500147/Caption/DualISL_Train_RewardV3/runs/midasheng_7b_reward_v3_10rounds_20260905_run01/round_004/collections/round_004_caption_tts_rollout.output.jsonl
4,TTS,random440_expressivespeech_151,6,700,codec_frames,/data/L202500147/Caption/DualISL_Train_RewardV3/runs/midasheng_7b_reward_v3_10rounds_20260905_run01/round_004/collections/round_004_caption_tts_rollout.output.jsonl
4,TTS,random440_expressivespeech_328,7,225,codec_frames,/data/L202500147/Caption/DualISL_Train_RewardV3/runs/midasheng_7b_reward_v3_10rounds_20260905_run01/round_004/collections/round_004_caption_tts_rollout.output.jsonl
4,TTS,random440_expressivespeech_306,0,128,codec_frames,/data/L202500147/Caption/DualISL_Train_RewardV3/runs/midasheng_7b_reward_v3_10rounds_20260905_run01/round_004/collections/round_004_caption_tts_rollout.output.jsonl
4,TTS,random440_expressivespeech_274,1,752,codec_frames,/data/L202500147/Caption/DualISL_Train_RewardV3/runs/midasheng_7b_reward_v3_10rounds_20260905_run01/round_004/collections/round_004_caption_tts_rollout.output.jsonl
4,TTS,random440_expressivespeech_023,2,196,codec_frames,/data/L202500147/Caption/DualISL_Train_RewardV3/runs/midasheng_7b_reward_v3_10rounds_20260905_run01/round_004/collections/round_004_caption_tts_rollout.output.jsonl
4,TTS,random440_expressivespeech_226,3,116,codec_frames,/data/L202500147/Caption/DualISL_Train_RewardV3/runs/midasheng_7b_reward_v3_10rounds_20260905_run01/round_004/collections/round_004_caption_tts_rollout.output.jsonl
4,TTS,random440_deear_018,4,350,codec_frames,/data/L202500147/Caption/DualISL_Train_RewardV3/runs/midasheng_7b_reward_v3_10rounds_20260905_run01/round_004/collections/round_004_caption_tts_rollout.output.jsonl
4,TTS,random440_expressivespeech_247,5,799,codec_frames,/data/L202500147/Caption/DualISL_Train_RewardV3/runs/midasheng_7b_reward_v3_10rounds_20260905_run01/round_004/collections/round_004_caption_tts_rollout.output.jsonl
4,TTS,random440_expressivespeech_196,6,301,codec_frames,/data/L202500147/Caption/DualISL_Train_RewardV3/runs/midasheng_7b_reward_v3_10rounds_20260905_run01/round_004/collections/round_004_caption_tts_rollout.output.jsonl
4,TTS,random440_expressivespeech_042,7,398,codec_frames,/data/L202500147/Caption/DualISL_Train_RewardV3/runs/midasheng_7b_reward_v3_10rounds_20260905_run01/round_004/collections/round_004_caption_tts_rollout.output.jsonl
4,TTS,random440_expressivespeech_033,0,98,codec_frames,/data/L202500147/Caption/DualISL_Train_RewardV3/runs/midasheng_7b_reward_v3_10rounds_20260905_run01/round_004/collections/round_004_caption_tts_rollout.output.jsonl
4,TTS,random440_deear_061,1,693,codec_frames,/data/L202500147/Caption/DualISL_Train_RewardV3/runs/midasheng_7b_reward_v3_10rounds_20260905_run01/round_004/collections/round_004_caption_tts_rollout.output.jsonl
4,TTS,random440_deear_020,2,488,codec_frames,/data/L202500147/Caption/DualISL_Train_RewardV3/runs/midasheng_7b_reward_v3_10rounds_20260905_run01/round_004/collections/round_004_caption_tts_rollout.output.jsonl
4,TTS,random440_deear_021,3,38,codec_frames,/data/L202500147/Caption/DualISL_Train_RewardV3/runs/midasheng_7b_reward_v3_10rounds_20260905_run01/round_004/collections/round_004_caption_tts_rollout.output.jsonl
4,TTS,random440_expressivespeech_153,4,202,codec_frames,/data/L202500147/Caption/DualISL_Train_RewardV3/runs/midasheng_7b_reward_v3_10rounds_20260905_run01/round_004/collections/round_004_caption_tts_rollout.output.jsonl
4,TTS,random440_expressivespeech_241,5,129,codec_frames,/data/L202500147/Caption/DualISL_Train_RewardV3/runs/midasheng_7b_reward_v3_10rounds_20260905_run01/round_004/collections/round_004_caption_tts_rollout.output.jsonl
4,TTS,random440_deear_058,6,111,codec_frames,/data/L202500147/Caption/DualISL_Train_RewardV3/runs/midasheng_7b_reward_v3_10rounds_20260905_run01/round_004/collections/round_004_caption_tts_rollout.output.jsonl
4,TTS,random440_expressivespeech_218,7,144,codec_frames,/data/L202500147/Caption/DualISL_Train_RewardV3/runs/midasheng_7b_reward_v3_10rounds_20260905_run01/round_004/collections/round_004_caption_tts_rollout.output.jsonl
4,TTS,random440_expressivespeech_337,0,194,codec_frames,/data/L202500147/Caption/DualISL_Train_RewardV3/runs/midasheng_7b_reward_v3_10rounds_20260905_run01/round_004/collections/round_004_caption_tts_rollout.output.jsonl
4,TTS,random440_expressivespeech_288,1,207,codec_frames,/data/L202500147/Caption/DualISL_Train_RewardV3/runs/midasheng_7b_reward_v3_10rounds_20260905_run01/round_004/collections/round_004_caption_tts_rollout.output.jsonl
4,TTS,random440_deear_068,2,67,codec_frames,/data/L202500147/Caption/DualISL_Train_RewardV3/runs/midasheng_7b_reward_v3_10rounds_20260905_run01/round_004/collections/round_004_caption_tts_rollout.output.jsonl
4,TTS,random440_expressivespeech_325,3,236,codec_frames,/data/L202500147/Caption/DualISL_Train_RewardV3/runs/midasheng_7b_reward_v3_10rounds_20260905_run01/round_004/collections/round_004_caption_tts_rollout.output.jsonl
4,TTS,random440_deear_089,4,274,codec_frames,/data/L202500147/Caption/DualISL_Train_RewardV3/runs/midasheng_7b_reward_v3_10rounds_20260905_run01/round_004/collections/round_004_caption_tts_rollout.output.jsonl
4,TTS,random440_expressivespeech_036,5,213,codec_frames,/data/L202500147/Caption/DualISL_Train_RewardV3/runs/midasheng_7b_reward_v3_10rounds_20260905_run01/round_004/collections/round_004_caption_tts_rollout.output.jsonl
4,TTS,random440_expressivespeech_048,6,63,codec_frames,/data/L202500147/Caption/DualISL_Train_RewardV3/runs/midasheng_7b_reward_v3_10rounds_20260905_run01/round_004/collections/round_004_caption_tts_rollout.output.jsonl
4,TTS,random440_expressivespeech_064,7,47,codec_frames,/data/L202500147/Caption/DualISL_Train_RewardV3/runs/midasheng_7b_reward_v3_10rounds_20260905_run01/round_004/collections/round_004_caption_tts_rollout.output.jsonl
4,TTS,random440_expressivespeech_327,0,571,codec_frames,/data/L202500147/Caption/DualISL_Train_RewardV3/runs/midasheng_7b_reward_v3_10rounds_20260905_run01/round_004/collections/round_004_caption_tts_rollout.output.jsonl
4,TTS,random440_deear_017,1,140,codec_frames,/data/L202500147/Caption/DualISL_Train_RewardV3/runs/midasheng_7b_reward_v3_10rounds_20260905_run01/round_004/collections/round_004_caption_tts_rollout.output.jsonl
4,TTS,random440_deear_075,2,168,codec_frames,/data/L202500147/Caption/DualISL_Train_RewardV3/runs/midasheng_7b_reward_v3_10rounds_20260905_run01/round_004/collections/round_004_caption_tts_rollout.output.jsonl
4,TTS,random440_expressivespeech_269,3,195,codec_frames,/data/L202500147/Caption/DualISL_Train_RewardV3/runs/midasheng_7b_reward_v3_10rounds_20260905_run01/round_004/collections/round_004_caption_tts_rollout.output.jsonl
5,Captioner,random440_expressivespeech_287,0,689,sampled_tokens,/data/L202500147/Caption/DualISL_Train_RewardV3/runs/midasheng_7b_reward_v3_10rounds_20260905_run01/round_005/collections/round_005_audio_caption_rollout.output.jsonl
5,Captioner,random440_expressivespeech_245,1,725,sampled_tokens,/data/L202500147/Caption/DualISL_Train_RewardV3/runs/midasheng_7b_reward_v3_10rounds_20260905_run01/round_005/collections/round_005_audio_caption_rollout.output.jsonl
5,Captioner,random440_expressivespeech_304,2,761,sampled_tokens,/data/L202500147/Caption/DualISL_Train_RewardV3/runs/midasheng_7b_reward_v3_10rounds_20260905_run01/round_005/collections/round_005_audio_caption_rollout.output.jsonl
5,Captioner,random440_expressivespeech_178,3,643,sampled_tokens,/data/L202500147/Caption/DualISL_Train_RewardV3/runs/midasheng_7b_reward_v3_10rounds_20260905_run01/round_005/collections/round_005_audio_caption_rollout.output.jsonl
5,Captioner,random440_deear_090,4,538,sampled_tokens,/data/L202500147/Caption/DualISL_Train_RewardV3/runs/midasheng_7b_reward_v3_10rounds_20260905_run01/round_005/collections/round_005_audio_caption_rollout.output.jsonl
5,Captioner,random440_expressivespeech_017,5,828,sampled_tokens,/data/L202500147/Caption/DualISL_Train_RewardV3/runs/midasheng_7b_reward_v3_10rounds_20260905_run01/round_005/collections/round_005_audio_caption_rollout.output.jsonl
5,Captioner,random440_expressivespeech_326,6,768,sampled_tokens,/data/L202500147/Caption/DualISL_Train_RewardV3/runs/midasheng_7b_reward_v3_10rounds_20260905_run01/round_005/collections/round_005_audio_caption_rollout.output.jsonl
5,Captioner,random440_expressivespeech_283,7,635,sampled_tokens,/data/L202500147/Caption/DualISL_Train_RewardV3/runs/midasheng_7b_reward_v3_10rounds_20260905_run01/round_005/collections/round_005_audio_caption_rollout.output.jsonl
5,Captioner,random440_expressivespeech_004,0,614,sampled_tokens,/data/L202500147/Caption/DualISL_Train_RewardV3/runs/midasheng_7b_reward_v3_10rounds_20260905_run01/round_005/collections/round_005_audio_caption_rollout.output.jsonl
5,Captioner,random440_expressivespeech_192,1,429,sampled_tokens,/data/L202500147/Caption/DualISL_Train_RewardV3/runs/midasheng_7b_reward_v3_10rounds_20260905_run01/round_005/collections/round_005_audio_caption_rollout.output.jsonl
5,Captioner,random440_deear_093,2,698,sampled_tokens,/data/L202500147/Caption/DualISL_Train_RewardV3/runs/midasheng_7b_reward_v3_10rounds_20260905_run01/round_005/collections/round_005_audio_caption_rollout.output.jsonl
5,Captioner,random440_expressivespeech_079,3,683,sampled_tokens,/data/L202500147/Caption/DualISL_Train_RewardV3/runs/midasheng_7b_reward_v3_10rounds_20260905_run01/round_005/collections/round_005_audio_caption_rollout.output.jsonl
5,Captioner,random440_expressivespeech_122,4,618,sampled_tokens,/data/L202500147/Caption/DualISL_Train_RewardV3/runs/midasheng_7b_reward_v3_10rounds_20260905_run01/round_005/collections/round_005_audio_caption_rollout.output.jsonl
5,Captioner,random440_expressivespeech_183,5,831,sampled_tokens,/data/L202500147/Caption/DualISL_Train_RewardV3/runs/midasheng_7b_reward_v3_10rounds_20260905_run01/round_005/collections/round_005_audio_caption_rollout.output.jsonl
5,Captioner,random440_deear_086,6,659,sampled_tokens,/data/L202500147/Caption/DualISL_Train_RewardV3/runs/midasheng_7b_reward_v3_10rounds_20260905_run01/round_005/collections/round_005_audio_caption_rollout.output.jsonl
5,Captioner,random440_deear_044,7,694,sampled_tokens,/data/L202500147/Caption/DualISL_Train_RewardV3/runs/midasheng_7b_reward_v3_10rounds_20260905_run01/round_005/collections/round_005_audio_caption_rollout.output.jsonl
5,Captioner,random440_expressivespeech_158,0,663,sampled_tokens,/data/L202500147/Caption/DualISL_Train_RewardV3/runs/midasheng_7b_reward_v3_10rounds_20260905_run01/round_005/collections/round_005_audio_caption_rollout.output.jsonl
5,Captioner,random440_expressivespeech_271,1,585,sampled_tokens,/data/L202500147/Caption/DualISL_Train_RewardV3/runs/midasheng_7b_reward_v3_10rounds_20260905_run01/round_005/collections/round_005_audio_caption_rollout.output.jsonl
5,Captioner,random440_expressivespeech_225,2,628,sampled_tokens,/data/L202500147/Caption/DualISL_Train_RewardV3/runs/midasheng_7b_reward_v3_10rounds_20260905_run01/round_005/collections/round_005_audio_caption_rollout.output.jsonl
5,Captioner,random440_expressivespeech_176,3,679,sampled_tokens,/data/L202500147/Caption/DualISL_Train_RewardV3/runs/midasheng_7b_reward_v3_10rounds_20260905_run01/round_005/collections/round_005_audio_caption_rollout.output.jsonl
5,Captioner,random440_deear_070,4,734,sampled_tokens,/data/L202500147/Caption/DualISL_Train_RewardV3/runs/midasheng_7b_reward_v3_10rounds_20260905_run01/round_005/collections/round_005_audio_caption_rollout.output.jsonl
5,Captioner,random440_expressivespeech_043,5,801,sampled_tokens,/data/L202500147/Caption/DualISL_Train_RewardV3/runs/midasheng_7b_reward_v3_10rounds_20260905_run01/round_005/collections/round_005_audio_caption_rollout.output.jsonl
5,Captioner,random440_expressivespeech_154,6,952,sampled_tokens,/data/L202500147/Caption/DualISL_Train_RewardV3/runs/midasheng_7b_reward_v3_10rounds_20260905_run01/round_005/collections/round_005_audio_caption_rollout.output.jsonl
5,Captioner,random440_expressivespeech_249,7,915,sampled_tokens,/data/L202500147/Caption/DualISL_Train_RewardV3/runs/midasheng_7b_reward_v3_10rounds_20260905_run01/round_005/collections/round_005_audio_caption_rollout.output.jsonl
5,Captioner,random440_deear_072,0,467,sampled_tokens,/data/L202500147/Caption/DualISL_Train_RewardV3/runs/midasheng_7b_reward_v3_10rounds_20260905_run01/round_005/collections/round_005_audio_caption_rollout.output.jsonl
5,Captioner,random440_expressivespeech_050,1,750,sampled_tokens,/data/L202500147/Caption/DualISL_Train_RewardV3/runs/midasheng_7b_reward_v3_10rounds_20260905_run01/round_005/collections/round_005_audio_caption_rollout.output.jsonl
5,Captioner,random440_expressivespeech_046,2,635,sampled_tokens,/data/L202500147/Caption/DualISL_Train_RewardV3/runs/midasheng_7b_reward_v3_10rounds_20260905_run01/round_005/collections/round_005_audio_caption_rollout.output.jsonl
5,Captioner,random440_expressivespeech_011,3,533,sampled_tokens,/data/L202500147/Caption/DualISL_Train_RewardV3/runs/midasheng_7b_reward_v3_10rounds_20260905_run01/round_005/collections/round_005_audio_caption_rollout.output.jsonl
5,Captioner,random440_expressivespeech_167,4,463,sampled_tokens,/data/L202500147/Caption/DualISL_Train_RewardV3/runs/midasheng_7b_reward_v3_10rounds_20260905_run01/round_005/collections/round_005_audio_caption_rollout.output.jsonl
5,Captioner,random440_expressivespeech_227,5,967,sampled_tokens,/data/L202500147/Caption/DualISL_Train_RewardV3/runs/midasheng_7b_reward_v3_10rounds_20260905_run01/round_005/collections/round_005_audio_caption_rollout.output.jsonl
5,Captioner,random440_expressivespeech_175,6,651,sampled_tokens,/data/L202500147/Caption/DualISL_Train_RewardV3/runs/midasheng_7b_reward_v3_10rounds_20260905_run01/round_005/collections/round_005_audio_caption_rollout.output.jsonl
5,Captioner,random440_expressivespeech_160,7,723,sampled_tokens,/data/L202500147/Caption/DualISL_Train_RewardV3/runs/midasheng_7b_reward_v3_10rounds_20260905_run01/round_005/collections/round_005_audio_caption_rollout.output.jsonl
5,Captioner,random440_expressivespeech_202,0,765,sampled_tokens,/data/L202500147/Caption/DualISL_Train_RewardV3/runs/midasheng_7b_reward_v3_10rounds_20260905_run01/round_005/collections/round_005_audio_caption_rollout.output.jsonl
5,Captioner,random440_expressivespeech_314,1,551,sampled_tokens,/data/L202500147/Caption/DualISL_Train_RewardV3/runs/midasheng_7b_reward_v3_10rounds_20260905_run01/round_005/collections/round_005_audio_caption_rollout.output.jsonl
5,Captioner,random440_expressivespeech_238,2,584,sampled_tokens,/data/L202500147/Caption/DualISL_Train_RewardV3/runs/midasheng_7b_reward_v3_10rounds_20260905_run01/round_005/collections/round_005_audio_caption_rollout.output.jsonl
5,Captioner,random440_expressivespeech_179,3,705,sampled_tokens,/data/L202500147/Caption/DualISL_Train_RewardV3/runs/midasheng_7b_reward_v3_10rounds_20260905_run01/round_005/collections/round_005_audio_caption_rollout.output.jsonl
5,Captioner,random440_deear_054,4,624,sampled_tokens,/data/L202500147/Caption/DualISL_Train_RewardV3/runs/midasheng_7b_reward_v3_10rounds_20260905_run01/round_005/collections/round_005_audio_caption_rollout.output.jsonl
5,Captioner,random440_deear_037,5,655,sampled_tokens,/data/L202500147/Caption/DualISL_Train_RewardV3/runs/midasheng_7b_reward_v3_10rounds_20260905_run01/round_005/collections/round_005_audio_caption_rollout.output.jsonl
5,Captioner,random440_expressivespeech_220,6,623,sampled_tokens,/data/L202500147/Caption/DualISL_Train_RewardV3/runs/midasheng_7b_reward_v3_10rounds_20260905_run01/round_005/collections/round_005_audio_caption_rollout.output.jsonl
5,Captioner,random440_expressivespeech_228,7,758,sampled_tokens,/data/L202500147/Caption/DualISL_Train_RewardV3/runs/midasheng_7b_reward_v3_10rounds_20260905_run01/round_005/collections/round_005_audio_caption_rollout.output.jsonl
5,Captioner,random440_expressivespeech_272,0,828,sampled_tokens,/data/L202500147/Caption/DualISL_Train_RewardV3/runs/midasheng_7b_reward_v3_10rounds_20260905_run01/round_005/collections/round_005_audio_caption_rollout.output.jsonl
5,Captioner,random440_expressivespeech_285,1,789,sampled_tokens,/data/L202500147/Caption/DualISL_Train_RewardV3/runs/midasheng_7b_reward_v3_10rounds_20260905_run01/round_005/collections/round_005_audio_caption_rollout.output.jsonl
5,Captioner,random440_expressivespeech_013,2,640,sampled_tokens,/data/L202500147/Caption/DualISL_Train_RewardV3/runs/midasheng_7b_reward_v3_10rounds_20260905_run01/round_005/collections/round_005_audio_caption_rollout.output.jsonl
5,Captioner,random440_expressivespeech_290,3,630,sampled_tokens,/data/L202500147/Caption/DualISL_Train_RewardV3/runs/midasheng_7b_reward_v3_10rounds_20260905_run01/round_005/collections/round_005_audio_caption_rollout.output.jsonl
5,Captioner,random440_expressivespeech_256,4,595,sampled_tokens,/data/L202500147/Caption/DualISL_Train_RewardV3/runs/midasheng_7b_reward_v3_10rounds_20260905_run01/round_005/collections/round_005_audio_caption_rollout.output.jsonl
5,Captioner,random440_expressivespeech_083,5,954,sampled_tokens,/data/L202500147/Caption/DualISL_Train_RewardV3/runs/midasheng_7b_reward_v3_10rounds_20260905_run01/round_005/collections/round_005_audio_caption_rollout.output.jsonl
5,Captioner,random440_expressivespeech_126,6,515,sampled_tokens,/data/L202500147/Caption/DualISL_Train_RewardV3/runs/midasheng_7b_reward_v3_10rounds_20260905_run01/round_005/collections/round_005_audio_caption_rollout.output.jsonl
5,Captioner,random440_expressivespeech_087,7,823,sampled_tokens,/data/L202500147/Caption/DualISL_Train_RewardV3/runs/midasheng_7b_reward_v3_10rounds_20260905_run01/round_005/collections/round_005_audio_caption_rollout.output.jsonl
5,Captioner,random440_expressivespeech_109,0,778,sampled_tokens,/data/L202500147/Caption/DualISL_Train_RewardV3/runs/midasheng_7b_reward_v3_10rounds_20260905_run01/round_005/collections/round_005_audio_caption_rollout.output.jsonl
5,Captioner,random440_expressivespeech_135,1,644,sampled_tokens,/data/L202500147/Caption/DualISL_Train_RewardV3/runs/midasheng_7b_reward_v3_10rounds_20260905_run01/round_005/collections/round_005_audio_caption_rollout.output.jsonl
5,Captioner,random440_deear_032,2,664,sampled_tokens,/data/L202500147/Caption/DualISL_Train_RewardV3/runs/midasheng_7b_reward_v3_10rounds_20260905_run01/round_005/collections/round_005_audio_caption_rollout.output.jsonl
5,Captioner,random440_expressivespeech_197,3,719,sampled_tokens,/data/L202500147/Caption/DualISL_Train_RewardV3/runs/midasheng_7b_reward_v3_10rounds_20260905_run01/round_005/collections/round_005_audio_caption_rollout.output.jsonl
5,Captioner,random440_expressivespeech_181,4,756,sampled_tokens,/data/L202500147/Caption/DualISL_Train_RewardV3/runs/midasheng_7b_reward_v3_10rounds_20260905_run01/round_005/collections/round_005_audio_caption_rollout.output.jsonl
5,Captioner,random440_deear_003,5,728,sampled_tokens,/data/L202500147/Caption/DualISL_Train_RewardV3/runs/midasheng_7b_reward_v3_10rounds_20260905_run01/round_005/collections/round_005_audio_caption_rollout.output.jsonl
5,Captioner,random440_deear_049,6,545,sampled_tokens,/data/L202500147/Caption/DualISL_Train_RewardV3/runs/midasheng_7b_reward_v3_10rounds_20260905_run01/round_005/collections/round_005_audio_caption_rollout.output.jsonl
5,Captioner,random440_expressivespeech_007,7,646,sampled_tokens,/data/L202500147/Caption/DualISL_Train_RewardV3/runs/midasheng_7b_reward_v3_10rounds_20260905_run01/round_005/collections/round_005_audio_caption_rollout.output.jsonl
5,Captioner,random440_expressivespeech_235,0,664,sampled_tokens,/data/L202500147/Caption/DualISL_Train_RewardV3/runs/midasheng_7b_reward_v3_10rounds_20260905_run01/round_005/collections/round_005_audio_caption_rollout.output.jsonl
5,Captioner,random440_expressivespeech_157,1,484,sampled_tokens,/data/L202500147/Caption/DualISL_Train_RewardV3/runs/midasheng_7b_reward_v3_10rounds_20260905_run01/round_005/collections/round_005_audio_caption_rollout.output.jsonl
5,Captioner,random440_expressivespeech_063,2,642,sampled_tokens,/data/L202500147/Caption/DualISL_Train_RewardV3/runs/midasheng_7b_reward_v3_10rounds_20260905_run01/round_005/collections/round_005_audio_caption_rollout.output.jsonl
5,Captioner,random440_expressivespeech_089,3,544,sampled_tokens,/data/L202500147/Caption/DualISL_Train_RewardV3/runs/midasheng_7b_reward_v3_10rounds_20260905_run01/round_005/collections/round_005_audio_caption_rollout.output.jsonl
5,Captioner,random440_expressivespeech_113,4,630,sampled_tokens,/data/L202500147/Caption/DualISL_Train_RewardV3/runs/midasheng_7b_reward_v3_10rounds_20260905_run01/round_005/collections/round_005_audio_caption_rollout.output.jsonl
5,Captioner,random440_expressivespeech_020,5,528,sampled_tokens,/data/L202500147/Caption/DualISL_Train_RewardV3/runs/midasheng_7b_reward_v3_10rounds_20260905_run01/round_005/collections/round_005_audio_caption_rollout.output.jsonl
5,Captioner,random440_expressivespeech_028,6,623,sampled_tokens,/data/L202500147/Caption/DualISL_Train_RewardV3/runs/midasheng_7b_reward_v3_10rounds_20260905_run01/round_005/collections/round_005_audio_caption_rollout.output.jsonl
5,Captioner,random440_deear_084,7,889,sampled_tokens,/data/L202500147/Caption/DualISL_Train_RewardV3/runs/midasheng_7b_reward_v3_10rounds_20260905_run01/round_005/collections/round_005_audio_caption_rollout.output.jsonl
5,Captioner,random440_expressivespeech_093,0,663,sampled_tokens,/data/L202500147/Caption/DualISL_Train_RewardV3/runs/midasheng_7b_reward_v3_10rounds_20260905_run01/round_005/collections/round_005_audio_caption_rollout.output.jsonl
5,Captioner,random440_expressivespeech_222,1,981,sampled_tokens,/data/L202500147/Caption/DualISL_Train_RewardV3/runs/midasheng_7b_reward_v3_10rounds_20260905_run01/round_005/collections/round_005_audio_caption_rollout.output.jsonl
5,Captioner,random440_deear_015,2,530,sampled_tokens,/data/L202500147/Caption/DualISL_Train_RewardV3/runs/midasheng_7b_reward_v3_10rounds_20260905_run01/round_005/collections/round_005_audio_caption_rollout.output.jsonl
5,Captioner,random440_deear_083,3,760,sampled_tokens,/data/L202500147/Caption/DualISL_Train_RewardV3/runs/midasheng_7b_reward_v3_10rounds_20260905_run01/round_005/collections/round_005_audio_caption_rollout.output.jsonl
5,Captioner,random440_deear_096,4,472,sampled_tokens,/data/L202500147/Caption/DualISL_Train_RewardV3/runs/midasheng_7b_reward_v3_10rounds_20260905_run01/round_005/collections/round_005_audio_caption_rollout.output.jsonl
5,Captioner,random440_expressivespeech_219,5,665,sampled_tokens,/data/L202500147/Caption/DualISL_Train_RewardV3/runs/midasheng_7b_reward_v3_10rounds_20260905_run01/round_005/collections/round_005_audio_caption_rollout.output.jsonl
5,Captioner,random440_deear_082,6,652,sampled_tokens,/data/L202500147/Caption/DualISL_Train_RewardV3/runs/midasheng_7b_reward_v3_10rounds_20260905_run01/round_005/collections/round_005_audio_caption_rollout.output.jsonl
5,Captioner,random440_expressivespeech_208,7,677,sampled_tokens,/data/L202500147/Caption/DualISL_Train_RewardV3/runs/midasheng_7b_reward_v3_10rounds_20260905_run01/round_005/collections/round_005_audio_caption_rollout.output.jsonl
5,Captioner,random440_expressivespeech_035,0,854,sampled_tokens,/data/L202500147/Caption/DualISL_Train_RewardV3/runs/midasheng_7b_reward_v3_10rounds_20260905_run01/round_005/collections/round_005_audio_caption_rollout.output.jsonl
5,Captioner,random440_expressivespeech_147,1,438,sampled_tokens,/data/L202500147/Caption/DualISL_Train_RewardV3/runs/midasheng_7b_reward_v3_10rounds_20260905_run01/round_005/collections/round_005_audio_caption_rollout.output.jsonl
5,Captioner,random440_expressivespeech_266,2,573,sampled_tokens,/data/L202500147/Caption/DualISL_Train_RewardV3/runs/midasheng_7b_reward_v3_10rounds_20260905_run01/round_005/collections/round_005_audio_caption_rollout.output.jsonl
5,Captioner,random440_expressivespeech_188,3,707,sampled_tokens,/data/L202500147/Caption/DualISL_Train_RewardV3/runs/midasheng_7b_reward_v3_10rounds_20260905_run01/round_005/collections/round_005_audio_caption_rollout.output.jsonl
5,Captioner,random440_expressivespeech_045,4,957,sampled_tokens,/data/L202500147/Caption/DualISL_Train_RewardV3/runs/midasheng_7b_reward_v3_10rounds_20260905_run01/round_005/collections/round_005_audio_caption_rollout.output.jsonl
5,Captioner,random440_deear_092,5,672,sampled_tokens,/data/L202500147/Caption/DualISL_Train_RewardV3/runs/midasheng_7b_reward_v3_10rounds_20260905_run01/round_005/collections/round_005_audio_caption_rollout.output.jsonl
5,Captioner,random440_expressivespeech_019,6,726,sampled_tokens,/data/L202500147/Caption/DualISL_Train_RewardV3/runs/midasheng_7b_reward_v3_10rounds_20260905_run01/round_005/collections/round_005_audio_caption_rollout.output.jsonl
5,Captioner,random440_expressivespeech_313,7,1219,sampled_tokens,/data/L202500147/Caption/DualISL_Train_RewardV3/runs/midasheng_7b_reward_v3_10rounds_20260905_run01/round_005/collections/round_005_audio_caption_rollout.output.jsonl
5,Captioner,random440_deear_047,0,592,sampled_tokens,/data/L202500147/Caption/DualISL_Train_RewardV3/runs/midasheng_7b_reward_v3_10rounds_20260905_run01/round_005/collections/round_005_audio_caption_rollout.output.jsonl
5,Captioner,random440_expressivespeech_069,1,476,sampled_tokens,/data/L202500147/Caption/DualISL_Train_RewardV3/runs/midasheng_7b_reward_v3_10rounds_20260905_run01/round_005/collections/round_005_audio_caption_rollout.output.jsonl
5,Captioner,random440_deear_024,2,545,sampled_tokens,/data/L202500147/Caption/DualISL_Train_RewardV3/runs/midasheng_7b_reward_v3_10rounds_20260905_run01/round_005/collections/round_005_audio_caption_rollout.output.jsonl
5,Captioner,random440_expressivespeech_187,3,474,sampled_tokens,/data/L202500147/Caption/DualISL_Train_RewardV3/runs/midasheng_7b_reward_v3_10rounds_20260905_run01/round_005/collections/round_005_audio_caption_rollout.output.jsonl
5,Captioner,random440_expressivespeech_088,4,585,sampled_tokens,/data/L202500147/Caption/DualISL_Train_RewardV3/runs/midasheng_7b_reward_v3_10rounds_20260905_run01/round_005/collections/round_005_audio_caption_rollout.output.jsonl
5,Captioner,random440_expressivespeech_009,5,487,sampled_tokens,/data/L202500147/Caption/DualISL_Train_RewardV3/runs/midasheng_7b_reward_v3_10rounds_20260905_run01/round_005/collections/round_005_audio_caption_rollout.output.jsonl
5,Captioner,random440_expressivespeech_168,6,610,sampled_tokens,/data/L202500147/Caption/DualISL_Train_RewardV3/runs/midasheng_7b_reward_v3_10rounds_20260905_run01/round_005/collections/round_005_audio_caption_rollout.output.jsonl
5,Captioner,random440_expressivespeech_252,7,494,sampled_tokens,/data/L202500147/Caption/DualISL_Train_RewardV3/runs/midasheng_7b_reward_v3_10rounds_20260905_run01/round_005/collections/round_005_audio_caption_rollout.output.jsonl
5,Captioner,random440_expressivespeech_095,0,782,sampled_tokens,/data/L202500147/Caption/DualISL_Train_RewardV3/runs/midasheng_7b_reward_v3_10rounds_20260905_run01/round_005/collections/round_005_audio_caption_rollout.output.jsonl
5,Captioner,random440_expressivespeech_090,1,503,sampled_tokens,/data/L202500147/Caption/DualISL_Train_RewardV3/runs/midasheng_7b_reward_v3_10rounds_20260905_run01/round_005/collections/round_005_audio_caption_rollout.output.jsonl
5,Captioner,random440_expressivespeech_053,2,696,sampled_tokens,/data/L202500147/Caption/DualISL_Train_RewardV3/runs/midasheng_7b_reward_v3_10rounds_20260905_run01/round_005/collections/round_005_audio_caption_rollout.output.jsonl
5,Captioner,random440_expressivespeech_165,3,668,sampled_tokens,/data/L202500147/Caption/DualISL_Train_RewardV3/runs/midasheng_7b_reward_v3_10rounds_20260905_run01/round_005/collections/round_005_audio_caption_rollout.output.jsonl
5,Captioner,random440_deear_010,4,752,sampled_tokens,/data/L202500147/Caption/DualISL_Train_RewardV3/runs/midasheng_7b_reward_v3_10rounds_20260905_run01/round_005/collections/round_005_audio_caption_rollout.output.jsonl
5,Captioner,random440_expressivespeech_312,5,719,sampled_tokens,/data/L202500147/Caption/DualISL_Train_RewardV3/runs/midasheng_7b_reward_v3_10rounds_20260905_run01/round_005/collections/round_005_audio_caption_rollout.output.jsonl
5,Captioner,random440_expressivespeech_057,6,915,sampled_tokens,/data/L202500147/Caption/DualISL_Train_RewardV3/runs/midasheng_7b_reward_v3_10rounds_20260905_run01/round_005/collections/round_005_audio_caption_rollout.output.jsonl
5,Captioner,random440_expressivespeech_309,7,757,sampled_tokens,/data/L202500147/Caption/DualISL_Train_RewardV3/runs/midasheng_7b_reward_v3_10rounds_20260905_run01/round_005/collections/round_005_audio_caption_rollout.output.jsonl
5,Captioner,random440_expressivespeech_076,0,751,sampled_tokens,/data/L202500147/Caption/DualISL_Train_RewardV3/runs/midasheng_7b_reward_v3_10rounds_20260905_run01/round_005/collections/round_005_audio_caption_rollout.output.jsonl
5,Captioner,random440_expressivespeech_292,1,867,sampled_tokens,/data/L202500147/Caption/DualISL_Train_RewardV3/runs/midasheng_7b_reward_v3_10rounds_20260905_run01/round_005/collections/round_005_audio_caption_rollout.output.jsonl
5,Captioner,random440_expressivespeech_148,2,775,sampled_tokens,/data/L202500147/Caption/DualISL_Train_RewardV3/runs/midasheng_7b_reward_v3_10rounds_20260905_run01/round_005/collections/round_005_audio_caption_rollout.output.jsonl
5,Captioner,random440_expressivespeech_111,3,725,sampled_tokens,/data/L202500147/Caption/DualISL_Train_RewardV3/runs/midasheng_7b_reward_v3_10rounds_20260905_run01/round_005/collections/round_005_audio_caption_rollout.output.jsonl
5,Captioner,random440_expressivespeech_016,4,684,sampled_tokens,/data/L202500147/Caption/DualISL_Train_RewardV3/runs/midasheng_7b_reward_v3_10rounds_20260905_run01/round_005/collections/round_005_audio_caption_rollout.output.jsonl
5,Captioner,random440_deear_016,5,761,sampled_tokens,/data/L202500147/Caption/DualISL_Train_RewardV3/runs/midasheng_7b_reward_v3_10rounds_20260905_run01/round_005/collections/round_005_audio_caption_rollout.output.jsonl
5,Captioner,random440_expressivespeech_138,6,765,sampled_tokens,/data/L202500147/Caption/DualISL_Train_RewardV3/runs/midasheng_7b_reward_v3_10rounds_20260905_run01/round_005/collections/round_005_audio_caption_rollout.output.jsonl
5,Captioner,random440_expressivespeech_254,7,666,sampled_tokens,/data/L202500147/Caption/DualISL_Train_RewardV3/runs/midasheng_7b_reward_v3_10rounds_20260905_run01/round_005/collections/round_005_audio_caption_rollout.output.jsonl
5,Captioner,random440_deear_087,0,677,sampled_tokens,/data/L202500147/Caption/DualISL_Train_RewardV3/runs/midasheng_7b_reward_v3_10rounds_20260905_run01/round_005/collections/round_005_audio_caption_rollout.output.jsonl
5,Captioner,random440_expressivespeech_246,1,555,sampled_tokens,/data/L202500147/Caption/DualISL_Train_RewardV3/runs/midasheng_7b_reward_v3_10rounds_20260905_run01/round_005/collections/round_005_audio_caption_rollout.output.jsonl
5,Captioner,random440_expressivespeech_338,2,624,sampled_tokens,/data/L202500147/Caption/DualISL_Train_RewardV3/runs/midasheng_7b_reward_v3_10rounds_20260905_run01/round_005/collections/round_005_audio_caption_rollout.output.jsonl
5,Captioner,random440_expressivespeech_215,3,751,sampled_tokens,/data/L202500147/Caption/DualISL_Train_RewardV3/runs/midasheng_7b_reward_v3_10rounds_20260905_run01/round_005/collections/round_005_audio_caption_rollout.output.jsonl
5,Captioner,random440_expressivespeech_031,4,770,sampled_tokens,/data/L202500147/Caption/DualISL_Train_RewardV3/runs/midasheng_7b_reward_v3_10rounds_20260905_run01/round_005/collections/round_005_audio_caption_rollout.output.jsonl
5,Captioner,random440_expressivespeech_068,5,711,sampled_tokens,/data/L202500147/Caption/DualISL_Train_RewardV3/runs/midasheng_7b_reward_v3_10rounds_20260905_run01/round_005/collections/round_005_audio_caption_rollout.output.jsonl
5,Captioner,random440_expressivespeech_310,6,580,sampled_tokens,/data/L202500147/Caption/DualISL_Train_RewardV3/runs/midasheng_7b_reward_v3_10rounds_20260905_run01/round_005/collections/round_005_audio_caption_rollout.output.jsonl
5,Captioner,random440_expressivespeech_101,7,790,sampled_tokens,/data/L202500147/Caption/DualISL_Train_RewardV3/runs/midasheng_7b_reward_v3_10rounds_20260905_run01/round_005/collections/round_005_audio_caption_rollout.output.jsonl
5,Captioner,random440_deear_014,0,778,sampled_tokens,/data/L202500147/Caption/DualISL_Train_RewardV3/runs/midasheng_7b_reward_v3_10rounds_20260905_run01/round_005/collections/round_005_audio_caption_rollout.output.jsonl
5,Captioner,random440_expressivespeech_041,1,913,sampled_tokens,/data/L202500147/Caption/DualISL_Train_RewardV3/runs/midasheng_7b_reward_v3_10rounds_20260905_run01/round_005/collections/round_005_audio_caption_rollout.output.jsonl
5,Captioner,random440_expressivespeech_319,2,699,sampled_tokens,/data/L202500147/Caption/DualISL_Train_RewardV3/runs/midasheng_7b_reward_v3_10rounds_20260905_run01/round_005/collections/round_005_audio_caption_rollout.output.jsonl
5,Captioner,random440_deear_040,3,614,sampled_tokens,/data/L202500147/Caption/DualISL_Train_RewardV3/runs/midasheng_7b_reward_v3_10rounds_20260905_run01/round_005/collections/round_005_audio_caption_rollout.output.jsonl
5,Captioner,random440_expressivespeech_185,4,706,sampled_tokens,/data/L202500147/Caption/DualISL_Train_RewardV3/runs/midasheng_7b_reward_v3_10rounds_20260905_run01/round_005/collections/round_005_audio_caption_rollout.output.jsonl
5,Captioner,random440_expressivespeech_340,5,678,sampled_tokens,/data/L202500147/Caption/DualISL_Train_RewardV3/runs/midasheng_7b_reward_v3_10rounds_20260905_run01/round_005/collections/round_005_audio_caption_rollout.output.jsonl
5,Captioner,random440_expressivespeech_294,6,739,sampled_tokens,/data/L202500147/Caption/DualISL_Train_RewardV3/runs/midasheng_7b_reward_v3_10rounds_20260905_run01/round_005/collections/round_005_audio_caption_rollout.output.jsonl
5,Captioner,random440_expressivespeech_270,7,547,sampled_tokens,/data/L202500147/Caption/DualISL_Train_RewardV3/runs/midasheng_7b_reward_v3_10rounds_20260905_run01/round_005/collections/round_005_audio_caption_rollout.output.jsonl
5,Captioner,random440_expressivespeech_334,0,827,sampled_tokens,/data/L202500147/Caption/DualISL_Train_RewardV3/runs/midasheng_7b_reward_v3_10rounds_20260905_run01/round_005/collections/round_005_audio_caption_rollout.output.jsonl
5,Captioner,random440_expressivespeech_080,1,831,sampled_tokens,/data/L202500147/Caption/DualISL_Train_RewardV3/runs/midasheng_7b_reward_v3_10rounds_20260905_run01/round_005/collections/round_005_audio_caption_rollout.output.jsonl
5,Captioner,random440_expressivespeech_329,2,798,sampled_tokens,/data/L202500147/Caption/DualISL_Train_RewardV3/runs/midasheng_7b_reward_v3_10rounds_20260905_run01/round_005/collections/round_005_audio_caption_rollout.output.jsonl
5,Captioner,random440_expressivespeech_110,3,831,sampled_tokens,/data/L202500147/Caption/DualISL_Train_RewardV3/runs/midasheng_7b_reward_v3_10rounds_20260905_run01/round_005/collections/round_005_audio_caption_rollout.output.jsonl
5,Captioner,random440_expressivespeech_180,4,680,sampled_tokens,/data/L202500147/Caption/DualISL_Train_RewardV3/runs/midasheng_7b_reward_v3_10rounds_20260905_run01/round_005/collections/round_005_audio_caption_rollout.output.jsonl
5,Captioner,random440_expressivespeech_107,5,790,sampled_tokens,/data/L202500147/Caption/DualISL_Train_RewardV3/runs/midasheng_7b_reward_v3_10rounds_20260905_run01/round_005/collections/round_005_audio_caption_rollout.output.jsonl
5,Captioner,random440_expressivespeech_025,6,669,sampled_tokens,/data/L202500147/Caption/DualISL_Train_RewardV3/runs/midasheng_7b_reward_v3_10rounds_20260905_run01/round_005/collections/round_005_audio_caption_rollout.output.jsonl
5,Captioner,random440_expressivespeech_096,7,777,sampled_tokens,/data/L202500147/Caption/DualISL_Train_RewardV3/runs/midasheng_7b_reward_v3_10rounds_20260905_run01/round_005/collections/round_005_audio_caption_rollout.output.jsonl
5,Captioner,random440_deear_030,0,757,sampled_tokens,/data/L202500147/Caption/DualISL_Train_RewardV3/runs/midasheng_7b_reward_v3_10rounds_20260905_run01/round_005/collections/round_005_audio_caption_rollout.output.jsonl
5,Captioner,random440_expressivespeech_315,1,673,sampled_tokens,/data/L202500147/Caption/DualISL_Train_RewardV3/runs/midasheng_7b_reward_v3_10rounds_20260905_run01/round_005/collections/round_005_audio_caption_rollout.output.jsonl
5,Captioner,random440_expressivespeech_265,2,726,sampled_tokens,/data/L202500147/Caption/DualISL_Train_RewardV3/runs/midasheng_7b_reward_v3_10rounds_20260905_run01/round_005/collections/round_005_audio_caption_rollout.output.jsonl
5,Captioner,random440_expressivespeech_027,3,704,sampled_tokens,/data/L202500147/Caption/DualISL_Train_RewardV3/runs/midasheng_7b_reward_v3_10rounds_20260905_run01/round_005/collections/round_005_audio_caption_rollout.output.jsonl
5,Captioner,random440_expressivespeech_155,4,820,sampled_tokens,/data/L202500147/Caption/DualISL_Train_RewardV3/runs/midasheng_7b_reward_v3_10rounds_20260905_run01/round_005/collections/round_005_audio_caption_rollout.output.jsonl
5,Captioner,random440_expressivespeech_010,5,533,sampled_tokens,/data/L202500147/Caption/DualISL_Train_RewardV3/runs/midasheng_7b_reward_v3_10rounds_20260905_run01/round_005/collections/round_005_audio_caption_rollout.output.jsonl
5,Captioner,random440_expressivespeech_295,6,659,sampled_tokens,/data/L202500147/Caption/DualISL_Train_RewardV3/runs/midasheng_7b_reward_v3_10rounds_20260905_run01/round_005/collections/round_005_audio_caption_rollout.output.jsonl
5,Captioner,random440_expressivespeech_150,7,661,sampled_tokens,/data/L202500147/Caption/DualISL_Train_RewardV3/runs/midasheng_7b_reward_v3_10rounds_20260905_run01/round_005/collections/round_005_audio_caption_rollout.output.jsonl
5,Captioner,random440_expressivespeech_211,0,631,sampled_tokens,/data/L202500147/Caption/DualISL_Train_RewardV3/runs/midasheng_7b_reward_v3_10rounds_20260905_run01/round_005/collections/round_005_audio_caption_rollout.output.jsonl
5,Captioner,random440_deear_062,1,657,sampled_tokens,/data/L202500147/Caption/DualISL_Train_RewardV3/runs/midasheng_7b_reward_v3_10rounds_20260905_run01/round_005/collections/round_005_audio_caption_rollout.output.jsonl
5,Captioner,random440_expressivespeech_026,2,705,sampled_tokens,/data/L202500147/Caption/DualISL_Train_RewardV3/runs/midasheng_7b_reward_v3_10rounds_20260905_run01/round_005/collections/round_005_audio_caption_rollout.output.jsonl
5,Captioner,random440_expressivespeech_102,3,695,sampled_tokens,/data/L202500147/Caption/DualISL_Train_RewardV3/runs/midasheng_7b_reward_v3_10rounds_20260905_run01/round_005/collections/round_005_audio_caption_rollout.output.jsonl
5,Captioner,random440_deear_080,4,471,sampled_tokens,/data/L202500147/Caption/DualISL_Train_RewardV3/runs/midasheng_7b_reward_v3_10rounds_20260905_run01/round_005/collections/round_005_audio_caption_rollout.output.jsonl
5,Captioner,random440_expressivespeech_137,5,880,sampled_tokens,/data/L202500147/Caption/DualISL_Train_RewardV3/runs/midasheng_7b_reward_v3_10rounds_20260905_run01/round_005/collections/round_005_audio_caption_rollout.output.jsonl
5,Captioner,random440_expressivespeech_074,6,873,sampled_tokens,/data/L202500147/Caption/DualISL_Train_RewardV3/runs/midasheng_7b_reward_v3_10rounds_20260905_run01/round_005/collections/round_005_audio_caption_rollout.output.jsonl
5,Captioner,random440_expressivespeech_073,7,941,sampled_tokens,/data/L202500147/Caption/DualISL_Train_RewardV3/runs/midasheng_7b_reward_v3_10rounds_20260905_run01/round_005/collections/round_005_audio_caption_rollout.output.jsonl
5,Captioner,random440_expressivespeech_233,0,938,sampled_tokens,/data/L202500147/Caption/DualISL_Train_RewardV3/runs/midasheng_7b_reward_v3_10rounds_20260905_run01/round_005/collections/round_005_audio_caption_rollout.output.jsonl
5,Captioner,random440_expressivespeech_128,1,666,sampled_tokens,/data/L202500147/Caption/DualISL_Train_RewardV3/runs/midasheng_7b_reward_v3_10rounds_20260905_run01/round_005/collections/round_005_audio_caption_rollout.output.jsonl
5,Captioner,random440_expressivespeech_279,2,633,sampled_tokens,/data/L202500147/Caption/DualISL_Train_RewardV3/runs/midasheng_7b_reward_v3_10rounds_20260905_run01/round_005/collections/round_005_audio_caption_rollout.output.jsonl
5,Captioner,random440_expressivespeech_146,3,571,sampled_tokens,/data/L202500147/Caption/DualISL_Train_RewardV3/runs/midasheng_7b_reward_v3_10rounds_20260905_run01/round_005/collections/round_005_audio_caption_rollout.output.jsonl
5,Captioner,random440_expressivespeech_223,4,645,sampled_tokens,/data/L202500147/Caption/DualISL_Train_RewardV3/runs/midasheng_7b_reward_v3_10rounds_20260905_run01/round_005/collections/round_005_audio_caption_rollout.output.jsonl
5,Captioner,random440_deear_078,5,456,sampled_tokens,/data/L202500147/Caption/DualISL_Train_RewardV3/runs/midasheng_7b_reward_v3_10rounds_20260905_run01/round_005/collections/round_005_audio_caption_rollout.output.jsonl
5,Captioner,random440_expressivespeech_055,6,701,sampled_tokens,/data/L202500147/Caption/DualISL_Train_RewardV3/runs/midasheng_7b_reward_v3_10rounds_20260905_run01/round_005/collections/round_005_audio_caption_rollout.output.jsonl
5,Captioner,random440_expressivespeech_098,7,570,sampled_tokens,/data/L202500147/Caption/DualISL_Train_RewardV3/runs/midasheng_7b_reward_v3_10rounds_20260905_run01/round_005/collections/round_005_audio_caption_rollout.output.jsonl
5,Captioner,random440_expressivespeech_003,0,978,sampled_tokens,/data/L202500147/Caption/DualISL_Train_RewardV3/runs/midasheng_7b_reward_v3_10rounds_20260905_run01/round_005/collections/round_005_audio_caption_rollout.output.jsonl
5,Captioner,random440_expressivespeech_144,1,885,sampled_tokens,/data/L202500147/Caption/DualISL_Train_RewardV3/runs/midasheng_7b_reward_v3_10rounds_20260905_run01/round_005/collections/round_005_audio_caption_rollout.output.jsonl
5,Captioner,random440_expressivespeech_217,2,767,sampled_tokens,/data/L202500147/Caption/DualISL_Train_RewardV3/runs/midasheng_7b_reward_v3_10rounds_20260905_run01/round_005/collections/round_005_audio_caption_rollout.output.jsonl
5,Captioner,random440_expressivespeech_321,3,730,sampled_tokens,/data/L202500147/Caption/DualISL_Train_RewardV3/runs/midasheng_7b_reward_v3_10rounds_20260905_run01/round_005/collections/round_005_audio_caption_rollout.output.jsonl
5,Captioner,random440_expressivespeech_230,4,729,sampled_tokens,/data/L202500147/Caption/DualISL_Train_RewardV3/runs/midasheng_7b_reward_v3_10rounds_20260905_run01/round_005/collections/round_005_audio_caption_rollout.output.jsonl
5,Captioner,random440_deear_002,5,873,sampled_tokens,/data/L202500147/Caption/DualISL_Train_RewardV3/runs/midasheng_7b_reward_v3_10rounds_20260905_run01/round_005/collections/round_005_audio_caption_rollout.output.jsonl
5,Captioner,random440_expressivespeech_210,6,879,sampled_tokens,/data/L202500147/Caption/DualISL_Train_RewardV3/runs/midasheng_7b_reward_v3_10rounds_20260905_run01/round_005/collections/round_005_audio_caption_rollout.output.jsonl
5,Captioner,random440_expressivespeech_105,7,629,sampled_tokens,/data/L202500147/Caption/DualISL_Train_RewardV3/runs/midasheng_7b_reward_v3_10rounds_20260905_run01/round_005/collections/round_005_audio_caption_rollout.output.jsonl
5,Captioner,random440_expressivespeech_199,0,749,sampled_tokens,/data/L202500147/Caption/DualISL_Train_RewardV3/runs/midasheng_7b_reward_v3_10rounds_20260905_run01/round_005/collections/round_005_audio_caption_rollout.output.jsonl
5,Captioner,random440_expressivespeech_065,1,709,sampled_tokens,/data/L202500147/Caption/DualISL_Train_RewardV3/runs/midasheng_7b_reward_v3_10rounds_20260905_run01/round_005/collections/round_005_audio_caption_rollout.output.jsonl
5,Captioner,random440_expressivespeech_195,2,797,sampled_tokens,/data/L202500147/Caption/DualISL_Train_RewardV3/runs/midasheng_7b_reward_v3_10rounds_20260905_run01/round_005/collections/round_005_audio_caption_rollout.output.jsonl
5,Captioner,random440_expressivespeech_200,3,752,sampled_tokens,/data/L202500147/Caption/DualISL_Train_RewardV3/runs/midasheng_7b_reward_v3_10rounds_20260905_run01/round_005/collections/round_005_audio_caption_rollout.output.jsonl
5,Captioner,random440_expressivespeech_005,4,736,sampled_tokens,/data/L202500147/Caption/DualISL_Train_RewardV3/runs/midasheng_7b_reward_v3_10rounds_20260905_run01/round_005/collections/round_005_audio_caption_rollout.output.jsonl
5,Captioner,random440_expressivespeech_237,5,726,sampled_tokens,/data/L202500147/Caption/DualISL_Train_RewardV3/runs/midasheng_7b_reward_v3_10rounds_20260905_run01/round_005/collections/round_005_audio_caption_rollout.output.jsonl
5,Captioner,random440_expressivespeech_317,6,719,sampled_tokens,/data/L202500147/Caption/DualISL_Train_RewardV3/runs/midasheng_7b_reward_v3_10rounds_20260905_run01/round_005/collections/round_005_audio_caption_rollout.output.jsonl
5,Captioner,random440_expressivespeech_280,7,613,sampled_tokens,/data/L202500147/Caption/DualISL_Train_RewardV3/runs/midasheng_7b_reward_v3_10rounds_20260905_run01/round_005/collections/round_005_audio_caption_rollout.output.jsonl
5,Captioner,random440_deear_038,0,689,sampled_tokens,/data/L202500147/Caption/DualISL_Train_RewardV3/runs/midasheng_7b_reward_v3_10rounds_20260905_run01/round_005/collections/round_005_audio_caption_rollout.output.jsonl
5,Captioner,random440_expressivespeech_038,1,772,sampled_tokens,/data/L202500147/Caption/DualISL_Train_RewardV3/runs/midasheng_7b_reward_v3_10rounds_20260905_run01/round_005/collections/round_005_audio_caption_rollout.output.jsonl
5,Captioner,random440_expressivespeech_056,2,781,sampled_tokens,/data/L202500147/Caption/DualISL_Train_RewardV3/runs/midasheng_7b_reward_v3_10rounds_20260905_run01/round_005/collections/round_005_audio_caption_rollout.output.jsonl
5,Captioner,random440_expressivespeech_216,3,701,sampled_tokens,/data/L202500147/Caption/DualISL_Train_RewardV3/runs/midasheng_7b_reward_v3_10rounds_20260905_run01/round_005/collections/round_005_audio_caption_rollout.output.jsonl
5,Captioner,random440_expressivespeech_260,4,735,sampled_tokens,/data/L202500147/Caption/DualISL_Train_RewardV3/runs/midasheng_7b_reward_v3_10rounds_20260905_run01/round_005/collections/round_005_audio_caption_rollout.output.jsonl
5,Captioner,random440_expressivespeech_311,5,441,sampled_tokens,/data/L202500147/Caption/DualISL_Train_RewardV3/runs/midasheng_7b_reward_v3_10rounds_20260905_run01/round_005/collections/round_005_audio_caption_rollout.output.jsonl
5,Captioner,random440_expressivespeech_103,6,770,sampled_tokens,/data/L202500147/Caption/DualISL_Train_RewardV3/runs/midasheng_7b_reward_v3_10rounds_20260905_run01/round_005/collections/round_005_audio_caption_rollout.output.jsonl
5,Captioner,random440_expressivespeech_024,7,911,sampled_tokens,/data/L202500147/Caption/DualISL_Train_RewardV3/runs/midasheng_7b_reward_v3_10rounds_20260905_run01/round_005/collections/round_005_audio_caption_rollout.output.jsonl
5,Captioner,random440_expressivespeech_296,0,585,sampled_tokens,/data/L202500147/Caption/DualISL_Train_RewardV3/runs/midasheng_7b_reward_v3_10rounds_20260905_run01/round_005/collections/round_005_audio_caption_rollout.output.jsonl
5,Captioner,random440_expressivespeech_115,1,635,sampled_tokens,/data/L202500147/Caption/DualISL_Train_RewardV3/runs/midasheng_7b_reward_v3_10rounds_20260905_run01/round_005/collections/round_005_audio_caption_rollout.output.jsonl
5,Captioner,random440_expressivespeech_264,2,640,sampled_tokens,/data/L202500147/Caption/DualISL_Train_RewardV3/runs/midasheng_7b_reward_v3_10rounds_20260905_run01/round_005/collections/round_005_audio_caption_rollout.output.jsonl
5,Captioner,random440_expressivespeech_286,3,650,sampled_tokens,/data/L202500147/Caption/DualISL_Train_RewardV3/runs/midasheng_7b_reward_v3_10rounds_20260905_run01/round_005/collections/round_005_audio_caption_rollout.output.jsonl
5,Captioner,random440_expressivespeech_307,4,863,sampled_tokens,/data/L202500147/Caption/DualISL_Train_RewardV3/runs/midasheng_7b_reward_v3_10rounds_20260905_run01/round_005/collections/round_005_audio_caption_rollout.output.jsonl
5,Captioner,random440_deear_071,5,596,sampled_tokens,/data/L202500147/Caption/DualISL_Train_RewardV3/runs/midasheng_7b_reward_v3_10rounds_20260905_run01/round_005/collections/round_005_audio_caption_rollout.output.jsonl
5,Captioner,random440_expressivespeech_231,6,733,sampled_tokens,/data/L202500147/Caption/DualISL_Train_RewardV3/runs/midasheng_7b_reward_v3_10rounds_20260905_run01/round_005/collections/round_005_audio_caption_rollout.output.jsonl
5,Captioner,random440_expressivespeech_282,7,549,sampled_tokens,/data/L202500147/Caption/DualISL_Train_RewardV3/runs/midasheng_7b_reward_v3_10rounds_20260905_run01/round_005/collections/round_005_audio_caption_rollout.output.jsonl
5,TTS,random440_expressivespeech_164,0,345,codec_frames,/data/L202500147/Caption/DualISL_Train_RewardV3/runs/midasheng_7b_reward_v3_10rounds_20260905_run01/round_005/collections/round_005_caption_tts_rollout.output.jsonl
5,TTS,random440_expressivespeech_186,1,42,codec_frames,/data/L202500147/Caption/DualISL_Train_RewardV3/runs/midasheng_7b_reward_v3_10rounds_20260905_run01/round_005/collections/round_005_caption_tts_rollout.output.jsonl
5,TTS,random440_deear_053,2,33,codec_frames,/data/L202500147/Caption/DualISL_Train_RewardV3/runs/midasheng_7b_reward_v3_10rounds_20260905_run01/round_005/collections/round_005_caption_tts_rollout.output.jsonl
5,TTS,random440_expressivespeech_336,3,148,codec_frames,/data/L202500147/Caption/DualISL_Train_RewardV3/runs/midasheng_7b_reward_v3_10rounds_20260905_run01/round_005/collections/round_005_caption_tts_rollout.output.jsonl
5,TTS,random440_expressivespeech_044,4,127,codec_frames,/data/L202500147/Caption/DualISL_Train_RewardV3/runs/midasheng_7b_reward_v3_10rounds_20260905_run01/round_005/collections/round_005_caption_tts_rollout.output.jsonl
5,TTS,random440_expressivespeech_100,5,274,codec_frames,/data/L202500147/Caption/DualISL_Train_RewardV3/runs/midasheng_7b_reward_v3_10rounds_20260905_run01/round_005/collections/round_005_caption_tts_rollout.output.jsonl
5,TTS,random440_expressivespeech_140,6,58,codec_frames,/data/L202500147/Caption/DualISL_Train_RewardV3/runs/midasheng_7b_reward_v3_10rounds_20260905_run01/round_005/collections/round_005_caption_tts_rollout.output.jsonl
5,TTS,random440_expressivespeech_206,7,476,codec_frames,/data/L202500147/Caption/DualISL_Train_RewardV3/runs/midasheng_7b_reward_v3_10rounds_20260905_run01/round_005/collections/round_005_caption_tts_rollout.output.jsonl
5,TTS,random440_expressivespeech_133,0,450,codec_frames,/data/L202500147/Caption/DualISL_Train_RewardV3/runs/midasheng_7b_reward_v3_10rounds_20260905_run01/round_005/collections/round_005_caption_tts_rollout.output.jsonl
5,TTS,random440_expressivespeech_277,1,204,codec_frames,/data/L202500147/Caption/DualISL_Train_RewardV3/runs/midasheng_7b_reward_v3_10rounds_20260905_run01/round_005/collections/round_005_caption_tts_rollout.output.jsonl
5,TTS,random440_expressivespeech_244,2,288,codec_frames,/data/L202500147/Caption/DualISL_Train_RewardV3/runs/midasheng_7b_reward_v3_10rounds_20260905_run01/round_005/collections/round_005_caption_tts_rollout.output.jsonl
5,TTS,random440_deear_022,3,194,codec_frames,/data/L202500147/Caption/DualISL_Train_RewardV3/runs/midasheng_7b_reward_v3_10rounds_20260905_run01/round_005/collections/round_005_caption_tts_rollout.output.jsonl
5,TTS,random440_expressivespeech_145,4,182,codec_frames,/data/L202500147/Caption/DualISL_Train_RewardV3/runs/midasheng_7b_reward_v3_10rounds_20260905_run01/round_005/collections/round_005_caption_tts_rollout.output.jsonl
5,TTS,random440_expressivespeech_047,5,140,codec_frames,/data/L202500147/Caption/DualISL_Train_RewardV3/runs/midasheng_7b_reward_v3_10rounds_20260905_run01/round_005/collections/round_005_caption_tts_rollout.output.jsonl
5,TTS,random440_expressivespeech_121,6,548,codec_frames,/data/L202500147/Caption/DualISL_Train_RewardV3/runs/midasheng_7b_reward_v3_10rounds_20260905_run01/round_005/collections/round_005_caption_tts_rollout.output.jsonl
5,TTS,random440_deear_026,7,210,codec_frames,/data/L202500147/Caption/DualISL_Train_RewardV3/runs/midasheng_7b_reward_v3_10rounds_20260905_run01/round_005/collections/round_005_caption_tts_rollout.output.jsonl
5,TTS,random440_deear_025,0,373,codec_frames,/data/L202500147/Caption/DualISL_Train_RewardV3/runs/midasheng_7b_reward_v3_10rounds_20260905_run01/round_005/collections/round_005_caption_tts_rollout.output.jsonl
5,TTS,random440_expressivespeech_072,1,197,codec_frames,/data/L202500147/Caption/DualISL_Train_RewardV3/runs/midasheng_7b_reward_v3_10rounds_20260905_run01/round_005/collections/round_005_caption_tts_rollout.output.jsonl
5,TTS,random440_expressivespeech_207,2,217,codec_frames,/data/L202500147/Caption/DualISL_Train_RewardV3/runs/midasheng_7b_reward_v3_10rounds_20260905_run01/round_005/collections/round_005_caption_tts_rollout.output.jsonl
5,TTS,random440_deear_019,3,329,codec_frames,/data/L202500147/Caption/DualISL_Train_RewardV3/runs/midasheng_7b_reward_v3_10rounds_20260905_run01/round_005/collections/round_005_caption_tts_rollout.output.jsonl
5,TTS,random440_deear_079,4,338,codec_frames,/data/L202500147/Caption/DualISL_Train_RewardV3/runs/midasheng_7b_reward_v3_10rounds_20260905_run01/round_005/collections/round_005_caption_tts_rollout.output.jsonl
5,TTS,random440_expressivespeech_209,5,330,codec_frames,/data/L202500147/Caption/DualISL_Train_RewardV3/runs/midasheng_7b_reward_v3_10rounds_20260905_run01/round_005/collections/round_005_caption_tts_rollout.output.jsonl
5,TTS,random440_expressivespeech_143,6,156,codec_frames,/data/L202500147/Caption/DualISL_Train_RewardV3/runs/midasheng_7b_reward_v3_10rounds_20260905_run01/round_005/collections/round_005_caption_tts_rollout.output.jsonl
5,TTS,random440_expressivespeech_149,7,82,codec_frames,/data/L202500147/Caption/DualISL_Train_RewardV3/runs/midasheng_7b_reward_v3_10rounds_20260905_run01/round_005/collections/round_005_caption_tts_rollout.output.jsonl
5,TTS,random440_expressivespeech_012,0,410,codec_frames,/data/L202500147/Caption/DualISL_Train_RewardV3/runs/midasheng_7b_reward_v3_10rounds_20260905_run01/round_005/collections/round_005_caption_tts_rollout.output.jsonl
5,TTS,random440_expressivespeech_239,1,163,codec_frames,/data/L202500147/Caption/DualISL_Train_RewardV3/runs/midasheng_7b_reward_v3_10rounds_20260905_run01/round_005/collections/round_005_caption_tts_rollout.output.jsonl
5,TTS,random440_deear_005,2,97,codec_frames,/data/L202500147/Caption/DualISL_Train_RewardV3/runs/midasheng_7b_reward_v3_10rounds_20260905_run01/round_005/collections/round_005_caption_tts_rollout.output.jsonl
5,TTS,random440_expressivespeech_316,3,52,codec_frames,/data/L202500147/Caption/DualISL_Train_RewardV3/runs/midasheng_7b_reward_v3_10rounds_20260905_run01/round_005/collections/round_005_caption_tts_rollout.output.jsonl
5,TTS,random440_expressivespeech_001,4,457,codec_frames,/data/L202500147/Caption/DualISL_Train_RewardV3/runs/midasheng_7b_reward_v3_10rounds_20260905_run01/round_005/collections/round_005_caption_tts_rollout.output.jsonl
5,TTS,random440_expressivespeech_081,5,298,codec_frames,/data/L202500147/Caption/DualISL_Train_RewardV3/runs/midasheng_7b_reward_v3_10rounds_20260905_run01/round_005/collections/round_005_caption_tts_rollout.output.jsonl
5,TTS,random440_expressivespeech_191,6,299,codec_frames,/data/L202500147/Caption/DualISL_Train_RewardV3/runs/midasheng_7b_reward_v3_10rounds_20260905_run01/round_005/collections/round_005_caption_tts_rollout.output.jsonl
5,TTS,random440_expressivespeech_242,7,222,codec_frames,/data/L202500147/Caption/DualISL_Train_RewardV3/runs/midasheng_7b_reward_v3_10rounds_20260905_run01/round_005/collections/round_005_caption_tts_rollout.output.jsonl
5,TTS,random440_expressivespeech_136,0,331,codec_frames,/data/L202500147/Caption/DualISL_Train_RewardV3/runs/midasheng_7b_reward_v3_10rounds_20260905_run01/round_005/collections/round_005_caption_tts_rollout.output.jsonl
5,TTS,random440_expressivespeech_243,1,254,codec_frames,/data/L202500147/Caption/DualISL_Train_RewardV3/runs/midasheng_7b_reward_v3_10rounds_20260905_run01/round_005/collections/round_005_caption_tts_rollout.output.jsonl
5,TTS,random440_deear_052,2,367,codec_frames,/data/L202500147/Caption/DualISL_Train_RewardV3/runs/midasheng_7b_reward_v3_10rounds_20260905_run01/round_005/collections/round_005_caption_tts_rollout.output.jsonl
5,TTS,random440_expressivespeech_184,3,762,codec_frames,/data/L202500147/Caption/DualISL_Train_RewardV3/runs/midasheng_7b_reward_v3_10rounds_20260905_run01/round_005/collections/round_005_caption_tts_rollout.output.jsonl
5,TTS,random440_expressivespeech_015,4,190,codec_frames,/data/L202500147/Caption/DualISL_Train_RewardV3/runs/midasheng_7b_reward_v3_10rounds_20260905_run01/round_005/collections/round_005_caption_tts_rollout.output.jsonl
5,TTS,random440_deear_050,5,1350,codec_frames,/data/L202500147/Caption/DualISL_Train_RewardV3/runs/midasheng_7b_reward_v3_10rounds_20260905_run01/round_005/collections/round_005_caption_tts_rollout.output.jsonl
5,TTS,random440_deear_066,6,259,codec_frames,/data/L202500147/Caption/DualISL_Train_RewardV3/runs/midasheng_7b_reward_v3_10rounds_20260905_run01/round_005/collections/round_005_caption_tts_rollout.output.jsonl
5,TTS,random440_expressivespeech_084,7,463,codec_frames,/data/L202500147/Caption/DualISL_Train_RewardV3/runs/midasheng_7b_reward_v3_10rounds_20260905_run01/round_005/collections/round_005_caption_tts_rollout.output.jsonl
5,TTS,random440_expressivespeech_281,0,161,codec_frames,/data/L202500147/Caption/DualISL_Train_RewardV3/runs/midasheng_7b_reward_v3_10rounds_20260905_run01/round_005/collections/round_005_caption_tts_rollout.output.jsonl
5,TTS,random440_expressivespeech_094,1,352,codec_frames,/data/L202500147/Caption/DualISL_Train_RewardV3/runs/midasheng_7b_reward_v3_10rounds_20260905_run01/round_005/collections/round_005_caption_tts_rollout.output.jsonl
5,TTS,random440_expressivespeech_152,2,720,codec_frames,/data/L202500147/Caption/DualISL_Train_RewardV3/runs/midasheng_7b_reward_v3_10rounds_20260905_run01/round_005/collections/round_005_caption_tts_rollout.output.jsonl
5,TTS,random440_deear_094,3,62,codec_frames,/data/L202500147/Caption/DualISL_Train_RewardV3/runs/midasheng_7b_reward_v3_10rounds_20260905_run01/round_005/collections/round_005_caption_tts_rollout.output.jsonl
5,TTS,random440_expressivespeech_091,4,367,codec_frames,/data/L202500147/Caption/DualISL_Train_RewardV3/runs/midasheng_7b_reward_v3_10rounds_20260905_run01/round_005/collections/round_005_caption_tts_rollout.output.jsonl
5,TTS,random440_expressivespeech_194,5,76,codec_frames,/data/L202500147/Caption/DualISL_Train_RewardV3/runs/midasheng_7b_reward_v3_10rounds_20260905_run01/round_005/collections/round_005_caption_tts_rollout.output.jsonl
5,TTS,random440_deear_034,6,266,codec_frames,/data/L202500147/Caption/DualISL_Train_RewardV3/runs/midasheng_7b_reward_v3_10rounds_20260905_run01/round_005/collections/round_005_caption_tts_rollout.output.jsonl
5,TTS,random440_expressivespeech_171,7,341,codec_frames,/data/L202500147/Caption/DualISL_Train_RewardV3/runs/midasheng_7b_reward_v3_10rounds_20260905_run01/round_005/collections/round_005_caption_tts_rollout.output.jsonl
5,TTS,random440_expressivespeech_052,0,472,codec_frames,/data/L202500147/Caption/DualISL_Train_RewardV3/runs/midasheng_7b_reward_v3_10rounds_20260905_run01/round_005/collections/round_005_caption_tts_rollout.output.jsonl
5,TTS,random440_deear_059,1,161,codec_frames,/data/L202500147/Caption/DualISL_Train_RewardV3/runs/midasheng_7b_reward_v3_10rounds_20260905_run01/round_005/collections/round_005_caption_tts_rollout.output.jsonl
5,TTS,random440_expressivespeech_203,2,172,codec_frames,/data/L202500147/Caption/DualISL_Train_RewardV3/runs/midasheng_7b_reward_v3_10rounds_20260905_run01/round_005/collections/round_005_caption_tts_rollout.output.jsonl
5,TTS,random440_expressivespeech_201,3,200,codec_frames,/data/L202500147/Caption/DualISL_Train_RewardV3/runs/midasheng_7b_reward_v3_10rounds_20260905_run01/round_005/collections/round_005_caption_tts_rollout.output.jsonl
5,TTS,random440_deear_085,4,605,codec_frames,/data/L202500147/Caption/DualISL_Train_RewardV3/runs/midasheng_7b_reward_v3_10rounds_20260905_run01/round_005/collections/round_005_caption_tts_rollout.output.jsonl
5,TTS,random440_expressivespeech_189,5,330,codec_frames,/data/L202500147/Caption/DualISL_Train_RewardV3/runs/midasheng_7b_reward_v3_10rounds_20260905_run01/round_005/collections/round_005_caption_tts_rollout.output.jsonl
5,TTS,random440_expressivespeech_161,6,429,codec_frames,/data/L202500147/Caption/DualISL_Train_RewardV3/runs/midasheng_7b_reward_v3_10rounds_20260905_run01/round_005/collections/round_005_caption_tts_rollout.output.jsonl
5,TTS,random440_expressivespeech_117,7,638,codec_frames,/data/L202500147/Caption/DualISL_Train_RewardV3/runs/midasheng_7b_reward_v3_10rounds_20260905_run01/round_005/collections/round_005_caption_tts_rollout.output.jsonl
5,TTS,random440_expressivespeech_182,0,478,codec_frames,/data/L202500147/Caption/DualISL_Train_RewardV3/runs/midasheng_7b_reward_v3_10rounds_20260905_run01/round_005/collections/round_005_caption_tts_rollout.output.jsonl
5,TTS,random440_deear_001,1,281,codec_frames,/data/L202500147/Caption/DualISL_Train_RewardV3/runs/midasheng_7b_reward_v3_10rounds_20260905_run01/round_005/collections/round_005_caption_tts_rollout.output.jsonl
5,TTS,random440_expressivespeech_268,2,624,codec_frames,/data/L202500147/Caption/DualISL_Train_RewardV3/runs/midasheng_7b_reward_v3_10rounds_20260905_run01/round_005/collections/round_005_caption_tts_rollout.output.jsonl
5,TTS,random440_deear_099,3,88,codec_frames,/data/L202500147/Caption/DualISL_Train_RewardV3/runs/midasheng_7b_reward_v3_10rounds_20260905_run01/round_005/collections/round_005_caption_tts_rollout.output.jsonl
5,TTS,random440_expressivespeech_159,4,62,codec_frames,/data/L202500147/Caption/DualISL_Train_RewardV3/runs/midasheng_7b_reward_v3_10rounds_20260905_run01/round_005/collections/round_005_caption_tts_rollout.output.jsonl
5,TTS,random440_expressivespeech_276,5,846,codec_frames,/data/L202500147/Caption/DualISL_Train_RewardV3/runs/midasheng_7b_reward_v3_10rounds_20260905_run01/round_005/collections/round_005_caption_tts_rollout.output.jsonl
5,TTS,random440_expressivespeech_339,6,90,codec_frames,/data/L202500147/Caption/DualISL_Train_RewardV3/runs/midasheng_7b_reward_v3_10rounds_20260905_run01/round_005/collections/round_005_caption_tts_rollout.output.jsonl
5,TTS,random440_expressivespeech_299,7,699,codec_frames,/data/L202500147/Caption/DualISL_Train_RewardV3/runs/midasheng_7b_reward_v3_10rounds_20260905_run01/round_005/collections/round_005_caption_tts_rollout.output.jsonl
5,TTS,random440_expressivespeech_253,0,107,codec_frames,/data/L202500147/Caption/DualISL_Train_RewardV3/runs/midasheng_7b_reward_v3_10rounds_20260905_run01/round_005/collections/round_005_caption_tts_rollout.output.jsonl
5,TTS,random440_deear_076,1,369,codec_frames,/data/L202500147/Caption/DualISL_Train_RewardV3/runs/midasheng_7b_reward_v3_10rounds_20260905_run01/round_005/collections/round_005_caption_tts_rollout.output.jsonl
5,TTS,random440_deear_007,2,160,codec_frames,/data/L202500147/Caption/DualISL_Train_RewardV3/runs/midasheng_7b_reward_v3_10rounds_20260905_run01/round_005/collections/round_005_caption_tts_rollout.output.jsonl
5,TTS,random440_expressivespeech_051,3,451,codec_frames,/data/L202500147/Caption/DualISL_Train_RewardV3/runs/midasheng_7b_reward_v3_10rounds_20260905_run01/round_005/collections/round_005_caption_tts_rollout.output.jsonl
5,TTS,random440_expressivespeech_177,4,230,codec_frames,/data/L202500147/Caption/DualISL_Train_RewardV3/runs/midasheng_7b_reward_v3_10rounds_20260905_run01/round_005/collections/round_005_caption_tts_rollout.output.jsonl
5,TTS,random440_expressivespeech_132,5,535,codec_frames,/data/L202500147/Caption/DualISL_Train_RewardV3/runs/midasheng_7b_reward_v3_10rounds_20260905_run01/round_005/collections/round_005_caption_tts_rollout.output.jsonl
5,TTS,random440_expressivespeech_134,6,198,codec_frames,/data/L202500147/Caption/DualISL_Train_RewardV3/runs/midasheng_7b_reward_v3_10rounds_20260905_run01/round_005/collections/round_005_caption_tts_rollout.output.jsonl
5,TTS,random440_deear_041,7,313,codec_frames,/data/L202500147/Caption/DualISL_Train_RewardV3/runs/midasheng_7b_reward_v3_10rounds_20260905_run01/round_005/collections/round_005_caption_tts_rollout.output.jsonl
5,TTS,random440_expressivespeech_300,0,288,codec_frames,/data/L202500147/Caption/DualISL_Train_RewardV3/runs/midasheng_7b_reward_v3_10rounds_20260905_run01/round_005/collections/round_005_caption_tts_rollout.output.jsonl
5,TTS,random440_expressivespeech_302,1,95,codec_frames,/data/L202500147/Caption/DualISL_Train_RewardV3/runs/midasheng_7b_reward_v3_10rounds_20260905_run01/round_005/collections/round_005_caption_tts_rollout.output.jsonl
5,TTS,random440_deear_097,2,97,codec_frames,/data/L202500147/Caption/DualISL_Train_RewardV3/runs/midasheng_7b_reward_v3_10rounds_20260905_run01/round_005/collections/round_005_caption_tts_rollout.output.jsonl
5,TTS,random440_deear_073,3,95,codec_frames,/data/L202500147/Caption/DualISL_Train_RewardV3/runs/midasheng_7b_reward_v3_10rounds_20260905_run01/round_005/collections/round_005_caption_tts_rollout.output.jsonl
5,TTS,random440_deear_029,4,100,codec_frames,/data/L202500147/Caption/DualISL_Train_RewardV3/runs/midasheng_7b_reward_v3_10rounds_20260905_run01/round_005/collections/round_005_caption_tts_rollout.output.jsonl
5,TTS,random440_deear_060,5,101,codec_frames,/data/L202500147/Caption/DualISL_Train_RewardV3/runs/midasheng_7b_reward_v3_10rounds_20260905_run01/round_005/collections/round_005_caption_tts_rollout.output.jsonl
5,TTS,random440_expressivespeech_190,6,59,codec_frames,/data/L202500147/Caption/DualISL_Train_RewardV3/runs/midasheng_7b_reward_v3_10rounds_20260905_run01/round_005/collections/round_005_caption_tts_rollout.output.jsonl
5,TTS,random440_expressivespeech_198,7,296,codec_frames,/data/L202500147/Caption/DualISL_Train_RewardV3/runs/midasheng_7b_reward_v3_10rounds_20260905_run01/round_005/collections/round_005_caption_tts_rollout.output.jsonl
5,TTS,random440_deear_088,0,572,codec_frames,/data/L202500147/Caption/DualISL_Train_RewardV3/runs/midasheng_7b_reward_v3_10rounds_20260905_run01/round_005/collections/round_005_caption_tts_rollout.output.jsonl
5,TTS,random440_expressivespeech_331,1,399,codec_frames,/data/L202500147/Caption/DualISL_Train_RewardV3/runs/midasheng_7b_reward_v3_10rounds_20260905_run01/round_005/collections/round_005_caption_tts_rollout.output.jsonl
5,TTS,random440_expressivespeech_273,2,167,codec_frames,/data/L202500147/Caption/DualISL_Train_RewardV3/runs/midasheng_7b_reward_v3_10rounds_20260905_run01/round_005/collections/round_005_caption_tts_rollout.output.jsonl
5,TTS,random440_expressivespeech_141,3,1068,codec_frames,/data/L202500147/Caption/DualISL_Train_RewardV3/runs/midasheng_7b_reward_v3_10rounds_20260905_run01/round_005/collections/round_005_caption_tts_rollout.output.jsonl
5,TTS,random440_expressivespeech_156,4,109,codec_frames,/data/L202500147/Caption/DualISL_Train_RewardV3/runs/midasheng_7b_reward_v3_10rounds_20260905_run01/round_005/collections/round_005_caption_tts_rollout.output.jsonl
5,TTS,random440_expressivespeech_058,5,134,codec_frames,/data/L202500147/Caption/DualISL_Train_RewardV3/runs/midasheng_7b_reward_v3_10rounds_20260905_run01/round_005/collections/round_005_caption_tts_rollout.output.jsonl
5,TTS,random440_expressivespeech_214,6,186,codec_frames,/data/L202500147/Caption/DualISL_Train_RewardV3/runs/midasheng_7b_reward_v3_10rounds_20260905_run01/round_005/collections/round_005_caption_tts_rollout.output.jsonl
5,TTS,random440_expressivespeech_049,7,318,codec_frames,/data/L202500147/Caption/DualISL_Train_RewardV3/runs/midasheng_7b_reward_v3_10rounds_20260905_run01/round_005/collections/round_005_caption_tts_rollout.output.jsonl
5,TTS,random440_expressivespeech_332,0,138,codec_frames,/data/L202500147/Caption/DualISL_Train_RewardV3/runs/midasheng_7b_reward_v3_10rounds_20260905_run01/round_005/collections/round_005_caption_tts_rollout.output.jsonl
5,TTS,random440_expressivespeech_284,1,161,codec_frames,/data/L202500147/Caption/DualISL_Train_RewardV3/runs/midasheng_7b_reward_v3_10rounds_20260905_run01/round_005/collections/round_005_caption_tts_rollout.output.jsonl
5,TTS,random440_deear_091,2,375,codec_frames,/data/L202500147/Caption/DualISL_Train_RewardV3/runs/midasheng_7b_reward_v3_10rounds_20260905_run01/round_005/collections/round_005_caption_tts_rollout.output.jsonl
5,TTS,random440_expressivespeech_172,3,709,codec_frames,/data/L202500147/Caption/DualISL_Train_RewardV3/runs/midasheng_7b_reward_v3_10rounds_20260905_run01/round_005/collections/round_005_caption_tts_rollout.output.jsonl
5,TTS,random440_expressivespeech_139,4,457,codec_frames,/data/L202500147/Caption/DualISL_Train_RewardV3/runs/midasheng_7b_reward_v3_10rounds_20260905_run01/round_005/collections/round_005_caption_tts_rollout.output.jsonl
5,TTS,random440_expressivespeech_193,5,615,codec_frames,/data/L202500147/Caption/DualISL_Train_RewardV3/runs/midasheng_7b_reward_v3_10rounds_20260905_run01/round_005/collections/round_005_caption_tts_rollout.output.jsonl
5,TTS,random440_expressivespeech_232,6,64,codec_frames,/data/L202500147/Caption/DualISL_Train_RewardV3/runs/midasheng_7b_reward_v3_10rounds_20260905_run01/round_005/collections/round_005_caption_tts_rollout.output.jsonl
5,TTS,random440_expressivespeech_236,7,1462,codec_frames,/data/L202500147/Caption/DualISL_Train_RewardV3/runs/midasheng_7b_reward_v3_10rounds_20260905_run01/round_005/collections/round_005_caption_tts_rollout.output.jsonl
5,TTS,random440_expressivespeech_229,0,1341,codec_frames,/data/L202500147/Caption/DualISL_Train_RewardV3/runs/midasheng_7b_reward_v3_10rounds_20260905_run01/round_005/collections/round_005_caption_tts_rollout.output.jsonl
5,TTS,random440_expressivespeech_030,1,185,codec_frames,/data/L202500147/Caption/DualISL_Train_RewardV3/runs/midasheng_7b_reward_v3_10rounds_20260905_run01/round_005/collections/round_005_caption_tts_rollout.output.jsonl
5,TTS,random440_deear_043,2,311,codec_frames,/data/L202500147/Caption/DualISL_Train_RewardV3/runs/midasheng_7b_reward_v3_10rounds_20260905_run01/round_005/collections/round_005_caption_tts_rollout.output.jsonl
5,TTS,random440_expressivespeech_061,3,68,codec_frames,/data/L202500147/Caption/DualISL_Train_RewardV3/runs/midasheng_7b_reward_v3_10rounds_20260905_run01/round_005/collections/round_005_caption_tts_rollout.output.jsonl
5,TTS,random440_expressivespeech_142,4,79,codec_frames,/data/L202500147/Caption/DualISL_Train_RewardV3/runs/midasheng_7b_reward_v3_10rounds_20260905_run01/round_005/collections/round_005_caption_tts_rollout.output.jsonl
5,TTS,random440_expressivespeech_092,5,247,codec_frames,/data/L202500147/Caption/DualISL_Train_RewardV3/runs/midasheng_7b_reward_v3_10rounds_20260905_run01/round_005/collections/round_005_caption_tts_rollout.output.jsonl
5,TTS,random440_expressivespeech_322,6,60,codec_frames,/data/L202500147/Caption/DualISL_Train_RewardV3/runs/midasheng_7b_reward_v3_10rounds_20260905_run01/round_005/collections/round_005_caption_tts_rollout.output.jsonl
5,TTS,random440_expressivespeech_040,7,107,codec_frames,/data/L202500147/Caption/DualISL_Train_RewardV3/runs/midasheng_7b_reward_v3_10rounds_20260905_run01/round_005/collections/round_005_caption_tts_rollout.output.jsonl
5,TTS,random440_deear_036,0,77,codec_frames,/data/L202500147/Caption/DualISL_Train_RewardV3/runs/midasheng_7b_reward_v3_10rounds_20260905_run01/round_005/collections/round_005_caption_tts_rollout.output.jsonl
5,TTS,random440_expressivespeech_097,1,119,codec_frames,/data/L202500147/Caption/DualISL_Train_RewardV3/runs/midasheng_7b_reward_v3_10rounds_20260905_run01/round_005/collections/round_005_caption_tts_rollout.output.jsonl
5,TTS,random440_expressivespeech_308,2,277,codec_frames,/data/L202500147/Caption/DualISL_Train_RewardV3/runs/midasheng_7b_reward_v3_10rounds_20260905_run01/round_005/collections/round_005_caption_tts_rollout.output.jsonl
5,TTS,random440_expressivespeech_224,3,302,codec_frames,/data/L202500147/Caption/DualISL_Train_RewardV3/runs/midasheng_7b_reward_v3_10rounds_20260905_run01/round_005/collections/round_005_caption_tts_rollout.output.jsonl
5,TTS,random440_expressivespeech_062,4,186,codec_frames,/data/L202500147/Caption/DualISL_Train_RewardV3/runs/midasheng_7b_reward_v3_10rounds_20260905_run01/round_005/collections/round_005_caption_tts_rollout.output.jsonl
5,TTS,random440_expressivespeech_275,5,92,codec_frames,/data/L202500147/Caption/DualISL_Train_RewardV3/runs/midasheng_7b_reward_v3_10rounds_20260905_run01/round_005/collections/round_005_caption_tts_rollout.output.jsonl
5,TTS,random440_expressivespeech_174,6,681,codec_frames,/data/L202500147/Caption/DualISL_Train_RewardV3/runs/midasheng_7b_reward_v3_10rounds_20260905_run01/round_005/collections/round_005_caption_tts_rollout.output.jsonl
5,TTS,random440_expressivespeech_258,7,251,codec_frames,/data/L202500147/Caption/DualISL_Train_RewardV3/runs/midasheng_7b_reward_v3_10rounds_20260905_run01/round_005/collections/round_005_caption_tts_rollout.output.jsonl
5,TTS,random440_expressivespeech_335,0,230,codec_frames,/data/L202500147/Caption/DualISL_Train_RewardV3/runs/midasheng_7b_reward_v3_10rounds_20260905_run01/round_005/collections/round_005_caption_tts_rollout.output.jsonl
5,TTS,random440_expressivespeech_212,1,568,codec_frames,/data/L202500147/Caption/DualISL_Train_RewardV3/runs/midasheng_7b_reward_v3_10rounds_20260905_run01/round_005/collections/round_005_caption_tts_rollout.output.jsonl
5,TTS,random440_expressivespeech_006,2,295,codec_frames,/data/L202500147/Caption/DualISL_Train_RewardV3/runs/midasheng_7b_reward_v3_10rounds_20260905_run01/round_005/collections/round_005_caption_tts_rollout.output.jsonl
5,TTS,random440_expressivespeech_250,3,1333,codec_frames,/data/L202500147/Caption/DualISL_Train_RewardV3/runs/midasheng_7b_reward_v3_10rounds_20260905_run01/round_005/collections/round_005_caption_tts_rollout.output.jsonl
5,TTS,random440_deear_046,4,64,codec_frames,/data/L202500147/Caption/DualISL_Train_RewardV3/runs/midasheng_7b_reward_v3_10rounds_20260905_run01/round_005/collections/round_005_caption_tts_rollout.output.jsonl
5,TTS,random440_expressivespeech_060,5,209,codec_frames,/data/L202500147/Caption/DualISL_Train_RewardV3/runs/midasheng_7b_reward_v3_10rounds_20260905_run01/round_005/collections/round_005_caption_tts_rollout.output.jsonl
5,TTS,random440_expressivespeech_029,6,347,codec_frames,/data/L202500147/Caption/DualISL_Train_RewardV3/runs/midasheng_7b_reward_v3_10rounds_20260905_run01/round_005/collections/round_005_caption_tts_rollout.output.jsonl
5,TTS,random440_expressivespeech_114,7,153,codec_frames,/data/L202500147/Caption/DualISL_Train_RewardV3/runs/midasheng_7b_reward_v3_10rounds_20260905_run01/round_005/collections/round_005_caption_tts_rollout.output.jsonl
5,TTS,random440_expressivespeech_125,0,551,codec_frames,/data/L202500147/Caption/DualISL_Train_RewardV3/runs/midasheng_7b_reward_v3_10rounds_20260905_run01/round_005/collections/round_005_caption_tts_rollout.output.jsonl
5,TTS,random440_expressivespeech_002,1,193,codec_frames,/data/L202500147/Caption/DualISL_Train_RewardV3/runs/midasheng_7b_reward_v3_10rounds_20260905_run01/round_005/collections/round_005_caption_tts_rollout.output.jsonl
5,TTS,random440_expressivespeech_119,2,58,codec_frames,/data/L202500147/Caption/DualISL_Train_RewardV3/runs/midasheng_7b_reward_v3_10rounds_20260905_run01/round_005/collections/round_005_caption_tts_rollout.output.jsonl
5,TTS,random440_expressivespeech_170,3,95,codec_frames,/data/L202500147/Caption/DualISL_Train_RewardV3/runs/midasheng_7b_reward_v3_10rounds_20260905_run01/round_005/collections/round_005_caption_tts_rollout.output.jsonl
5,TTS,random440_expressivespeech_297,4,133,codec_frames,/data/L202500147/Caption/DualISL_Train_RewardV3/runs/midasheng_7b_reward_v3_10rounds_20260905_run01/round_005/collections/round_005_caption_tts_rollout.output.jsonl
5,TTS,random440_expressivespeech_289,5,608,codec_frames,/data/L202500147/Caption/DualISL_Train_RewardV3/runs/midasheng_7b_reward_v3_10rounds_20260905_run01/round_005/collections/round_005_caption_tts_rollout.output.jsonl
5,TTS,random440_deear_067,6,32,codec_frames,/data/L202500147/Caption/DualISL_Train_RewardV3/runs/midasheng_7b_reward_v3_10rounds_20260905_run01/round_005/collections/round_005_caption_tts_rollout.output.jsonl
5,TTS,random440_expressivespeech_318,7,798,codec_frames,/data/L202500147/Caption/DualISL_Train_RewardV3/runs/midasheng_7b_reward_v3_10rounds_20260905_run01/round_005/collections/round_005_caption_tts_rollout.output.jsonl
5,TTS,random440_expressivespeech_278,0,102,codec_frames,/data/L202500147/Caption/DualISL_Train_RewardV3/runs/midasheng_7b_reward_v3_10rounds_20260905_run01/round_005/collections/round_005_caption_tts_rollout.output.jsonl
5,TTS,random440_expressivespeech_075,1,669,codec_frames,/data/L202500147/Caption/DualISL_Train_RewardV3/runs/midasheng_7b_reward_v3_10rounds_20260905_run01/round_005/collections/round_005_caption_tts_rollout.output.jsonl
5,TTS,random440_expressivespeech_039,2,591,codec_frames,/data/L202500147/Caption/DualISL_Train_RewardV3/runs/midasheng_7b_reward_v3_10rounds_20260905_run01/round_005/collections/round_005_caption_tts_rollout.output.jsonl
5,TTS,random440_deear_028,3,103,codec_frames,/data/L202500147/Caption/DualISL_Train_RewardV3/runs/midasheng_7b_reward_v3_10rounds_20260905_run01/round_005/collections/round_005_caption_tts_rollout.output.jsonl
5,TTS,random440_deear_045,4,113,codec_frames,/data/L202500147/Caption/DualISL_Train_RewardV3/runs/midasheng_7b_reward_v3_10rounds_20260905_run01/round_005/collections/round_005_caption_tts_rollout.output.jsonl
5,TTS,random440_expressivespeech_018,5,1887,codec_frames,/data/L202500147/Caption/DualISL_Train_RewardV3/runs/midasheng_7b_reward_v3_10rounds_20260905_run01/round_005/collections/round_005_caption_tts_rollout.output.jsonl
5,TTS,random440_expressivespeech_234,6,161,codec_frames,/data/L202500147/Caption/DualISL_Train_RewardV3/runs/midasheng_7b_reward_v3_10rounds_20260905_run01/round_005/collections/round_005_caption_tts_rollout.output.jsonl
5,TTS,random440_expressivespeech_118,7,676,codec_frames,/data/L202500147/Caption/DualISL_Train_RewardV3/runs/midasheng_7b_reward_v3_10rounds_20260905_run01/round_005/collections/round_005_caption_tts_rollout.output.jsonl
5,TTS,random440_expressivespeech_257,0,375,codec_frames,/data/L202500147/Caption/DualISL_Train_RewardV3/runs/midasheng_7b_reward_v3_10rounds_20260905_run01/round_005/collections/round_005_caption_tts_rollout.output.jsonl
5,TTS,random440_expressivespeech_262,1,231,codec_frames,/data/L202500147/Caption/DualISL_Train_RewardV3/runs/midasheng_7b_reward_v3_10rounds_20260905_run01/round_005/collections/round_005_caption_tts_rollout.output.jsonl
5,TTS,random440_expressivespeech_077,2,858,codec_frames,/data/L202500147/Caption/DualISL_Train_RewardV3/runs/midasheng_7b_reward_v3_10rounds_20260905_run01/round_005/collections/round_005_caption_tts_rollout.output.jsonl
5,TTS,random440_expressivespeech_221,3,299,codec_frames,/data/L202500147/Caption/DualISL_Train_RewardV3/runs/midasheng_7b_reward_v3_10rounds_20260905_run01/round_005/collections/round_005_caption_tts_rollout.output.jsonl
5,TTS,random440_deear_051,4,496,codec_frames,/data/L202500147/Caption/DualISL_Train_RewardV3/runs/midasheng_7b_reward_v3_10rounds_20260905_run01/round_005/collections/round_005_caption_tts_rollout.output.jsonl
5,TTS,random440_expressivespeech_130,5,872,codec_frames,/data/L202500147/Caption/DualISL_Train_RewardV3/runs/midasheng_7b_reward_v3_10rounds_20260905_run01/round_005/collections/round_005_caption_tts_rollout.output.jsonl
5,TTS,random440_deear_081,6,96,codec_frames,/data/L202500147/Caption/DualISL_Train_RewardV3/runs/midasheng_7b_reward_v3_10rounds_20260905_run01/round_005/collections/round_005_caption_tts_rollout.output.jsonl
5,TTS,random440_expressivespeech_213,7,100,codec_frames,/data/L202500147/Caption/DualISL_Train_RewardV3/runs/midasheng_7b_reward_v3_10rounds_20260905_run01/round_005/collections/round_005_caption_tts_rollout.output.jsonl
5,TTS,random440_expressivespeech_173,0,52,codec_frames,/data/L202500147/Caption/DualISL_Train_RewardV3/runs/midasheng_7b_reward_v3_10rounds_20260905_run01/round_005/collections/round_005_caption_tts_rollout.output.jsonl
5,TTS,random440_deear_027,1,186,codec_frames,/data/L202500147/Caption/DualISL_Train_RewardV3/runs/midasheng_7b_reward_v3_10rounds_20260905_run01/round_005/collections/round_005_caption_tts_rollout.output.jsonl
5,TTS,random440_expressivespeech_059,2,191,codec_frames,/data/L202500147/Caption/DualISL_Train_RewardV3/runs/midasheng_7b_reward_v3_10rounds_20260905_run01/round_005/collections/round_005_caption_tts_rollout.output.jsonl
5,TTS,random440_expressivespeech_248,3,225,codec_frames,/data/L202500147/Caption/DualISL_Train_RewardV3/runs/midasheng_7b_reward_v3_10rounds_20260905_run01/round_005/collections/round_005_caption_tts_rollout.output.jsonl
5,TTS,random440_expressivespeech_108,4,1142,codec_frames,/data/L202500147/Caption/DualISL_Train_RewardV3/runs/midasheng_7b_reward_v3_10rounds_20260905_run01/round_005/collections/round_005_caption_tts_rollout.output.jsonl
5,TTS,random440_expressivespeech_116,5,664,codec_frames,/data/L202500147/Caption/DualISL_Train_RewardV3/runs/midasheng_7b_reward_v3_10rounds_20260905_run01/round_005/collections/round_005_caption_tts_rollout.output.jsonl
5,TTS,random440_deear_065,6,399,codec_frames,/data/L202500147/Caption/DualISL_Train_RewardV3/runs/midasheng_7b_reward_v3_10rounds_20260905_run01/round_005/collections/round_005_caption_tts_rollout.output.jsonl
5,TTS,random440_expressivespeech_131,7,102,codec_frames,/data/L202500147/Caption/DualISL_Train_RewardV3/runs/midasheng_7b_reward_v3_10rounds_20260905_run01/round_005/collections/round_005_caption_tts_rollout.output.jsonl
5,TTS,random440_expressivespeech_320,0,155,codec_frames,/data/L202500147/Caption/DualISL_Train_RewardV3/runs/midasheng_7b_reward_v3_10rounds_20260905_run01/round_005/collections/round_005_caption_tts_rollout.output.jsonl
5,TTS,random440_expressivespeech_330,1,890,codec_frames,/data/L202500147/Caption/DualISL_Train_RewardV3/runs/midasheng_7b_reward_v3_10rounds_20260905_run01/round_005/collections/round_005_caption_tts_rollout.output.jsonl
5,TTS,random440_expressivespeech_104,2,181,codec_frames,/data/L202500147/Caption/DualISL_Train_RewardV3/runs/midasheng_7b_reward_v3_10rounds_20260905_run01/round_005/collections/round_005_caption_tts_rollout.output.jsonl
5,TTS,random440_expressivespeech_032,3,284,codec_frames,/data/L202500147/Caption/DualISL_Train_RewardV3/runs/midasheng_7b_reward_v3_10rounds_20260905_run01/round_005/collections/round_005_caption_tts_rollout.output.jsonl
5,TTS,random440_deear_098,4,513,codec_frames,/data/L202500147/Caption/DualISL_Train_RewardV3/runs/midasheng_7b_reward_v3_10rounds_20260905_run01/round_005/collections/round_005_caption_tts_rollout.output.jsonl
5,TTS,random440_expressivespeech_305,5,263,codec_frames,/data/L202500147/Caption/DualISL_Train_RewardV3/runs/midasheng_7b_reward_v3_10rounds_20260905_run01/round_005/collections/round_005_caption_tts_rollout.output.jsonl
5,TTS,random440_expressivespeech_106,6,125,codec_frames,/data/L202500147/Caption/DualISL_Train_RewardV3/runs/midasheng_7b_reward_v3_10rounds_20260905_run01/round_005/collections/round_005_caption_tts_rollout.output.jsonl
5,TTS,random440_expressivespeech_324,7,374,codec_frames,/data/L202500147/Caption/DualISL_Train_RewardV3/runs/midasheng_7b_reward_v3_10rounds_20260905_run01/round_005/collections/round_005_caption_tts_rollout.output.jsonl
5,TTS,random440_deear_100,0,317,codec_frames,/data/L202500147/Caption/DualISL_Train_RewardV3/runs/midasheng_7b_reward_v3_10rounds_20260905_run01/round_005/collections/round_005_caption_tts_rollout.output.jsonl
5,TTS,random440_deear_004,1,1492,codec_frames,/data/L202500147/Caption/DualISL_Train_RewardV3/runs/midasheng_7b_reward_v3_10rounds_20260905_run01/round_005/collections/round_005_caption_tts_rollout.output.jsonl
5,TTS,random440_expressivespeech_066,2,241,codec_frames,/data/L202500147/Caption/DualISL_Train_RewardV3/runs/midasheng_7b_reward_v3_10rounds_20260905_run01/round_005/collections/round_005_caption_tts_rollout.output.jsonl
5,TTS,random440_expressivespeech_240,3,463,codec_frames,/data/L202500147/Caption/DualISL_Train_RewardV3/runs/midasheng_7b_reward_v3_10rounds_20260905_run01/round_005/collections/round_005_caption_tts_rollout.output.jsonl
5,TTS,random440_expressivespeech_166,4,70,codec_frames,/data/L202500147/Caption/DualISL_Train_RewardV3/runs/midasheng_7b_reward_v3_10rounds_20260905_run01/round_005/collections/round_005_caption_tts_rollout.output.jsonl
5,TTS,random440_expressivespeech_034,5,88,codec_frames,/data/L202500147/Caption/DualISL_Train_RewardV3/runs/midasheng_7b_reward_v3_10rounds_20260905_run01/round_005/collections/round_005_caption_tts_rollout.output.jsonl
5,TTS,random440_expressivespeech_151,6,559,codec_frames,/data/L202500147/Caption/DualISL_Train_RewardV3/runs/midasheng_7b_reward_v3_10rounds_20260905_run01/round_005/collections/round_005_caption_tts_rollout.output.jsonl
5,TTS,random440_expressivespeech_328,7,234,codec_frames,/data/L202500147/Caption/DualISL_Train_RewardV3/runs/midasheng_7b_reward_v3_10rounds_20260905_run01/round_005/collections/round_005_caption_tts_rollout.output.jsonl
5,TTS,random440_expressivespeech_306,0,101,codec_frames,/data/L202500147/Caption/DualISL_Train_RewardV3/runs/midasheng_7b_reward_v3_10rounds_20260905_run01/round_005/collections/round_005_caption_tts_rollout.output.jsonl
5,TTS,random440_expressivespeech_274,1,660,codec_frames,/data/L202500147/Caption/DualISL_Train_RewardV3/runs/midasheng_7b_reward_v3_10rounds_20260905_run01/round_005/collections/round_005_caption_tts_rollout.output.jsonl
5,TTS,random440_expressivespeech_023,2,200,codec_frames,/data/L202500147/Caption/DualISL_Train_RewardV3/runs/midasheng_7b_reward_v3_10rounds_20260905_run01/round_005/collections/round_005_caption_tts_rollout.output.jsonl
5,TTS,random440_expressivespeech_226,3,121,codec_frames,/data/L202500147/Caption/DualISL_Train_RewardV3/runs/midasheng_7b_reward_v3_10rounds_20260905_run01/round_005/collections/round_005_caption_tts_rollout.output.jsonl
5,TTS,random440_deear_018,4,327,codec_frames,/data/L202500147/Caption/DualISL_Train_RewardV3/runs/midasheng_7b_reward_v3_10rounds_20260905_run01/round_005/collections/round_005_caption_tts_rollout.output.jsonl
5,TTS,random440_expressivespeech_247,5,802,codec_frames,/data/L202500147/Caption/DualISL_Train_RewardV3/runs/midasheng_7b_reward_v3_10rounds_20260905_run01/round_005/collections/round_005_caption_tts_rollout.output.jsonl
5,TTS,random440_expressivespeech_196,6,305,codec_frames,/data/L202500147/Caption/DualISL_Train_RewardV3/runs/midasheng_7b_reward_v3_10rounds_20260905_run01/round_005/collections/round_005_caption_tts_rollout.output.jsonl
5,TTS,random440_expressivespeech_042,7,354,codec_frames,/data/L202500147/Caption/DualISL_Train_RewardV3/runs/midasheng_7b_reward_v3_10rounds_20260905_run01/round_005/collections/round_005_caption_tts_rollout.output.jsonl
5,TTS,random440_expressivespeech_033,0,122,codec_frames,/data/L202500147/Caption/DualISL_Train_RewardV3/runs/midasheng_7b_reward_v3_10rounds_20260905_run01/round_005/collections/round_005_caption_tts_rollout.output.jsonl
5,TTS,random440_deear_061,1,780,codec_frames,/data/L202500147/Caption/DualISL_Train_RewardV3/runs/midasheng_7b_reward_v3_10rounds_20260905_run01/round_005/collections/round_005_caption_tts_rollout.output.jsonl
5,TTS,random440_deear_020,2,433,codec_frames,/data/L202500147/Caption/DualISL_Train_RewardV3/runs/midasheng_7b_reward_v3_10rounds_20260905_run01/round_005/collections/round_005_caption_tts_rollout.output.jsonl
5,TTS,random440_deear_021,3,38,codec_frames,/data/L202500147/Caption/DualISL_Train_RewardV3/runs/midasheng_7b_reward_v3_10rounds_20260905_run01/round_005/collections/round_005_caption_tts_rollout.output.jsonl
5,TTS,random440_expressivespeech_153,4,206,codec_frames,/data/L202500147/Caption/DualISL_Train_RewardV3/runs/midasheng_7b_reward_v3_10rounds_20260905_run01/round_005/collections/round_005_caption_tts_rollout.output.jsonl
5,TTS,random440_expressivespeech_241,5,104,codec_frames,/data/L202500147/Caption/DualISL_Train_RewardV3/runs/midasheng_7b_reward_v3_10rounds_20260905_run01/round_005/collections/round_005_caption_tts_rollout.output.jsonl
5,TTS,random440_deear_058,6,102,codec_frames,/data/L202500147/Caption/DualISL_Train_RewardV3/runs/midasheng_7b_reward_v3_10rounds_20260905_run01/round_005/collections/round_005_caption_tts_rollout.output.jsonl
5,TTS,random440_expressivespeech_218,7,155,codec_frames,/data/L202500147/Caption/DualISL_Train_RewardV3/runs/midasheng_7b_reward_v3_10rounds_20260905_run01/round_005/collections/round_005_caption_tts_rollout.output.jsonl
5,TTS,random440_expressivespeech_337,0,209,codec_frames,/data/L202500147/Caption/DualISL_Train_RewardV3/runs/midasheng_7b_reward_v3_10rounds_20260905_run01/round_005/collections/round_005_caption_tts_rollout.output.jsonl
5,TTS,random440_expressivespeech_288,1,191,codec_frames,/data/L202500147/Caption/DualISL_Train_RewardV3/runs/midasheng_7b_reward_v3_10rounds_20260905_run01/round_005/collections/round_005_caption_tts_rollout.output.jsonl
5,TTS,random440_deear_068,2,71,codec_frames,/data/L202500147/Caption/DualISL_Train_RewardV3/runs/midasheng_7b_reward_v3_10rounds_20260905_run01/round_005/collections/round_005_caption_tts_rollout.output.jsonl
5,TTS,random440_expressivespeech_325,3,225,codec_frames,/data/L202500147/Caption/DualISL_Train_RewardV3/runs/midasheng_7b_reward_v3_10rounds_20260905_run01/round_005/collections/round_005_caption_tts_rollout.output.jsonl
5,TTS,random440_deear_089,4,267,codec_frames,/data/L202500147/Caption/DualISL_Train_RewardV3/runs/midasheng_7b_reward_v3_10rounds_20260905_run01/round_005/collections/round_005_caption_tts_rollout.output.jsonl
5,TTS,random440_expressivespeech_036,5,195,codec_frames,/data/L202500147/Caption/DualISL_Train_RewardV3/runs/midasheng_7b_reward_v3_10rounds_20260905_run01/round_005/collections/round_005_caption_tts_rollout.output.jsonl
5,TTS,random440_expressivespeech_048,6,39,codec_frames,/data/L202500147/Caption/DualISL_Train_RewardV3/runs/midasheng_7b_reward_v3_10rounds_20260905_run01/round_005/collections/round_005_caption_tts_rollout.output.jsonl
5,TTS,random440_expressivespeech_064,7,52,codec_frames,/data/L202500147/Caption/DualISL_Train_RewardV3/runs/midasheng_7b_reward_v3_10rounds_20260905_run01/round_005/collections/round_005_caption_tts_rollout.output.jsonl
5,TTS,random440_expressivespeech_327,0,538,codec_frames,/data/L202500147/Caption/DualISL_Train_RewardV3/runs/midasheng_7b_reward_v3_10rounds_20260905_run01/round_005/collections/round_005_caption_tts_rollout.output.jsonl
5,TTS,random440_deear_017,1,129,codec_frames,/data/L202500147/Caption/DualISL_Train_RewardV3/runs/midasheng_7b_reward_v3_10rounds_20260905_run01/round_005/collections/round_005_caption_tts_rollout.output.jsonl
5,TTS,random440_deear_075,2,165,codec_frames,/data/L202500147/Caption/DualISL_Train_RewardV3/runs/midasheng_7b_reward_v3_10rounds_20260905_run01/round_005/collections/round_005_caption_tts_rollout.output.jsonl
5,TTS,random440_expressivespeech_269,3,174,codec_frames,/data/L202500147/Caption/DualISL_Train_RewardV3/runs/midasheng_7b_reward_v3_10rounds_20260905_run01/round_005/collections/round_005_caption_tts_rollout.output.jsonl
6,Captioner,random440_expressivespeech_287,0,803,sampled_tokens,/data/L202500147/Caption/DualISL_Train_RewardV3/runs/midasheng_7b_reward_v3_10rounds_20260905_run01/round_006/collections/round_006_audio_caption_rollout.output.jsonl
6,Captioner,random440_expressivespeech_245,1,725,sampled_tokens,/data/L202500147/Caption/DualISL_Train_RewardV3/runs/midasheng_7b_reward_v3_10rounds_20260905_run01/round_006/collections/round_006_audio_caption_rollout.output.jsonl
6,Captioner,random440_expressivespeech_304,2,585,sampled_tokens,/data/L202500147/Caption/DualISL_Train_RewardV3/runs/midasheng_7b_reward_v3_10rounds_20260905_run01/round_006/collections/round_006_audio_caption_rollout.output.jsonl
6,Captioner,random440_expressivespeech_178,3,659,sampled_tokens,/data/L202500147/Caption/DualISL_Train_RewardV3/runs/midasheng_7b_reward_v3_10rounds_20260905_run01/round_006/collections/round_006_audio_caption_rollout.output.jsonl
6,Captioner,random440_deear_090,4,637,sampled_tokens,/data/L202500147/Caption/DualISL_Train_RewardV3/runs/midasheng_7b_reward_v3_10rounds_20260905_run01/round_006/collections/round_006_audio_caption_rollout.output.jsonl
6,Captioner,random440_expressivespeech_017,5,611,sampled_tokens,/data/L202500147/Caption/DualISL_Train_RewardV3/runs/midasheng_7b_reward_v3_10rounds_20260905_run01/round_006/collections/round_006_audio_caption_rollout.output.jsonl
6,Captioner,random440_expressivespeech_326,6,872,sampled_tokens,/data/L202500147/Caption/DualISL_Train_RewardV3/runs/midasheng_7b_reward_v3_10rounds_20260905_run01/round_006/collections/round_006_audio_caption_rollout.output.jsonl
6,Captioner,random440_expressivespeech_283,7,545,sampled_tokens,/data/L202500147/Caption/DualISL_Train_RewardV3/runs/midasheng_7b_reward_v3_10rounds_20260905_run01/round_006/collections/round_006_audio_caption_rollout.output.jsonl
6,Captioner,random440_expressivespeech_004,0,521,sampled_tokens,/data/L202500147/Caption/DualISL_Train_RewardV3/runs/midasheng_7b_reward_v3_10rounds_20260905_run01/round_006/collections/round_006_audio_caption_rollout.output.jsonl
6,Captioner,random440_expressivespeech_192,1,620,sampled_tokens,/data/L202500147/Caption/DualISL_Train_RewardV3/runs/midasheng_7b_reward_v3_10rounds_20260905_run01/round_006/collections/round_006_audio_caption_rollout.output.jsonl
6,Captioner,random440_deear_093,2,574,sampled_tokens,/data/L202500147/Caption/DualISL_Train_RewardV3/runs/midasheng_7b_reward_v3_10rounds_20260905_run01/round_006/collections/round_006_audio_caption_rollout.output.jsonl
6,Captioner,random440_expressivespeech_079,3,740,sampled_tokens,/data/L202500147/Caption/DualISL_Train_RewardV3/runs/midasheng_7b_reward_v3_10rounds_20260905_run01/round_006/collections/round_006_audio_caption_rollout.output.jsonl
6,Captioner,random440_expressivespeech_122,4,681,sampled_tokens,/data/L202500147/Caption/DualISL_Train_RewardV3/runs/midasheng_7b_reward_v3_10rounds_20260905_run01/round_006/collections/round_006_audio_caption_rollout.output.jsonl
6,Captioner,random440_expressivespeech_183,5,817,sampled_tokens,/data/L202500147/Caption/DualISL_Train_RewardV3/runs/midasheng_7b_reward_v3_10rounds_20260905_run01/round_006/collections/round_006_audio_caption_rollout.output.jsonl
6,Captioner,random440_deear_086,6,536,sampled_tokens,/data/L202500147/Caption/DualISL_Train_RewardV3/runs/midasheng_7b_reward_v3_10rounds_20260905_run01/round_006/collections/round_006_audio_caption_rollout.output.jsonl
6,Captioner,random440_deear_044,7,705,sampled_tokens,/data/L202500147/Caption/DualISL_Train_RewardV3/runs/midasheng_7b_reward_v3_10rounds_20260905_run01/round_006/collections/round_006_audio_caption_rollout.output.jsonl
6,Captioner,random440_expressivespeech_158,0,724,sampled_tokens,/data/L202500147/Caption/DualISL_Train_RewardV3/runs/midasheng_7b_reward_v3_10rounds_20260905_run01/round_006/collections/round_006_audio_caption_rollout.output.jsonl
6,Captioner,random440_expressivespeech_271,1,527,sampled_tokens,/data/L202500147/Caption/DualISL_Train_RewardV3/runs/midasheng_7b_reward_v3_10rounds_20260905_run01/round_006/collections/round_006_audio_caption_rollout.output.jsonl
6,Captioner,random440_expressivespeech_225,2,595,sampled_tokens,/data/L202500147/Caption/DualISL_Train_RewardV3/runs/midasheng_7b_reward_v3_10rounds_20260905_run01/round_006/collections/round_006_audio_caption_rollout.output.jsonl
6,Captioner,random440_expressivespeech_176,3,764,sampled_tokens,/data/L202500147/Caption/DualISL_Train_RewardV3/runs/midasheng_7b_reward_v3_10rounds_20260905_run01/round_006/collections/round_006_audio_caption_rollout.output.jsonl
6,Captioner,random440_deear_070,4,596,sampled_tokens,/data/L202500147/Caption/DualISL_Train_RewardV3/runs/midasheng_7b_reward_v3_10rounds_20260905_run01/round_006/collections/round_006_audio_caption_rollout.output.jsonl
6,Captioner,random440_expressivespeech_043,5,691,sampled_tokens,/data/L202500147/Caption/DualISL_Train_RewardV3/runs/midasheng_7b_reward_v3_10rounds_20260905_run01/round_006/collections/round_006_audio_caption_rollout.output.jsonl
6,Captioner,random440_expressivespeech_154,6,568,sampled_tokens,/data/L202500147/Caption/DualISL_Train_RewardV3/runs/midasheng_7b_reward_v3_10rounds_20260905_run01/round_006/collections/round_006_audio_caption_rollout.output.jsonl
6,Captioner,random440_expressivespeech_249,7,802,sampled_tokens,/data/L202500147/Caption/DualISL_Train_RewardV3/runs/midasheng_7b_reward_v3_10rounds_20260905_run01/round_006/collections/round_006_audio_caption_rollout.output.jsonl
6,Captioner,random440_deear_072,0,544,sampled_tokens,/data/L202500147/Caption/DualISL_Train_RewardV3/runs/midasheng_7b_reward_v3_10rounds_20260905_run01/round_006/collections/round_006_audio_caption_rollout.output.jsonl
6,Captioner,random440_expressivespeech_050,1,1003,sampled_tokens,/data/L202500147/Caption/DualISL_Train_RewardV3/runs/midasheng_7b_reward_v3_10rounds_20260905_run01/round_006/collections/round_006_audio_caption_rollout.output.jsonl
6,Captioner,random440_expressivespeech_046,2,685,sampled_tokens,/data/L202500147/Caption/DualISL_Train_RewardV3/runs/midasheng_7b_reward_v3_10rounds_20260905_run01/round_006/collections/round_006_audio_caption_rollout.output.jsonl
6,Captioner,random440_expressivespeech_011,3,569,sampled_tokens,/data/L202500147/Caption/DualISL_Train_RewardV3/runs/midasheng_7b_reward_v3_10rounds_20260905_run01/round_006/collections/round_006_audio_caption_rollout.output.jsonl
6,Captioner,random440_expressivespeech_167,4,511,sampled_tokens,/data/L202500147/Caption/DualISL_Train_RewardV3/runs/midasheng_7b_reward_v3_10rounds_20260905_run01/round_006/collections/round_006_audio_caption_rollout.output.jsonl
6,Captioner,random440_expressivespeech_227,5,702,sampled_tokens,/data/L202500147/Caption/DualISL_Train_RewardV3/runs/midasheng_7b_reward_v3_10rounds_20260905_run01/round_006/collections/round_006_audio_caption_rollout.output.jsonl
6,Captioner,random440_expressivespeech_175,6,602,sampled_tokens,/data/L202500147/Caption/DualISL_Train_RewardV3/runs/midasheng_7b_reward_v3_10rounds_20260905_run01/round_006/collections/round_006_audio_caption_rollout.output.jsonl
6,Captioner,random440_expressivespeech_160,7,579,sampled_tokens,/data/L202500147/Caption/DualISL_Train_RewardV3/runs/midasheng_7b_reward_v3_10rounds_20260905_run01/round_006/collections/round_006_audio_caption_rollout.output.jsonl
6,Captioner,random440_expressivespeech_202,0,711,sampled_tokens,/data/L202500147/Caption/DualISL_Train_RewardV3/runs/midasheng_7b_reward_v3_10rounds_20260905_run01/round_006/collections/round_006_audio_caption_rollout.output.jsonl
6,Captioner,random440_expressivespeech_314,1,560,sampled_tokens,/data/L202500147/Caption/DualISL_Train_RewardV3/runs/midasheng_7b_reward_v3_10rounds_20260905_run01/round_006/collections/round_006_audio_caption_rollout.output.jsonl
6,Captioner,random440_expressivespeech_238,2,751,sampled_tokens,/data/L202500147/Caption/DualISL_Train_RewardV3/runs/midasheng_7b_reward_v3_10rounds_20260905_run01/round_006/collections/round_006_audio_caption_rollout.output.jsonl
6,Captioner,random440_expressivespeech_179,3,629,sampled_tokens,/data/L202500147/Caption/DualISL_Train_RewardV3/runs/midasheng_7b_reward_v3_10rounds_20260905_run01/round_006/collections/round_006_audio_caption_rollout.output.jsonl
6,Captioner,random440_deear_054,4,528,sampled_tokens,/data/L202500147/Caption/DualISL_Train_RewardV3/runs/midasheng_7b_reward_v3_10rounds_20260905_run01/round_006/collections/round_006_audio_caption_rollout.output.jsonl
6,Captioner,random440_deear_037,5,664,sampled_tokens,/data/L202500147/Caption/DualISL_Train_RewardV3/runs/midasheng_7b_reward_v3_10rounds_20260905_run01/round_006/collections/round_006_audio_caption_rollout.output.jsonl
6,Captioner,random440_expressivespeech_220,6,507,sampled_tokens,/data/L202500147/Caption/DualISL_Train_RewardV3/runs/midasheng_7b_reward_v3_10rounds_20260905_run01/round_006/collections/round_006_audio_caption_rollout.output.jsonl
6,Captioner,random440_expressivespeech_228,7,740,sampled_tokens,/data/L202500147/Caption/DualISL_Train_RewardV3/runs/midasheng_7b_reward_v3_10rounds_20260905_run01/round_006/collections/round_006_audio_caption_rollout.output.jsonl
6,Captioner,random440_expressivespeech_272,0,637,sampled_tokens,/data/L202500147/Caption/DualISL_Train_RewardV3/runs/midasheng_7b_reward_v3_10rounds_20260905_run01/round_006/collections/round_006_audio_caption_rollout.output.jsonl
6,Captioner,random440_expressivespeech_285,1,960,sampled_tokens,/data/L202500147/Caption/DualISL_Train_RewardV3/runs/midasheng_7b_reward_v3_10rounds_20260905_run01/round_006/collections/round_006_audio_caption_rollout.output.jsonl
6,Captioner,random440_expressivespeech_013,2,894,sampled_tokens,/data/L202500147/Caption/DualISL_Train_RewardV3/runs/midasheng_7b_reward_v3_10rounds_20260905_run01/round_006/collections/round_006_audio_caption_rollout.output.jsonl
6,Captioner,random440_expressivespeech_290,3,506,sampled_tokens,/data/L202500147/Caption/DualISL_Train_RewardV3/runs/midasheng_7b_reward_v3_10rounds_20260905_run01/round_006/collections/round_006_audio_caption_rollout.output.jsonl
6,Captioner,random440_expressivespeech_256,4,641,sampled_tokens,/data/L202500147/Caption/DualISL_Train_RewardV3/runs/midasheng_7b_reward_v3_10rounds_20260905_run01/round_006/collections/round_006_audio_caption_rollout.output.jsonl
6,Captioner,random440_expressivespeech_083,5,676,sampled_tokens,/data/L202500147/Caption/DualISL_Train_RewardV3/runs/midasheng_7b_reward_v3_10rounds_20260905_run01/round_006/collections/round_006_audio_caption_rollout.output.jsonl
6,Captioner,random440_expressivespeech_126,6,593,sampled_tokens,/data/L202500147/Caption/DualISL_Train_RewardV3/runs/midasheng_7b_reward_v3_10rounds_20260905_run01/round_006/collections/round_006_audio_caption_rollout.output.jsonl
6,Captioner,random440_expressivespeech_087,7,785,sampled_tokens,/data/L202500147/Caption/DualISL_Train_RewardV3/runs/midasheng_7b_reward_v3_10rounds_20260905_run01/round_006/collections/round_006_audio_caption_rollout.output.jsonl
6,Captioner,random440_expressivespeech_109,0,635,sampled_tokens,/data/L202500147/Caption/DualISL_Train_RewardV3/runs/midasheng_7b_reward_v3_10rounds_20260905_run01/round_006/collections/round_006_audio_caption_rollout.output.jsonl
6,Captioner,random440_expressivespeech_135,1,728,sampled_tokens,/data/L202500147/Caption/DualISL_Train_RewardV3/runs/midasheng_7b_reward_v3_10rounds_20260905_run01/round_006/collections/round_006_audio_caption_rollout.output.jsonl
6,Captioner,random440_deear_032,2,579,sampled_tokens,/data/L202500147/Caption/DualISL_Train_RewardV3/runs/midasheng_7b_reward_v3_10rounds_20260905_run01/round_006/collections/round_006_audio_caption_rollout.output.jsonl
6,Captioner,random440_expressivespeech_197,3,736,sampled_tokens,/data/L202500147/Caption/DualISL_Train_RewardV3/runs/midasheng_7b_reward_v3_10rounds_20260905_run01/round_006/collections/round_006_audio_caption_rollout.output.jsonl
6,Captioner,random440_expressivespeech_181,4,796,sampled_tokens,/data/L202500147/Caption/DualISL_Train_RewardV3/runs/midasheng_7b_reward_v3_10rounds_20260905_run01/round_006/collections/round_006_audio_caption_rollout.output.jsonl
6,Captioner,random440_deear_003,5,758,sampled_tokens,/data/L202500147/Caption/DualISL_Train_RewardV3/runs/midasheng_7b_reward_v3_10rounds_20260905_run01/round_006/collections/round_006_audio_caption_rollout.output.jsonl
6,Captioner,random440_deear_049,6,590,sampled_tokens,/data/L202500147/Caption/DualISL_Train_RewardV3/runs/midasheng_7b_reward_v3_10rounds_20260905_run01/round_006/collections/round_006_audio_caption_rollout.output.jsonl
6,Captioner,random440_expressivespeech_007,7,616,sampled_tokens,/data/L202500147/Caption/DualISL_Train_RewardV3/runs/midasheng_7b_reward_v3_10rounds_20260905_run01/round_006/collections/round_006_audio_caption_rollout.output.jsonl
6,Captioner,random440_expressivespeech_235,0,652,sampled_tokens,/data/L202500147/Caption/DualISL_Train_RewardV3/runs/midasheng_7b_reward_v3_10rounds_20260905_run01/round_006/collections/round_006_audio_caption_rollout.output.jsonl
6,Captioner,random440_expressivespeech_157,1,708,sampled_tokens,/data/L202500147/Caption/DualISL_Train_RewardV3/runs/midasheng_7b_reward_v3_10rounds_20260905_run01/round_006/collections/round_006_audio_caption_rollout.output.jsonl
6,Captioner,random440_expressivespeech_063,2,681,sampled_tokens,/data/L202500147/Caption/DualISL_Train_RewardV3/runs/midasheng_7b_reward_v3_10rounds_20260905_run01/round_006/collections/round_006_audio_caption_rollout.output.jsonl
6,Captioner,random440_expressivespeech_089,3,622,sampled_tokens,/data/L202500147/Caption/DualISL_Train_RewardV3/runs/midasheng_7b_reward_v3_10rounds_20260905_run01/round_006/collections/round_006_audio_caption_rollout.output.jsonl
6,Captioner,random440_expressivespeech_113,4,574,sampled_tokens,/data/L202500147/Caption/DualISL_Train_RewardV3/runs/midasheng_7b_reward_v3_10rounds_20260905_run01/round_006/collections/round_006_audio_caption_rollout.output.jsonl
6,Captioner,random440_expressivespeech_020,5,669,sampled_tokens,/data/L202500147/Caption/DualISL_Train_RewardV3/runs/midasheng_7b_reward_v3_10rounds_20260905_run01/round_006/collections/round_006_audio_caption_rollout.output.jsonl
6,Captioner,random440_expressivespeech_028,6,503,sampled_tokens,/data/L202500147/Caption/DualISL_Train_RewardV3/runs/midasheng_7b_reward_v3_10rounds_20260905_run01/round_006/collections/round_006_audio_caption_rollout.output.jsonl
6,Captioner,random440_deear_084,7,553,sampled_tokens,/data/L202500147/Caption/DualISL_Train_RewardV3/runs/midasheng_7b_reward_v3_10rounds_20260905_run01/round_006/collections/round_006_audio_caption_rollout.output.jsonl
6,Captioner,random440_expressivespeech_093,0,646,sampled_tokens,/data/L202500147/Caption/DualISL_Train_RewardV3/runs/midasheng_7b_reward_v3_10rounds_20260905_run01/round_006/collections/round_006_audio_caption_rollout.output.jsonl
6,Captioner,random440_expressivespeech_222,1,654,sampled_tokens,/data/L202500147/Caption/DualISL_Train_RewardV3/runs/midasheng_7b_reward_v3_10rounds_20260905_run01/round_006/collections/round_006_audio_caption_rollout.output.jsonl
6,Captioner,random440_deear_015,2,729,sampled_tokens,/data/L202500147/Caption/DualISL_Train_RewardV3/runs/midasheng_7b_reward_v3_10rounds_20260905_run01/round_006/collections/round_006_audio_caption_rollout.output.jsonl
6,Captioner,random440_deear_083,3,523,sampled_tokens,/data/L202500147/Caption/DualISL_Train_RewardV3/runs/midasheng_7b_reward_v3_10rounds_20260905_run01/round_006/collections/round_006_audio_caption_rollout.output.jsonl
6,Captioner,random440_deear_096,4,550,sampled_tokens,/data/L202500147/Caption/DualISL_Train_RewardV3/runs/midasheng_7b_reward_v3_10rounds_20260905_run01/round_006/collections/round_006_audio_caption_rollout.output.jsonl
6,Captioner,random440_expressivespeech_219,5,544,sampled_tokens,/data/L202500147/Caption/DualISL_Train_RewardV3/runs/midasheng_7b_reward_v3_10rounds_20260905_run01/round_006/collections/round_006_audio_caption_rollout.output.jsonl
6,Captioner,random440_deear_082,6,564,sampled_tokens,/data/L202500147/Caption/DualISL_Train_RewardV3/runs/midasheng_7b_reward_v3_10rounds_20260905_run01/round_006/collections/round_006_audio_caption_rollout.output.jsonl
6,Captioner,random440_expressivespeech_208,7,706,sampled_tokens,/data/L202500147/Caption/DualISL_Train_RewardV3/runs/midasheng_7b_reward_v3_10rounds_20260905_run01/round_006/collections/round_006_audio_caption_rollout.output.jsonl
6,Captioner,random440_expressivespeech_035,0,677,sampled_tokens,/data/L202500147/Caption/DualISL_Train_RewardV3/runs/midasheng_7b_reward_v3_10rounds_20260905_run01/round_006/collections/round_006_audio_caption_rollout.output.jsonl
6,Captioner,random440_expressivespeech_147,1,746,sampled_tokens,/data/L202500147/Caption/DualISL_Train_RewardV3/runs/midasheng_7b_reward_v3_10rounds_20260905_run01/round_006/collections/round_006_audio_caption_rollout.output.jsonl
6,Captioner,random440_expressivespeech_266,2,541,sampled_tokens,/data/L202500147/Caption/DualISL_Train_RewardV3/runs/midasheng_7b_reward_v3_10rounds_20260905_run01/round_006/collections/round_006_audio_caption_rollout.output.jsonl
6,Captioner,random440_expressivespeech_188,3,758,sampled_tokens,/data/L202500147/Caption/DualISL_Train_RewardV3/runs/midasheng_7b_reward_v3_10rounds_20260905_run01/round_006/collections/round_006_audio_caption_rollout.output.jsonl
6,Captioner,random440_expressivespeech_045,4,762,sampled_tokens,/data/L202500147/Caption/DualISL_Train_RewardV3/runs/midasheng_7b_reward_v3_10rounds_20260905_run01/round_006/collections/round_006_audio_caption_rollout.output.jsonl
6,Captioner,random440_deear_092,5,569,sampled_tokens,/data/L202500147/Caption/DualISL_Train_RewardV3/runs/midasheng_7b_reward_v3_10rounds_20260905_run01/round_006/collections/round_006_audio_caption_rollout.output.jsonl
6,Captioner,random440_expressivespeech_019,6,708,sampled_tokens,/data/L202500147/Caption/DualISL_Train_RewardV3/runs/midasheng_7b_reward_v3_10rounds_20260905_run01/round_006/collections/round_006_audio_caption_rollout.output.jsonl
6,Captioner,random440_expressivespeech_313,7,931,sampled_tokens,/data/L202500147/Caption/DualISL_Train_RewardV3/runs/midasheng_7b_reward_v3_10rounds_20260905_run01/round_006/collections/round_006_audio_caption_rollout.output.jsonl
6,Captioner,random440_deear_047,0,661,sampled_tokens,/data/L202500147/Caption/DualISL_Train_RewardV3/runs/midasheng_7b_reward_v3_10rounds_20260905_run01/round_006/collections/round_006_audio_caption_rollout.output.jsonl
6,Captioner,random440_expressivespeech_069,1,613,sampled_tokens,/data/L202500147/Caption/DualISL_Train_RewardV3/runs/midasheng_7b_reward_v3_10rounds_20260905_run01/round_006/collections/round_006_audio_caption_rollout.output.jsonl
6,Captioner,random440_deear_024,2,766,sampled_tokens,/data/L202500147/Caption/DualISL_Train_RewardV3/runs/midasheng_7b_reward_v3_10rounds_20260905_run01/round_006/collections/round_006_audio_caption_rollout.output.jsonl
6,Captioner,random440_expressivespeech_187,3,548,sampled_tokens,/data/L202500147/Caption/DualISL_Train_RewardV3/runs/midasheng_7b_reward_v3_10rounds_20260905_run01/round_006/collections/round_006_audio_caption_rollout.output.jsonl
6,Captioner,random440_expressivespeech_088,4,607,sampled_tokens,/data/L202500147/Caption/DualISL_Train_RewardV3/runs/midasheng_7b_reward_v3_10rounds_20260905_run01/round_006/collections/round_006_audio_caption_rollout.output.jsonl
6,Captioner,random440_expressivespeech_009,5,665,sampled_tokens,/data/L202500147/Caption/DualISL_Train_RewardV3/runs/midasheng_7b_reward_v3_10rounds_20260905_run01/round_006/collections/round_006_audio_caption_rollout.output.jsonl
6,Captioner,random440_expressivespeech_168,6,670,sampled_tokens,/data/L202500147/Caption/DualISL_Train_RewardV3/runs/midasheng_7b_reward_v3_10rounds_20260905_run01/round_006/collections/round_006_audio_caption_rollout.output.jsonl
6,Captioner,random440_expressivespeech_252,7,597,sampled_tokens,/data/L202500147/Caption/DualISL_Train_RewardV3/runs/midasheng_7b_reward_v3_10rounds_20260905_run01/round_006/collections/round_006_audio_caption_rollout.output.jsonl
6,Captioner,random440_expressivespeech_095,0,693,sampled_tokens,/data/L202500147/Caption/DualISL_Train_RewardV3/runs/midasheng_7b_reward_v3_10rounds_20260905_run01/round_006/collections/round_006_audio_caption_rollout.output.jsonl
6,Captioner,random440_expressivespeech_090,1,493,sampled_tokens,/data/L202500147/Caption/DualISL_Train_RewardV3/runs/midasheng_7b_reward_v3_10rounds_20260905_run01/round_006/collections/round_006_audio_caption_rollout.output.jsonl
6,Captioner,random440_expressivespeech_053,2,626,sampled_tokens,/data/L202500147/Caption/DualISL_Train_RewardV3/runs/midasheng_7b_reward_v3_10rounds_20260905_run01/round_006/collections/round_006_audio_caption_rollout.output.jsonl
6,Captioner,random440_expressivespeech_165,3,577,sampled_tokens,/data/L202500147/Caption/DualISL_Train_RewardV3/runs/midasheng_7b_reward_v3_10rounds_20260905_run01/round_006/collections/round_006_audio_caption_rollout.output.jsonl
6,Captioner,random440_deear_010,4,579,sampled_tokens,/data/L202500147/Caption/DualISL_Train_RewardV3/runs/midasheng_7b_reward_v3_10rounds_20260905_run01/round_006/collections/round_006_audio_caption_rollout.output.jsonl
6,Captioner,random440_expressivespeech_312,5,744,sampled_tokens,/data/L202500147/Caption/DualISL_Train_RewardV3/runs/midasheng_7b_reward_v3_10rounds_20260905_run01/round_006/collections/round_006_audio_caption_rollout.output.jsonl
6,Captioner,random440_expressivespeech_057,6,658,sampled_tokens,/data/L202500147/Caption/DualISL_Train_RewardV3/runs/midasheng_7b_reward_v3_10rounds_20260905_run01/round_006/collections/round_006_audio_caption_rollout.output.jsonl
6,Captioner,random440_expressivespeech_309,7,852,sampled_tokens,/data/L202500147/Caption/DualISL_Train_RewardV3/runs/midasheng_7b_reward_v3_10rounds_20260905_run01/round_006/collections/round_006_audio_caption_rollout.output.jsonl
6,Captioner,random440_expressivespeech_076,0,758,sampled_tokens,/data/L202500147/Caption/DualISL_Train_RewardV3/runs/midasheng_7b_reward_v3_10rounds_20260905_run01/round_006/collections/round_006_audio_caption_rollout.output.jsonl
6,Captioner,random440_expressivespeech_292,1,788,sampled_tokens,/data/L202500147/Caption/DualISL_Train_RewardV3/runs/midasheng_7b_reward_v3_10rounds_20260905_run01/round_006/collections/round_006_audio_caption_rollout.output.jsonl
6,Captioner,random440_expressivespeech_148,2,635,sampled_tokens,/data/L202500147/Caption/DualISL_Train_RewardV3/runs/midasheng_7b_reward_v3_10rounds_20260905_run01/round_006/collections/round_006_audio_caption_rollout.output.jsonl
6,Captioner,random440_expressivespeech_111,3,618,sampled_tokens,/data/L202500147/Caption/DualISL_Train_RewardV3/runs/midasheng_7b_reward_v3_10rounds_20260905_run01/round_006/collections/round_006_audio_caption_rollout.output.jsonl
6,Captioner,random440_expressivespeech_016,4,764,sampled_tokens,/data/L202500147/Caption/DualISL_Train_RewardV3/runs/midasheng_7b_reward_v3_10rounds_20260905_run01/round_006/collections/round_006_audio_caption_rollout.output.jsonl
6,Captioner,random440_deear_016,5,891,sampled_tokens,/data/L202500147/Caption/DualISL_Train_RewardV3/runs/midasheng_7b_reward_v3_10rounds_20260905_run01/round_006/collections/round_006_audio_caption_rollout.output.jsonl
6,Captioner,random440_expressivespeech_138,6,880,sampled_tokens,/data/L202500147/Caption/DualISL_Train_RewardV3/runs/midasheng_7b_reward_v3_10rounds_20260905_run01/round_006/collections/round_006_audio_caption_rollout.output.jsonl
6,Captioner,random440_expressivespeech_254,7,607,sampled_tokens,/data/L202500147/Caption/DualISL_Train_RewardV3/runs/midasheng_7b_reward_v3_10rounds_20260905_run01/round_006/collections/round_006_audio_caption_rollout.output.jsonl
6,Captioner,random440_deear_087,0,821,sampled_tokens,/data/L202500147/Caption/DualISL_Train_RewardV3/runs/midasheng_7b_reward_v3_10rounds_20260905_run01/round_006/collections/round_006_audio_caption_rollout.output.jsonl
6,Captioner,random440_expressivespeech_246,1,602,sampled_tokens,/data/L202500147/Caption/DualISL_Train_RewardV3/runs/midasheng_7b_reward_v3_10rounds_20260905_run01/round_006/collections/round_006_audio_caption_rollout.output.jsonl
6,Captioner,random440_expressivespeech_338,2,640,sampled_tokens,/data/L202500147/Caption/DualISL_Train_RewardV3/runs/midasheng_7b_reward_v3_10rounds_20260905_run01/round_006/collections/round_006_audio_caption_rollout.output.jsonl
6,Captioner,random440_expressivespeech_215,3,899,sampled_tokens,/data/L202500147/Caption/DualISL_Train_RewardV3/runs/midasheng_7b_reward_v3_10rounds_20260905_run01/round_006/collections/round_006_audio_caption_rollout.output.jsonl
6,Captioner,random440_expressivespeech_031,4,646,sampled_tokens,/data/L202500147/Caption/DualISL_Train_RewardV3/runs/midasheng_7b_reward_v3_10rounds_20260905_run01/round_006/collections/round_006_audio_caption_rollout.output.jsonl
6,Captioner,random440_expressivespeech_068,5,683,sampled_tokens,/data/L202500147/Caption/DualISL_Train_RewardV3/runs/midasheng_7b_reward_v3_10rounds_20260905_run01/round_006/collections/round_006_audio_caption_rollout.output.jsonl
6,Captioner,random440_expressivespeech_310,6,657,sampled_tokens,/data/L202500147/Caption/DualISL_Train_RewardV3/runs/midasheng_7b_reward_v3_10rounds_20260905_run01/round_006/collections/round_006_audio_caption_rollout.output.jsonl
6,Captioner,random440_expressivespeech_101,7,873,sampled_tokens,/data/L202500147/Caption/DualISL_Train_RewardV3/runs/midasheng_7b_reward_v3_10rounds_20260905_run01/round_006/collections/round_006_audio_caption_rollout.output.jsonl
6,Captioner,random440_deear_014,0,708,sampled_tokens,/data/L202500147/Caption/DualISL_Train_RewardV3/runs/midasheng_7b_reward_v3_10rounds_20260905_run01/round_006/collections/round_006_audio_caption_rollout.output.jsonl
6,Captioner,random440_expressivespeech_041,1,877,sampled_tokens,/data/L202500147/Caption/DualISL_Train_RewardV3/runs/midasheng_7b_reward_v3_10rounds_20260905_run01/round_006/collections/round_006_audio_caption_rollout.output.jsonl
6,Captioner,random440_expressivespeech_319,2,807,sampled_tokens,/data/L202500147/Caption/DualISL_Train_RewardV3/runs/midasheng_7b_reward_v3_10rounds_20260905_run01/round_006/collections/round_006_audio_caption_rollout.output.jsonl
6,Captioner,random440_deear_040,3,599,sampled_tokens,/data/L202500147/Caption/DualISL_Train_RewardV3/runs/midasheng_7b_reward_v3_10rounds_20260905_run01/round_006/collections/round_006_audio_caption_rollout.output.jsonl
6,Captioner,random440_expressivespeech_185,4,554,sampled_tokens,/data/L202500147/Caption/DualISL_Train_RewardV3/runs/midasheng_7b_reward_v3_10rounds_20260905_run01/round_006/collections/round_006_audio_caption_rollout.output.jsonl
6,Captioner,random440_expressivespeech_340,5,695,sampled_tokens,/data/L202500147/Caption/DualISL_Train_RewardV3/runs/midasheng_7b_reward_v3_10rounds_20260905_run01/round_006/collections/round_006_audio_caption_rollout.output.jsonl
6,Captioner,random440_expressivespeech_294,6,708,sampled_tokens,/data/L202500147/Caption/DualISL_Train_RewardV3/runs/midasheng_7b_reward_v3_10rounds_20260905_run01/round_006/collections/round_006_audio_caption_rollout.output.jsonl
6,Captioner,random440_expressivespeech_270,7,650,sampled_tokens,/data/L202500147/Caption/DualISL_Train_RewardV3/runs/midasheng_7b_reward_v3_10rounds_20260905_run01/round_006/collections/round_006_audio_caption_rollout.output.jsonl
6,Captioner,random440_expressivespeech_334,0,947,sampled_tokens,/data/L202500147/Caption/DualISL_Train_RewardV3/runs/midasheng_7b_reward_v3_10rounds_20260905_run01/round_006/collections/round_006_audio_caption_rollout.output.jsonl
6,Captioner,random440_expressivespeech_080,1,865,sampled_tokens,/data/L202500147/Caption/DualISL_Train_RewardV3/runs/midasheng_7b_reward_v3_10rounds_20260905_run01/round_006/collections/round_006_audio_caption_rollout.output.jsonl
6,Captioner,random440_expressivespeech_329,2,630,sampled_tokens,/data/L202500147/Caption/DualISL_Train_RewardV3/runs/midasheng_7b_reward_v3_10rounds_20260905_run01/round_006/collections/round_006_audio_caption_rollout.output.jsonl
6,Captioner,random440_expressivespeech_110,3,1058,sampled_tokens,/data/L202500147/Caption/DualISL_Train_RewardV3/runs/midasheng_7b_reward_v3_10rounds_20260905_run01/round_006/collections/round_006_audio_caption_rollout.output.jsonl
6,Captioner,random440_expressivespeech_180,4,747,sampled_tokens,/data/L202500147/Caption/DualISL_Train_RewardV3/runs/midasheng_7b_reward_v3_10rounds_20260905_run01/round_006/collections/round_006_audio_caption_rollout.output.jsonl
6,Captioner,random440_expressivespeech_107,5,685,sampled_tokens,/data/L202500147/Caption/DualISL_Train_RewardV3/runs/midasheng_7b_reward_v3_10rounds_20260905_run01/round_006/collections/round_006_audio_caption_rollout.output.jsonl
6,Captioner,random440_expressivespeech_025,6,613,sampled_tokens,/data/L202500147/Caption/DualISL_Train_RewardV3/runs/midasheng_7b_reward_v3_10rounds_20260905_run01/round_006/collections/round_006_audio_caption_rollout.output.jsonl
6,Captioner,random440_expressivespeech_096,7,777,sampled_tokens,/data/L202500147/Caption/DualISL_Train_RewardV3/runs/midasheng_7b_reward_v3_10rounds_20260905_run01/round_006/collections/round_006_audio_caption_rollout.output.jsonl
6,Captioner,random440_deear_030,0,621,sampled_tokens,/data/L202500147/Caption/DualISL_Train_RewardV3/runs/midasheng_7b_reward_v3_10rounds_20260905_run01/round_006/collections/round_006_audio_caption_rollout.output.jsonl
6,Captioner,random440_expressivespeech_315,1,766,sampled_tokens,/data/L202500147/Caption/DualISL_Train_RewardV3/runs/midasheng_7b_reward_v3_10rounds_20260905_run01/round_006/collections/round_006_audio_caption_rollout.output.jsonl
6,Captioner,random440_expressivespeech_265,2,604,sampled_tokens,/data/L202500147/Caption/DualISL_Train_RewardV3/runs/midasheng_7b_reward_v3_10rounds_20260905_run01/round_006/collections/round_006_audio_caption_rollout.output.jsonl
6,Captioner,random440_expressivespeech_027,3,553,sampled_tokens,/data/L202500147/Caption/DualISL_Train_RewardV3/runs/midasheng_7b_reward_v3_10rounds_20260905_run01/round_006/collections/round_006_audio_caption_rollout.output.jsonl
6,Captioner,random440_expressivespeech_155,4,460,sampled_tokens,/data/L202500147/Caption/DualISL_Train_RewardV3/runs/midasheng_7b_reward_v3_10rounds_20260905_run01/round_006/collections/round_006_audio_caption_rollout.output.jsonl
6,Captioner,random440_expressivespeech_010,5,643,sampled_tokens,/data/L202500147/Caption/DualISL_Train_RewardV3/runs/midasheng_7b_reward_v3_10rounds_20260905_run01/round_006/collections/round_006_audio_caption_rollout.output.jsonl
6,Captioner,random440_expressivespeech_295,6,590,sampled_tokens,/data/L202500147/Caption/DualISL_Train_RewardV3/runs/midasheng_7b_reward_v3_10rounds_20260905_run01/round_006/collections/round_006_audio_caption_rollout.output.jsonl
6,Captioner,random440_expressivespeech_150,7,631,sampled_tokens,/data/L202500147/Caption/DualISL_Train_RewardV3/runs/midasheng_7b_reward_v3_10rounds_20260905_run01/round_006/collections/round_006_audio_caption_rollout.output.jsonl
6,Captioner,random440_expressivespeech_211,0,596,sampled_tokens,/data/L202500147/Caption/DualISL_Train_RewardV3/runs/midasheng_7b_reward_v3_10rounds_20260905_run01/round_006/collections/round_006_audio_caption_rollout.output.jsonl
6,Captioner,random440_deear_062,1,564,sampled_tokens,/data/L202500147/Caption/DualISL_Train_RewardV3/runs/midasheng_7b_reward_v3_10rounds_20260905_run01/round_006/collections/round_006_audio_caption_rollout.output.jsonl
6,Captioner,random440_expressivespeech_026,2,882,sampled_tokens,/data/L202500147/Caption/DualISL_Train_RewardV3/runs/midasheng_7b_reward_v3_10rounds_20260905_run01/round_006/collections/round_006_audio_caption_rollout.output.jsonl
6,Captioner,random440_expressivespeech_102,3,803,sampled_tokens,/data/L202500147/Caption/DualISL_Train_RewardV3/runs/midasheng_7b_reward_v3_10rounds_20260905_run01/round_006/collections/round_006_audio_caption_rollout.output.jsonl
6,Captioner,random440_deear_080,4,523,sampled_tokens,/data/L202500147/Caption/DualISL_Train_RewardV3/runs/midasheng_7b_reward_v3_10rounds_20260905_run01/round_006/collections/round_006_audio_caption_rollout.output.jsonl
6,Captioner,random440_expressivespeech_137,5,622,sampled_tokens,/data/L202500147/Caption/DualISL_Train_RewardV3/runs/midasheng_7b_reward_v3_10rounds_20260905_run01/round_006/collections/round_006_audio_caption_rollout.output.jsonl
6,Captioner,random440_expressivespeech_074,6,835,sampled_tokens,/data/L202500147/Caption/DualISL_Train_RewardV3/runs/midasheng_7b_reward_v3_10rounds_20260905_run01/round_006/collections/round_006_audio_caption_rollout.output.jsonl
6,Captioner,random440_expressivespeech_073,7,734,sampled_tokens,/data/L202500147/Caption/DualISL_Train_RewardV3/runs/midasheng_7b_reward_v3_10rounds_20260905_run01/round_006/collections/round_006_audio_caption_rollout.output.jsonl
6,Captioner,random440_expressivespeech_233,0,728,sampled_tokens,/data/L202500147/Caption/DualISL_Train_RewardV3/runs/midasheng_7b_reward_v3_10rounds_20260905_run01/round_006/collections/round_006_audio_caption_rollout.output.jsonl
6,Captioner,random440_expressivespeech_128,1,543,sampled_tokens,/data/L202500147/Caption/DualISL_Train_RewardV3/runs/midasheng_7b_reward_v3_10rounds_20260905_run01/round_006/collections/round_006_audio_caption_rollout.output.jsonl
6,Captioner,random440_expressivespeech_279,2,683,sampled_tokens,/data/L202500147/Caption/DualISL_Train_RewardV3/runs/midasheng_7b_reward_v3_10rounds_20260905_run01/round_006/collections/round_006_audio_caption_rollout.output.jsonl
6,Captioner,random440_expressivespeech_146,3,648,sampled_tokens,/data/L202500147/Caption/DualISL_Train_RewardV3/runs/midasheng_7b_reward_v3_10rounds_20260905_run01/round_006/collections/round_006_audio_caption_rollout.output.jsonl
6,Captioner,random440_expressivespeech_223,4,525,sampled_tokens,/data/L202500147/Caption/DualISL_Train_RewardV3/runs/midasheng_7b_reward_v3_10rounds_20260905_run01/round_006/collections/round_006_audio_caption_rollout.output.jsonl
6,Captioner,random440_deear_078,5,451,sampled_tokens,/data/L202500147/Caption/DualISL_Train_RewardV3/runs/midasheng_7b_reward_v3_10rounds_20260905_run01/round_006/collections/round_006_audio_caption_rollout.output.jsonl
6,Captioner,random440_expressivespeech_055,6,528,sampled_tokens,/data/L202500147/Caption/DualISL_Train_RewardV3/runs/midasheng_7b_reward_v3_10rounds_20260905_run01/round_006/collections/round_006_audio_caption_rollout.output.jsonl
6,Captioner,random440_expressivespeech_098,7,539,sampled_tokens,/data/L202500147/Caption/DualISL_Train_RewardV3/runs/midasheng_7b_reward_v3_10rounds_20260905_run01/round_006/collections/round_006_audio_caption_rollout.output.jsonl
6,Captioner,random440_expressivespeech_003,0,630,sampled_tokens,/data/L202500147/Caption/DualISL_Train_RewardV3/runs/midasheng_7b_reward_v3_10rounds_20260905_run01/round_006/collections/round_006_audio_caption_rollout.output.jsonl
6,Captioner,random440_expressivespeech_144,1,552,sampled_tokens,/data/L202500147/Caption/DualISL_Train_RewardV3/runs/midasheng_7b_reward_v3_10rounds_20260905_run01/round_006/collections/round_006_audio_caption_rollout.output.jsonl
6,Captioner,random440_expressivespeech_217,2,746,sampled_tokens,/data/L202500147/Caption/DualISL_Train_RewardV3/runs/midasheng_7b_reward_v3_10rounds_20260905_run01/round_006/collections/round_006_audio_caption_rollout.output.jsonl
6,Captioner,random440_expressivespeech_321,3,707,sampled_tokens,/data/L202500147/Caption/DualISL_Train_RewardV3/runs/midasheng_7b_reward_v3_10rounds_20260905_run01/round_006/collections/round_006_audio_caption_rollout.output.jsonl
6,Captioner,random440_expressivespeech_230,4,873,sampled_tokens,/data/L202500147/Caption/DualISL_Train_RewardV3/runs/midasheng_7b_reward_v3_10rounds_20260905_run01/round_006/collections/round_006_audio_caption_rollout.output.jsonl
6,Captioner,random440_deear_002,5,865,sampled_tokens,/data/L202500147/Caption/DualISL_Train_RewardV3/runs/midasheng_7b_reward_v3_10rounds_20260905_run01/round_006/collections/round_006_audio_caption_rollout.output.jsonl
6,Captioner,random440_expressivespeech_210,6,737,sampled_tokens,/data/L202500147/Caption/DualISL_Train_RewardV3/runs/midasheng_7b_reward_v3_10rounds_20260905_run01/round_006/collections/round_006_audio_caption_rollout.output.jsonl
6,Captioner,random440_expressivespeech_105,7,543,sampled_tokens,/data/L202500147/Caption/DualISL_Train_RewardV3/runs/midasheng_7b_reward_v3_10rounds_20260905_run01/round_006/collections/round_006_audio_caption_rollout.output.jsonl
6,Captioner,random440_expressivespeech_199,0,794,sampled_tokens,/data/L202500147/Caption/DualISL_Train_RewardV3/runs/midasheng_7b_reward_v3_10rounds_20260905_run01/round_006/collections/round_006_audio_caption_rollout.output.jsonl
6,Captioner,random440_expressivespeech_065,1,626,sampled_tokens,/data/L202500147/Caption/DualISL_Train_RewardV3/runs/midasheng_7b_reward_v3_10rounds_20260905_run01/round_006/collections/round_006_audio_caption_rollout.output.jsonl
6,Captioner,random440_expressivespeech_195,2,682,sampled_tokens,/data/L202500147/Caption/DualISL_Train_RewardV3/runs/midasheng_7b_reward_v3_10rounds_20260905_run01/round_006/collections/round_006_audio_caption_rollout.output.jsonl
6,Captioner,random440_expressivespeech_200,3,766,sampled_tokens,/data/L202500147/Caption/DualISL_Train_RewardV3/runs/midasheng_7b_reward_v3_10rounds_20260905_run01/round_006/collections/round_006_audio_caption_rollout.output.jsonl
6,Captioner,random440_expressivespeech_005,4,853,sampled_tokens,/data/L202500147/Caption/DualISL_Train_RewardV3/runs/midasheng_7b_reward_v3_10rounds_20260905_run01/round_006/collections/round_006_audio_caption_rollout.output.jsonl
6,Captioner,random440_expressivespeech_237,5,537,sampled_tokens,/data/L202500147/Caption/DualISL_Train_RewardV3/runs/midasheng_7b_reward_v3_10rounds_20260905_run01/round_006/collections/round_006_audio_caption_rollout.output.jsonl
6,Captioner,random440_expressivespeech_317,6,735,sampled_tokens,/data/L202500147/Caption/DualISL_Train_RewardV3/runs/midasheng_7b_reward_v3_10rounds_20260905_run01/round_006/collections/round_006_audio_caption_rollout.output.jsonl
6,Captioner,random440_expressivespeech_280,7,702,sampled_tokens,/data/L202500147/Caption/DualISL_Train_RewardV3/runs/midasheng_7b_reward_v3_10rounds_20260905_run01/round_006/collections/round_006_audio_caption_rollout.output.jsonl
6,Captioner,random440_deear_038,0,512,sampled_tokens,/data/L202500147/Caption/DualISL_Train_RewardV3/runs/midasheng_7b_reward_v3_10rounds_20260905_run01/round_006/collections/round_006_audio_caption_rollout.output.jsonl
6,Captioner,random440_expressivespeech_038,1,913,sampled_tokens,/data/L202500147/Caption/DualISL_Train_RewardV3/runs/midasheng_7b_reward_v3_10rounds_20260905_run01/round_006/collections/round_006_audio_caption_rollout.output.jsonl
6,Captioner,random440_expressivespeech_056,2,677,sampled_tokens,/data/L202500147/Caption/DualISL_Train_RewardV3/runs/midasheng_7b_reward_v3_10rounds_20260905_run01/round_006/collections/round_006_audio_caption_rollout.output.jsonl
6,Captioner,random440_expressivespeech_216,3,630,sampled_tokens,/data/L202500147/Caption/DualISL_Train_RewardV3/runs/midasheng_7b_reward_v3_10rounds_20260905_run01/round_006/collections/round_006_audio_caption_rollout.output.jsonl
6,Captioner,random440_expressivespeech_260,4,822,sampled_tokens,/data/L202500147/Caption/DualISL_Train_RewardV3/runs/midasheng_7b_reward_v3_10rounds_20260905_run01/round_006/collections/round_006_audio_caption_rollout.output.jsonl
6,Captioner,random440_expressivespeech_311,5,506,sampled_tokens,/data/L202500147/Caption/DualISL_Train_RewardV3/runs/midasheng_7b_reward_v3_10rounds_20260905_run01/round_006/collections/round_006_audio_caption_rollout.output.jsonl
6,Captioner,random440_expressivespeech_103,6,700,sampled_tokens,/data/L202500147/Caption/DualISL_Train_RewardV3/runs/midasheng_7b_reward_v3_10rounds_20260905_run01/round_006/collections/round_006_audio_caption_rollout.output.jsonl
6,Captioner,random440_expressivespeech_024,7,756,sampled_tokens,/data/L202500147/Caption/DualISL_Train_RewardV3/runs/midasheng_7b_reward_v3_10rounds_20260905_run01/round_006/collections/round_006_audio_caption_rollout.output.jsonl
6,Captioner,random440_expressivespeech_296,0,755,sampled_tokens,/data/L202500147/Caption/DualISL_Train_RewardV3/runs/midasheng_7b_reward_v3_10rounds_20260905_run01/round_006/collections/round_006_audio_caption_rollout.output.jsonl
6,Captioner,random440_expressivespeech_115,1,783,sampled_tokens,/data/L202500147/Caption/DualISL_Train_RewardV3/runs/midasheng_7b_reward_v3_10rounds_20260905_run01/round_006/collections/round_006_audio_caption_rollout.output.jsonl
6,Captioner,random440_expressivespeech_264,2,598,sampled_tokens,/data/L202500147/Caption/DualISL_Train_RewardV3/runs/midasheng_7b_reward_v3_10rounds_20260905_run01/round_006/collections/round_006_audio_caption_rollout.output.jsonl
6,Captioner,random440_expressivespeech_286,3,514,sampled_tokens,/data/L202500147/Caption/DualISL_Train_RewardV3/runs/midasheng_7b_reward_v3_10rounds_20260905_run01/round_006/collections/round_006_audio_caption_rollout.output.jsonl
6,Captioner,random440_expressivespeech_307,4,899,sampled_tokens,/data/L202500147/Caption/DualISL_Train_RewardV3/runs/midasheng_7b_reward_v3_10rounds_20260905_run01/round_006/collections/round_006_audio_caption_rollout.output.jsonl
6,Captioner,random440_deear_071,5,524,sampled_tokens,/data/L202500147/Caption/DualISL_Train_RewardV3/runs/midasheng_7b_reward_v3_10rounds_20260905_run01/round_006/collections/round_006_audio_caption_rollout.output.jsonl
6,Captioner,random440_expressivespeech_231,6,638,sampled_tokens,/data/L202500147/Caption/DualISL_Train_RewardV3/runs/midasheng_7b_reward_v3_10rounds_20260905_run01/round_006/collections/round_006_audio_caption_rollout.output.jsonl
6,Captioner,random440_expressivespeech_282,7,604,sampled_tokens,/data/L202500147/Caption/DualISL_Train_RewardV3/runs/midasheng_7b_reward_v3_10rounds_20260905_run01/round_006/collections/round_006_audio_caption_rollout.output.jsonl
6,TTS,random440_expressivespeech_164,0,327,codec_frames,/data/L202500147/Caption/DualISL_Train_RewardV3/runs/midasheng_7b_reward_v3_10rounds_20260905_run01/round_006/collections/round_006_caption_tts_rollout.output.jsonl
6,TTS,random440_expressivespeech_186,1,40,codec_frames,/data/L202500147/Caption/DualISL_Train_RewardV3/runs/midasheng_7b_reward_v3_10rounds_20260905_run01/round_006/collections/round_006_caption_tts_rollout.output.jsonl
6,TTS,random440_deear_053,2,48,codec_frames,/data/L202500147/Caption/DualISL_Train_RewardV3/runs/midasheng_7b_reward_v3_10rounds_20260905_run01/round_006/collections/round_006_caption_tts_rollout.output.jsonl
6,TTS,random440_expressivespeech_336,3,132,codec_frames,/data/L202500147/Caption/DualISL_Train_RewardV3/runs/midasheng_7b_reward_v3_10rounds_20260905_run01/round_006/collections/round_006_caption_tts_rollout.output.jsonl
6,TTS,random440_expressivespeech_044,4,138,codec_frames,/data/L202500147/Caption/DualISL_Train_RewardV3/runs/midasheng_7b_reward_v3_10rounds_20260905_run01/round_006/collections/round_006_caption_tts_rollout.output.jsonl
6,TTS,random440_expressivespeech_100,5,252,codec_frames,/data/L202500147/Caption/DualISL_Train_RewardV3/runs/midasheng_7b_reward_v3_10rounds_20260905_run01/round_006/collections/round_006_caption_tts_rollout.output.jsonl
6,TTS,random440_expressivespeech_140,6,62,codec_frames,/data/L202500147/Caption/DualISL_Train_RewardV3/runs/midasheng_7b_reward_v3_10rounds_20260905_run01/round_006/collections/round_006_caption_tts_rollout.output.jsonl
6,TTS,random440_expressivespeech_206,7,485,codec_frames,/data/L202500147/Caption/DualISL_Train_RewardV3/runs/midasheng_7b_reward_v3_10rounds_20260905_run01/round_006/collections/round_006_caption_tts_rollout.output.jsonl
6,TTS,random440_expressivespeech_133,0,488,codec_frames,/data/L202500147/Caption/DualISL_Train_RewardV3/runs/midasheng_7b_reward_v3_10rounds_20260905_run01/round_006/collections/round_006_caption_tts_rollout.output.jsonl
6,TTS,random440_expressivespeech_277,1,190,codec_frames,/data/L202500147/Caption/DualISL_Train_RewardV3/runs/midasheng_7b_reward_v3_10rounds_20260905_run01/round_006/collections/round_006_caption_tts_rollout.output.jsonl
6,TTS,random440_expressivespeech_244,2,258,codec_frames,/data/L202500147/Caption/DualISL_Train_RewardV3/runs/midasheng_7b_reward_v3_10rounds_20260905_run01/round_006/collections/round_006_caption_tts_rollout.output.jsonl
6,TTS,random440_deear_022,3,198,codec_frames,/data/L202500147/Caption/DualISL_Train_RewardV3/runs/midasheng_7b_reward_v3_10rounds_20260905_run01/round_006/collections/round_006_caption_tts_rollout.output.jsonl
6,TTS,random440_expressivespeech_145,4,192,codec_frames,/data/L202500147/Caption/DualISL_Train_RewardV3/runs/midasheng_7b_reward_v3_10rounds_20260905_run01/round_006/collections/round_006_caption_tts_rollout.output.jsonl
6,TTS,random440_expressivespeech_047,5,172,codec_frames,/data/L202500147/Caption/DualISL_Train_RewardV3/runs/midasheng_7b_reward_v3_10rounds_20260905_run01/round_006/collections/round_006_caption_tts_rollout.output.jsonl
6,TTS,random440_expressivespeech_121,6,545,codec_frames,/data/L202500147/Caption/DualISL_Train_RewardV3/runs/midasheng_7b_reward_v3_10rounds_20260905_run01/round_006/collections/round_006_caption_tts_rollout.output.jsonl
6,TTS,random440_deear_026,7,244,codec_frames,/data/L202500147/Caption/DualISL_Train_RewardV3/runs/midasheng_7b_reward_v3_10rounds_20260905_run01/round_006/collections/round_006_caption_tts_rollout.output.jsonl
6,TTS,random440_deear_025,0,396,codec_frames,/data/L202500147/Caption/DualISL_Train_RewardV3/runs/midasheng_7b_reward_v3_10rounds_20260905_run01/round_006/collections/round_006_caption_tts_rollout.output.jsonl
6,TTS,random440_expressivespeech_072,1,208,codec_frames,/data/L202500147/Caption/DualISL_Train_RewardV3/runs/midasheng_7b_reward_v3_10rounds_20260905_run01/round_006/collections/round_006_caption_tts_rollout.output.jsonl
6,TTS,random440_expressivespeech_207,2,181,codec_frames,/data/L202500147/Caption/DualISL_Train_RewardV3/runs/midasheng_7b_reward_v3_10rounds_20260905_run01/round_006/collections/round_006_caption_tts_rollout.output.jsonl
6,TTS,random440_deear_019,3,294,codec_frames,/data/L202500147/Caption/DualISL_Train_RewardV3/runs/midasheng_7b_reward_v3_10rounds_20260905_run01/round_006/collections/round_006_caption_tts_rollout.output.jsonl
6,TTS,random440_deear_079,4,306,codec_frames,/data/L202500147/Caption/DualISL_Train_RewardV3/runs/midasheng_7b_reward_v3_10rounds_20260905_run01/round_006/collections/round_006_caption_tts_rollout.output.jsonl
6,TTS,random440_expressivespeech_209,5,293,codec_frames,/data/L202500147/Caption/DualISL_Train_RewardV3/runs/midasheng_7b_reward_v3_10rounds_20260905_run01/round_006/collections/round_006_caption_tts_rollout.output.jsonl
6,TTS,random440_expressivespeech_143,6,150,codec_frames,/data/L202500147/Caption/DualISL_Train_RewardV3/runs/midasheng_7b_reward_v3_10rounds_20260905_run01/round_006/collections/round_006_caption_tts_rollout.output.jsonl
6,TTS,random440_expressivespeech_149,7,93,codec_frames,/data/L202500147/Caption/DualISL_Train_RewardV3/runs/midasheng_7b_reward_v3_10rounds_20260905_run01/round_006/collections/round_006_caption_tts_rollout.output.jsonl
6,TTS,random440_expressivespeech_012,0,439,codec_frames,/data/L202500147/Caption/DualISL_Train_RewardV3/runs/midasheng_7b_reward_v3_10rounds_20260905_run01/round_006/collections/round_006_caption_tts_rollout.output.jsonl
6,TTS,random440_expressivespeech_239,1,170,codec_frames,/data/L202500147/Caption/DualISL_Train_RewardV3/runs/midasheng_7b_reward_v3_10rounds_20260905_run01/round_006/collections/round_006_caption_tts_rollout.output.jsonl
6,TTS,random440_deear_005,2,91,codec_frames,/data/L202500147/Caption/DualISL_Train_RewardV3/runs/midasheng_7b_reward_v3_10rounds_20260905_run01/round_006/collections/round_006_caption_tts_rollout.output.jsonl
6,TTS,random440_expressivespeech_316,3,52,codec_frames,/data/L202500147/Caption/DualISL_Train_RewardV3/runs/midasheng_7b_reward_v3_10rounds_20260905_run01/round_006/collections/round_006_caption_tts_rollout.output.jsonl
6,TTS,random440_expressivespeech_001,4,430,codec_frames,/data/L202500147/Caption/DualISL_Train_RewardV3/runs/midasheng_7b_reward_v3_10rounds_20260905_run01/round_006/collections/round_006_caption_tts_rollout.output.jsonl
6,TTS,random440_expressivespeech_081,5,324,codec_frames,/data/L202500147/Caption/DualISL_Train_RewardV3/runs/midasheng_7b_reward_v3_10rounds_20260905_run01/round_006/collections/round_006_caption_tts_rollout.output.jsonl
6,TTS,random440_expressivespeech_191,6,300,codec_frames,/data/L202500147/Caption/DualISL_Train_RewardV3/runs/midasheng_7b_reward_v3_10rounds_20260905_run01/round_006/collections/round_006_caption_tts_rollout.output.jsonl
6,TTS,random440_expressivespeech_242,7,237,codec_frames,/data/L202500147/Caption/DualISL_Train_RewardV3/runs/midasheng_7b_reward_v3_10rounds_20260905_run01/round_006/collections/round_006_caption_tts_rollout.output.jsonl
6,TTS,random440_expressivespeech_136,0,308,codec_frames,/data/L202500147/Caption/DualISL_Train_RewardV3/runs/midasheng_7b_reward_v3_10rounds_20260905_run01/round_006/collections/round_006_caption_tts_rollout.output.jsonl
6,TTS,random440_expressivespeech_243,1,309,codec_frames,/data/L202500147/Caption/DualISL_Train_RewardV3/runs/midasheng_7b_reward_v3_10rounds_20260905_run01/round_006/collections/round_006_caption_tts_rollout.output.jsonl
6,TTS,random440_deear_052,2,342,codec_frames,/data/L202500147/Caption/DualISL_Train_RewardV3/runs/midasheng_7b_reward_v3_10rounds_20260905_run01/round_006/collections/round_006_caption_tts_rollout.output.jsonl
6,TTS,random440_expressivespeech_184,3,930,codec_frames,/data/L202500147/Caption/DualISL_Train_RewardV3/runs/midasheng_7b_reward_v3_10rounds_20260905_run01/round_006/collections/round_006_caption_tts_rollout.output.jsonl
6,TTS,random440_expressivespeech_015,4,170,codec_frames,/data/L202500147/Caption/DualISL_Train_RewardV3/runs/midasheng_7b_reward_v3_10rounds_20260905_run01/round_006/collections/round_006_caption_tts_rollout.output.jsonl
6,TTS,random440_deear_050,5,1405,codec_frames,/data/L202500147/Caption/DualISL_Train_RewardV3/runs/midasheng_7b_reward_v3_10rounds_20260905_run01/round_006/collections/round_006_caption_tts_rollout.output.jsonl
6,TTS,random440_deear_066,6,248,codec_frames,/data/L202500147/Caption/DualISL_Train_RewardV3/runs/midasheng_7b_reward_v3_10rounds_20260905_run01/round_006/collections/round_006_caption_tts_rollout.output.jsonl
6,TTS,random440_expressivespeech_084,7,512,codec_frames,/data/L202500147/Caption/DualISL_Train_RewardV3/runs/midasheng_7b_reward_v3_10rounds_20260905_run01/round_006/collections/round_006_caption_tts_rollout.output.jsonl
6,TTS,random440_expressivespeech_281,0,205,codec_frames,/data/L202500147/Caption/DualISL_Train_RewardV3/runs/midasheng_7b_reward_v3_10rounds_20260905_run01/round_006/collections/round_006_caption_tts_rollout.output.jsonl
6,TTS,random440_expressivespeech_094,1,294,codec_frames,/data/L202500147/Caption/DualISL_Train_RewardV3/runs/midasheng_7b_reward_v3_10rounds_20260905_run01/round_006/collections/round_006_caption_tts_rollout.output.jsonl
6,TTS,random440_expressivespeech_152,2,663,codec_frames,/data/L202500147/Caption/DualISL_Train_RewardV3/runs/midasheng_7b_reward_v3_10rounds_20260905_run01/round_006/collections/round_006_caption_tts_rollout.output.jsonl
6,TTS,random440_deear_094,3,84,codec_frames,/data/L202500147/Caption/DualISL_Train_RewardV3/runs/midasheng_7b_reward_v3_10rounds_20260905_run01/round_006/collections/round_006_caption_tts_rollout.output.jsonl
6,TTS,random440_expressivespeech_091,4,337,codec_frames,/data/L202500147/Caption/DualISL_Train_RewardV3/runs/midasheng_7b_reward_v3_10rounds_20260905_run01/round_006/collections/round_006_caption_tts_rollout.output.jsonl
6,TTS,random440_expressivespeech_194,5,106,codec_frames,/data/L202500147/Caption/DualISL_Train_RewardV3/runs/midasheng_7b_reward_v3_10rounds_20260905_run01/round_006/collections/round_006_caption_tts_rollout.output.jsonl
6,TTS,random440_deear_034,6,283,codec_frames,/data/L202500147/Caption/DualISL_Train_RewardV3/runs/midasheng_7b_reward_v3_10rounds_20260905_run01/round_006/collections/round_006_caption_tts_rollout.output.jsonl
6,TTS,random440_expressivespeech_171,7,343,codec_frames,/data/L202500147/Caption/DualISL_Train_RewardV3/runs/midasheng_7b_reward_v3_10rounds_20260905_run01/round_006/collections/round_006_caption_tts_rollout.output.jsonl
6,TTS,random440_expressivespeech_052,0,540,codec_frames,/data/L202500147/Caption/DualISL_Train_RewardV3/runs/midasheng_7b_reward_v3_10rounds_20260905_run01/round_006/collections/round_006_caption_tts_rollout.output.jsonl
6,TTS,random440_deear_059,1,149,codec_frames,/data/L202500147/Caption/DualISL_Train_RewardV3/runs/midasheng_7b_reward_v3_10rounds_20260905_run01/round_006/collections/round_006_caption_tts_rollout.output.jsonl
6,TTS,random440_expressivespeech_203,2,175,codec_frames,/data/L202500147/Caption/DualISL_Train_RewardV3/runs/midasheng_7b_reward_v3_10rounds_20260905_run01/round_006/collections/round_006_caption_tts_rollout.output.jsonl
6,TTS,random440_expressivespeech_201,3,209,codec_frames,/data/L202500147/Caption/DualISL_Train_RewardV3/runs/midasheng_7b_reward_v3_10rounds_20260905_run01/round_006/collections/round_006_caption_tts_rollout.output.jsonl
6,TTS,random440_deear_085,4,605,codec_frames,/data/L202500147/Caption/DualISL_Train_RewardV3/runs/midasheng_7b_reward_v3_10rounds_20260905_run01/round_006/collections/round_006_caption_tts_rollout.output.jsonl
6,TTS,random440_expressivespeech_189,5,350,codec_frames,/data/L202500147/Caption/DualISL_Train_RewardV3/runs/midasheng_7b_reward_v3_10rounds_20260905_run01/round_006/collections/round_006_caption_tts_rollout.output.jsonl
6,TTS,random440_expressivespeech_161,6,420,codec_frames,/data/L202500147/Caption/DualISL_Train_RewardV3/runs/midasheng_7b_reward_v3_10rounds_20260905_run01/round_006/collections/round_006_caption_tts_rollout.output.jsonl
6,TTS,random440_expressivespeech_117,7,708,codec_frames,/data/L202500147/Caption/DualISL_Train_RewardV3/runs/midasheng_7b_reward_v3_10rounds_20260905_run01/round_006/collections/round_006_caption_tts_rollout.output.jsonl
6,TTS,random440_expressivespeech_182,0,508,codec_frames,/data/L202500147/Caption/DualISL_Train_RewardV3/runs/midasheng_7b_reward_v3_10rounds_20260905_run01/round_006/collections/round_006_caption_tts_rollout.output.jsonl
6,TTS,random440_deear_001,1,235,codec_frames,/data/L202500147/Caption/DualISL_Train_RewardV3/runs/midasheng_7b_reward_v3_10rounds_20260905_run01/round_006/collections/round_006_caption_tts_rollout.output.jsonl
6,TTS,random440_expressivespeech_268,2,642,codec_frames,/data/L202500147/Caption/DualISL_Train_RewardV3/runs/midasheng_7b_reward_v3_10rounds_20260905_run01/round_006/collections/round_006_caption_tts_rollout.output.jsonl
6,TTS,random440_deear_099,3,85,codec_frames,/data/L202500147/Caption/DualISL_Train_RewardV3/runs/midasheng_7b_reward_v3_10rounds_20260905_run01/round_006/collections/round_006_caption_tts_rollout.output.jsonl
6,TTS,random440_expressivespeech_159,4,55,codec_frames,/data/L202500147/Caption/DualISL_Train_RewardV3/runs/midasheng_7b_reward_v3_10rounds_20260905_run01/round_006/collections/round_006_caption_tts_rollout.output.jsonl
6,TTS,random440_expressivespeech_276,5,824,codec_frames,/data/L202500147/Caption/DualISL_Train_RewardV3/runs/midasheng_7b_reward_v3_10rounds_20260905_run01/round_006/collections/round_006_caption_tts_rollout.output.jsonl
6,TTS,random440_expressivespeech_339,6,104,codec_frames,/data/L202500147/Caption/DualISL_Train_RewardV3/runs/midasheng_7b_reward_v3_10rounds_20260905_run01/round_006/collections/round_006_caption_tts_rollout.output.jsonl
6,TTS,random440_expressivespeech_299,7,747,codec_frames,/data/L202500147/Caption/DualISL_Train_RewardV3/runs/midasheng_7b_reward_v3_10rounds_20260905_run01/round_006/collections/round_006_caption_tts_rollout.output.jsonl
6,TTS,random440_expressivespeech_253,0,116,codec_frames,/data/L202500147/Caption/DualISL_Train_RewardV3/runs/midasheng_7b_reward_v3_10rounds_20260905_run01/round_006/collections/round_006_caption_tts_rollout.output.jsonl
6,TTS,random440_deear_076,1,333,codec_frames,/data/L202500147/Caption/DualISL_Train_RewardV3/runs/midasheng_7b_reward_v3_10rounds_20260905_run01/round_006/collections/round_006_caption_tts_rollout.output.jsonl
6,TTS,random440_deear_007,2,175,codec_frames,/data/L202500147/Caption/DualISL_Train_RewardV3/runs/midasheng_7b_reward_v3_10rounds_20260905_run01/round_006/collections/round_006_caption_tts_rollout.output.jsonl
6,TTS,random440_expressivespeech_051,3,418,codec_frames,/data/L202500147/Caption/DualISL_Train_RewardV3/runs/midasheng_7b_reward_v3_10rounds_20260905_run01/round_006/collections/round_006_caption_tts_rollout.output.jsonl
6,TTS,random440_expressivespeech_177,4,218,codec_frames,/data/L202500147/Caption/DualISL_Train_RewardV3/runs/midasheng_7b_reward_v3_10rounds_20260905_run01/round_006/collections/round_006_caption_tts_rollout.output.jsonl
6,TTS,random440_expressivespeech_132,5,593,codec_frames,/data/L202500147/Caption/DualISL_Train_RewardV3/runs/midasheng_7b_reward_v3_10rounds_20260905_run01/round_006/collections/round_006_caption_tts_rollout.output.jsonl
6,TTS,random440_expressivespeech_134,6,208,codec_frames,/data/L202500147/Caption/DualISL_Train_RewardV3/runs/midasheng_7b_reward_v3_10rounds_20260905_run01/round_006/collections/round_006_caption_tts_rollout.output.jsonl
6,TTS,random440_deear_041,7,354,codec_frames,/data/L202500147/Caption/DualISL_Train_RewardV3/runs/midasheng_7b_reward_v3_10rounds_20260905_run01/round_006/collections/round_006_caption_tts_rollout.output.jsonl
6,TTS,random440_expressivespeech_300,0,301,codec_frames,/data/L202500147/Caption/DualISL_Train_RewardV3/runs/midasheng_7b_reward_v3_10rounds_20260905_run01/round_006/collections/round_006_caption_tts_rollout.output.jsonl
6,TTS,random440_expressivespeech_302,1,91,codec_frames,/data/L202500147/Caption/DualISL_Train_RewardV3/runs/midasheng_7b_reward_v3_10rounds_20260905_run01/round_006/collections/round_006_caption_tts_rollout.output.jsonl
6,TTS,random440_deear_097,2,89,codec_frames,/data/L202500147/Caption/DualISL_Train_RewardV3/runs/midasheng_7b_reward_v3_10rounds_20260905_run01/round_006/collections/round_006_caption_tts_rollout.output.jsonl
6,TTS,random440_deear_073,3,109,codec_frames,/data/L202500147/Caption/DualISL_Train_RewardV3/runs/midasheng_7b_reward_v3_10rounds_20260905_run01/round_006/collections/round_006_caption_tts_rollout.output.jsonl
6,TTS,random440_deear_029,4,95,codec_frames,/data/L202500147/Caption/DualISL_Train_RewardV3/runs/midasheng_7b_reward_v3_10rounds_20260905_run01/round_006/collections/round_006_caption_tts_rollout.output.jsonl
6,TTS,random440_deear_060,5,100,codec_frames,/data/L202500147/Caption/DualISL_Train_RewardV3/runs/midasheng_7b_reward_v3_10rounds_20260905_run01/round_006/collections/round_006_caption_tts_rollout.output.jsonl
6,TTS,random440_expressivespeech_190,6,51,codec_frames,/data/L202500147/Caption/DualISL_Train_RewardV3/runs/midasheng_7b_reward_v3_10rounds_20260905_run01/round_006/collections/round_006_caption_tts_rollout.output.jsonl
6,TTS,random440_expressivespeech_198,7,270,codec_frames,/data/L202500147/Caption/DualISL_Train_RewardV3/runs/midasheng_7b_reward_v3_10rounds_20260905_run01/round_006/collections/round_006_caption_tts_rollout.output.jsonl
6,TTS,random440_deear_088,0,570,codec_frames,/data/L202500147/Caption/DualISL_Train_RewardV3/runs/midasheng_7b_reward_v3_10rounds_20260905_run01/round_006/collections/round_006_caption_tts_rollout.output.jsonl
6,TTS,random440_expressivespeech_331,1,467,codec_frames,/data/L202500147/Caption/DualISL_Train_RewardV3/runs/midasheng_7b_reward_v3_10rounds_20260905_run01/round_006/collections/round_006_caption_tts_rollout.output.jsonl
6,TTS,random440_expressivespeech_273,2,168,codec_frames,/data/L202500147/Caption/DualISL_Train_RewardV3/runs/midasheng_7b_reward_v3_10rounds_20260905_run01/round_006/collections/round_006_caption_tts_rollout.output.jsonl
6,TTS,random440_expressivespeech_141,3,974,codec_frames,/data/L202500147/Caption/DualISL_Train_RewardV3/runs/midasheng_7b_reward_v3_10rounds_20260905_run01/round_006/collections/round_006_caption_tts_rollout.output.jsonl
6,TTS,random440_expressivespeech_156,4,123,codec_frames,/data/L202500147/Caption/DualISL_Train_RewardV3/runs/midasheng_7b_reward_v3_10rounds_20260905_run01/round_006/collections/round_006_caption_tts_rollout.output.jsonl
6,TTS,random440_expressivespeech_058,5,141,codec_frames,/data/L202500147/Caption/DualISL_Train_RewardV3/runs/midasheng_7b_reward_v3_10rounds_20260905_run01/round_006/collections/round_006_caption_tts_rollout.output.jsonl
6,TTS,random440_expressivespeech_214,6,202,codec_frames,/data/L202500147/Caption/DualISL_Train_RewardV3/runs/midasheng_7b_reward_v3_10rounds_20260905_run01/round_006/collections/round_006_caption_tts_rollout.output.jsonl
6,TTS,random440_expressivespeech_049,7,353,codec_frames,/data/L202500147/Caption/DualISL_Train_RewardV3/runs/midasheng_7b_reward_v3_10rounds_20260905_run01/round_006/collections/round_006_caption_tts_rollout.output.jsonl
6,TTS,random440_expressivespeech_332,0,114,codec_frames,/data/L202500147/Caption/DualISL_Train_RewardV3/runs/midasheng_7b_reward_v3_10rounds_20260905_run01/round_006/collections/round_006_caption_tts_rollout.output.jsonl
6,TTS,random440_expressivespeech_284,1,138,codec_frames,/data/L202500147/Caption/DualISL_Train_RewardV3/runs/midasheng_7b_reward_v3_10rounds_20260905_run01/round_006/collections/round_006_caption_tts_rollout.output.jsonl
6,TTS,random440_deear_091,2,415,codec_frames,/data/L202500147/Caption/DualISL_Train_RewardV3/runs/midasheng_7b_reward_v3_10rounds_20260905_run01/round_006/collections/round_006_caption_tts_rollout.output.jsonl
6,TTS,random440_expressivespeech_172,3,727,codec_frames,/data/L202500147/Caption/DualISL_Train_RewardV3/runs/midasheng_7b_reward_v3_10rounds_20260905_run01/round_006/collections/round_006_caption_tts_rollout.output.jsonl
6,TTS,random440_expressivespeech_139,4,444,codec_frames,/data/L202500147/Caption/DualISL_Train_RewardV3/runs/midasheng_7b_reward_v3_10rounds_20260905_run01/round_006/collections/round_006_caption_tts_rollout.output.jsonl
6,TTS,random440_expressivespeech_193,5,544,codec_frames,/data/L202500147/Caption/DualISL_Train_RewardV3/runs/midasheng_7b_reward_v3_10rounds_20260905_run01/round_006/collections/round_006_caption_tts_rollout.output.jsonl
6,TTS,random440_expressivespeech_232,6,80,codec_frames,/data/L202500147/Caption/DualISL_Train_RewardV3/runs/midasheng_7b_reward_v3_10rounds_20260905_run01/round_006/collections/round_006_caption_tts_rollout.output.jsonl
6,TTS,random440_expressivespeech_236,7,1243,codec_frames,/data/L202500147/Caption/DualISL_Train_RewardV3/runs/midasheng_7b_reward_v3_10rounds_20260905_run01/round_006/collections/round_006_caption_tts_rollout.output.jsonl
6,TTS,random440_expressivespeech_229,0,1278,codec_frames,/data/L202500147/Caption/DualISL_Train_RewardV3/runs/midasheng_7b_reward_v3_10rounds_20260905_run01/round_006/collections/round_006_caption_tts_rollout.output.jsonl
6,TTS,random440_expressivespeech_030,1,172,codec_frames,/data/L202500147/Caption/DualISL_Train_RewardV3/runs/midasheng_7b_reward_v3_10rounds_20260905_run01/round_006/collections/round_006_caption_tts_rollout.output.jsonl
6,TTS,random440_deear_043,2,319,codec_frames,/data/L202500147/Caption/DualISL_Train_RewardV3/runs/midasheng_7b_reward_v3_10rounds_20260905_run01/round_006/collections/round_006_caption_tts_rollout.output.jsonl
6,TTS,random440_expressivespeech_061,3,72,codec_frames,/data/L202500147/Caption/DualISL_Train_RewardV3/runs/midasheng_7b_reward_v3_10rounds_20260905_run01/round_006/collections/round_006_caption_tts_rollout.output.jsonl
6,TTS,random440_expressivespeech_142,4,92,codec_frames,/data/L202500147/Caption/DualISL_Train_RewardV3/runs/midasheng_7b_reward_v3_10rounds_20260905_run01/round_006/collections/round_006_caption_tts_rollout.output.jsonl
6,TTS,random440_expressivespeech_092,5,236,codec_frames,/data/L202500147/Caption/DualISL_Train_RewardV3/runs/midasheng_7b_reward_v3_10rounds_20260905_run01/round_006/collections/round_006_caption_tts_rollout.output.jsonl
6,TTS,random440_expressivespeech_322,6,75,codec_frames,/data/L202500147/Caption/DualISL_Train_RewardV3/runs/midasheng_7b_reward_v3_10rounds_20260905_run01/round_006/collections/round_006_caption_tts_rollout.output.jsonl
6,TTS,random440_expressivespeech_040,7,77,codec_frames,/data/L202500147/Caption/DualISL_Train_RewardV3/runs/midasheng_7b_reward_v3_10rounds_20260905_run01/round_006/collections/round_006_caption_tts_rollout.output.jsonl
6,TTS,random440_deear_036,0,78,codec_frames,/data/L202500147/Caption/DualISL_Train_RewardV3/runs/midasheng_7b_reward_v3_10rounds_20260905_run01/round_006/collections/round_006_caption_tts_rollout.output.jsonl
6,TTS,random440_expressivespeech_097,1,104,codec_frames,/data/L202500147/Caption/DualISL_Train_RewardV3/runs/midasheng_7b_reward_v3_10rounds_20260905_run01/round_006/collections/round_006_caption_tts_rollout.output.jsonl
6,TTS,random440_expressivespeech_308,2,277,codec_frames,/data/L202500147/Caption/DualISL_Train_RewardV3/runs/midasheng_7b_reward_v3_10rounds_20260905_run01/round_006/collections/round_006_caption_tts_rollout.output.jsonl
6,TTS,random440_expressivespeech_224,3,309,codec_frames,/data/L202500147/Caption/DualISL_Train_RewardV3/runs/midasheng_7b_reward_v3_10rounds_20260905_run01/round_006/collections/round_006_caption_tts_rollout.output.jsonl
6,TTS,random440_expressivespeech_062,4,174,codec_frames,/data/L202500147/Caption/DualISL_Train_RewardV3/runs/midasheng_7b_reward_v3_10rounds_20260905_run01/round_006/collections/round_006_caption_tts_rollout.output.jsonl
6,TTS,random440_expressivespeech_275,5,89,codec_frames,/data/L202500147/Caption/DualISL_Train_RewardV3/runs/midasheng_7b_reward_v3_10rounds_20260905_run01/round_006/collections/round_006_caption_tts_rollout.output.jsonl
6,TTS,random440_expressivespeech_174,6,614,codec_frames,/data/L202500147/Caption/DualISL_Train_RewardV3/runs/midasheng_7b_reward_v3_10rounds_20260905_run01/round_006/collections/round_006_caption_tts_rollout.output.jsonl
6,TTS,random440_expressivespeech_258,7,227,codec_frames,/data/L202500147/Caption/DualISL_Train_RewardV3/runs/midasheng_7b_reward_v3_10rounds_20260905_run01/round_006/collections/round_006_caption_tts_rollout.output.jsonl
6,TTS,random440_expressivespeech_335,0,257,codec_frames,/data/L202500147/Caption/DualISL_Train_RewardV3/runs/midasheng_7b_reward_v3_10rounds_20260905_run01/round_006/collections/round_006_caption_tts_rollout.output.jsonl
6,TTS,random440_expressivespeech_212,1,547,codec_frames,/data/L202500147/Caption/DualISL_Train_RewardV3/runs/midasheng_7b_reward_v3_10rounds_20260905_run01/round_006/collections/round_006_caption_tts_rollout.output.jsonl
6,TTS,random440_expressivespeech_006,2,281,codec_frames,/data/L202500147/Caption/DualISL_Train_RewardV3/runs/midasheng_7b_reward_v3_10rounds_20260905_run01/round_006/collections/round_006_caption_tts_rollout.output.jsonl
6,TTS,random440_expressivespeech_250,3,1307,codec_frames,/data/L202500147/Caption/DualISL_Train_RewardV3/runs/midasheng_7b_reward_v3_10rounds_20260905_run01/round_006/collections/round_006_caption_tts_rollout.output.jsonl
6,TTS,random440_deear_046,4,69,codec_frames,/data/L202500147/Caption/DualISL_Train_RewardV3/runs/midasheng_7b_reward_v3_10rounds_20260905_run01/round_006/collections/round_006_caption_tts_rollout.output.jsonl
6,TTS,random440_expressivespeech_060,5,204,codec_frames,/data/L202500147/Caption/DualISL_Train_RewardV3/runs/midasheng_7b_reward_v3_10rounds_20260905_run01/round_006/collections/round_006_caption_tts_rollout.output.jsonl
6,TTS,random440_expressivespeech_029,6,316,codec_frames,/data/L202500147/Caption/DualISL_Train_RewardV3/runs/midasheng_7b_reward_v3_10rounds_20260905_run01/round_006/collections/round_006_caption_tts_rollout.output.jsonl
6,TTS,random440_expressivespeech_114,7,161,codec_frames,/data/L202500147/Caption/DualISL_Train_RewardV3/runs/midasheng_7b_reward_v3_10rounds_20260905_run01/round_006/collections/round_006_caption_tts_rollout.output.jsonl
6,TTS,random440_expressivespeech_125,0,633,codec_frames,/data/L202500147/Caption/DualISL_Train_RewardV3/runs/midasheng_7b_reward_v3_10rounds_20260905_run01/round_006/collections/round_006_caption_tts_rollout.output.jsonl
6,TTS,random440_expressivespeech_002,1,165,codec_frames,/data/L202500147/Caption/DualISL_Train_RewardV3/runs/midasheng_7b_reward_v3_10rounds_20260905_run01/round_006/collections/round_006_caption_tts_rollout.output.jsonl
6,TTS,random440_expressivespeech_119,2,78,codec_frames,/data/L202500147/Caption/DualISL_Train_RewardV3/runs/midasheng_7b_reward_v3_10rounds_20260905_run01/round_006/collections/round_006_caption_tts_rollout.output.jsonl
6,TTS,random440_expressivespeech_170,3,71,codec_frames,/data/L202500147/Caption/DualISL_Train_RewardV3/runs/midasheng_7b_reward_v3_10rounds_20260905_run01/round_006/collections/round_006_caption_tts_rollout.output.jsonl
6,TTS,random440_expressivespeech_297,4,151,codec_frames,/data/L202500147/Caption/DualISL_Train_RewardV3/runs/midasheng_7b_reward_v3_10rounds_20260905_run01/round_006/collections/round_006_caption_tts_rollout.output.jsonl
6,TTS,random440_expressivespeech_289,5,703,codec_frames,/data/L202500147/Caption/DualISL_Train_RewardV3/runs/midasheng_7b_reward_v3_10rounds_20260905_run01/round_006/collections/round_006_caption_tts_rollout.output.jsonl
6,TTS,random440_deear_067,6,32,codec_frames,/data/L202500147/Caption/DualISL_Train_RewardV3/runs/midasheng_7b_reward_v3_10rounds_20260905_run01/round_006/collections/round_006_caption_tts_rollout.output.jsonl
6,TTS,random440_expressivespeech_318,7,716,codec_frames,/data/L202500147/Caption/DualISL_Train_RewardV3/runs/midasheng_7b_reward_v3_10rounds_20260905_run01/round_006/collections/round_006_caption_tts_rollout.output.jsonl
6,TTS,random440_expressivespeech_278,0,86,codec_frames,/data/L202500147/Caption/DualISL_Train_RewardV3/runs/midasheng_7b_reward_v3_10rounds_20260905_run01/round_006/collections/round_006_caption_tts_rollout.output.jsonl
6,TTS,random440_expressivespeech_075,1,757,codec_frames,/data/L202500147/Caption/DualISL_Train_RewardV3/runs/midasheng_7b_reward_v3_10rounds_20260905_run01/round_006/collections/round_006_caption_tts_rollout.output.jsonl
6,TTS,random440_expressivespeech_039,2,613,codec_frames,/data/L202500147/Caption/DualISL_Train_RewardV3/runs/midasheng_7b_reward_v3_10rounds_20260905_run01/round_006/collections/round_006_caption_tts_rollout.output.jsonl
6,TTS,random440_deear_028,3,90,codec_frames,/data/L202500147/Caption/DualISL_Train_RewardV3/runs/midasheng_7b_reward_v3_10rounds_20260905_run01/round_006/collections/round_006_caption_tts_rollout.output.jsonl
6,TTS,random440_deear_045,4,133,codec_frames,/data/L202500147/Caption/DualISL_Train_RewardV3/runs/midasheng_7b_reward_v3_10rounds_20260905_run01/round_006/collections/round_006_caption_tts_rollout.output.jsonl
6,TTS,random440_expressivespeech_018,5,1892,codec_frames,/data/L202500147/Caption/DualISL_Train_RewardV3/runs/midasheng_7b_reward_v3_10rounds_20260905_run01/round_006/collections/round_006_caption_tts_rollout.output.jsonl
6,TTS,random440_expressivespeech_234,6,155,codec_frames,/data/L202500147/Caption/DualISL_Train_RewardV3/runs/midasheng_7b_reward_v3_10rounds_20260905_run01/round_006/collections/round_006_caption_tts_rollout.output.jsonl
6,TTS,random440_expressivespeech_118,7,725,codec_frames,/data/L202500147/Caption/DualISL_Train_RewardV3/runs/midasheng_7b_reward_v3_10rounds_20260905_run01/round_006/collections/round_006_caption_tts_rollout.output.jsonl
6,TTS,random440_expressivespeech_257,0,359,codec_frames,/data/L202500147/Caption/DualISL_Train_RewardV3/runs/midasheng_7b_reward_v3_10rounds_20260905_run01/round_006/collections/round_006_caption_tts_rollout.output.jsonl
6,TTS,random440_expressivespeech_262,1,210,codec_frames,/data/L202500147/Caption/DualISL_Train_RewardV3/runs/midasheng_7b_reward_v3_10rounds_20260905_run01/round_006/collections/round_006_caption_tts_rollout.output.jsonl
6,TTS,random440_expressivespeech_077,2,890,codec_frames,/data/L202500147/Caption/DualISL_Train_RewardV3/runs/midasheng_7b_reward_v3_10rounds_20260905_run01/round_006/collections/round_006_caption_tts_rollout.output.jsonl
6,TTS,random440_expressivespeech_221,3,253,codec_frames,/data/L202500147/Caption/DualISL_Train_RewardV3/runs/midasheng_7b_reward_v3_10rounds_20260905_run01/round_006/collections/round_006_caption_tts_rollout.output.jsonl
6,TTS,random440_deear_051,4,475,codec_frames,/data/L202500147/Caption/DualISL_Train_RewardV3/runs/midasheng_7b_reward_v3_10rounds_20260905_run01/round_006/collections/round_006_caption_tts_rollout.output.jsonl
6,TTS,random440_expressivespeech_130,5,957,codec_frames,/data/L202500147/Caption/DualISL_Train_RewardV3/runs/midasheng_7b_reward_v3_10rounds_20260905_run01/round_006/collections/round_006_caption_tts_rollout.output.jsonl
6,TTS,random440_deear_081,6,110,codec_frames,/data/L202500147/Caption/DualISL_Train_RewardV3/runs/midasheng_7b_reward_v3_10rounds_20260905_run01/round_006/collections/round_006_caption_tts_rollout.output.jsonl
6,TTS,random440_expressivespeech_213,7,79,codec_frames,/data/L202500147/Caption/DualISL_Train_RewardV3/runs/midasheng_7b_reward_v3_10rounds_20260905_run01/round_006/collections/round_006_caption_tts_rollout.output.jsonl
6,TTS,random440_expressivespeech_173,0,99,codec_frames,/data/L202500147/Caption/DualISL_Train_RewardV3/runs/midasheng_7b_reward_v3_10rounds_20260905_run01/round_006/collections/round_006_caption_tts_rollout.output.jsonl
6,TTS,random440_deear_027,1,185,codec_frames,/data/L202500147/Caption/DualISL_Train_RewardV3/runs/midasheng_7b_reward_v3_10rounds_20260905_run01/round_006/collections/round_006_caption_tts_rollout.output.jsonl
6,TTS,random440_expressivespeech_059,2,185,codec_frames,/data/L202500147/Caption/DualISL_Train_RewardV3/runs/midasheng_7b_reward_v3_10rounds_20260905_run01/round_006/collections/round_006_caption_tts_rollout.output.jsonl
6,TTS,random440_expressivespeech_248,3,295,codec_frames,/data/L202500147/Caption/DualISL_Train_RewardV3/runs/midasheng_7b_reward_v3_10rounds_20260905_run01/round_006/collections/round_006_caption_tts_rollout.output.jsonl
6,TTS,random440_expressivespeech_108,4,1060,codec_frames,/data/L202500147/Caption/DualISL_Train_RewardV3/runs/midasheng_7b_reward_v3_10rounds_20260905_run01/round_006/collections/round_006_caption_tts_rollout.output.jsonl
6,TTS,random440_expressivespeech_116,5,723,codec_frames,/data/L202500147/Caption/DualISL_Train_RewardV3/runs/midasheng_7b_reward_v3_10rounds_20260905_run01/round_006/collections/round_006_caption_tts_rollout.output.jsonl
6,TTS,random440_deear_065,6,394,codec_frames,/data/L202500147/Caption/DualISL_Train_RewardV3/runs/midasheng_7b_reward_v3_10rounds_20260905_run01/round_006/collections/round_006_caption_tts_rollout.output.jsonl
6,TTS,random440_expressivespeech_131,7,83,codec_frames,/data/L202500147/Caption/DualISL_Train_RewardV3/runs/midasheng_7b_reward_v3_10rounds_20260905_run01/round_006/collections/round_006_caption_tts_rollout.output.jsonl
6,TTS,random440_expressivespeech_320,0,159,codec_frames,/data/L202500147/Caption/DualISL_Train_RewardV3/runs/midasheng_7b_reward_v3_10rounds_20260905_run01/round_006/collections/round_006_caption_tts_rollout.output.jsonl
6,TTS,random440_expressivespeech_330,1,910,codec_frames,/data/L202500147/Caption/DualISL_Train_RewardV3/runs/midasheng_7b_reward_v3_10rounds_20260905_run01/round_006/collections/round_006_caption_tts_rollout.output.jsonl
6,TTS,random440_expressivespeech_104,2,186,codec_frames,/data/L202500147/Caption/DualISL_Train_RewardV3/runs/midasheng_7b_reward_v3_10rounds_20260905_run01/round_006/collections/round_006_caption_tts_rollout.output.jsonl
6,TTS,random440_expressivespeech_032,3,278,codec_frames,/data/L202500147/Caption/DualISL_Train_RewardV3/runs/midasheng_7b_reward_v3_10rounds_20260905_run01/round_006/collections/round_006_caption_tts_rollout.output.jsonl
6,TTS,random440_deear_098,4,515,codec_frames,/data/L202500147/Caption/DualISL_Train_RewardV3/runs/midasheng_7b_reward_v3_10rounds_20260905_run01/round_006/collections/round_006_caption_tts_rollout.output.jsonl
6,TTS,random440_expressivespeech_305,5,230,codec_frames,/data/L202500147/Caption/DualISL_Train_RewardV3/runs/midasheng_7b_reward_v3_10rounds_20260905_run01/round_006/collections/round_006_caption_tts_rollout.output.jsonl
6,TTS,random440_expressivespeech_106,6,117,codec_frames,/data/L202500147/Caption/DualISL_Train_RewardV3/runs/midasheng_7b_reward_v3_10rounds_20260905_run01/round_006/collections/round_006_caption_tts_rollout.output.jsonl
6,TTS,random440_expressivespeech_324,7,348,codec_frames,/data/L202500147/Caption/DualISL_Train_RewardV3/runs/midasheng_7b_reward_v3_10rounds_20260905_run01/round_006/collections/round_006_caption_tts_rollout.output.jsonl
6,TTS,random440_deear_100,0,305,codec_frames,/data/L202500147/Caption/DualISL_Train_RewardV3/runs/midasheng_7b_reward_v3_10rounds_20260905_run01/round_006/collections/round_006_caption_tts_rollout.output.jsonl
6,TTS,random440_deear_004,1,1485,codec_frames,/data/L202500147/Caption/DualISL_Train_RewardV3/runs/midasheng_7b_reward_v3_10rounds_20260905_run01/round_006/collections/round_006_caption_tts_rollout.output.jsonl
6,TTS,random440_expressivespeech_066,2,215,codec_frames,/data/L202500147/Caption/DualISL_Train_RewardV3/runs/midasheng_7b_reward_v3_10rounds_20260905_run01/round_006/collections/round_006_caption_tts_rollout.output.jsonl
6,TTS,random440_expressivespeech_240,3,375,codec_frames,/data/L202500147/Caption/DualISL_Train_RewardV3/runs/midasheng_7b_reward_v3_10rounds_20260905_run01/round_006/collections/round_006_caption_tts_rollout.output.jsonl
6,TTS,random440_expressivespeech_166,4,76,codec_frames,/data/L202500147/Caption/DualISL_Train_RewardV3/runs/midasheng_7b_reward_v3_10rounds_20260905_run01/round_006/collections/round_006_caption_tts_rollout.output.jsonl
6,TTS,random440_expressivespeech_034,5,75,codec_frames,/data/L202500147/Caption/DualISL_Train_RewardV3/runs/midasheng_7b_reward_v3_10rounds_20260905_run01/round_006/collections/round_006_caption_tts_rollout.output.jsonl
6,TTS,random440_expressivespeech_151,6,602,codec_frames,/data/L202500147/Caption/DualISL_Train_RewardV3/runs/midasheng_7b_reward_v3_10rounds_20260905_run01/round_006/collections/round_006_caption_tts_rollout.output.jsonl
6,TTS,random440_expressivespeech_328,7,218,codec_frames,/data/L202500147/Caption/DualISL_Train_RewardV3/runs/midasheng_7b_reward_v3_10rounds_20260905_run01/round_006/collections/round_006_caption_tts_rollout.output.jsonl
6,TTS,random440_expressivespeech_306,0,79,codec_frames,/data/L202500147/Caption/DualISL_Train_RewardV3/runs/midasheng_7b_reward_v3_10rounds_20260905_run01/round_006/collections/round_006_caption_tts_rollout.output.jsonl
6,TTS,random440_expressivespeech_274,1,651,codec_frames,/data/L202500147/Caption/DualISL_Train_RewardV3/runs/midasheng_7b_reward_v3_10rounds_20260905_run01/round_006/collections/round_006_caption_tts_rollout.output.jsonl
6,TTS,random440_expressivespeech_023,2,190,codec_frames,/data/L202500147/Caption/DualISL_Train_RewardV3/runs/midasheng_7b_reward_v3_10rounds_20260905_run01/round_006/collections/round_006_caption_tts_rollout.output.jsonl
6,TTS,random440_expressivespeech_226,3,118,codec_frames,/data/L202500147/Caption/DualISL_Train_RewardV3/runs/midasheng_7b_reward_v3_10rounds_20260905_run01/round_006/collections/round_006_caption_tts_rollout.output.jsonl
6,TTS,random440_deear_018,4,342,codec_frames,/data/L202500147/Caption/DualISL_Train_RewardV3/runs/midasheng_7b_reward_v3_10rounds_20260905_run01/round_006/collections/round_006_caption_tts_rollout.output.jsonl
6,TTS,random440_expressivespeech_247,5,781,codec_frames,/data/L202500147/Caption/DualISL_Train_RewardV3/runs/midasheng_7b_reward_v3_10rounds_20260905_run01/round_006/collections/round_006_caption_tts_rollout.output.jsonl
6,TTS,random440_expressivespeech_196,6,264,codec_frames,/data/L202500147/Caption/DualISL_Train_RewardV3/runs/midasheng_7b_reward_v3_10rounds_20260905_run01/round_006/collections/round_006_caption_tts_rollout.output.jsonl
6,TTS,random440_expressivespeech_042,7,359,codec_frames,/data/L202500147/Caption/DualISL_Train_RewardV3/runs/midasheng_7b_reward_v3_10rounds_20260905_run01/round_006/collections/round_006_caption_tts_rollout.output.jsonl
6,TTS,random440_expressivespeech_033,0,106,codec_frames,/data/L202500147/Caption/DualISL_Train_RewardV3/runs/midasheng_7b_reward_v3_10rounds_20260905_run01/round_006/collections/round_006_caption_tts_rollout.output.jsonl
6,TTS,random440_deear_061,1,727,codec_frames,/data/L202500147/Caption/DualISL_Train_RewardV3/runs/midasheng_7b_reward_v3_10rounds_20260905_run01/round_006/collections/round_006_caption_tts_rollout.output.jsonl
6,TTS,random440_deear_020,2,421,codec_frames,/data/L202500147/Caption/DualISL_Train_RewardV3/runs/midasheng_7b_reward_v3_10rounds_20260905_run01/round_006/collections/round_006_caption_tts_rollout.output.jsonl
6,TTS,random440_deear_021,3,75,codec_frames,/data/L202500147/Caption/DualISL_Train_RewardV3/runs/midasheng_7b_reward_v3_10rounds_20260905_run01/round_006/collections/round_006_caption_tts_rollout.output.jsonl
6,TTS,random440_expressivespeech_153,4,225,codec_frames,/data/L202500147/Caption/DualISL_Train_RewardV3/runs/midasheng_7b_reward_v3_10rounds_20260905_run01/round_006/collections/round_006_caption_tts_rollout.output.jsonl
6,TTS,random440_expressivespeech_241,5,122,codec_frames,/data/L202500147/Caption/DualISL_Train_RewardV3/runs/midasheng_7b_reward_v3_10rounds_20260905_run01/round_006/collections/round_006_caption_tts_rollout.output.jsonl
6,TTS,random440_deear_058,6,112,codec_frames,/data/L202500147/Caption/DualISL_Train_RewardV3/runs/midasheng_7b_reward_v3_10rounds_20260905_run01/round_006/collections/round_006_caption_tts_rollout.output.jsonl
6,TTS,random440_expressivespeech_218,7,190,codec_frames,/data/L202500147/Caption/DualISL_Train_RewardV3/runs/midasheng_7b_reward_v3_10rounds_20260905_run01/round_006/collections/round_006_caption_tts_rollout.output.jsonl
6,TTS,random440_expressivespeech_337,0,185,codec_frames,/data/L202500147/Caption/DualISL_Train_RewardV3/runs/midasheng_7b_reward_v3_10rounds_20260905_run01/round_006/collections/round_006_caption_tts_rollout.output.jsonl
6,TTS,random440_expressivespeech_288,1,225,codec_frames,/data/L202500147/Caption/DualISL_Train_RewardV3/runs/midasheng_7b_reward_v3_10rounds_20260905_run01/round_006/collections/round_006_caption_tts_rollout.output.jsonl
6,TTS,random440_deear_068,2,70,codec_frames,/data/L202500147/Caption/DualISL_Train_RewardV3/runs/midasheng_7b_reward_v3_10rounds_20260905_run01/round_006/collections/round_006_caption_tts_rollout.output.jsonl
6,TTS,random440_expressivespeech_325,3,230,codec_frames,/data/L202500147/Caption/DualISL_Train_RewardV3/runs/midasheng_7b_reward_v3_10rounds_20260905_run01/round_006/collections/round_006_caption_tts_rollout.output.jsonl
6,TTS,random440_deear_089,4,299,codec_frames,/data/L202500147/Caption/DualISL_Train_RewardV3/runs/midasheng_7b_reward_v3_10rounds_20260905_run01/round_006/collections/round_006_caption_tts_rollout.output.jsonl
6,TTS,random440_expressivespeech_036,5,193,codec_frames,/data/L202500147/Caption/DualISL_Train_RewardV3/runs/midasheng_7b_reward_v3_10rounds_20260905_run01/round_006/collections/round_006_caption_tts_rollout.output.jsonl
6,TTS,random440_expressivespeech_048,6,47,codec_frames,/data/L202500147/Caption/DualISL_Train_RewardV3/runs/midasheng_7b_reward_v3_10rounds_20260905_run01/round_006/collections/round_006_caption_tts_rollout.output.jsonl
6,TTS,random440_expressivespeech_064,7,43,codec_frames,/data/L202500147/Caption/DualISL_Train_RewardV3/runs/midasheng_7b_reward_v3_10rounds_20260905_run01/round_006/collections/round_006_caption_tts_rollout.output.jsonl
6,TTS,random440_expressivespeech_327,0,524,codec_frames,/data/L202500147/Caption/DualISL_Train_RewardV3/runs/midasheng_7b_reward_v3_10rounds_20260905_run01/round_006/collections/round_006_caption_tts_rollout.output.jsonl
6,TTS,random440_deear_017,1,117,codec_frames,/data/L202500147/Caption/DualISL_Train_RewardV3/runs/midasheng_7b_reward_v3_10rounds_20260905_run01/round_006/collections/round_006_caption_tts_rollout.output.jsonl
6,TTS,random440_deear_075,2,173,codec_frames,/data/L202500147/Caption/DualISL_Train_RewardV3/runs/midasheng_7b_reward_v3_10rounds_20260905_run01/round_006/collections/round_006_caption_tts_rollout.output.jsonl
6,TTS,random440_expressivespeech_269,3,220,codec_frames,/data/L202500147/Caption/DualISL_Train_RewardV3/runs/midasheng_7b_reward_v3_10rounds_20260905_run01/round_006/collections/round_006_caption_tts_rollout.output.jsonl
7,Captioner,random440_expressivespeech_287,0,679,sampled_tokens,/data/L202500147/Caption/DualISL_Train_RewardV3/runs/midasheng_7b_reward_v3_10rounds_20260905_run01/round_007/collections/round_007_audio_caption_rollout.output.jsonl
7,Captioner,random440_expressivespeech_245,1,682,sampled_tokens,/data/L202500147/Caption/DualISL_Train_RewardV3/runs/midasheng_7b_reward_v3_10rounds_20260905_run01/round_007/collections/round_007_audio_caption_rollout.output.jsonl
7,Captioner,random440_expressivespeech_304,2,636,sampled_tokens,/data/L202500147/Caption/DualISL_Train_RewardV3/runs/midasheng_7b_reward_v3_10rounds_20260905_run01/round_007/collections/round_007_audio_caption_rollout.output.jsonl
7,Captioner,random440_expressivespeech_178,3,563,sampled_tokens,/data/L202500147/Caption/DualISL_Train_RewardV3/runs/midasheng_7b_reward_v3_10rounds_20260905_run01/round_007/collections/round_007_audio_caption_rollout.output.jsonl
7,Captioner,random440_deear_090,4,589,sampled_tokens,/data/L202500147/Caption/DualISL_Train_RewardV3/runs/midasheng_7b_reward_v3_10rounds_20260905_run01/round_007/collections/round_007_audio_caption_rollout.output.jsonl
7,Captioner,random440_expressivespeech_017,5,759,sampled_tokens,/data/L202500147/Caption/DualISL_Train_RewardV3/runs/midasheng_7b_reward_v3_10rounds_20260905_run01/round_007/collections/round_007_audio_caption_rollout.output.jsonl
7,Captioner,random440_expressivespeech_326,6,860,sampled_tokens,/data/L202500147/Caption/DualISL_Train_RewardV3/runs/midasheng_7b_reward_v3_10rounds_20260905_run01/round_007/collections/round_007_audio_caption_rollout.output.jsonl
7,Captioner,random440_expressivespeech_283,7,472,sampled_tokens,/data/L202500147/Caption/DualISL_Train_RewardV3/runs/midasheng_7b_reward_v3_10rounds_20260905_run01/round_007/collections/round_007_audio_caption_rollout.output.jsonl
7,Captioner,random440_expressivespeech_004,0,493,sampled_tokens,/data/L202500147/Caption/DualISL_Train_RewardV3/runs/midasheng_7b_reward_v3_10rounds_20260905_run01/round_007/collections/round_007_audio_caption_rollout.output.jsonl
7,Captioner,random440_expressivespeech_192,1,674,sampled_tokens,/data/L202500147/Caption/DualISL_Train_RewardV3/runs/midasheng_7b_reward_v3_10rounds_20260905_run01/round_007/collections/round_007_audio_caption_rollout.output.jsonl
7,Captioner,random440_deear_093,2,535,sampled_tokens,/data/L202500147/Caption/DualISL_Train_RewardV3/runs/midasheng_7b_reward_v3_10rounds_20260905_run01/round_007/collections/round_007_audio_caption_rollout.output.jsonl
7,Captioner,random440_expressivespeech_079,3,552,sampled_tokens,/data/L202500147/Caption/DualISL_Train_RewardV3/runs/midasheng_7b_reward_v3_10rounds_20260905_run01/round_007/collections/round_007_audio_caption_rollout.output.jsonl
7,Captioner,random440_expressivespeech_122,4,539,sampled_tokens,/data/L202500147/Caption/DualISL_Train_RewardV3/runs/midasheng_7b_reward_v3_10rounds_20260905_run01/round_007/collections/round_007_audio_caption_rollout.output.jsonl
7,Captioner,random440_expressivespeech_183,5,878,sampled_tokens,/data/L202500147/Caption/DualISL_Train_RewardV3/runs/midasheng_7b_reward_v3_10rounds_20260905_run01/round_007/collections/round_007_audio_caption_rollout.output.jsonl
7,Captioner,random440_deear_086,6,686,sampled_tokens,/data/L202500147/Caption/DualISL_Train_RewardV3/runs/midasheng_7b_reward_v3_10rounds_20260905_run01/round_007/collections/round_007_audio_caption_rollout.output.jsonl
7,Captioner,random440_deear_044,7,862,sampled_tokens,/data/L202500147/Caption/DualISL_Train_RewardV3/runs/midasheng_7b_reward_v3_10rounds_20260905_run01/round_007/collections/round_007_audio_caption_rollout.output.jsonl
7,Captioner,random440_expressivespeech_158,0,677,sampled_tokens,/data/L202500147/Caption/DualISL_Train_RewardV3/runs/midasheng_7b_reward_v3_10rounds_20260905_run01/round_007/collections/round_007_audio_caption_rollout.output.jsonl
7,Captioner,random440_expressivespeech_271,1,639,sampled_tokens,/data/L202500147/Caption/DualISL_Train_RewardV3/runs/midasheng_7b_reward_v3_10rounds_20260905_run01/round_007/collections/round_007_audio_caption_rollout.output.jsonl
7,Captioner,random440_expressivespeech_225,2,697,sampled_tokens,/data/L202500147/Caption/DualISL_Train_RewardV3/runs/midasheng_7b_reward_v3_10rounds_20260905_run01/round_007/collections/round_007_audio_caption_rollout.output.jsonl
7,Captioner,random440_expressivespeech_176,3,800,sampled_tokens,/data/L202500147/Caption/DualISL_Train_RewardV3/runs/midasheng_7b_reward_v3_10rounds_20260905_run01/round_007/collections/round_007_audio_caption_rollout.output.jsonl
7,Captioner,random440_deear_070,4,792,sampled_tokens,/data/L202500147/Caption/DualISL_Train_RewardV3/runs/midasheng_7b_reward_v3_10rounds_20260905_run01/round_007/collections/round_007_audio_caption_rollout.output.jsonl
7,Captioner,random440_expressivespeech_043,5,676,sampled_tokens,/data/L202500147/Caption/DualISL_Train_RewardV3/runs/midasheng_7b_reward_v3_10rounds_20260905_run01/round_007/collections/round_007_audio_caption_rollout.output.jsonl
7,Captioner,random440_expressivespeech_154,6,622,sampled_tokens,/data/L202500147/Caption/DualISL_Train_RewardV3/runs/midasheng_7b_reward_v3_10rounds_20260905_run01/round_007/collections/round_007_audio_caption_rollout.output.jsonl
7,Captioner,random440_expressivespeech_249,7,849,sampled_tokens,/data/L202500147/Caption/DualISL_Train_RewardV3/runs/midasheng_7b_reward_v3_10rounds_20260905_run01/round_007/collections/round_007_audio_caption_rollout.output.jsonl
7,Captioner,random440_deear_072,0,746,sampled_tokens,/data/L202500147/Caption/DualISL_Train_RewardV3/runs/midasheng_7b_reward_v3_10rounds_20260905_run01/round_007/collections/round_007_audio_caption_rollout.output.jsonl
7,Captioner,random440_expressivespeech_050,1,666,sampled_tokens,/data/L202500147/Caption/DualISL_Train_RewardV3/runs/midasheng_7b_reward_v3_10rounds_20260905_run01/round_007/collections/round_007_audio_caption_rollout.output.jsonl
7,Captioner,random440_expressivespeech_046,2,668,sampled_tokens,/data/L202500147/Caption/DualISL_Train_RewardV3/runs/midasheng_7b_reward_v3_10rounds_20260905_run01/round_007/collections/round_007_audio_caption_rollout.output.jsonl
7,Captioner,random440_expressivespeech_011,3,523,sampled_tokens,/data/L202500147/Caption/DualISL_Train_RewardV3/runs/midasheng_7b_reward_v3_10rounds_20260905_run01/round_007/collections/round_007_audio_caption_rollout.output.jsonl
7,Captioner,random440_expressivespeech_167,4,595,sampled_tokens,/data/L202500147/Caption/DualISL_Train_RewardV3/runs/midasheng_7b_reward_v3_10rounds_20260905_run01/round_007/collections/round_007_audio_caption_rollout.output.jsonl
7,Captioner,random440_expressivespeech_227,5,811,sampled_tokens,/data/L202500147/Caption/DualISL_Train_RewardV3/runs/midasheng_7b_reward_v3_10rounds_20260905_run01/round_007/collections/round_007_audio_caption_rollout.output.jsonl
7,Captioner,random440_expressivespeech_175,6,743,sampled_tokens,/data/L202500147/Caption/DualISL_Train_RewardV3/runs/midasheng_7b_reward_v3_10rounds_20260905_run01/round_007/collections/round_007_audio_caption_rollout.output.jsonl
7,Captioner,random440_expressivespeech_160,7,506,sampled_tokens,/data/L202500147/Caption/DualISL_Train_RewardV3/runs/midasheng_7b_reward_v3_10rounds_20260905_run01/round_007/collections/round_007_audio_caption_rollout.output.jsonl
7,Captioner,random440_expressivespeech_202,0,968,sampled_tokens,/data/L202500147/Caption/DualISL_Train_RewardV3/runs/midasheng_7b_reward_v3_10rounds_20260905_run01/round_007/collections/round_007_audio_caption_rollout.output.jsonl
7,Captioner,random440_expressivespeech_314,1,504,sampled_tokens,/data/L202500147/Caption/DualISL_Train_RewardV3/runs/midasheng_7b_reward_v3_10rounds_20260905_run01/round_007/collections/round_007_audio_caption_rollout.output.jsonl
7,Captioner,random440_expressivespeech_238,2,573,sampled_tokens,/data/L202500147/Caption/DualISL_Train_RewardV3/runs/midasheng_7b_reward_v3_10rounds_20260905_run01/round_007/collections/round_007_audio_caption_rollout.output.jsonl
7,Captioner,random440_expressivespeech_179,3,521,sampled_tokens,/data/L202500147/Caption/DualISL_Train_RewardV3/runs/midasheng_7b_reward_v3_10rounds_20260905_run01/round_007/collections/round_007_audio_caption_rollout.output.jsonl
7,Captioner,random440_deear_054,4,620,sampled_tokens,/data/L202500147/Caption/DualISL_Train_RewardV3/runs/midasheng_7b_reward_v3_10rounds_20260905_run01/round_007/collections/round_007_audio_caption_rollout.output.jsonl
7,Captioner,random440_deear_037,5,804,sampled_tokens,/data/L202500147/Caption/DualISL_Train_RewardV3/runs/midasheng_7b_reward_v3_10rounds_20260905_run01/round_007/collections/round_007_audio_caption_rollout.output.jsonl
7,Captioner,random440_expressivespeech_220,6,559,sampled_tokens,/data/L202500147/Caption/DualISL_Train_RewardV3/runs/midasheng_7b_reward_v3_10rounds_20260905_run01/round_007/collections/round_007_audio_caption_rollout.output.jsonl
7,Captioner,random440_expressivespeech_228,7,752,sampled_tokens,/data/L202500147/Caption/DualISL_Train_RewardV3/runs/midasheng_7b_reward_v3_10rounds_20260905_run01/round_007/collections/round_007_audio_caption_rollout.output.jsonl
7,Captioner,random440_expressivespeech_272,0,610,sampled_tokens,/data/L202500147/Caption/DualISL_Train_RewardV3/runs/midasheng_7b_reward_v3_10rounds_20260905_run01/round_007/collections/round_007_audio_caption_rollout.output.jsonl
7,Captioner,random440_expressivespeech_285,1,788,sampled_tokens,/data/L202500147/Caption/DualISL_Train_RewardV3/runs/midasheng_7b_reward_v3_10rounds_20260905_run01/round_007/collections/round_007_audio_caption_rollout.output.jsonl
7,Captioner,random440_expressivespeech_013,2,852,sampled_tokens,/data/L202500147/Caption/DualISL_Train_RewardV3/runs/midasheng_7b_reward_v3_10rounds_20260905_run01/round_007/collections/round_007_audio_caption_rollout.output.jsonl
7,Captioner,random440_expressivespeech_290,3,739,sampled_tokens,/data/L202500147/Caption/DualISL_Train_RewardV3/runs/midasheng_7b_reward_v3_10rounds_20260905_run01/round_007/collections/round_007_audio_caption_rollout.output.jsonl
7,Captioner,random440_expressivespeech_256,4,626,sampled_tokens,/data/L202500147/Caption/DualISL_Train_RewardV3/runs/midasheng_7b_reward_v3_10rounds_20260905_run01/round_007/collections/round_007_audio_caption_rollout.output.jsonl
7,Captioner,random440_expressivespeech_083,5,822,sampled_tokens,/data/L202500147/Caption/DualISL_Train_RewardV3/runs/midasheng_7b_reward_v3_10rounds_20260905_run01/round_007/collections/round_007_audio_caption_rollout.output.jsonl
7,Captioner,random440_expressivespeech_126,6,572,sampled_tokens,/data/L202500147/Caption/DualISL_Train_RewardV3/runs/midasheng_7b_reward_v3_10rounds_20260905_run01/round_007/collections/round_007_audio_caption_rollout.output.jsonl
7,Captioner,random440_expressivespeech_087,7,777,sampled_tokens,/data/L202500147/Caption/DualISL_Train_RewardV3/runs/midasheng_7b_reward_v3_10rounds_20260905_run01/round_007/collections/round_007_audio_caption_rollout.output.jsonl
7,Captioner,random440_expressivespeech_109,0,594,sampled_tokens,/data/L202500147/Caption/DualISL_Train_RewardV3/runs/midasheng_7b_reward_v3_10rounds_20260905_run01/round_007/collections/round_007_audio_caption_rollout.output.jsonl
7,Captioner,random440_expressivespeech_135,1,757,sampled_tokens,/data/L202500147/Caption/DualISL_Train_RewardV3/runs/midasheng_7b_reward_v3_10rounds_20260905_run01/round_007/collections/round_007_audio_caption_rollout.output.jsonl
7,Captioner,random440_deear_032,2,599,sampled_tokens,/data/L202500147/Caption/DualISL_Train_RewardV3/runs/midasheng_7b_reward_v3_10rounds_20260905_run01/round_007/collections/round_007_audio_caption_rollout.output.jsonl
7,Captioner,random440_expressivespeech_197,3,670,sampled_tokens,/data/L202500147/Caption/DualISL_Train_RewardV3/runs/midasheng_7b_reward_v3_10rounds_20260905_run01/round_007/collections/round_007_audio_caption_rollout.output.jsonl
7,Captioner,random440_expressivespeech_181,4,809,sampled_tokens,/data/L202500147/Caption/DualISL_Train_RewardV3/runs/midasheng_7b_reward_v3_10rounds_20260905_run01/round_007/collections/round_007_audio_caption_rollout.output.jsonl
7,Captioner,random440_deear_003,5,604,sampled_tokens,/data/L202500147/Caption/DualISL_Train_RewardV3/runs/midasheng_7b_reward_v3_10rounds_20260905_run01/round_007/collections/round_007_audio_caption_rollout.output.jsonl
7,Captioner,random440_deear_049,6,647,sampled_tokens,/data/L202500147/Caption/DualISL_Train_RewardV3/runs/midasheng_7b_reward_v3_10rounds_20260905_run01/round_007/collections/round_007_audio_caption_rollout.output.jsonl
7,Captioner,random440_expressivespeech_007,7,751,sampled_tokens,/data/L202500147/Caption/DualISL_Train_RewardV3/runs/midasheng_7b_reward_v3_10rounds_20260905_run01/round_007/collections/round_007_audio_caption_rollout.output.jsonl
7,Captioner,random440_expressivespeech_235,0,723,sampled_tokens,/data/L202500147/Caption/DualISL_Train_RewardV3/runs/midasheng_7b_reward_v3_10rounds_20260905_run01/round_007/collections/round_007_audio_caption_rollout.output.jsonl
7,Captioner,random440_expressivespeech_157,1,636,sampled_tokens,/data/L202500147/Caption/DualISL_Train_RewardV3/runs/midasheng_7b_reward_v3_10rounds_20260905_run01/round_007/collections/round_007_audio_caption_rollout.output.jsonl
7,Captioner,random440_expressivespeech_063,2,657,sampled_tokens,/data/L202500147/Caption/DualISL_Train_RewardV3/runs/midasheng_7b_reward_v3_10rounds_20260905_run01/round_007/collections/round_007_audio_caption_rollout.output.jsonl
7,Captioner,random440_expressivespeech_089,3,485,sampled_tokens,/data/L202500147/Caption/DualISL_Train_RewardV3/runs/midasheng_7b_reward_v3_10rounds_20260905_run01/round_007/collections/round_007_audio_caption_rollout.output.jsonl
7,Captioner,random440_expressivespeech_113,4,798,sampled_tokens,/data/L202500147/Caption/DualISL_Train_RewardV3/runs/midasheng_7b_reward_v3_10rounds_20260905_run01/round_007/collections/round_007_audio_caption_rollout.output.jsonl
7,Captioner,random440_expressivespeech_020,5,678,sampled_tokens,/data/L202500147/Caption/DualISL_Train_RewardV3/runs/midasheng_7b_reward_v3_10rounds_20260905_run01/round_007/collections/round_007_audio_caption_rollout.output.jsonl
7,Captioner,random440_expressivespeech_028,6,904,sampled_tokens,/data/L202500147/Caption/DualISL_Train_RewardV3/runs/midasheng_7b_reward_v3_10rounds_20260905_run01/round_007/collections/round_007_audio_caption_rollout.output.jsonl
7,Captioner,random440_deear_084,7,814,sampled_tokens,/data/L202500147/Caption/DualISL_Train_RewardV3/runs/midasheng_7b_reward_v3_10rounds_20260905_run01/round_007/collections/round_007_audio_caption_rollout.output.jsonl
7,Captioner,random440_expressivespeech_093,0,715,sampled_tokens,/data/L202500147/Caption/DualISL_Train_RewardV3/runs/midasheng_7b_reward_v3_10rounds_20260905_run01/round_007/collections/round_007_audio_caption_rollout.output.jsonl
7,Captioner,random440_expressivespeech_222,1,924,sampled_tokens,/data/L202500147/Caption/DualISL_Train_RewardV3/runs/midasheng_7b_reward_v3_10rounds_20260905_run01/round_007/collections/round_007_audio_caption_rollout.output.jsonl
7,Captioner,random440_deear_015,2,628,sampled_tokens,/data/L202500147/Caption/DualISL_Train_RewardV3/runs/midasheng_7b_reward_v3_10rounds_20260905_run01/round_007/collections/round_007_audio_caption_rollout.output.jsonl
7,Captioner,random440_deear_083,3,755,sampled_tokens,/data/L202500147/Caption/DualISL_Train_RewardV3/runs/midasheng_7b_reward_v3_10rounds_20260905_run01/round_007/collections/round_007_audio_caption_rollout.output.jsonl
7,Captioner,random440_deear_096,4,632,sampled_tokens,/data/L202500147/Caption/DualISL_Train_RewardV3/runs/midasheng_7b_reward_v3_10rounds_20260905_run01/round_007/collections/round_007_audio_caption_rollout.output.jsonl
7,Captioner,random440_expressivespeech_219,5,527,sampled_tokens,/data/L202500147/Caption/DualISL_Train_RewardV3/runs/midasheng_7b_reward_v3_10rounds_20260905_run01/round_007/collections/round_007_audio_caption_rollout.output.jsonl
7,Captioner,random440_deear_082,6,495,sampled_tokens,/data/L202500147/Caption/DualISL_Train_RewardV3/runs/midasheng_7b_reward_v3_10rounds_20260905_run01/round_007/collections/round_007_audio_caption_rollout.output.jsonl
7,Captioner,random440_expressivespeech_208,7,677,sampled_tokens,/data/L202500147/Caption/DualISL_Train_RewardV3/runs/midasheng_7b_reward_v3_10rounds_20260905_run01/round_007/collections/round_007_audio_caption_rollout.output.jsonl
7,Captioner,random440_expressivespeech_035,0,954,sampled_tokens,/data/L202500147/Caption/DualISL_Train_RewardV3/runs/midasheng_7b_reward_v3_10rounds_20260905_run01/round_007/collections/round_007_audio_caption_rollout.output.jsonl
7,Captioner,random440_expressivespeech_147,1,536,sampled_tokens,/data/L202500147/Caption/DualISL_Train_RewardV3/runs/midasheng_7b_reward_v3_10rounds_20260905_run01/round_007/collections/round_007_audio_caption_rollout.output.jsonl
7,Captioner,random440_expressivespeech_266,2,698,sampled_tokens,/data/L202500147/Caption/DualISL_Train_RewardV3/runs/midasheng_7b_reward_v3_10rounds_20260905_run01/round_007/collections/round_007_audio_caption_rollout.output.jsonl
7,Captioner,random440_expressivespeech_188,3,748,sampled_tokens,/data/L202500147/Caption/DualISL_Train_RewardV3/runs/midasheng_7b_reward_v3_10rounds_20260905_run01/round_007/collections/round_007_audio_caption_rollout.output.jsonl
7,Captioner,random440_expressivespeech_045,4,678,sampled_tokens,/data/L202500147/Caption/DualISL_Train_RewardV3/runs/midasheng_7b_reward_v3_10rounds_20260905_run01/round_007/collections/round_007_audio_caption_rollout.output.jsonl
7,Captioner,random440_deear_092,5,569,sampled_tokens,/data/L202500147/Caption/DualISL_Train_RewardV3/runs/midasheng_7b_reward_v3_10rounds_20260905_run01/round_007/collections/round_007_audio_caption_rollout.output.jsonl
7,Captioner,random440_expressivespeech_019,6,649,sampled_tokens,/data/L202500147/Caption/DualISL_Train_RewardV3/runs/midasheng_7b_reward_v3_10rounds_20260905_run01/round_007/collections/round_007_audio_caption_rollout.output.jsonl
7,Captioner,random440_expressivespeech_313,7,1146,sampled_tokens,/data/L202500147/Caption/DualISL_Train_RewardV3/runs/midasheng_7b_reward_v3_10rounds_20260905_run01/round_007/collections/round_007_audio_caption_rollout.output.jsonl
7,Captioner,random440_deear_047,0,713,sampled_tokens,/data/L202500147/Caption/DualISL_Train_RewardV3/runs/midasheng_7b_reward_v3_10rounds_20260905_run01/round_007/collections/round_007_audio_caption_rollout.output.jsonl
7,Captioner,random440_expressivespeech_069,1,461,sampled_tokens,/data/L202500147/Caption/DualISL_Train_RewardV3/runs/midasheng_7b_reward_v3_10rounds_20260905_run01/round_007/collections/round_007_audio_caption_rollout.output.jsonl
7,Captioner,random440_deear_024,2,686,sampled_tokens,/data/L202500147/Caption/DualISL_Train_RewardV3/runs/midasheng_7b_reward_v3_10rounds_20260905_run01/round_007/collections/round_007_audio_caption_rollout.output.jsonl
7,Captioner,random440_expressivespeech_187,3,502,sampled_tokens,/data/L202500147/Caption/DualISL_Train_RewardV3/runs/midasheng_7b_reward_v3_10rounds_20260905_run01/round_007/collections/round_007_audio_caption_rollout.output.jsonl
7,Captioner,random440_expressivespeech_088,4,633,sampled_tokens,/data/L202500147/Caption/DualISL_Train_RewardV3/runs/midasheng_7b_reward_v3_10rounds_20260905_run01/round_007/collections/round_007_audio_caption_rollout.output.jsonl
7,Captioner,random440_expressivespeech_009,5,646,sampled_tokens,/data/L202500147/Caption/DualISL_Train_RewardV3/runs/midasheng_7b_reward_v3_10rounds_20260905_run01/round_007/collections/round_007_audio_caption_rollout.output.jsonl
7,Captioner,random440_expressivespeech_168,6,646,sampled_tokens,/data/L202500147/Caption/DualISL_Train_RewardV3/runs/midasheng_7b_reward_v3_10rounds_20260905_run01/round_007/collections/round_007_audio_caption_rollout.output.jsonl
7,Captioner,random440_expressivespeech_252,7,630,sampled_tokens,/data/L202500147/Caption/DualISL_Train_RewardV3/runs/midasheng_7b_reward_v3_10rounds_20260905_run01/round_007/collections/round_007_audio_caption_rollout.output.jsonl
7,Captioner,random440_expressivespeech_095,0,1083,sampled_tokens,/data/L202500147/Caption/DualISL_Train_RewardV3/runs/midasheng_7b_reward_v3_10rounds_20260905_run01/round_007/collections/round_007_audio_caption_rollout.output.jsonl
7,Captioner,random440_expressivespeech_090,1,776,sampled_tokens,/data/L202500147/Caption/DualISL_Train_RewardV3/runs/midasheng_7b_reward_v3_10rounds_20260905_run01/round_007/collections/round_007_audio_caption_rollout.output.jsonl
7,Captioner,random440_expressivespeech_053,2,829,sampled_tokens,/data/L202500147/Caption/DualISL_Train_RewardV3/runs/midasheng_7b_reward_v3_10rounds_20260905_run01/round_007/collections/round_007_audio_caption_rollout.output.jsonl
7,Captioner,random440_expressivespeech_165,3,635,sampled_tokens,/data/L202500147/Caption/DualISL_Train_RewardV3/runs/midasheng_7b_reward_v3_10rounds_20260905_run01/round_007/collections/round_007_audio_caption_rollout.output.jsonl
7,Captioner,random440_deear_010,4,715,sampled_tokens,/data/L202500147/Caption/DualISL_Train_RewardV3/runs/midasheng_7b_reward_v3_10rounds_20260905_run01/round_007/collections/round_007_audio_caption_rollout.output.jsonl
7,Captioner,random440_expressivespeech_312,5,852,sampled_tokens,/data/L202500147/Caption/DualISL_Train_RewardV3/runs/midasheng_7b_reward_v3_10rounds_20260905_run01/round_007/collections/round_007_audio_caption_rollout.output.jsonl
7,Captioner,random440_expressivespeech_057,6,666,sampled_tokens,/data/L202500147/Caption/DualISL_Train_RewardV3/runs/midasheng_7b_reward_v3_10rounds_20260905_run01/round_007/collections/round_007_audio_caption_rollout.output.jsonl
7,Captioner,random440_expressivespeech_309,7,595,sampled_tokens,/data/L202500147/Caption/DualISL_Train_RewardV3/runs/midasheng_7b_reward_v3_10rounds_20260905_run01/round_007/collections/round_007_audio_caption_rollout.output.jsonl
7,Captioner,random440_expressivespeech_076,0,740,sampled_tokens,/data/L202500147/Caption/DualISL_Train_RewardV3/runs/midasheng_7b_reward_v3_10rounds_20260905_run01/round_007/collections/round_007_audio_caption_rollout.output.jsonl
7,Captioner,random440_expressivespeech_292,1,812,sampled_tokens,/data/L202500147/Caption/DualISL_Train_RewardV3/runs/midasheng_7b_reward_v3_10rounds_20260905_run01/round_007/collections/round_007_audio_caption_rollout.output.jsonl
7,Captioner,random440_expressivespeech_148,2,789,sampled_tokens,/data/L202500147/Caption/DualISL_Train_RewardV3/runs/midasheng_7b_reward_v3_10rounds_20260905_run01/round_007/collections/round_007_audio_caption_rollout.output.jsonl
7,Captioner,random440_expressivespeech_111,3,459,sampled_tokens,/data/L202500147/Caption/DualISL_Train_RewardV3/runs/midasheng_7b_reward_v3_10rounds_20260905_run01/round_007/collections/round_007_audio_caption_rollout.output.jsonl
7,Captioner,random440_expressivespeech_016,4,886,sampled_tokens,/data/L202500147/Caption/DualISL_Train_RewardV3/runs/midasheng_7b_reward_v3_10rounds_20260905_run01/round_007/collections/round_007_audio_caption_rollout.output.jsonl
7,Captioner,random440_deear_016,5,802,sampled_tokens,/data/L202500147/Caption/DualISL_Train_RewardV3/runs/midasheng_7b_reward_v3_10rounds_20260905_run01/round_007/collections/round_007_audio_caption_rollout.output.jsonl
7,Captioner,random440_expressivespeech_138,6,592,sampled_tokens,/data/L202500147/Caption/DualISL_Train_RewardV3/runs/midasheng_7b_reward_v3_10rounds_20260905_run01/round_007/collections/round_007_audio_caption_rollout.output.jsonl
7,Captioner,random440_expressivespeech_254,7,835,sampled_tokens,/data/L202500147/Caption/DualISL_Train_RewardV3/runs/midasheng_7b_reward_v3_10rounds_20260905_run01/round_007/collections/round_007_audio_caption_rollout.output.jsonl
7,Captioner,random440_deear_087,0,884,sampled_tokens,/data/L202500147/Caption/DualISL_Train_RewardV3/runs/midasheng_7b_reward_v3_10rounds_20260905_run01/round_007/collections/round_007_audio_caption_rollout.output.jsonl
7,Captioner,random440_expressivespeech_246,1,588,sampled_tokens,/data/L202500147/Caption/DualISL_Train_RewardV3/runs/midasheng_7b_reward_v3_10rounds_20260905_run01/round_007/collections/round_007_audio_caption_rollout.output.jsonl
7,Captioner,random440_expressivespeech_338,2,642,sampled_tokens,/data/L202500147/Caption/DualISL_Train_RewardV3/runs/midasheng_7b_reward_v3_10rounds_20260905_run01/round_007/collections/round_007_audio_caption_rollout.output.jsonl
7,Captioner,random440_expressivespeech_215,3,963,sampled_tokens,/data/L202500147/Caption/DualISL_Train_RewardV3/runs/midasheng_7b_reward_v3_10rounds_20260905_run01/round_007/collections/round_007_audio_caption_rollout.output.jsonl
7,Captioner,random440_expressivespeech_031,4,689,sampled_tokens,/data/L202500147/Caption/DualISL_Train_RewardV3/runs/midasheng_7b_reward_v3_10rounds_20260905_run01/round_007/collections/round_007_audio_caption_rollout.output.jsonl
7,Captioner,random440_expressivespeech_068,5,770,sampled_tokens,/data/L202500147/Caption/DualISL_Train_RewardV3/runs/midasheng_7b_reward_v3_10rounds_20260905_run01/round_007/collections/round_007_audio_caption_rollout.output.jsonl
7,Captioner,random440_expressivespeech_310,6,747,sampled_tokens,/data/L202500147/Caption/DualISL_Train_RewardV3/runs/midasheng_7b_reward_v3_10rounds_20260905_run01/round_007/collections/round_007_audio_caption_rollout.output.jsonl
7,Captioner,random440_expressivespeech_101,7,881,sampled_tokens,/data/L202500147/Caption/DualISL_Train_RewardV3/runs/midasheng_7b_reward_v3_10rounds_20260905_run01/round_007/collections/round_007_audio_caption_rollout.output.jsonl
7,Captioner,random440_deear_014,0,736,sampled_tokens,/data/L202500147/Caption/DualISL_Train_RewardV3/runs/midasheng_7b_reward_v3_10rounds_20260905_run01/round_007/collections/round_007_audio_caption_rollout.output.jsonl
7,Captioner,random440_expressivespeech_041,1,933,sampled_tokens,/data/L202500147/Caption/DualISL_Train_RewardV3/runs/midasheng_7b_reward_v3_10rounds_20260905_run01/round_007/collections/round_007_audio_caption_rollout.output.jsonl
7,Captioner,random440_expressivespeech_319,2,747,sampled_tokens,/data/L202500147/Caption/DualISL_Train_RewardV3/runs/midasheng_7b_reward_v3_10rounds_20260905_run01/round_007/collections/round_007_audio_caption_rollout.output.jsonl
7,Captioner,random440_deear_040,3,685,sampled_tokens,/data/L202500147/Caption/DualISL_Train_RewardV3/runs/midasheng_7b_reward_v3_10rounds_20260905_run01/round_007/collections/round_007_audio_caption_rollout.output.jsonl
7,Captioner,random440_expressivespeech_185,4,664,sampled_tokens,/data/L202500147/Caption/DualISL_Train_RewardV3/runs/midasheng_7b_reward_v3_10rounds_20260905_run01/round_007/collections/round_007_audio_caption_rollout.output.jsonl
7,Captioner,random440_expressivespeech_340,5,719,sampled_tokens,/data/L202500147/Caption/DualISL_Train_RewardV3/runs/midasheng_7b_reward_v3_10rounds_20260905_run01/round_007/collections/round_007_audio_caption_rollout.output.jsonl
7,Captioner,random440_expressivespeech_294,6,634,sampled_tokens,/data/L202500147/Caption/DualISL_Train_RewardV3/runs/midasheng_7b_reward_v3_10rounds_20260905_run01/round_007/collections/round_007_audio_caption_rollout.output.jsonl
7,Captioner,random440_expressivespeech_270,7,683,sampled_tokens,/data/L202500147/Caption/DualISL_Train_RewardV3/runs/midasheng_7b_reward_v3_10rounds_20260905_run01/round_007/collections/round_007_audio_caption_rollout.output.jsonl
7,Captioner,random440_expressivespeech_334,0,786,sampled_tokens,/data/L202500147/Caption/DualISL_Train_RewardV3/runs/midasheng_7b_reward_v3_10rounds_20260905_run01/round_007/collections/round_007_audio_caption_rollout.output.jsonl
7,Captioner,random440_expressivespeech_080,1,691,sampled_tokens,/data/L202500147/Caption/DualISL_Train_RewardV3/runs/midasheng_7b_reward_v3_10rounds_20260905_run01/round_007/collections/round_007_audio_caption_rollout.output.jsonl
7,Captioner,random440_expressivespeech_329,2,498,sampled_tokens,/data/L202500147/Caption/DualISL_Train_RewardV3/runs/midasheng_7b_reward_v3_10rounds_20260905_run01/round_007/collections/round_007_audio_caption_rollout.output.jsonl
7,Captioner,random440_expressivespeech_110,3,746,sampled_tokens,/data/L202500147/Caption/DualISL_Train_RewardV3/runs/midasheng_7b_reward_v3_10rounds_20260905_run01/round_007/collections/round_007_audio_caption_rollout.output.jsonl
7,Captioner,random440_expressivespeech_180,4,614,sampled_tokens,/data/L202500147/Caption/DualISL_Train_RewardV3/runs/midasheng_7b_reward_v3_10rounds_20260905_run01/round_007/collections/round_007_audio_caption_rollout.output.jsonl
7,Captioner,random440_expressivespeech_107,5,714,sampled_tokens,/data/L202500147/Caption/DualISL_Train_RewardV3/runs/midasheng_7b_reward_v3_10rounds_20260905_run01/round_007/collections/round_007_audio_caption_rollout.output.jsonl
7,Captioner,random440_expressivespeech_025,6,629,sampled_tokens,/data/L202500147/Caption/DualISL_Train_RewardV3/runs/midasheng_7b_reward_v3_10rounds_20260905_run01/round_007/collections/round_007_audio_caption_rollout.output.jsonl
7,Captioner,random440_expressivespeech_096,7,666,sampled_tokens,/data/L202500147/Caption/DualISL_Train_RewardV3/runs/midasheng_7b_reward_v3_10rounds_20260905_run01/round_007/collections/round_007_audio_caption_rollout.output.jsonl
7,Captioner,random440_deear_030,0,637,sampled_tokens,/data/L202500147/Caption/DualISL_Train_RewardV3/runs/midasheng_7b_reward_v3_10rounds_20260905_run01/round_007/collections/round_007_audio_caption_rollout.output.jsonl
7,Captioner,random440_expressivespeech_315,1,598,sampled_tokens,/data/L202500147/Caption/DualISL_Train_RewardV3/runs/midasheng_7b_reward_v3_10rounds_20260905_run01/round_007/collections/round_007_audio_caption_rollout.output.jsonl
7,Captioner,random440_expressivespeech_265,2,761,sampled_tokens,/data/L202500147/Caption/DualISL_Train_RewardV3/runs/midasheng_7b_reward_v3_10rounds_20260905_run01/round_007/collections/round_007_audio_caption_rollout.output.jsonl
7,Captioner,random440_expressivespeech_027,3,706,sampled_tokens,/data/L202500147/Caption/DualISL_Train_RewardV3/runs/midasheng_7b_reward_v3_10rounds_20260905_run01/round_007/collections/round_007_audio_caption_rollout.output.jsonl
7,Captioner,random440_expressivespeech_155,4,747,sampled_tokens,/data/L202500147/Caption/DualISL_Train_RewardV3/runs/midasheng_7b_reward_v3_10rounds_20260905_run01/round_007/collections/round_007_audio_caption_rollout.output.jsonl
7,Captioner,random440_expressivespeech_010,5,709,sampled_tokens,/data/L202500147/Caption/DualISL_Train_RewardV3/runs/midasheng_7b_reward_v3_10rounds_20260905_run01/round_007/collections/round_007_audio_caption_rollout.output.jsonl
7,Captioner,random440_expressivespeech_295,6,605,sampled_tokens,/data/L202500147/Caption/DualISL_Train_RewardV3/runs/midasheng_7b_reward_v3_10rounds_20260905_run01/round_007/collections/round_007_audio_caption_rollout.output.jsonl
7,Captioner,random440_expressivespeech_150,7,802,sampled_tokens,/data/L202500147/Caption/DualISL_Train_RewardV3/runs/midasheng_7b_reward_v3_10rounds_20260905_run01/round_007/collections/round_007_audio_caption_rollout.output.jsonl
7,Captioner,random440_expressivespeech_211,0,643,sampled_tokens,/data/L202500147/Caption/DualISL_Train_RewardV3/runs/midasheng_7b_reward_v3_10rounds_20260905_run01/round_007/collections/round_007_audio_caption_rollout.output.jsonl
7,Captioner,random440_deear_062,1,820,sampled_tokens,/data/L202500147/Caption/DualISL_Train_RewardV3/runs/midasheng_7b_reward_v3_10rounds_20260905_run01/round_007/collections/round_007_audio_caption_rollout.output.jsonl
7,Captioner,random440_expressivespeech_026,2,993,sampled_tokens,/data/L202500147/Caption/DualISL_Train_RewardV3/runs/midasheng_7b_reward_v3_10rounds_20260905_run01/round_007/collections/round_007_audio_caption_rollout.output.jsonl
7,Captioner,random440_expressivespeech_102,3,679,sampled_tokens,/data/L202500147/Caption/DualISL_Train_RewardV3/runs/midasheng_7b_reward_v3_10rounds_20260905_run01/round_007/collections/round_007_audio_caption_rollout.output.jsonl
7,Captioner,random440_deear_080,4,625,sampled_tokens,/data/L202500147/Caption/DualISL_Train_RewardV3/runs/midasheng_7b_reward_v3_10rounds_20260905_run01/round_007/collections/round_007_audio_caption_rollout.output.jsonl
7,Captioner,random440_expressivespeech_137,5,523,sampled_tokens,/data/L202500147/Caption/DualISL_Train_RewardV3/runs/midasheng_7b_reward_v3_10rounds_20260905_run01/round_007/collections/round_007_audio_caption_rollout.output.jsonl
7,Captioner,random440_expressivespeech_074,6,932,sampled_tokens,/data/L202500147/Caption/DualISL_Train_RewardV3/runs/midasheng_7b_reward_v3_10rounds_20260905_run01/round_007/collections/round_007_audio_caption_rollout.output.jsonl
7,Captioner,random440_expressivespeech_073,7,1173,sampled_tokens,/data/L202500147/Caption/DualISL_Train_RewardV3/runs/midasheng_7b_reward_v3_10rounds_20260905_run01/round_007/collections/round_007_audio_caption_rollout.output.jsonl
7,Captioner,random440_expressivespeech_233,0,898,sampled_tokens,/data/L202500147/Caption/DualISL_Train_RewardV3/runs/midasheng_7b_reward_v3_10rounds_20260905_run01/round_007/collections/round_007_audio_caption_rollout.output.jsonl
7,Captioner,random440_expressivespeech_128,1,555,sampled_tokens,/data/L202500147/Caption/DualISL_Train_RewardV3/runs/midasheng_7b_reward_v3_10rounds_20260905_run01/round_007/collections/round_007_audio_caption_rollout.output.jsonl
7,Captioner,random440_expressivespeech_279,2,637,sampled_tokens,/data/L202500147/Caption/DualISL_Train_RewardV3/runs/midasheng_7b_reward_v3_10rounds_20260905_run01/round_007/collections/round_007_audio_caption_rollout.output.jsonl
7,Captioner,random440_expressivespeech_146,3,886,sampled_tokens,/data/L202500147/Caption/DualISL_Train_RewardV3/runs/midasheng_7b_reward_v3_10rounds_20260905_run01/round_007/collections/round_007_audio_caption_rollout.output.jsonl
7,Captioner,random440_expressivespeech_223,4,528,sampled_tokens,/data/L202500147/Caption/DualISL_Train_RewardV3/runs/midasheng_7b_reward_v3_10rounds_20260905_run01/round_007/collections/round_007_audio_caption_rollout.output.jsonl
7,Captioner,random440_deear_078,5,450,sampled_tokens,/data/L202500147/Caption/DualISL_Train_RewardV3/runs/midasheng_7b_reward_v3_10rounds_20260905_run01/round_007/collections/round_007_audio_caption_rollout.output.jsonl
7,Captioner,random440_expressivespeech_055,6,615,sampled_tokens,/data/L202500147/Caption/DualISL_Train_RewardV3/runs/midasheng_7b_reward_v3_10rounds_20260905_run01/round_007/collections/round_007_audio_caption_rollout.output.jsonl
7,Captioner,random440_expressivespeech_098,7,647,sampled_tokens,/data/L202500147/Caption/DualISL_Train_RewardV3/runs/midasheng_7b_reward_v3_10rounds_20260905_run01/round_007/collections/round_007_audio_caption_rollout.output.jsonl
7,Captioner,random440_expressivespeech_003,0,896,sampled_tokens,/data/L202500147/Caption/DualISL_Train_RewardV3/runs/midasheng_7b_reward_v3_10rounds_20260905_run01/round_007/collections/round_007_audio_caption_rollout.output.jsonl
7,Captioner,random440_expressivespeech_144,1,772,sampled_tokens,/data/L202500147/Caption/DualISL_Train_RewardV3/runs/midasheng_7b_reward_v3_10rounds_20260905_run01/round_007/collections/round_007_audio_caption_rollout.output.jsonl
7,Captioner,random440_expressivespeech_217,2,722,sampled_tokens,/data/L202500147/Caption/DualISL_Train_RewardV3/runs/midasheng_7b_reward_v3_10rounds_20260905_run01/round_007/collections/round_007_audio_caption_rollout.output.jsonl
7,Captioner,random440_expressivespeech_321,3,623,sampled_tokens,/data/L202500147/Caption/DualISL_Train_RewardV3/runs/midasheng_7b_reward_v3_10rounds_20260905_run01/round_007/collections/round_007_audio_caption_rollout.output.jsonl
7,Captioner,random440_expressivespeech_230,4,961,sampled_tokens,/data/L202500147/Caption/DualISL_Train_RewardV3/runs/midasheng_7b_reward_v3_10rounds_20260905_run01/round_007/collections/round_007_audio_caption_rollout.output.jsonl
7,Captioner,random440_deear_002,5,899,sampled_tokens,/data/L202500147/Caption/DualISL_Train_RewardV3/runs/midasheng_7b_reward_v3_10rounds_20260905_run01/round_007/collections/round_007_audio_caption_rollout.output.jsonl
7,Captioner,random440_expressivespeech_210,6,1201,sampled_tokens,/data/L202500147/Caption/DualISL_Train_RewardV3/runs/midasheng_7b_reward_v3_10rounds_20260905_run01/round_007/collections/round_007_audio_caption_rollout.output.jsonl
7,Captioner,random440_expressivespeech_105,7,593,sampled_tokens,/data/L202500147/Caption/DualISL_Train_RewardV3/runs/midasheng_7b_reward_v3_10rounds_20260905_run01/round_007/collections/round_007_audio_caption_rollout.output.jsonl
7,Captioner,random440_expressivespeech_199,0,719,sampled_tokens,/data/L202500147/Caption/DualISL_Train_RewardV3/runs/midasheng_7b_reward_v3_10rounds_20260905_run01/round_007/collections/round_007_audio_caption_rollout.output.jsonl
7,Captioner,random440_expressivespeech_065,1,780,sampled_tokens,/data/L202500147/Caption/DualISL_Train_RewardV3/runs/midasheng_7b_reward_v3_10rounds_20260905_run01/round_007/collections/round_007_audio_caption_rollout.output.jsonl
7,Captioner,random440_expressivespeech_195,2,746,sampled_tokens,/data/L202500147/Caption/DualISL_Train_RewardV3/runs/midasheng_7b_reward_v3_10rounds_20260905_run01/round_007/collections/round_007_audio_caption_rollout.output.jsonl
7,Captioner,random440_expressivespeech_200,3,756,sampled_tokens,/data/L202500147/Caption/DualISL_Train_RewardV3/runs/midasheng_7b_reward_v3_10rounds_20260905_run01/round_007/collections/round_007_audio_caption_rollout.output.jsonl
7,Captioner,random440_expressivespeech_005,4,676,sampled_tokens,/data/L202500147/Caption/DualISL_Train_RewardV3/runs/midasheng_7b_reward_v3_10rounds_20260905_run01/round_007/collections/round_007_audio_caption_rollout.output.jsonl
7,Captioner,random440_expressivespeech_237,5,698,sampled_tokens,/data/L202500147/Caption/DualISL_Train_RewardV3/runs/midasheng_7b_reward_v3_10rounds_20260905_run01/round_007/collections/round_007_audio_caption_rollout.output.jsonl
7,Captioner,random440_expressivespeech_317,6,522,sampled_tokens,/data/L202500147/Caption/DualISL_Train_RewardV3/runs/midasheng_7b_reward_v3_10rounds_20260905_run01/round_007/collections/round_007_audio_caption_rollout.output.jsonl
7,Captioner,random440_expressivespeech_280,7,571,sampled_tokens,/data/L202500147/Caption/DualISL_Train_RewardV3/runs/midasheng_7b_reward_v3_10rounds_20260905_run01/round_007/collections/round_007_audio_caption_rollout.output.jsonl
7,Captioner,random440_deear_038,0,811,sampled_tokens,/data/L202500147/Caption/DualISL_Train_RewardV3/runs/midasheng_7b_reward_v3_10rounds_20260905_run01/round_007/collections/round_007_audio_caption_rollout.output.jsonl
7,Captioner,random440_expressivespeech_038,1,708,sampled_tokens,/data/L202500147/Caption/DualISL_Train_RewardV3/runs/midasheng_7b_reward_v3_10rounds_20260905_run01/round_007/collections/round_007_audio_caption_rollout.output.jsonl
7,Captioner,random440_expressivespeech_056,2,902,sampled_tokens,/data/L202500147/Caption/DualISL_Train_RewardV3/runs/midasheng_7b_reward_v3_10rounds_20260905_run01/round_007/collections/round_007_audio_caption_rollout.output.jsonl
7,Captioner,random440_expressivespeech_216,3,582,sampled_tokens,/data/L202500147/Caption/DualISL_Train_RewardV3/runs/midasheng_7b_reward_v3_10rounds_20260905_run01/round_007/collections/round_007_audio_caption_rollout.output.jsonl
7,Captioner,random440_expressivespeech_260,4,869,sampled_tokens,/data/L202500147/Caption/DualISL_Train_RewardV3/runs/midasheng_7b_reward_v3_10rounds_20260905_run01/round_007/collections/round_007_audio_caption_rollout.output.jsonl
7,Captioner,random440_expressivespeech_311,5,439,sampled_tokens,/data/L202500147/Caption/DualISL_Train_RewardV3/runs/midasheng_7b_reward_v3_10rounds_20260905_run01/round_007/collections/round_007_audio_caption_rollout.output.jsonl
7,Captioner,random440_expressivespeech_103,6,545,sampled_tokens,/data/L202500147/Caption/DualISL_Train_RewardV3/runs/midasheng_7b_reward_v3_10rounds_20260905_run01/round_007/collections/round_007_audio_caption_rollout.output.jsonl
7,Captioner,random440_expressivespeech_024,7,708,sampled_tokens,/data/L202500147/Caption/DualISL_Train_RewardV3/runs/midasheng_7b_reward_v3_10rounds_20260905_run01/round_007/collections/round_007_audio_caption_rollout.output.jsonl
7,Captioner,random440_expressivespeech_296,0,563,sampled_tokens,/data/L202500147/Caption/DualISL_Train_RewardV3/runs/midasheng_7b_reward_v3_10rounds_20260905_run01/round_007/collections/round_007_audio_caption_rollout.output.jsonl
7,Captioner,random440_expressivespeech_115,1,701,sampled_tokens,/data/L202500147/Caption/DualISL_Train_RewardV3/runs/midasheng_7b_reward_v3_10rounds_20260905_run01/round_007/collections/round_007_audio_caption_rollout.output.jsonl
7,Captioner,random440_expressivespeech_264,2,529,sampled_tokens,/data/L202500147/Caption/DualISL_Train_RewardV3/runs/midasheng_7b_reward_v3_10rounds_20260905_run01/round_007/collections/round_007_audio_caption_rollout.output.jsonl
7,Captioner,random440_expressivespeech_286,3,534,sampled_tokens,/data/L202500147/Caption/DualISL_Train_RewardV3/runs/midasheng_7b_reward_v3_10rounds_20260905_run01/round_007/collections/round_007_audio_caption_rollout.output.jsonl
7,Captioner,random440_expressivespeech_307,4,709,sampled_tokens,/data/L202500147/Caption/DualISL_Train_RewardV3/runs/midasheng_7b_reward_v3_10rounds_20260905_run01/round_007/collections/round_007_audio_caption_rollout.output.jsonl
7,Captioner,random440_deear_071,5,609,sampled_tokens,/data/L202500147/Caption/DualISL_Train_RewardV3/runs/midasheng_7b_reward_v3_10rounds_20260905_run01/round_007/collections/round_007_audio_caption_rollout.output.jsonl
7,Captioner,random440_expressivespeech_231,6,754,sampled_tokens,/data/L202500147/Caption/DualISL_Train_RewardV3/runs/midasheng_7b_reward_v3_10rounds_20260905_run01/round_007/collections/round_007_audio_caption_rollout.output.jsonl
7,Captioner,random440_expressivespeech_282,7,476,sampled_tokens,/data/L202500147/Caption/DualISL_Train_RewardV3/runs/midasheng_7b_reward_v3_10rounds_20260905_run01/round_007/collections/round_007_audio_caption_rollout.output.jsonl
7,TTS,random440_expressivespeech_164,0,322,codec_frames,/data/L202500147/Caption/DualISL_Train_RewardV3/runs/midasheng_7b_reward_v3_10rounds_20260905_run01/round_007/collections/round_007_caption_tts_rollout.output.jsonl
7,TTS,random440_expressivespeech_186,1,75,codec_frames,/data/L202500147/Caption/DualISL_Train_RewardV3/runs/midasheng_7b_reward_v3_10rounds_20260905_run01/round_007/collections/round_007_caption_tts_rollout.output.jsonl
7,TTS,random440_deear_053,2,43,codec_frames,/data/L202500147/Caption/DualISL_Train_RewardV3/runs/midasheng_7b_reward_v3_10rounds_20260905_run01/round_007/collections/round_007_caption_tts_rollout.output.jsonl
7,TTS,random440_expressivespeech_336,3,141,codec_frames,/data/L202500147/Caption/DualISL_Train_RewardV3/runs/midasheng_7b_reward_v3_10rounds_20260905_run01/round_007/collections/round_007_caption_tts_rollout.output.jsonl
7,TTS,random440_expressivespeech_044,4,123,codec_frames,/data/L202500147/Caption/DualISL_Train_RewardV3/runs/midasheng_7b_reward_v3_10rounds_20260905_run01/round_007/collections/round_007_caption_tts_rollout.output.jsonl
7,TTS,random440_expressivespeech_100,5,281,codec_frames,/data/L202500147/Caption/DualISL_Train_RewardV3/runs/midasheng_7b_reward_v3_10rounds_20260905_run01/round_007/collections/round_007_caption_tts_rollout.output.jsonl
7,TTS,random440_expressivespeech_140,6,87,codec_frames,/data/L202500147/Caption/DualISL_Train_RewardV3/runs/midasheng_7b_reward_v3_10rounds_20260905_run01/round_007/collections/round_007_caption_tts_rollout.output.jsonl
7,TTS,random440_expressivespeech_206,7,564,codec_frames,/data/L202500147/Caption/DualISL_Train_RewardV3/runs/midasheng_7b_reward_v3_10rounds_20260905_run01/round_007/collections/round_007_caption_tts_rollout.output.jsonl
7,TTS,random440_expressivespeech_133,0,497,codec_frames,/data/L202500147/Caption/DualISL_Train_RewardV3/runs/midasheng_7b_reward_v3_10rounds_20260905_run01/round_007/collections/round_007_caption_tts_rollout.output.jsonl
7,TTS,random440_expressivespeech_277,1,229,codec_frames,/data/L202500147/Caption/DualISL_Train_RewardV3/runs/midasheng_7b_reward_v3_10rounds_20260905_run01/round_007/collections/round_007_caption_tts_rollout.output.jsonl
7,TTS,random440_expressivespeech_244,2,278,codec_frames,/data/L202500147/Caption/DualISL_Train_RewardV3/runs/midasheng_7b_reward_v3_10rounds_20260905_run01/round_007/collections/round_007_caption_tts_rollout.output.jsonl
7,TTS,random440_deear_022,3,188,codec_frames,/data/L202500147/Caption/DualISL_Train_RewardV3/runs/midasheng_7b_reward_v3_10rounds_20260905_run01/round_007/collections/round_007_caption_tts_rollout.output.jsonl
7,TTS,random440_expressivespeech_145,4,232,codec_frames,/data/L202500147/Caption/DualISL_Train_RewardV3/runs/midasheng_7b_reward_v3_10rounds_20260905_run01/round_007/collections/round_007_caption_tts_rollout.output.jsonl
7,TTS,random440_expressivespeech_047,5,143,codec_frames,/data/L202500147/Caption/DualISL_Train_RewardV3/runs/midasheng_7b_reward_v3_10rounds_20260905_run01/round_007/collections/round_007_caption_tts_rollout.output.jsonl
7,TTS,random440_expressivespeech_121,6,528,codec_frames,/data/L202500147/Caption/DualISL_Train_RewardV3/runs/midasheng_7b_reward_v3_10rounds_20260905_run01/round_007/collections/round_007_caption_tts_rollout.output.jsonl
7,TTS,random440_deear_026,7,253,codec_frames,/data/L202500147/Caption/DualISL_Train_RewardV3/runs/midasheng_7b_reward_v3_10rounds_20260905_run01/round_007/collections/round_007_caption_tts_rollout.output.jsonl
7,TTS,random440_deear_025,0,398,codec_frames,/data/L202500147/Caption/DualISL_Train_RewardV3/runs/midasheng_7b_reward_v3_10rounds_20260905_run01/round_007/collections/round_007_caption_tts_rollout.output.jsonl
7,TTS,random440_expressivespeech_072,1,190,codec_frames,/data/L202500147/Caption/DualISL_Train_RewardV3/runs/midasheng_7b_reward_v3_10rounds_20260905_run01/round_007/collections/round_007_caption_tts_rollout.output.jsonl
7,TTS,random440_expressivespeech_207,2,226,codec_frames,/data/L202500147/Caption/DualISL_Train_RewardV3/runs/midasheng_7b_reward_v3_10rounds_20260905_run01/round_007/collections/round_007_caption_tts_rollout.output.jsonl
7,TTS,random440_deear_019,3,281,codec_frames,/data/L202500147/Caption/DualISL_Train_RewardV3/runs/midasheng_7b_reward_v3_10rounds_20260905_run01/round_007/collections/round_007_caption_tts_rollout.output.jsonl
7,TTS,random440_deear_079,4,347,codec_frames,/data/L202500147/Caption/DualISL_Train_RewardV3/runs/midasheng_7b_reward_v3_10rounds_20260905_run01/round_007/collections/round_007_caption_tts_rollout.output.jsonl
7,TTS,random440_expressivespeech_209,5,327,codec_frames,/data/L202500147/Caption/DualISL_Train_RewardV3/runs/midasheng_7b_reward_v3_10rounds_20260905_run01/round_007/collections/round_007_caption_tts_rollout.output.jsonl
7,TTS,random440_expressivespeech_143,6,157,codec_frames,/data/L202500147/Caption/DualISL_Train_RewardV3/runs/midasheng_7b_reward_v3_10rounds_20260905_run01/round_007/collections/round_007_caption_tts_rollout.output.jsonl
7,TTS,random440_expressivespeech_149,7,92,codec_frames,/data/L202500147/Caption/DualISL_Train_RewardV3/runs/midasheng_7b_reward_v3_10rounds_20260905_run01/round_007/collections/round_007_caption_tts_rollout.output.jsonl
7,TTS,random440_expressivespeech_012,0,391,codec_frames,/data/L202500147/Caption/DualISL_Train_RewardV3/runs/midasheng_7b_reward_v3_10rounds_20260905_run01/round_007/collections/round_007_caption_tts_rollout.output.jsonl
7,TTS,random440_expressivespeech_239,1,167,codec_frames,/data/L202500147/Caption/DualISL_Train_RewardV3/runs/midasheng_7b_reward_v3_10rounds_20260905_run01/round_007/collections/round_007_caption_tts_rollout.output.jsonl
7,TTS,random440_deear_005,2,99,codec_frames,/data/L202500147/Caption/DualISL_Train_RewardV3/runs/midasheng_7b_reward_v3_10rounds_20260905_run01/round_007/collections/round_007_caption_tts_rollout.output.jsonl
7,TTS,random440_expressivespeech_316,3,38,codec_frames,/data/L202500147/Caption/DualISL_Train_RewardV3/runs/midasheng_7b_reward_v3_10rounds_20260905_run01/round_007/collections/round_007_caption_tts_rollout.output.jsonl
7,TTS,random440_expressivespeech_001,4,424,codec_frames,/data/L202500147/Caption/DualISL_Train_RewardV3/runs/midasheng_7b_reward_v3_10rounds_20260905_run01/round_007/collections/round_007_caption_tts_rollout.output.jsonl
7,TTS,random440_expressivespeech_081,5,291,codec_frames,/data/L202500147/Caption/DualISL_Train_RewardV3/runs/midasheng_7b_reward_v3_10rounds_20260905_run01/round_007/collections/round_007_caption_tts_rollout.output.jsonl
7,TTS,random440_expressivespeech_191,6,303,codec_frames,/data/L202500147/Caption/DualISL_Train_RewardV3/runs/midasheng_7b_reward_v3_10rounds_20260905_run01/round_007/collections/round_007_caption_tts_rollout.output.jsonl
7,TTS,random440_expressivespeech_242,7,245,codec_frames,/data/L202500147/Caption/DualISL_Train_RewardV3/runs/midasheng_7b_reward_v3_10rounds_20260905_run01/round_007/collections/round_007_caption_tts_rollout.output.jsonl
7,TTS,random440_expressivespeech_136,0,321,codec_frames,/data/L202500147/Caption/DualISL_Train_RewardV3/runs/midasheng_7b_reward_v3_10rounds_20260905_run01/round_007/collections/round_007_caption_tts_rollout.output.jsonl
7,TTS,random440_expressivespeech_243,1,310,codec_frames,/data/L202500147/Caption/DualISL_Train_RewardV3/runs/midasheng_7b_reward_v3_10rounds_20260905_run01/round_007/collections/round_007_caption_tts_rollout.output.jsonl
7,TTS,random440_deear_052,2,363,codec_frames,/data/L202500147/Caption/DualISL_Train_RewardV3/runs/midasheng_7b_reward_v3_10rounds_20260905_run01/round_007/collections/round_007_caption_tts_rollout.output.jsonl
7,TTS,random440_expressivespeech_184,3,789,codec_frames,/data/L202500147/Caption/DualISL_Train_RewardV3/runs/midasheng_7b_reward_v3_10rounds_20260905_run01/round_007/collections/round_007_caption_tts_rollout.output.jsonl
7,TTS,random440_expressivespeech_015,4,212,codec_frames,/data/L202500147/Caption/DualISL_Train_RewardV3/runs/midasheng_7b_reward_v3_10rounds_20260905_run01/round_007/collections/round_007_caption_tts_rollout.output.jsonl
7,TTS,random440_deear_050,5,1177,codec_frames,/data/L202500147/Caption/DualISL_Train_RewardV3/runs/midasheng_7b_reward_v3_10rounds_20260905_run01/round_007/collections/round_007_caption_tts_rollout.output.jsonl
7,TTS,random440_deear_066,6,222,codec_frames,/data/L202500147/Caption/DualISL_Train_RewardV3/runs/midasheng_7b_reward_v3_10rounds_20260905_run01/round_007/collections/round_007_caption_tts_rollout.output.jsonl
7,TTS,random440_expressivespeech_084,7,440,codec_frames,/data/L202500147/Caption/DualISL_Train_RewardV3/runs/midasheng_7b_reward_v3_10rounds_20260905_run01/round_007/collections/round_007_caption_tts_rollout.output.jsonl
7,TTS,random440_expressivespeech_281,0,187,codec_frames,/data/L202500147/Caption/DualISL_Train_RewardV3/runs/midasheng_7b_reward_v3_10rounds_20260905_run01/round_007/collections/round_007_caption_tts_rollout.output.jsonl
7,TTS,random440_expressivespeech_094,1,269,codec_frames,/data/L202500147/Caption/DualISL_Train_RewardV3/runs/midasheng_7b_reward_v3_10rounds_20260905_run01/round_007/collections/round_007_caption_tts_rollout.output.jsonl
7,TTS,random440_expressivespeech_152,2,639,codec_frames,/data/L202500147/Caption/DualISL_Train_RewardV3/runs/midasheng_7b_reward_v3_10rounds_20260905_run01/round_007/collections/round_007_caption_tts_rollout.output.jsonl
7,TTS,random440_deear_094,3,67,codec_frames,/data/L202500147/Caption/DualISL_Train_RewardV3/runs/midasheng_7b_reward_v3_10rounds_20260905_run01/round_007/collections/round_007_caption_tts_rollout.output.jsonl
7,TTS,random440_expressivespeech_091,4,412,codec_frames,/data/L202500147/Caption/DualISL_Train_RewardV3/runs/midasheng_7b_reward_v3_10rounds_20260905_run01/round_007/collections/round_007_caption_tts_rollout.output.jsonl
7,TTS,random440_expressivespeech_194,5,81,codec_frames,/data/L202500147/Caption/DualISL_Train_RewardV3/runs/midasheng_7b_reward_v3_10rounds_20260905_run01/round_007/collections/round_007_caption_tts_rollout.output.jsonl
7,TTS,random440_deear_034,6,253,codec_frames,/data/L202500147/Caption/DualISL_Train_RewardV3/runs/midasheng_7b_reward_v3_10rounds_20260905_run01/round_007/collections/round_007_caption_tts_rollout.output.jsonl
7,TTS,random440_expressivespeech_171,7,327,codec_frames,/data/L202500147/Caption/DualISL_Train_RewardV3/runs/midasheng_7b_reward_v3_10rounds_20260905_run01/round_007/collections/round_007_caption_tts_rollout.output.jsonl
7,TTS,random440_expressivespeech_052,0,422,codec_frames,/data/L202500147/Caption/DualISL_Train_RewardV3/runs/midasheng_7b_reward_v3_10rounds_20260905_run01/round_007/collections/round_007_caption_tts_rollout.output.jsonl
7,TTS,random440_deear_059,1,154,codec_frames,/data/L202500147/Caption/DualISL_Train_RewardV3/runs/midasheng_7b_reward_v3_10rounds_20260905_run01/round_007/collections/round_007_caption_tts_rollout.output.jsonl
7,TTS,random440_expressivespeech_203,2,175,codec_frames,/data/L202500147/Caption/DualISL_Train_RewardV3/runs/midasheng_7b_reward_v3_10rounds_20260905_run01/round_007/collections/round_007_caption_tts_rollout.output.jsonl
7,TTS,random440_expressivespeech_201,3,187,codec_frames,/data/L202500147/Caption/DualISL_Train_RewardV3/runs/midasheng_7b_reward_v3_10rounds_20260905_run01/round_007/collections/round_007_caption_tts_rollout.output.jsonl
7,TTS,random440_deear_085,4,545,codec_frames,/data/L202500147/Caption/DualISL_Train_RewardV3/runs/midasheng_7b_reward_v3_10rounds_20260905_run01/round_007/collections/round_007_caption_tts_rollout.output.jsonl
7,TTS,random440_expressivespeech_189,5,271,codec_frames,/data/L202500147/Caption/DualISL_Train_RewardV3/runs/midasheng_7b_reward_v3_10rounds_20260905_run01/round_007/collections/round_007_caption_tts_rollout.output.jsonl
7,TTS,random440_expressivespeech_161,6,351,codec_frames,/data/L202500147/Caption/DualISL_Train_RewardV3/runs/midasheng_7b_reward_v3_10rounds_20260905_run01/round_007/collections/round_007_caption_tts_rollout.output.jsonl
7,TTS,random440_expressivespeech_117,7,756,codec_frames,/data/L202500147/Caption/DualISL_Train_RewardV3/runs/midasheng_7b_reward_v3_10rounds_20260905_run01/round_007/collections/round_007_caption_tts_rollout.output.jsonl
7,TTS,random440_expressivespeech_182,0,514,codec_frames,/data/L202500147/Caption/DualISL_Train_RewardV3/runs/midasheng_7b_reward_v3_10rounds_20260905_run01/round_007/collections/round_007_caption_tts_rollout.output.jsonl
7,TTS,random440_deear_001,1,250,codec_frames,/data/L202500147/Caption/DualISL_Train_RewardV3/runs/midasheng_7b_reward_v3_10rounds_20260905_run01/round_007/collections/round_007_caption_tts_rollout.output.jsonl
7,TTS,random440_expressivespeech_268,2,627,codec_frames,/data/L202500147/Caption/DualISL_Train_RewardV3/runs/midasheng_7b_reward_v3_10rounds_20260905_run01/round_007/collections/round_007_caption_tts_rollout.output.jsonl
7,TTS,random440_deear_099,3,117,codec_frames,/data/L202500147/Caption/DualISL_Train_RewardV3/runs/midasheng_7b_reward_v3_10rounds_20260905_run01/round_007/collections/round_007_caption_tts_rollout.output.jsonl
7,TTS,random440_expressivespeech_159,4,58,codec_frames,/data/L202500147/Caption/DualISL_Train_RewardV3/runs/midasheng_7b_reward_v3_10rounds_20260905_run01/round_007/collections/round_007_caption_tts_rollout.output.jsonl
7,TTS,random440_expressivespeech_276,5,816,codec_frames,/data/L202500147/Caption/DualISL_Train_RewardV3/runs/midasheng_7b_reward_v3_10rounds_20260905_run01/round_007/collections/round_007_caption_tts_rollout.output.jsonl
7,TTS,random440_expressivespeech_339,6,95,codec_frames,/data/L202500147/Caption/DualISL_Train_RewardV3/runs/midasheng_7b_reward_v3_10rounds_20260905_run01/round_007/collections/round_007_caption_tts_rollout.output.jsonl
7,TTS,random440_expressivespeech_299,7,598,codec_frames,/data/L202500147/Caption/DualISL_Train_RewardV3/runs/midasheng_7b_reward_v3_10rounds_20260905_run01/round_007/collections/round_007_caption_tts_rollout.output.jsonl
7,TTS,random440_expressivespeech_253,0,92,codec_frames,/data/L202500147/Caption/DualISL_Train_RewardV3/runs/midasheng_7b_reward_v3_10rounds_20260905_run01/round_007/collections/round_007_caption_tts_rollout.output.jsonl
7,TTS,random440_deear_076,1,380,codec_frames,/data/L202500147/Caption/DualISL_Train_RewardV3/runs/midasheng_7b_reward_v3_10rounds_20260905_run01/round_007/collections/round_007_caption_tts_rollout.output.jsonl
7,TTS,random440_deear_007,2,182,codec_frames,/data/L202500147/Caption/DualISL_Train_RewardV3/runs/midasheng_7b_reward_v3_10rounds_20260905_run01/round_007/collections/round_007_caption_tts_rollout.output.jsonl
7,TTS,random440_expressivespeech_051,3,498,codec_frames,/data/L202500147/Caption/DualISL_Train_RewardV3/runs/midasheng_7b_reward_v3_10rounds_20260905_run01/round_007/collections/round_007_caption_tts_rollout.output.jsonl
7,TTS,random440_expressivespeech_177,4,207,codec_frames,/data/L202500147/Caption/DualISL_Train_RewardV3/runs/midasheng_7b_reward_v3_10rounds_20260905_run01/round_007/collections/round_007_caption_tts_rollout.output.jsonl
7,TTS,random440_expressivespeech_132,5,530,codec_frames,/data/L202500147/Caption/DualISL_Train_RewardV3/runs/midasheng_7b_reward_v3_10rounds_20260905_run01/round_007/collections/round_007_caption_tts_rollout.output.jsonl
7,TTS,random440_expressivespeech_134,6,229,codec_frames,/data/L202500147/Caption/DualISL_Train_RewardV3/runs/midasheng_7b_reward_v3_10rounds_20260905_run01/round_007/collections/round_007_caption_tts_rollout.output.jsonl
7,TTS,random440_deear_041,7,368,codec_frames,/data/L202500147/Caption/DualISL_Train_RewardV3/runs/midasheng_7b_reward_v3_10rounds_20260905_run01/round_007/collections/round_007_caption_tts_rollout.output.jsonl
7,TTS,random440_expressivespeech_300,0,254,codec_frames,/data/L202500147/Caption/DualISL_Train_RewardV3/runs/midasheng_7b_reward_v3_10rounds_20260905_run01/round_007/collections/round_007_caption_tts_rollout.output.jsonl
7,TTS,random440_expressivespeech_302,1,106,codec_frames,/data/L202500147/Caption/DualISL_Train_RewardV3/runs/midasheng_7b_reward_v3_10rounds_20260905_run01/round_007/collections/round_007_caption_tts_rollout.output.jsonl
7,TTS,random440_deear_097,2,101,codec_frames,/data/L202500147/Caption/DualISL_Train_RewardV3/runs/midasheng_7b_reward_v3_10rounds_20260905_run01/round_007/collections/round_007_caption_tts_rollout.output.jsonl
7,TTS,random440_deear_073,3,96,codec_frames,/data/L202500147/Caption/DualISL_Train_RewardV3/runs/midasheng_7b_reward_v3_10rounds_20260905_run01/round_007/collections/round_007_caption_tts_rollout.output.jsonl
7,TTS,random440_deear_029,4,99,codec_frames,/data/L202500147/Caption/DualISL_Train_RewardV3/runs/midasheng_7b_reward_v3_10rounds_20260905_run01/round_007/collections/round_007_caption_tts_rollout.output.jsonl
7,TTS,random440_deear_060,5,112,codec_frames,/data/L202500147/Caption/DualISL_Train_RewardV3/runs/midasheng_7b_reward_v3_10rounds_20260905_run01/round_007/collections/round_007_caption_tts_rollout.output.jsonl
7,TTS,random440_expressivespeech_190,6,55,codec_frames,/data/L202500147/Caption/DualISL_Train_RewardV3/runs/midasheng_7b_reward_v3_10rounds_20260905_run01/round_007/collections/round_007_caption_tts_rollout.output.jsonl
7,TTS,random440_expressivespeech_198,7,256,codec_frames,/data/L202500147/Caption/DualISL_Train_RewardV3/runs/midasheng_7b_reward_v3_10rounds_20260905_run01/round_007/collections/round_007_caption_tts_rollout.output.jsonl
7,TTS,random440_deear_088,0,591,codec_frames,/data/L202500147/Caption/DualISL_Train_RewardV3/runs/midasheng_7b_reward_v3_10rounds_20260905_run01/round_007/collections/round_007_caption_tts_rollout.output.jsonl
7,TTS,random440_expressivespeech_331,1,465,codec_frames,/data/L202500147/Caption/DualISL_Train_RewardV3/runs/midasheng_7b_reward_v3_10rounds_20260905_run01/round_007/collections/round_007_caption_tts_rollout.output.jsonl
7,TTS,random440_expressivespeech_273,2,154,codec_frames,/data/L202500147/Caption/DualISL_Train_RewardV3/runs/midasheng_7b_reward_v3_10rounds_20260905_run01/round_007/collections/round_007_caption_tts_rollout.output.jsonl
7,TTS,random440_expressivespeech_141,3,1058,codec_frames,/data/L202500147/Caption/DualISL_Train_RewardV3/runs/midasheng_7b_reward_v3_10rounds_20260905_run01/round_007/collections/round_007_caption_tts_rollout.output.jsonl
7,TTS,random440_expressivespeech_156,4,102,codec_frames,/data/L202500147/Caption/DualISL_Train_RewardV3/runs/midasheng_7b_reward_v3_10rounds_20260905_run01/round_007/collections/round_007_caption_tts_rollout.output.jsonl
7,TTS,random440_expressivespeech_058,5,129,codec_frames,/data/L202500147/Caption/DualISL_Train_RewardV3/runs/midasheng_7b_reward_v3_10rounds_20260905_run01/round_007/collections/round_007_caption_tts_rollout.output.jsonl
7,TTS,random440_expressivespeech_214,6,197,codec_frames,/data/L202500147/Caption/DualISL_Train_RewardV3/runs/midasheng_7b_reward_v3_10rounds_20260905_run01/round_007/collections/round_007_caption_tts_rollout.output.jsonl
7,TTS,random440_expressivespeech_049,7,310,codec_frames,/data/L202500147/Caption/DualISL_Train_RewardV3/runs/midasheng_7b_reward_v3_10rounds_20260905_run01/round_007/collections/round_007_caption_tts_rollout.output.jsonl
7,TTS,random440_expressivespeech_332,0,108,codec_frames,/data/L202500147/Caption/DualISL_Train_RewardV3/runs/midasheng_7b_reward_v3_10rounds_20260905_run01/round_007/collections/round_007_caption_tts_rollout.output.jsonl
7,TTS,random440_expressivespeech_284,1,200,codec_frames,/data/L202500147/Caption/DualISL_Train_RewardV3/runs/midasheng_7b_reward_v3_10rounds_20260905_run01/round_007/collections/round_007_caption_tts_rollout.output.jsonl
7,TTS,random440_deear_091,2,449,codec_frames,/data/L202500147/Caption/DualISL_Train_RewardV3/runs/midasheng_7b_reward_v3_10rounds_20260905_run01/round_007/collections/round_007_caption_tts_rollout.output.jsonl
7,TTS,random440_expressivespeech_172,3,770,codec_frames,/data/L202500147/Caption/DualISL_Train_RewardV3/runs/midasheng_7b_reward_v3_10rounds_20260905_run01/round_007/collections/round_007_caption_tts_rollout.output.jsonl
7,TTS,random440_expressivespeech_139,4,545,codec_frames,/data/L202500147/Caption/DualISL_Train_RewardV3/runs/midasheng_7b_reward_v3_10rounds_20260905_run01/round_007/collections/round_007_caption_tts_rollout.output.jsonl
7,TTS,random440_expressivespeech_193,5,586,codec_frames,/data/L202500147/Caption/DualISL_Train_RewardV3/runs/midasheng_7b_reward_v3_10rounds_20260905_run01/round_007/collections/round_007_caption_tts_rollout.output.jsonl
7,TTS,random440_expressivespeech_232,6,84,codec_frames,/data/L202500147/Caption/DualISL_Train_RewardV3/runs/midasheng_7b_reward_v3_10rounds_20260905_run01/round_007/collections/round_007_caption_tts_rollout.output.jsonl
7,TTS,random440_expressivespeech_236,7,1390,codec_frames,/data/L202500147/Caption/DualISL_Train_RewardV3/runs/midasheng_7b_reward_v3_10rounds_20260905_run01/round_007/collections/round_007_caption_tts_rollout.output.jsonl
7,TTS,random440_expressivespeech_229,0,1266,codec_frames,/data/L202500147/Caption/DualISL_Train_RewardV3/runs/midasheng_7b_reward_v3_10rounds_20260905_run01/round_007/collections/round_007_caption_tts_rollout.output.jsonl
7,TTS,random440_expressivespeech_030,1,163,codec_frames,/data/L202500147/Caption/DualISL_Train_RewardV3/runs/midasheng_7b_reward_v3_10rounds_20260905_run01/round_007/collections/round_007_caption_tts_rollout.output.jsonl
7,TTS,random440_deear_043,2,302,codec_frames,/data/L202500147/Caption/DualISL_Train_RewardV3/runs/midasheng_7b_reward_v3_10rounds_20260905_run01/round_007/collections/round_007_caption_tts_rollout.output.jsonl
7,TTS,random440_expressivespeech_061,3,70,codec_frames,/data/L202500147/Caption/DualISL_Train_RewardV3/runs/midasheng_7b_reward_v3_10rounds_20260905_run01/round_007/collections/round_007_caption_tts_rollout.output.jsonl
7,TTS,random440_expressivespeech_142,4,93,codec_frames,/data/L202500147/Caption/DualISL_Train_RewardV3/runs/midasheng_7b_reward_v3_10rounds_20260905_run01/round_007/collections/round_007_caption_tts_rollout.output.jsonl
7,TTS,random440_expressivespeech_092,5,180,codec_frames,/data/L202500147/Caption/DualISL_Train_RewardV3/runs/midasheng_7b_reward_v3_10rounds_20260905_run01/round_007/collections/round_007_caption_tts_rollout.output.jsonl
7,TTS,random440_expressivespeech_322,6,62,codec_frames,/data/L202500147/Caption/DualISL_Train_RewardV3/runs/midasheng_7b_reward_v3_10rounds_20260905_run01/round_007/collections/round_007_caption_tts_rollout.output.jsonl
7,TTS,random440_expressivespeech_040,7,82,codec_frames,/data/L202500147/Caption/DualISL_Train_RewardV3/runs/midasheng_7b_reward_v3_10rounds_20260905_run01/round_007/collections/round_007_caption_tts_rollout.output.jsonl
7,TTS,random440_deear_036,0,76,codec_frames,/data/L202500147/Caption/DualISL_Train_RewardV3/runs/midasheng_7b_reward_v3_10rounds_20260905_run01/round_007/collections/round_007_caption_tts_rollout.output.jsonl
7,TTS,random440_expressivespeech_097,1,116,codec_frames,/data/L202500147/Caption/DualISL_Train_RewardV3/runs/midasheng_7b_reward_v3_10rounds_20260905_run01/round_007/collections/round_007_caption_tts_rollout.output.jsonl
7,TTS,random440_expressivespeech_308,2,271,codec_frames,/data/L202500147/Caption/DualISL_Train_RewardV3/runs/midasheng_7b_reward_v3_10rounds_20260905_run01/round_007/collections/round_007_caption_tts_rollout.output.jsonl
7,TTS,random440_expressivespeech_224,3,360,codec_frames,/data/L202500147/Caption/DualISL_Train_RewardV3/runs/midasheng_7b_reward_v3_10rounds_20260905_run01/round_007/collections/round_007_caption_tts_rollout.output.jsonl
7,TTS,random440_expressivespeech_062,4,186,codec_frames,/data/L202500147/Caption/DualISL_Train_RewardV3/runs/midasheng_7b_reward_v3_10rounds_20260905_run01/round_007/collections/round_007_caption_tts_rollout.output.jsonl
7,TTS,random440_expressivespeech_275,5,88,codec_frames,/data/L202500147/Caption/DualISL_Train_RewardV3/runs/midasheng_7b_reward_v3_10rounds_20260905_run01/round_007/collections/round_007_caption_tts_rollout.output.jsonl
7,TTS,random440_expressivespeech_174,6,648,codec_frames,/data/L202500147/Caption/DualISL_Train_RewardV3/runs/midasheng_7b_reward_v3_10rounds_20260905_run01/round_007/collections/round_007_caption_tts_rollout.output.jsonl
7,TTS,random440_expressivespeech_258,7,258,codec_frames,/data/L202500147/Caption/DualISL_Train_RewardV3/runs/midasheng_7b_reward_v3_10rounds_20260905_run01/round_007/collections/round_007_caption_tts_rollout.output.jsonl
7,TTS,random440_expressivespeech_335,0,250,codec_frames,/data/L202500147/Caption/DualISL_Train_RewardV3/runs/midasheng_7b_reward_v3_10rounds_20260905_run01/round_007/collections/round_007_caption_tts_rollout.output.jsonl
7,TTS,random440_expressivespeech_212,1,515,codec_frames,/data/L202500147/Caption/DualISL_Train_RewardV3/runs/midasheng_7b_reward_v3_10rounds_20260905_run01/round_007/collections/round_007_caption_tts_rollout.output.jsonl
7,TTS,random440_expressivespeech_006,2,349,codec_frames,/data/L202500147/Caption/DualISL_Train_RewardV3/runs/midasheng_7b_reward_v3_10rounds_20260905_run01/round_007/collections/round_007_caption_tts_rollout.output.jsonl
7,TTS,random440_expressivespeech_250,3,1353,codec_frames,/data/L202500147/Caption/DualISL_Train_RewardV3/runs/midasheng_7b_reward_v3_10rounds_20260905_run01/round_007/collections/round_007_caption_tts_rollout.output.jsonl
7,TTS,random440_deear_046,4,64,codec_frames,/data/L202500147/Caption/DualISL_Train_RewardV3/runs/midasheng_7b_reward_v3_10rounds_20260905_run01/round_007/collections/round_007_caption_tts_rollout.output.jsonl
7,TTS,random440_expressivespeech_060,5,196,codec_frames,/data/L202500147/Caption/DualISL_Train_RewardV3/runs/midasheng_7b_reward_v3_10rounds_20260905_run01/round_007/collections/round_007_caption_tts_rollout.output.jsonl
7,TTS,random440_expressivespeech_029,6,350,codec_frames,/data/L202500147/Caption/DualISL_Train_RewardV3/runs/midasheng_7b_reward_v3_10rounds_20260905_run01/round_007/collections/round_007_caption_tts_rollout.output.jsonl
7,TTS,random440_expressivespeech_114,7,183,codec_frames,/data/L202500147/Caption/DualISL_Train_RewardV3/runs/midasheng_7b_reward_v3_10rounds_20260905_run01/round_007/collections/round_007_caption_tts_rollout.output.jsonl
7,TTS,random440_expressivespeech_125,0,561,codec_frames,/data/L202500147/Caption/DualISL_Train_RewardV3/runs/midasheng_7b_reward_v3_10rounds_20260905_run01/round_007/collections/round_007_caption_tts_rollout.output.jsonl
7,TTS,random440_expressivespeech_002,1,218,codec_frames,/data/L202500147/Caption/DualISL_Train_RewardV3/runs/midasheng_7b_reward_v3_10rounds_20260905_run01/round_007/collections/round_007_caption_tts_rollout.output.jsonl
7,TTS,random440_expressivespeech_119,2,67,codec_frames,/data/L202500147/Caption/DualISL_Train_RewardV3/runs/midasheng_7b_reward_v3_10rounds_20260905_run01/round_007/collections/round_007_caption_tts_rollout.output.jsonl
7,TTS,random440_expressivespeech_170,3,57,codec_frames,/data/L202500147/Caption/DualISL_Train_RewardV3/runs/midasheng_7b_reward_v3_10rounds_20260905_run01/round_007/collections/round_007_caption_tts_rollout.output.jsonl
7,TTS,random440_expressivespeech_297,4,150,codec_frames,/data/L202500147/Caption/DualISL_Train_RewardV3/runs/midasheng_7b_reward_v3_10rounds_20260905_run01/round_007/collections/round_007_caption_tts_rollout.output.jsonl
7,TTS,random440_expressivespeech_289,5,706,codec_frames,/data/L202500147/Caption/DualISL_Train_RewardV3/runs/midasheng_7b_reward_v3_10rounds_20260905_run01/round_007/collections/round_007_caption_tts_rollout.output.jsonl
7,TTS,random440_deear_067,6,31,codec_frames,/data/L202500147/Caption/DualISL_Train_RewardV3/runs/midasheng_7b_reward_v3_10rounds_20260905_run01/round_007/collections/round_007_caption_tts_rollout.output.jsonl
7,TTS,random440_expressivespeech_318,7,770,codec_frames,/data/L202500147/Caption/DualISL_Train_RewardV3/runs/midasheng_7b_reward_v3_10rounds_20260905_run01/round_007/collections/round_007_caption_tts_rollout.output.jsonl
7,TTS,random440_expressivespeech_278,0,96,codec_frames,/data/L202500147/Caption/DualISL_Train_RewardV3/runs/midasheng_7b_reward_v3_10rounds_20260905_run01/round_007/collections/round_007_caption_tts_rollout.output.jsonl
7,TTS,random440_expressivespeech_075,1,723,codec_frames,/data/L202500147/Caption/DualISL_Train_RewardV3/runs/midasheng_7b_reward_v3_10rounds_20260905_run01/round_007/collections/round_007_caption_tts_rollout.output.jsonl
7,TTS,random440_expressivespeech_039,2,529,codec_frames,/data/L202500147/Caption/DualISL_Train_RewardV3/runs/midasheng_7b_reward_v3_10rounds_20260905_run01/round_007/collections/round_007_caption_tts_rollout.output.jsonl
7,TTS,random440_deear_028,3,121,codec_frames,/data/L202500147/Caption/DualISL_Train_RewardV3/runs/midasheng_7b_reward_v3_10rounds_20260905_run01/round_007/collections/round_007_caption_tts_rollout.output.jsonl
7,TTS,random440_deear_045,4,117,codec_frames,/data/L202500147/Caption/DualISL_Train_RewardV3/runs/midasheng_7b_reward_v3_10rounds_20260905_run01/round_007/collections/round_007_caption_tts_rollout.output.jsonl
7,TTS,random440_expressivespeech_018,5,1893,codec_frames,/data/L202500147/Caption/DualISL_Train_RewardV3/runs/midasheng_7b_reward_v3_10rounds_20260905_run01/round_007/collections/round_007_caption_tts_rollout.output.jsonl
7,TTS,random440_expressivespeech_234,6,180,codec_frames,/data/L202500147/Caption/DualISL_Train_RewardV3/runs/midasheng_7b_reward_v3_10rounds_20260905_run01/round_007/collections/round_007_caption_tts_rollout.output.jsonl
7,TTS,random440_expressivespeech_118,7,683,codec_frames,/data/L202500147/Caption/DualISL_Train_RewardV3/runs/midasheng_7b_reward_v3_10rounds_20260905_run01/round_007/collections/round_007_caption_tts_rollout.output.jsonl
7,TTS,random440_expressivespeech_257,0,378,codec_frames,/data/L202500147/Caption/DualISL_Train_RewardV3/runs/midasheng_7b_reward_v3_10rounds_20260905_run01/round_007/collections/round_007_caption_tts_rollout.output.jsonl
7,TTS,random440_expressivespeech_262,1,221,codec_frames,/data/L202500147/Caption/DualISL_Train_RewardV3/runs/midasheng_7b_reward_v3_10rounds_20260905_run01/round_007/collections/round_007_caption_tts_rollout.output.jsonl
7,TTS,random440_expressivespeech_077,2,865,codec_frames,/data/L202500147/Caption/DualISL_Train_RewardV3/runs/midasheng_7b_reward_v3_10rounds_20260905_run01/round_007/collections/round_007_caption_tts_rollout.output.jsonl
7,TTS,random440_expressivespeech_221,3,247,codec_frames,/data/L202500147/Caption/DualISL_Train_RewardV3/runs/midasheng_7b_reward_v3_10rounds_20260905_run01/round_007/collections/round_007_caption_tts_rollout.output.jsonl
7,TTS,random440_deear_051,4,517,codec_frames,/data/L202500147/Caption/DualISL_Train_RewardV3/runs/midasheng_7b_reward_v3_10rounds_20260905_run01/round_007/collections/round_007_caption_tts_rollout.output.jsonl
7,TTS,random440_expressivespeech_130,5,821,codec_frames,/data/L202500147/Caption/DualISL_Train_RewardV3/runs/midasheng_7b_reward_v3_10rounds_20260905_run01/round_007/collections/round_007_caption_tts_rollout.output.jsonl
7,TTS,random440_deear_081,6,121,codec_frames,/data/L202500147/Caption/DualISL_Train_RewardV3/runs/midasheng_7b_reward_v3_10rounds_20260905_run01/round_007/collections/round_007_caption_tts_rollout.output.jsonl
7,TTS,random440_expressivespeech_213,7,66,codec_frames,/data/L202500147/Caption/DualISL_Train_RewardV3/runs/midasheng_7b_reward_v3_10rounds_20260905_run01/round_007/collections/round_007_caption_tts_rollout.output.jsonl
7,TTS,random440_expressivespeech_173,0,64,codec_frames,/data/L202500147/Caption/DualISL_Train_RewardV3/runs/midasheng_7b_reward_v3_10rounds_20260905_run01/round_007/collections/round_007_caption_tts_rollout.output.jsonl
7,TTS,random440_deear_027,1,243,codec_frames,/data/L202500147/Caption/DualISL_Train_RewardV3/runs/midasheng_7b_reward_v3_10rounds_20260905_run01/round_007/collections/round_007_caption_tts_rollout.output.jsonl
7,TTS,random440_expressivespeech_059,2,184,codec_frames,/data/L202500147/Caption/DualISL_Train_RewardV3/runs/midasheng_7b_reward_v3_10rounds_20260905_run01/round_007/collections/round_007_caption_tts_rollout.output.jsonl
7,TTS,random440_expressivespeech_248,3,282,codec_frames,/data/L202500147/Caption/DualISL_Train_RewardV3/runs/midasheng_7b_reward_v3_10rounds_20260905_run01/round_007/collections/round_007_caption_tts_rollout.output.jsonl
7,TTS,random440_expressivespeech_108,4,1203,codec_frames,/data/L202500147/Caption/DualISL_Train_RewardV3/runs/midasheng_7b_reward_v3_10rounds_20260905_run01/round_007/collections/round_007_caption_tts_rollout.output.jsonl
7,TTS,random440_expressivespeech_116,5,742,codec_frames,/data/L202500147/Caption/DualISL_Train_RewardV3/runs/midasheng_7b_reward_v3_10rounds_20260905_run01/round_007/collections/round_007_caption_tts_rollout.output.jsonl
7,TTS,random440_deear_065,6,385,codec_frames,/data/L202500147/Caption/DualISL_Train_RewardV3/runs/midasheng_7b_reward_v3_10rounds_20260905_run01/round_007/collections/round_007_caption_tts_rollout.output.jsonl
7,TTS,random440_expressivespeech_131,7,96,codec_frames,/data/L202500147/Caption/DualISL_Train_RewardV3/runs/midasheng_7b_reward_v3_10rounds_20260905_run01/round_007/collections/round_007_caption_tts_rollout.output.jsonl
7,TTS,random440_expressivespeech_320,0,158,codec_frames,/data/L202500147/Caption/DualISL_Train_RewardV3/runs/midasheng_7b_reward_v3_10rounds_20260905_run01/round_007/collections/round_007_caption_tts_rollout.output.jsonl
7,TTS,random440_expressivespeech_330,1,912,codec_frames,/data/L202500147/Caption/DualISL_Train_RewardV3/runs/midasheng_7b_reward_v3_10rounds_20260905_run01/round_007/collections/round_007_caption_tts_rollout.output.jsonl
7,TTS,random440_expressivespeech_104,2,187,codec_frames,/data/L202500147/Caption/DualISL_Train_RewardV3/runs/midasheng_7b_reward_v3_10rounds_20260905_run01/round_007/collections/round_007_caption_tts_rollout.output.jsonl
7,TTS,random440_expressivespeech_032,3,304,codec_frames,/data/L202500147/Caption/DualISL_Train_RewardV3/runs/midasheng_7b_reward_v3_10rounds_20260905_run01/round_007/collections/round_007_caption_tts_rollout.output.jsonl
7,TTS,random440_deear_098,4,529,codec_frames,/data/L202500147/Caption/DualISL_Train_RewardV3/runs/midasheng_7b_reward_v3_10rounds_20260905_run01/round_007/collections/round_007_caption_tts_rollout.output.jsonl
7,TTS,random440_expressivespeech_305,5,245,codec_frames,/data/L202500147/Caption/DualISL_Train_RewardV3/runs/midasheng_7b_reward_v3_10rounds_20260905_run01/round_007/collections/round_007_caption_tts_rollout.output.jsonl
7,TTS,random440_expressivespeech_106,6,130,codec_frames,/data/L202500147/Caption/DualISL_Train_RewardV3/runs/midasheng_7b_reward_v3_10rounds_20260905_run01/round_007/collections/round_007_caption_tts_rollout.output.jsonl
7,TTS,random440_expressivespeech_324,7,339,codec_frames,/data/L202500147/Caption/DualISL_Train_RewardV3/runs/midasheng_7b_reward_v3_10rounds_20260905_run01/round_007/collections/round_007_caption_tts_rollout.output.jsonl
7,TTS,random440_deear_100,0,285,codec_frames,/data/L202500147/Caption/DualISL_Train_RewardV3/runs/midasheng_7b_reward_v3_10rounds_20260905_run01/round_007/collections/round_007_caption_tts_rollout.output.jsonl
7,TTS,random440_deear_004,1,1320,codec_frames,/data/L202500147/Caption/DualISL_Train_RewardV3/runs/midasheng_7b_reward_v3_10rounds_20260905_run01/round_007/collections/round_007_caption_tts_rollout.output.jsonl
7,TTS,random440_expressivespeech_066,2,264,codec_frames,/data/L202500147/Caption/DualISL_Train_RewardV3/runs/midasheng_7b_reward_v3_10rounds_20260905_run01/round_007/collections/round_007_caption_tts_rollout.output.jsonl
7,TTS,random440_expressivespeech_240,3,410,codec_frames,/data/L202500147/Caption/DualISL_Train_RewardV3/runs/midasheng_7b_reward_v3_10rounds_20260905_run01/round_007/collections/round_007_caption_tts_rollout.output.jsonl
7,TTS,random440_expressivespeech_166,4,78,codec_frames,/data/L202500147/Caption/DualISL_Train_RewardV3/runs/midasheng_7b_reward_v3_10rounds_20260905_run01/round_007/collections/round_007_caption_tts_rollout.output.jsonl
7,TTS,random440_expressivespeech_034,5,92,codec_frames,/data/L202500147/Caption/DualISL_Train_RewardV3/runs/midasheng_7b_reward_v3_10rounds_20260905_run01/round_007/collections/round_007_caption_tts_rollout.output.jsonl
7,TTS,random440_expressivespeech_151,6,617,codec_frames,/data/L202500147/Caption/DualISL_Train_RewardV3/runs/midasheng_7b_reward_v3_10rounds_20260905_run01/round_007/collections/round_007_caption_tts_rollout.output.jsonl
7,TTS,random440_expressivespeech_328,7,214,codec_frames,/data/L202500147/Caption/DualISL_Train_RewardV3/runs/midasheng_7b_reward_v3_10rounds_20260905_run01/round_007/collections/round_007_caption_tts_rollout.output.jsonl
7,TTS,random440_expressivespeech_306,0,79,codec_frames,/data/L202500147/Caption/DualISL_Train_RewardV3/runs/midasheng_7b_reward_v3_10rounds_20260905_run01/round_007/collections/round_007_caption_tts_rollout.output.jsonl
7,TTS,random440_expressivespeech_274,1,658,codec_frames,/data/L202500147/Caption/DualISL_Train_RewardV3/runs/midasheng_7b_reward_v3_10rounds_20260905_run01/round_007/collections/round_007_caption_tts_rollout.output.jsonl
7,TTS,random440_expressivespeech_023,2,178,codec_frames,/data/L202500147/Caption/DualISL_Train_RewardV3/runs/midasheng_7b_reward_v3_10rounds_20260905_run01/round_007/collections/round_007_caption_tts_rollout.output.jsonl
7,TTS,random440_expressivespeech_226,3,113,codec_frames,/data/L202500147/Caption/DualISL_Train_RewardV3/runs/midasheng_7b_reward_v3_10rounds_20260905_run01/round_007/collections/round_007_caption_tts_rollout.output.jsonl
7,TTS,random440_deear_018,4,318,codec_frames,/data/L202500147/Caption/DualISL_Train_RewardV3/runs/midasheng_7b_reward_v3_10rounds_20260905_run01/round_007/collections/round_007_caption_tts_rollout.output.jsonl
7,TTS,random440_expressivespeech_247,5,812,codec_frames,/data/L202500147/Caption/DualISL_Train_RewardV3/runs/midasheng_7b_reward_v3_10rounds_20260905_run01/round_007/collections/round_007_caption_tts_rollout.output.jsonl
7,TTS,random440_expressivespeech_196,6,258,codec_frames,/data/L202500147/Caption/DualISL_Train_RewardV3/runs/midasheng_7b_reward_v3_10rounds_20260905_run01/round_007/collections/round_007_caption_tts_rollout.output.jsonl
7,TTS,random440_expressivespeech_042,7,403,codec_frames,/data/L202500147/Caption/DualISL_Train_RewardV3/runs/midasheng_7b_reward_v3_10rounds_20260905_run01/round_007/collections/round_007_caption_tts_rollout.output.jsonl
7,TTS,random440_expressivespeech_033,0,105,codec_frames,/data/L202500147/Caption/DualISL_Train_RewardV3/runs/midasheng_7b_reward_v3_10rounds_20260905_run01/round_007/collections/round_007_caption_tts_rollout.output.jsonl
7,TTS,random440_deear_061,1,773,codec_frames,/data/L202500147/Caption/DualISL_Train_RewardV3/runs/midasheng_7b_reward_v3_10rounds_20260905_run01/round_007/collections/round_007_caption_tts_rollout.output.jsonl
7,TTS,random440_deear_020,2,464,codec_frames,/data/L202500147/Caption/DualISL_Train_RewardV3/runs/midasheng_7b_reward_v3_10rounds_20260905_run01/round_007/collections/round_007_caption_tts_rollout.output.jsonl
7,TTS,random440_deear_021,3,38,codec_frames,/data/L202500147/Caption/DualISL_Train_RewardV3/runs/midasheng_7b_reward_v3_10rounds_20260905_run01/round_007/collections/round_007_caption_tts_rollout.output.jsonl
7,TTS,random440_expressivespeech_153,4,217,codec_frames,/data/L202500147/Caption/DualISL_Train_RewardV3/runs/midasheng_7b_reward_v3_10rounds_20260905_run01/round_007/collections/round_007_caption_tts_rollout.output.jsonl
7,TTS,random440_expressivespeech_241,5,118,codec_frames,/data/L202500147/Caption/DualISL_Train_RewardV3/runs/midasheng_7b_reward_v3_10rounds_20260905_run01/round_007/collections/round_007_caption_tts_rollout.output.jsonl
7,TTS,random440_deear_058,6,125,codec_frames,/data/L202500147/Caption/DualISL_Train_RewardV3/runs/midasheng_7b_reward_v3_10rounds_20260905_run01/round_007/collections/round_007_caption_tts_rollout.output.jsonl
7,TTS,random440_expressivespeech_218,7,167,codec_frames,/data/L202500147/Caption/DualISL_Train_RewardV3/runs/midasheng_7b_reward_v3_10rounds_20260905_run01/round_007/collections/round_007_caption_tts_rollout.output.jsonl
7,TTS,random440_expressivespeech_337,0,174,codec_frames,/data/L202500147/Caption/DualISL_Train_RewardV3/runs/midasheng_7b_reward_v3_10rounds_20260905_run01/round_007/collections/round_007_caption_tts_rollout.output.jsonl
7,TTS,random440_expressivespeech_288,1,191,codec_frames,/data/L202500147/Caption/DualISL_Train_RewardV3/runs/midasheng_7b_reward_v3_10rounds_20260905_run01/round_007/collections/round_007_caption_tts_rollout.output.jsonl
7,TTS,random440_deear_068,2,73,codec_frames,/data/L202500147/Caption/DualISL_Train_RewardV3/runs/midasheng_7b_reward_v3_10rounds_20260905_run01/round_007/collections/round_007_caption_tts_rollout.output.jsonl
7,TTS,random440_expressivespeech_325,3,206,codec_frames,/data/L202500147/Caption/DualISL_Train_RewardV3/runs/midasheng_7b_reward_v3_10rounds_20260905_run01/round_007/collections/round_007_caption_tts_rollout.output.jsonl
7,TTS,random440_deear_089,4,279,codec_frames,/data/L202500147/Caption/DualISL_Train_RewardV3/runs/midasheng_7b_reward_v3_10rounds_20260905_run01/round_007/collections/round_007_caption_tts_rollout.output.jsonl
7,TTS,random440_expressivespeech_036,5,201,codec_frames,/data/L202500147/Caption/DualISL_Train_RewardV3/runs/midasheng_7b_reward_v3_10rounds_20260905_run01/round_007/collections/round_007_caption_tts_rollout.output.jsonl
7,TTS,random440_expressivespeech_048,6,40,codec_frames,/data/L202500147/Caption/DualISL_Train_RewardV3/runs/midasheng_7b_reward_v3_10rounds_20260905_run01/round_007/collections/round_007_caption_tts_rollout.output.jsonl
7,TTS,random440_expressivespeech_064,7,46,codec_frames,/data/L202500147/Caption/DualISL_Train_RewardV3/runs/midasheng_7b_reward_v3_10rounds_20260905_run01/round_007/collections/round_007_caption_tts_rollout.output.jsonl
7,TTS,random440_expressivespeech_327,0,566,codec_frames,/data/L202500147/Caption/DualISL_Train_RewardV3/runs/midasheng_7b_reward_v3_10rounds_20260905_run01/round_007/collections/round_007_caption_tts_rollout.output.jsonl
7,TTS,random440_deear_017,1,126,codec_frames,/data/L202500147/Caption/DualISL_Train_RewardV3/runs/midasheng_7b_reward_v3_10rounds_20260905_run01/round_007/collections/round_007_caption_tts_rollout.output.jsonl
7,TTS,random440_deear_075,2,165,codec_frames,/data/L202500147/Caption/DualISL_Train_RewardV3/runs/midasheng_7b_reward_v3_10rounds_20260905_run01/round_007/collections/round_007_caption_tts_rollout.output.jsonl
7,TTS,random440_expressivespeech_269,3,190,codec_frames,/data/L202500147/Caption/DualISL_Train_RewardV3/runs/midasheng_7b_reward_v3_10rounds_20260905_run01/round_007/collections/round_007_caption_tts_rollout.output.jsonl
8,Captioner,random440_expressivespeech_287,0,500,sampled_tokens,/data/L202500147/Caption/DualISL_Train_RewardV3/runs/midasheng_7b_reward_v3_10rounds_20260905_run01/round_008/collections/round_008_audio_caption_rollout.output.jsonl
8,Captioner,random440_expressivespeech_245,1,918,sampled_tokens,/data/L202500147/Caption/DualISL_Train_RewardV3/runs/midasheng_7b_reward_v3_10rounds_20260905_run01/round_008/collections/round_008_audio_caption_rollout.output.jsonl
8,Captioner,random440_expressivespeech_304,2,754,sampled_tokens,/data/L202500147/Caption/DualISL_Train_RewardV3/runs/midasheng_7b_reward_v3_10rounds_20260905_run01/round_008/collections/round_008_audio_caption_rollout.output.jsonl
8,Captioner,random440_expressivespeech_178,3,667,sampled_tokens,/data/L202500147/Caption/DualISL_Train_RewardV3/runs/midasheng_7b_reward_v3_10rounds_20260905_run01/round_008/collections/round_008_audio_caption_rollout.output.jsonl
8,Captioner,random440_deear_090,4,607,sampled_tokens,/data/L202500147/Caption/DualISL_Train_RewardV3/runs/midasheng_7b_reward_v3_10rounds_20260905_run01/round_008/collections/round_008_audio_caption_rollout.output.jsonl
8,Captioner,random440_expressivespeech_017,5,724,sampled_tokens,/data/L202500147/Caption/DualISL_Train_RewardV3/runs/midasheng_7b_reward_v3_10rounds_20260905_run01/round_008/collections/round_008_audio_caption_rollout.output.jsonl
8,Captioner,random440_expressivespeech_326,6,704,sampled_tokens,/data/L202500147/Caption/DualISL_Train_RewardV3/runs/midasheng_7b_reward_v3_10rounds_20260905_run01/round_008/collections/round_008_audio_caption_rollout.output.jsonl
8,Captioner,random440_expressivespeech_283,7,634,sampled_tokens,/data/L202500147/Caption/DualISL_Train_RewardV3/runs/midasheng_7b_reward_v3_10rounds_20260905_run01/round_008/collections/round_008_audio_caption_rollout.output.jsonl
8,Captioner,random440_expressivespeech_004,0,609,sampled_tokens,/data/L202500147/Caption/DualISL_Train_RewardV3/runs/midasheng_7b_reward_v3_10rounds_20260905_run01/round_008/collections/round_008_audio_caption_rollout.output.jsonl
8,Captioner,random440_expressivespeech_192,1,440,sampled_tokens,/data/L202500147/Caption/DualISL_Train_RewardV3/runs/midasheng_7b_reward_v3_10rounds_20260905_run01/round_008/collections/round_008_audio_caption_rollout.output.jsonl
8,Captioner,random440_deear_093,2,538,sampled_tokens,/data/L202500147/Caption/DualISL_Train_RewardV3/runs/midasheng_7b_reward_v3_10rounds_20260905_run01/round_008/collections/round_008_audio_caption_rollout.output.jsonl
8,Captioner,random440_expressivespeech_079,3,837,sampled_tokens,/data/L202500147/Caption/DualISL_Train_RewardV3/runs/midasheng_7b_reward_v3_10rounds_20260905_run01/round_008/collections/round_008_audio_caption_rollout.output.jsonl
8,Captioner,random440_expressivespeech_122,4,631,sampled_tokens,/data/L202500147/Caption/DualISL_Train_RewardV3/runs/midasheng_7b_reward_v3_10rounds_20260905_run01/round_008/collections/round_008_audio_caption_rollout.output.jsonl
8,Captioner,random440_expressivespeech_183,5,750,sampled_tokens,/data/L202500147/Caption/DualISL_Train_RewardV3/runs/midasheng_7b_reward_v3_10rounds_20260905_run01/round_008/collections/round_008_audio_caption_rollout.output.jsonl
8,Captioner,random440_deear_086,6,662,sampled_tokens,/data/L202500147/Caption/DualISL_Train_RewardV3/runs/midasheng_7b_reward_v3_10rounds_20260905_run01/round_008/collections/round_008_audio_caption_rollout.output.jsonl
8,Captioner,random440_deear_044,7,449,sampled_tokens,/data/L202500147/Caption/DualISL_Train_RewardV3/runs/midasheng_7b_reward_v3_10rounds_20260905_run01/round_008/collections/round_008_audio_caption_rollout.output.jsonl
8,Captioner,random440_expressivespeech_158,0,555,sampled_tokens,/data/L202500147/Caption/DualISL_Train_RewardV3/runs/midasheng_7b_reward_v3_10rounds_20260905_run01/round_008/collections/round_008_audio_caption_rollout.output.jsonl
8,Captioner,random440_expressivespeech_271,1,727,sampled_tokens,/data/L202500147/Caption/DualISL_Train_RewardV3/runs/midasheng_7b_reward_v3_10rounds_20260905_run01/round_008/collections/round_008_audio_caption_rollout.output.jsonl
8,Captioner,random440_expressivespeech_225,2,631,sampled_tokens,/data/L202500147/Caption/DualISL_Train_RewardV3/runs/midasheng_7b_reward_v3_10rounds_20260905_run01/round_008/collections/round_008_audio_caption_rollout.output.jsonl
8,Captioner,random440_expressivespeech_176,3,768,sampled_tokens,/data/L202500147/Caption/DualISL_Train_RewardV3/runs/midasheng_7b_reward_v3_10rounds_20260905_run01/round_008/collections/round_008_audio_caption_rollout.output.jsonl
8,Captioner,random440_deear_070,4,678,sampled_tokens,/data/L202500147/Caption/DualISL_Train_RewardV3/runs/midasheng_7b_reward_v3_10rounds_20260905_run01/round_008/collections/round_008_audio_caption_rollout.output.jsonl
8,Captioner,random440_expressivespeech_043,5,655,sampled_tokens,/data/L202500147/Caption/DualISL_Train_RewardV3/runs/midasheng_7b_reward_v3_10rounds_20260905_run01/round_008/collections/round_008_audio_caption_rollout.output.jsonl
8,Captioner,random440_expressivespeech_154,6,638,sampled_tokens,/data/L202500147/Caption/DualISL_Train_RewardV3/runs/midasheng_7b_reward_v3_10rounds_20260905_run01/round_008/collections/round_008_audio_caption_rollout.output.jsonl
8,Captioner,random440_expressivespeech_249,7,981,sampled_tokens,/data/L202500147/Caption/DualISL_Train_RewardV3/runs/midasheng_7b_reward_v3_10rounds_20260905_run01/round_008/collections/round_008_audio_caption_rollout.output.jsonl
8,Captioner,random440_deear_072,0,557,sampled_tokens,/data/L202500147/Caption/DualISL_Train_RewardV3/runs/midasheng_7b_reward_v3_10rounds_20260905_run01/round_008/collections/round_008_audio_caption_rollout.output.jsonl
8,Captioner,random440_expressivespeech_050,1,896,sampled_tokens,/data/L202500147/Caption/DualISL_Train_RewardV3/runs/midasheng_7b_reward_v3_10rounds_20260905_run01/round_008/collections/round_008_audio_caption_rollout.output.jsonl
8,Captioner,random440_expressivespeech_046,2,669,sampled_tokens,/data/L202500147/Caption/DualISL_Train_RewardV3/runs/midasheng_7b_reward_v3_10rounds_20260905_run01/round_008/collections/round_008_audio_caption_rollout.output.jsonl
8,Captioner,random440_expressivespeech_011,3,535,sampled_tokens,/data/L202500147/Caption/DualISL_Train_RewardV3/runs/midasheng_7b_reward_v3_10rounds_20260905_run01/round_008/collections/round_008_audio_caption_rollout.output.jsonl
8,Captioner,random440_expressivespeech_167,4,537,sampled_tokens,/data/L202500147/Caption/DualISL_Train_RewardV3/runs/midasheng_7b_reward_v3_10rounds_20260905_run01/round_008/collections/round_008_audio_caption_rollout.output.jsonl
8,Captioner,random440_expressivespeech_227,5,993,sampled_tokens,/data/L202500147/Caption/DualISL_Train_RewardV3/runs/midasheng_7b_reward_v3_10rounds_20260905_run01/round_008/collections/round_008_audio_caption_rollout.output.jsonl
8,Captioner,random440_expressivespeech_175,6,801,sampled_tokens,/data/L202500147/Caption/DualISL_Train_RewardV3/runs/midasheng_7b_reward_v3_10rounds_20260905_run01/round_008/collections/round_008_audio_caption_rollout.output.jsonl
8,Captioner,random440_expressivespeech_160,7,562,sampled_tokens,/data/L202500147/Caption/DualISL_Train_RewardV3/runs/midasheng_7b_reward_v3_10rounds_20260905_run01/round_008/collections/round_008_audio_caption_rollout.output.jsonl
8,Captioner,random440_expressivespeech_202,0,672,sampled_tokens,/data/L202500147/Caption/DualISL_Train_RewardV3/runs/midasheng_7b_reward_v3_10rounds_20260905_run01/round_008/collections/round_008_audio_caption_rollout.output.jsonl
8,Captioner,random440_expressivespeech_314,1,494,sampled_tokens,/data/L202500147/Caption/DualISL_Train_RewardV3/runs/midasheng_7b_reward_v3_10rounds_20260905_run01/round_008/collections/round_008_audio_caption_rollout.output.jsonl
8,Captioner,random440_expressivespeech_238,2,508,sampled_tokens,/data/L202500147/Caption/DualISL_Train_RewardV3/runs/midasheng_7b_reward_v3_10rounds_20260905_run01/round_008/collections/round_008_audio_caption_rollout.output.jsonl
8,Captioner,random440_expressivespeech_179,3,662,sampled_tokens,/data/L202500147/Caption/DualISL_Train_RewardV3/runs/midasheng_7b_reward_v3_10rounds_20260905_run01/round_008/collections/round_008_audio_caption_rollout.output.jsonl
8,Captioner,random440_deear_054,4,737,sampled_tokens,/data/L202500147/Caption/DualISL_Train_RewardV3/runs/midasheng_7b_reward_v3_10rounds_20260905_run01/round_008/collections/round_008_audio_caption_rollout.output.jsonl
8,Captioner,random440_deear_037,5,618,sampled_tokens,/data/L202500147/Caption/DualISL_Train_RewardV3/runs/midasheng_7b_reward_v3_10rounds_20260905_run01/round_008/collections/round_008_audio_caption_rollout.output.jsonl
8,Captioner,random440_expressivespeech_220,6,570,sampled_tokens,/data/L202500147/Caption/DualISL_Train_RewardV3/runs/midasheng_7b_reward_v3_10rounds_20260905_run01/round_008/collections/round_008_audio_caption_rollout.output.jsonl
8,Captioner,random440_expressivespeech_228,7,794,sampled_tokens,/data/L202500147/Caption/DualISL_Train_RewardV3/runs/midasheng_7b_reward_v3_10rounds_20260905_run01/round_008/collections/round_008_audio_caption_rollout.output.jsonl
8,Captioner,random440_expressivespeech_272,0,627,sampled_tokens,/data/L202500147/Caption/DualISL_Train_RewardV3/runs/midasheng_7b_reward_v3_10rounds_20260905_run01/round_008/collections/round_008_audio_caption_rollout.output.jsonl
8,Captioner,random440_expressivespeech_285,1,839,sampled_tokens,/data/L202500147/Caption/DualISL_Train_RewardV3/runs/midasheng_7b_reward_v3_10rounds_20260905_run01/round_008/collections/round_008_audio_caption_rollout.output.jsonl
8,Captioner,random440_expressivespeech_013,2,767,sampled_tokens,/data/L202500147/Caption/DualISL_Train_RewardV3/runs/midasheng_7b_reward_v3_10rounds_20260905_run01/round_008/collections/round_008_audio_caption_rollout.output.jsonl
8,Captioner,random440_expressivespeech_290,3,682,sampled_tokens,/data/L202500147/Caption/DualISL_Train_RewardV3/runs/midasheng_7b_reward_v3_10rounds_20260905_run01/round_008/collections/round_008_audio_caption_rollout.output.jsonl
8,Captioner,random440_expressivespeech_256,4,671,sampled_tokens,/data/L202500147/Caption/DualISL_Train_RewardV3/runs/midasheng_7b_reward_v3_10rounds_20260905_run01/round_008/collections/round_008_audio_caption_rollout.output.jsonl
8,Captioner,random440_expressivespeech_083,5,879,sampled_tokens,/data/L202500147/Caption/DualISL_Train_RewardV3/runs/midasheng_7b_reward_v3_10rounds_20260905_run01/round_008/collections/round_008_audio_caption_rollout.output.jsonl
8,Captioner,random440_expressivespeech_126,6,723,sampled_tokens,/data/L202500147/Caption/DualISL_Train_RewardV3/runs/midasheng_7b_reward_v3_10rounds_20260905_run01/round_008/collections/round_008_audio_caption_rollout.output.jsonl
8,Captioner,random440_expressivespeech_087,7,791,sampled_tokens,/data/L202500147/Caption/DualISL_Train_RewardV3/runs/midasheng_7b_reward_v3_10rounds_20260905_run01/round_008/collections/round_008_audio_caption_rollout.output.jsonl
8,Captioner,random440_expressivespeech_109,0,635,sampled_tokens,/data/L202500147/Caption/DualISL_Train_RewardV3/runs/midasheng_7b_reward_v3_10rounds_20260905_run01/round_008/collections/round_008_audio_caption_rollout.output.jsonl
8,Captioner,random440_expressivespeech_135,1,605,sampled_tokens,/data/L202500147/Caption/DualISL_Train_RewardV3/runs/midasheng_7b_reward_v3_10rounds_20260905_run01/round_008/collections/round_008_audio_caption_rollout.output.jsonl
8,Captioner,random440_deear_032,2,434,sampled_tokens,/data/L202500147/Caption/DualISL_Train_RewardV3/runs/midasheng_7b_reward_v3_10rounds_20260905_run01/round_008/collections/round_008_audio_caption_rollout.output.jsonl
8,Captioner,random440_expressivespeech_197,3,645,sampled_tokens,/data/L202500147/Caption/DualISL_Train_RewardV3/runs/midasheng_7b_reward_v3_10rounds_20260905_run01/round_008/collections/round_008_audio_caption_rollout.output.jsonl
8,Captioner,random440_expressivespeech_181,4,665,sampled_tokens,/data/L202500147/Caption/DualISL_Train_RewardV3/runs/midasheng_7b_reward_v3_10rounds_20260905_run01/round_008/collections/round_008_audio_caption_rollout.output.jsonl
8,Captioner,random440_deear_003,5,682,sampled_tokens,/data/L202500147/Caption/DualISL_Train_RewardV3/runs/midasheng_7b_reward_v3_10rounds_20260905_run01/round_008/collections/round_008_audio_caption_rollout.output.jsonl
8,Captioner,random440_deear_049,6,556,sampled_tokens,/data/L202500147/Caption/DualISL_Train_RewardV3/runs/midasheng_7b_reward_v3_10rounds_20260905_run01/round_008/collections/round_008_audio_caption_rollout.output.jsonl
8,Captioner,random440_expressivespeech_007,7,667,sampled_tokens,/data/L202500147/Caption/DualISL_Train_RewardV3/runs/midasheng_7b_reward_v3_10rounds_20260905_run01/round_008/collections/round_008_audio_caption_rollout.output.jsonl
8,Captioner,random440_expressivespeech_235,0,487,sampled_tokens,/data/L202500147/Caption/DualISL_Train_RewardV3/runs/midasheng_7b_reward_v3_10rounds_20260905_run01/round_008/collections/round_008_audio_caption_rollout.output.jsonl
8,Captioner,random440_expressivespeech_157,1,533,sampled_tokens,/data/L202500147/Caption/DualISL_Train_RewardV3/runs/midasheng_7b_reward_v3_10rounds_20260905_run01/round_008/collections/round_008_audio_caption_rollout.output.jsonl
8,Captioner,random440_expressivespeech_063,2,671,sampled_tokens,/data/L202500147/Caption/DualISL_Train_RewardV3/runs/midasheng_7b_reward_v3_10rounds_20260905_run01/round_008/collections/round_008_audio_caption_rollout.output.jsonl
8,Captioner,random440_expressivespeech_089,3,526,sampled_tokens,/data/L202500147/Caption/DualISL_Train_RewardV3/runs/midasheng_7b_reward_v3_10rounds_20260905_run01/round_008/collections/round_008_audio_caption_rollout.output.jsonl
8,Captioner,random440_expressivespeech_113,4,626,sampled_tokens,/data/L202500147/Caption/DualISL_Train_RewardV3/runs/midasheng_7b_reward_v3_10rounds_20260905_run01/round_008/collections/round_008_audio_caption_rollout.output.jsonl
8,Captioner,random440_expressivespeech_020,5,676,sampled_tokens,/data/L202500147/Caption/DualISL_Train_RewardV3/runs/midasheng_7b_reward_v3_10rounds_20260905_run01/round_008/collections/round_008_audio_caption_rollout.output.jsonl
8,Captioner,random440_expressivespeech_028,6,709,sampled_tokens,/data/L202500147/Caption/DualISL_Train_RewardV3/runs/midasheng_7b_reward_v3_10rounds_20260905_run01/round_008/collections/round_008_audio_caption_rollout.output.jsonl
8,Captioner,random440_deear_084,7,795,sampled_tokens,/data/L202500147/Caption/DualISL_Train_RewardV3/runs/midasheng_7b_reward_v3_10rounds_20260905_run01/round_008/collections/round_008_audio_caption_rollout.output.jsonl
8,Captioner,random440_expressivespeech_093,0,594,sampled_tokens,/data/L202500147/Caption/DualISL_Train_RewardV3/runs/midasheng_7b_reward_v3_10rounds_20260905_run01/round_008/collections/round_008_audio_caption_rollout.output.jsonl
8,Captioner,random440_expressivespeech_222,1,981,sampled_tokens,/data/L202500147/Caption/DualISL_Train_RewardV3/runs/midasheng_7b_reward_v3_10rounds_20260905_run01/round_008/collections/round_008_audio_caption_rollout.output.jsonl
8,Captioner,random440_deear_015,2,539,sampled_tokens,/data/L202500147/Caption/DualISL_Train_RewardV3/runs/midasheng_7b_reward_v3_10rounds_20260905_run01/round_008/collections/round_008_audio_caption_rollout.output.jsonl
8,Captioner,random440_deear_083,3,499,sampled_tokens,/data/L202500147/Caption/DualISL_Train_RewardV3/runs/midasheng_7b_reward_v3_10rounds_20260905_run01/round_008/collections/round_008_audio_caption_rollout.output.jsonl
8,Captioner,random440_deear_096,4,813,sampled_tokens,/data/L202500147/Caption/DualISL_Train_RewardV3/runs/midasheng_7b_reward_v3_10rounds_20260905_run01/round_008/collections/round_008_audio_caption_rollout.output.jsonl
8,Captioner,random440_expressivespeech_219,5,518,sampled_tokens,/data/L202500147/Caption/DualISL_Train_RewardV3/runs/midasheng_7b_reward_v3_10rounds_20260905_run01/round_008/collections/round_008_audio_caption_rollout.output.jsonl
8,Captioner,random440_deear_082,6,572,sampled_tokens,/data/L202500147/Caption/DualISL_Train_RewardV3/runs/midasheng_7b_reward_v3_10rounds_20260905_run01/round_008/collections/round_008_audio_caption_rollout.output.jsonl
8,Captioner,random440_expressivespeech_208,7,728,sampled_tokens,/data/L202500147/Caption/DualISL_Train_RewardV3/runs/midasheng_7b_reward_v3_10rounds_20260905_run01/round_008/collections/round_008_audio_caption_rollout.output.jsonl
8,Captioner,random440_expressivespeech_035,0,866,sampled_tokens,/data/L202500147/Caption/DualISL_Train_RewardV3/runs/midasheng_7b_reward_v3_10rounds_20260905_run01/round_008/collections/round_008_audio_caption_rollout.output.jsonl
8,Captioner,random440_expressivespeech_147,1,858,sampled_tokens,/data/L202500147/Caption/DualISL_Train_RewardV3/runs/midasheng_7b_reward_v3_10rounds_20260905_run01/round_008/collections/round_008_audio_caption_rollout.output.jsonl
8,Captioner,random440_expressivespeech_266,2,627,sampled_tokens,/data/L202500147/Caption/DualISL_Train_RewardV3/runs/midasheng_7b_reward_v3_10rounds_20260905_run01/round_008/collections/round_008_audio_caption_rollout.output.jsonl
8,Captioner,random440_expressivespeech_188,3,596,sampled_tokens,/data/L202500147/Caption/DualISL_Train_RewardV3/runs/midasheng_7b_reward_v3_10rounds_20260905_run01/round_008/collections/round_008_audio_caption_rollout.output.jsonl
8,Captioner,random440_expressivespeech_045,4,676,sampled_tokens,/data/L202500147/Caption/DualISL_Train_RewardV3/runs/midasheng_7b_reward_v3_10rounds_20260905_run01/round_008/collections/round_008_audio_caption_rollout.output.jsonl
8,Captioner,random440_deear_092,5,562,sampled_tokens,/data/L202500147/Caption/DualISL_Train_RewardV3/runs/midasheng_7b_reward_v3_10rounds_20260905_run01/round_008/collections/round_008_audio_caption_rollout.output.jsonl
8,Captioner,random440_expressivespeech_019,6,617,sampled_tokens,/data/L202500147/Caption/DualISL_Train_RewardV3/runs/midasheng_7b_reward_v3_10rounds_20260905_run01/round_008/collections/round_008_audio_caption_rollout.output.jsonl
8,Captioner,random440_expressivespeech_313,7,1129,sampled_tokens,/data/L202500147/Caption/DualISL_Train_RewardV3/runs/midasheng_7b_reward_v3_10rounds_20260905_run01/round_008/collections/round_008_audio_caption_rollout.output.jsonl
8,Captioner,random440_deear_047,0,595,sampled_tokens,/data/L202500147/Caption/DualISL_Train_RewardV3/runs/midasheng_7b_reward_v3_10rounds_20260905_run01/round_008/collections/round_008_audio_caption_rollout.output.jsonl
8,Captioner,random440_expressivespeech_069,1,576,sampled_tokens,/data/L202500147/Caption/DualISL_Train_RewardV3/runs/midasheng_7b_reward_v3_10rounds_20260905_run01/round_008/collections/round_008_audio_caption_rollout.output.jsonl
8,Captioner,random440_deear_024,2,669,sampled_tokens,/data/L202500147/Caption/DualISL_Train_RewardV3/runs/midasheng_7b_reward_v3_10rounds_20260905_run01/round_008/collections/round_008_audio_caption_rollout.output.jsonl
8,Captioner,random440_expressivespeech_187,3,538,sampled_tokens,/data/L202500147/Caption/DualISL_Train_RewardV3/runs/midasheng_7b_reward_v3_10rounds_20260905_run01/round_008/collections/round_008_audio_caption_rollout.output.jsonl
8,Captioner,random440_expressivespeech_088,4,696,sampled_tokens,/data/L202500147/Caption/DualISL_Train_RewardV3/runs/midasheng_7b_reward_v3_10rounds_20260905_run01/round_008/collections/round_008_audio_caption_rollout.output.jsonl
8,Captioner,random440_expressivespeech_009,5,601,sampled_tokens,/data/L202500147/Caption/DualISL_Train_RewardV3/runs/midasheng_7b_reward_v3_10rounds_20260905_run01/round_008/collections/round_008_audio_caption_rollout.output.jsonl
8,Captioner,random440_expressivespeech_168,6,599,sampled_tokens,/data/L202500147/Caption/DualISL_Train_RewardV3/runs/midasheng_7b_reward_v3_10rounds_20260905_run01/round_008/collections/round_008_audio_caption_rollout.output.jsonl
8,Captioner,random440_expressivespeech_252,7,625,sampled_tokens,/data/L202500147/Caption/DualISL_Train_RewardV3/runs/midasheng_7b_reward_v3_10rounds_20260905_run01/round_008/collections/round_008_audio_caption_rollout.output.jsonl
8,Captioner,random440_expressivespeech_095,0,888,sampled_tokens,/data/L202500147/Caption/DualISL_Train_RewardV3/runs/midasheng_7b_reward_v3_10rounds_20260905_run01/round_008/collections/round_008_audio_caption_rollout.output.jsonl
8,Captioner,random440_expressivespeech_090,1,640,sampled_tokens,/data/L202500147/Caption/DualISL_Train_RewardV3/runs/midasheng_7b_reward_v3_10rounds_20260905_run01/round_008/collections/round_008_audio_caption_rollout.output.jsonl
8,Captioner,random440_expressivespeech_053,2,584,sampled_tokens,/data/L202500147/Caption/DualISL_Train_RewardV3/runs/midasheng_7b_reward_v3_10rounds_20260905_run01/round_008/collections/round_008_audio_caption_rollout.output.jsonl
8,Captioner,random440_expressivespeech_165,3,690,sampled_tokens,/data/L202500147/Caption/DualISL_Train_RewardV3/runs/midasheng_7b_reward_v3_10rounds_20260905_run01/round_008/collections/round_008_audio_caption_rollout.output.jsonl
8,Captioner,random440_deear_010,4,523,sampled_tokens,/data/L202500147/Caption/DualISL_Train_RewardV3/runs/midasheng_7b_reward_v3_10rounds_20260905_run01/round_008/collections/round_008_audio_caption_rollout.output.jsonl
8,Captioner,random440_expressivespeech_312,5,744,sampled_tokens,/data/L202500147/Caption/DualISL_Train_RewardV3/runs/midasheng_7b_reward_v3_10rounds_20260905_run01/round_008/collections/round_008_audio_caption_rollout.output.jsonl
8,Captioner,random440_expressivespeech_057,6,740,sampled_tokens,/data/L202500147/Caption/DualISL_Train_RewardV3/runs/midasheng_7b_reward_v3_10rounds_20260905_run01/round_008/collections/round_008_audio_caption_rollout.output.jsonl
8,Captioner,random440_expressivespeech_309,7,893,sampled_tokens,/data/L202500147/Caption/DualISL_Train_RewardV3/runs/midasheng_7b_reward_v3_10rounds_20260905_run01/round_008/collections/round_008_audio_caption_rollout.output.jsonl
8,Captioner,random440_expressivespeech_076,0,643,sampled_tokens,/data/L202500147/Caption/DualISL_Train_RewardV3/runs/midasheng_7b_reward_v3_10rounds_20260905_run01/round_008/collections/round_008_audio_caption_rollout.output.jsonl
8,Captioner,random440_expressivespeech_292,1,809,sampled_tokens,/data/L202500147/Caption/DualISL_Train_RewardV3/runs/midasheng_7b_reward_v3_10rounds_20260905_run01/round_008/collections/round_008_audio_caption_rollout.output.jsonl
8,Captioner,random440_expressivespeech_148,2,699,sampled_tokens,/data/L202500147/Caption/DualISL_Train_RewardV3/runs/midasheng_7b_reward_v3_10rounds_20260905_run01/round_008/collections/round_008_audio_caption_rollout.output.jsonl
8,Captioner,random440_expressivespeech_111,3,481,sampled_tokens,/data/L202500147/Caption/DualISL_Train_RewardV3/runs/midasheng_7b_reward_v3_10rounds_20260905_run01/round_008/collections/round_008_audio_caption_rollout.output.jsonl
8,Captioner,random440_expressivespeech_016,4,888,sampled_tokens,/data/L202500147/Caption/DualISL_Train_RewardV3/runs/midasheng_7b_reward_v3_10rounds_20260905_run01/round_008/collections/round_008_audio_caption_rollout.output.jsonl
8,Captioner,random440_deear_016,5,728,sampled_tokens,/data/L202500147/Caption/DualISL_Train_RewardV3/runs/midasheng_7b_reward_v3_10rounds_20260905_run01/round_008/collections/round_008_audio_caption_rollout.output.jsonl
8,Captioner,random440_expressivespeech_138,6,837,sampled_tokens,/data/L202500147/Caption/DualISL_Train_RewardV3/runs/midasheng_7b_reward_v3_10rounds_20260905_run01/round_008/collections/round_008_audio_caption_rollout.output.jsonl
8,Captioner,random440_expressivespeech_254,7,657,sampled_tokens,/data/L202500147/Caption/DualISL_Train_RewardV3/runs/midasheng_7b_reward_v3_10rounds_20260905_run01/round_008/collections/round_008_audio_caption_rollout.output.jsonl
8,Captioner,random440_deear_087,0,713,sampled_tokens,/data/L202500147/Caption/DualISL_Train_RewardV3/runs/midasheng_7b_reward_v3_10rounds_20260905_run01/round_008/collections/round_008_audio_caption_rollout.output.jsonl
8,Captioner,random440_expressivespeech_246,1,575,sampled_tokens,/data/L202500147/Caption/DualISL_Train_RewardV3/runs/midasheng_7b_reward_v3_10rounds_20260905_run01/round_008/collections/round_008_audio_caption_rollout.output.jsonl
8,Captioner,random440_expressivespeech_338,2,1055,sampled_tokens,/data/L202500147/Caption/DualISL_Train_RewardV3/runs/midasheng_7b_reward_v3_10rounds_20260905_run01/round_008/collections/round_008_audio_caption_rollout.output.jsonl
8,Captioner,random440_expressivespeech_215,3,978,sampled_tokens,/data/L202500147/Caption/DualISL_Train_RewardV3/runs/midasheng_7b_reward_v3_10rounds_20260905_run01/round_008/collections/round_008_audio_caption_rollout.output.jsonl
8,Captioner,random440_expressivespeech_031,4,524,sampled_tokens,/data/L202500147/Caption/DualISL_Train_RewardV3/runs/midasheng_7b_reward_v3_10rounds_20260905_run01/round_008/collections/round_008_audio_caption_rollout.output.jsonl
8,Captioner,random440_expressivespeech_068,5,726,sampled_tokens,/data/L202500147/Caption/DualISL_Train_RewardV3/runs/midasheng_7b_reward_v3_10rounds_20260905_run01/round_008/collections/round_008_audio_caption_rollout.output.jsonl
8,Captioner,random440_expressivespeech_310,6,501,sampled_tokens,/data/L202500147/Caption/DualISL_Train_RewardV3/runs/midasheng_7b_reward_v3_10rounds_20260905_run01/round_008/collections/round_008_audio_caption_rollout.output.jsonl
8,Captioner,random440_expressivespeech_101,7,822,sampled_tokens,/data/L202500147/Caption/DualISL_Train_RewardV3/runs/midasheng_7b_reward_v3_10rounds_20260905_run01/round_008/collections/round_008_audio_caption_rollout.output.jsonl
8,Captioner,random440_deear_014,0,648,sampled_tokens,/data/L202500147/Caption/DualISL_Train_RewardV3/runs/midasheng_7b_reward_v3_10rounds_20260905_run01/round_008/collections/round_008_audio_caption_rollout.output.jsonl
8,Captioner,random440_expressivespeech_041,1,786,sampled_tokens,/data/L202500147/Caption/DualISL_Train_RewardV3/runs/midasheng_7b_reward_v3_10rounds_20260905_run01/round_008/collections/round_008_audio_caption_rollout.output.jsonl
8,Captioner,random440_expressivespeech_319,2,915,sampled_tokens,/data/L202500147/Caption/DualISL_Train_RewardV3/runs/midasheng_7b_reward_v3_10rounds_20260905_run01/round_008/collections/round_008_audio_caption_rollout.output.jsonl
8,Captioner,random440_deear_040,3,550,sampled_tokens,/data/L202500147/Caption/DualISL_Train_RewardV3/runs/midasheng_7b_reward_v3_10rounds_20260905_run01/round_008/collections/round_008_audio_caption_rollout.output.jsonl
8,Captioner,random440_expressivespeech_185,4,692,sampled_tokens,/data/L202500147/Caption/DualISL_Train_RewardV3/runs/midasheng_7b_reward_v3_10rounds_20260905_run01/round_008/collections/round_008_audio_caption_rollout.output.jsonl
8,Captioner,random440_expressivespeech_340,5,800,sampled_tokens,/data/L202500147/Caption/DualISL_Train_RewardV3/runs/midasheng_7b_reward_v3_10rounds_20260905_run01/round_008/collections/round_008_audio_caption_rollout.output.jsonl
8,Captioner,random440_expressivespeech_294,6,591,sampled_tokens,/data/L202500147/Caption/DualISL_Train_RewardV3/runs/midasheng_7b_reward_v3_10rounds_20260905_run01/round_008/collections/round_008_audio_caption_rollout.output.jsonl
8,Captioner,random440_expressivespeech_270,7,851,sampled_tokens,/data/L202500147/Caption/DualISL_Train_RewardV3/runs/midasheng_7b_reward_v3_10rounds_20260905_run01/round_008/collections/round_008_audio_caption_rollout.output.jsonl
8,Captioner,random440_expressivespeech_334,0,733,sampled_tokens,/data/L202500147/Caption/DualISL_Train_RewardV3/runs/midasheng_7b_reward_v3_10rounds_20260905_run01/round_008/collections/round_008_audio_caption_rollout.output.jsonl
8,Captioner,random440_expressivespeech_080,1,690,sampled_tokens,/data/L202500147/Caption/DualISL_Train_RewardV3/runs/midasheng_7b_reward_v3_10rounds_20260905_run01/round_008/collections/round_008_audio_caption_rollout.output.jsonl
8,Captioner,random440_expressivespeech_329,2,636,sampled_tokens,/data/L202500147/Caption/DualISL_Train_RewardV3/runs/midasheng_7b_reward_v3_10rounds_20260905_run01/round_008/collections/round_008_audio_caption_rollout.output.jsonl
8,Captioner,random440_expressivespeech_110,3,710,sampled_tokens,/data/L202500147/Caption/DualISL_Train_RewardV3/runs/midasheng_7b_reward_v3_10rounds_20260905_run01/round_008/collections/round_008_audio_caption_rollout.output.jsonl
8,Captioner,random440_expressivespeech_180,4,695,sampled_tokens,/data/L202500147/Caption/DualISL_Train_RewardV3/runs/midasheng_7b_reward_v3_10rounds_20260905_run01/round_008/collections/round_008_audio_caption_rollout.output.jsonl
8,Captioner,random440_expressivespeech_107,5,983,sampled_tokens,/data/L202500147/Caption/DualISL_Train_RewardV3/runs/midasheng_7b_reward_v3_10rounds_20260905_run01/round_008/collections/round_008_audio_caption_rollout.output.jsonl
8,Captioner,random440_expressivespeech_025,6,459,sampled_tokens,/data/L202500147/Caption/DualISL_Train_RewardV3/runs/midasheng_7b_reward_v3_10rounds_20260905_run01/round_008/collections/round_008_audio_caption_rollout.output.jsonl
8,Captioner,random440_expressivespeech_096,7,624,sampled_tokens,/data/L202500147/Caption/DualISL_Train_RewardV3/runs/midasheng_7b_reward_v3_10rounds_20260905_run01/round_008/collections/round_008_audio_caption_rollout.output.jsonl
8,Captioner,random440_deear_030,0,742,sampled_tokens,/data/L202500147/Caption/DualISL_Train_RewardV3/runs/midasheng_7b_reward_v3_10rounds_20260905_run01/round_008/collections/round_008_audio_caption_rollout.output.jsonl
8,Captioner,random440_expressivespeech_315,1,618,sampled_tokens,/data/L202500147/Caption/DualISL_Train_RewardV3/runs/midasheng_7b_reward_v3_10rounds_20260905_run01/round_008/collections/round_008_audio_caption_rollout.output.jsonl
8,Captioner,random440_expressivespeech_265,2,649,sampled_tokens,/data/L202500147/Caption/DualISL_Train_RewardV3/runs/midasheng_7b_reward_v3_10rounds_20260905_run01/round_008/collections/round_008_audio_caption_rollout.output.jsonl
8,Captioner,random440_expressivespeech_027,3,655,sampled_tokens,/data/L202500147/Caption/DualISL_Train_RewardV3/runs/midasheng_7b_reward_v3_10rounds_20260905_run01/round_008/collections/round_008_audio_caption_rollout.output.jsonl
8,Captioner,random440_expressivespeech_155,4,683,sampled_tokens,/data/L202500147/Caption/DualISL_Train_RewardV3/runs/midasheng_7b_reward_v3_10rounds_20260905_run01/round_008/collections/round_008_audio_caption_rollout.output.jsonl
8,Captioner,random440_expressivespeech_010,5,558,sampled_tokens,/data/L202500147/Caption/DualISL_Train_RewardV3/runs/midasheng_7b_reward_v3_10rounds_20260905_run01/round_008/collections/round_008_audio_caption_rollout.output.jsonl
8,Captioner,random440_expressivespeech_295,6,870,sampled_tokens,/data/L202500147/Caption/DualISL_Train_RewardV3/runs/midasheng_7b_reward_v3_10rounds_20260905_run01/round_008/collections/round_008_audio_caption_rollout.output.jsonl
8,Captioner,random440_expressivespeech_150,7,806,sampled_tokens,/data/L202500147/Caption/DualISL_Train_RewardV3/runs/midasheng_7b_reward_v3_10rounds_20260905_run01/round_008/collections/round_008_audio_caption_rollout.output.jsonl
8,Captioner,random440_expressivespeech_211,0,948,sampled_tokens,/data/L202500147/Caption/DualISL_Train_RewardV3/runs/midasheng_7b_reward_v3_10rounds_20260905_run01/round_008/collections/round_008_audio_caption_rollout.output.jsonl
8,Captioner,random440_deear_062,1,658,sampled_tokens,/data/L202500147/Caption/DualISL_Train_RewardV3/runs/midasheng_7b_reward_v3_10rounds_20260905_run01/round_008/collections/round_008_audio_caption_rollout.output.jsonl
8,Captioner,random440_expressivespeech_026,2,683,sampled_tokens,/data/L202500147/Caption/DualISL_Train_RewardV3/runs/midasheng_7b_reward_v3_10rounds_20260905_run01/round_008/collections/round_008_audio_caption_rollout.output.jsonl
8,Captioner,random440_expressivespeech_102,3,710,sampled_tokens,/data/L202500147/Caption/DualISL_Train_RewardV3/runs/midasheng_7b_reward_v3_10rounds_20260905_run01/round_008/collections/round_008_audio_caption_rollout.output.jsonl
8,Captioner,random440_deear_080,4,465,sampled_tokens,/data/L202500147/Caption/DualISL_Train_RewardV3/runs/midasheng_7b_reward_v3_10rounds_20260905_run01/round_008/collections/round_008_audio_caption_rollout.output.jsonl
8,Captioner,random440_expressivespeech_137,5,612,sampled_tokens,/data/L202500147/Caption/DualISL_Train_RewardV3/runs/midasheng_7b_reward_v3_10rounds_20260905_run01/round_008/collections/round_008_audio_caption_rollout.output.jsonl
8,Captioner,random440_expressivespeech_074,6,1194,sampled_tokens,/data/L202500147/Caption/DualISL_Train_RewardV3/runs/midasheng_7b_reward_v3_10rounds_20260905_run01/round_008/collections/round_008_audio_caption_rollout.output.jsonl
8,Captioner,random440_expressivespeech_073,7,811,sampled_tokens,/data/L202500147/Caption/DualISL_Train_RewardV3/runs/midasheng_7b_reward_v3_10rounds_20260905_run01/round_008/collections/round_008_audio_caption_rollout.output.jsonl
8,Captioner,random440_expressivespeech_233,0,905,sampled_tokens,/data/L202500147/Caption/DualISL_Train_RewardV3/runs/midasheng_7b_reward_v3_10rounds_20260905_run01/round_008/collections/round_008_audio_caption_rollout.output.jsonl
8,Captioner,random440_expressivespeech_128,1,667,sampled_tokens,/data/L202500147/Caption/DualISL_Train_RewardV3/runs/midasheng_7b_reward_v3_10rounds_20260905_run01/round_008/collections/round_008_audio_caption_rollout.output.jsonl
8,Captioner,random440_expressivespeech_279,2,651,sampled_tokens,/data/L202500147/Caption/DualISL_Train_RewardV3/runs/midasheng_7b_reward_v3_10rounds_20260905_run01/round_008/collections/round_008_audio_caption_rollout.output.jsonl
8,Captioner,random440_expressivespeech_146,3,778,sampled_tokens,/data/L202500147/Caption/DualISL_Train_RewardV3/runs/midasheng_7b_reward_v3_10rounds_20260905_run01/round_008/collections/round_008_audio_caption_rollout.output.jsonl
8,Captioner,random440_expressivespeech_223,4,706,sampled_tokens,/data/L202500147/Caption/DualISL_Train_RewardV3/runs/midasheng_7b_reward_v3_10rounds_20260905_run01/round_008/collections/round_008_audio_caption_rollout.output.jsonl
8,Captioner,random440_deear_078,5,454,sampled_tokens,/data/L202500147/Caption/DualISL_Train_RewardV3/runs/midasheng_7b_reward_v3_10rounds_20260905_run01/round_008/collections/round_008_audio_caption_rollout.output.jsonl
8,Captioner,random440_expressivespeech_055,6,653,sampled_tokens,/data/L202500147/Caption/DualISL_Train_RewardV3/runs/midasheng_7b_reward_v3_10rounds_20260905_run01/round_008/collections/round_008_audio_caption_rollout.output.jsonl
8,Captioner,random440_expressivespeech_098,7,855,sampled_tokens,/data/L202500147/Caption/DualISL_Train_RewardV3/runs/midasheng_7b_reward_v3_10rounds_20260905_run01/round_008/collections/round_008_audio_caption_rollout.output.jsonl
8,Captioner,random440_expressivespeech_003,0,599,sampled_tokens,/data/L202500147/Caption/DualISL_Train_RewardV3/runs/midasheng_7b_reward_v3_10rounds_20260905_run01/round_008/collections/round_008_audio_caption_rollout.output.jsonl
8,Captioner,random440_expressivespeech_144,1,683,sampled_tokens,/data/L202500147/Caption/DualISL_Train_RewardV3/runs/midasheng_7b_reward_v3_10rounds_20260905_run01/round_008/collections/round_008_audio_caption_rollout.output.jsonl
8,Captioner,random440_expressivespeech_217,2,761,sampled_tokens,/data/L202500147/Caption/DualISL_Train_RewardV3/runs/midasheng_7b_reward_v3_10rounds_20260905_run01/round_008/collections/round_008_audio_caption_rollout.output.jsonl
8,Captioner,random440_expressivespeech_321,3,712,sampled_tokens,/data/L202500147/Caption/DualISL_Train_RewardV3/runs/midasheng_7b_reward_v3_10rounds_20260905_run01/round_008/collections/round_008_audio_caption_rollout.output.jsonl
8,Captioner,random440_expressivespeech_230,4,779,sampled_tokens,/data/L202500147/Caption/DualISL_Train_RewardV3/runs/midasheng_7b_reward_v3_10rounds_20260905_run01/round_008/collections/round_008_audio_caption_rollout.output.jsonl
8,Captioner,random440_deear_002,5,1053,sampled_tokens,/data/L202500147/Caption/DualISL_Train_RewardV3/runs/midasheng_7b_reward_v3_10rounds_20260905_run01/round_008/collections/round_008_audio_caption_rollout.output.jsonl
8,Captioner,random440_expressivespeech_210,6,1126,sampled_tokens,/data/L202500147/Caption/DualISL_Train_RewardV3/runs/midasheng_7b_reward_v3_10rounds_20260905_run01/round_008/collections/round_008_audio_caption_rollout.output.jsonl
8,Captioner,random440_expressivespeech_105,7,665,sampled_tokens,/data/L202500147/Caption/DualISL_Train_RewardV3/runs/midasheng_7b_reward_v3_10rounds_20260905_run01/round_008/collections/round_008_audio_caption_rollout.output.jsonl
8,Captioner,random440_expressivespeech_199,0,717,sampled_tokens,/data/L202500147/Caption/DualISL_Train_RewardV3/runs/midasheng_7b_reward_v3_10rounds_20260905_run01/round_008/collections/round_008_audio_caption_rollout.output.jsonl
8,Captioner,random440_expressivespeech_065,1,711,sampled_tokens,/data/L202500147/Caption/DualISL_Train_RewardV3/runs/midasheng_7b_reward_v3_10rounds_20260905_run01/round_008/collections/round_008_audio_caption_rollout.output.jsonl
8,Captioner,random440_expressivespeech_195,2,724,sampled_tokens,/data/L202500147/Caption/DualISL_Train_RewardV3/runs/midasheng_7b_reward_v3_10rounds_20260905_run01/round_008/collections/round_008_audio_caption_rollout.output.jsonl
8,Captioner,random440_expressivespeech_200,3,907,sampled_tokens,/data/L202500147/Caption/DualISL_Train_RewardV3/runs/midasheng_7b_reward_v3_10rounds_20260905_run01/round_008/collections/round_008_audio_caption_rollout.output.jsonl
8,Captioner,random440_expressivespeech_005,4,694,sampled_tokens,/data/L202500147/Caption/DualISL_Train_RewardV3/runs/midasheng_7b_reward_v3_10rounds_20260905_run01/round_008/collections/round_008_audio_caption_rollout.output.jsonl
8,Captioner,random440_expressivespeech_237,5,541,sampled_tokens,/data/L202500147/Caption/DualISL_Train_RewardV3/runs/midasheng_7b_reward_v3_10rounds_20260905_run01/round_008/collections/round_008_audio_caption_rollout.output.jsonl
8,Captioner,random440_expressivespeech_317,6,626,sampled_tokens,/data/L202500147/Caption/DualISL_Train_RewardV3/runs/midasheng_7b_reward_v3_10rounds_20260905_run01/round_008/collections/round_008_audio_caption_rollout.output.jsonl
8,Captioner,random440_expressivespeech_280,7,773,sampled_tokens,/data/L202500147/Caption/DualISL_Train_RewardV3/runs/midasheng_7b_reward_v3_10rounds_20260905_run01/round_008/collections/round_008_audio_caption_rollout.output.jsonl
8,Captioner,random440_deear_038,0,690,sampled_tokens,/data/L202500147/Caption/DualISL_Train_RewardV3/runs/midasheng_7b_reward_v3_10rounds_20260905_run01/round_008/collections/round_008_audio_caption_rollout.output.jsonl
8,Captioner,random440_expressivespeech_038,1,655,sampled_tokens,/data/L202500147/Caption/DualISL_Train_RewardV3/runs/midasheng_7b_reward_v3_10rounds_20260905_run01/round_008/collections/round_008_audio_caption_rollout.output.jsonl
8,Captioner,random440_expressivespeech_056,2,793,sampled_tokens,/data/L202500147/Caption/DualISL_Train_RewardV3/runs/midasheng_7b_reward_v3_10rounds_20260905_run01/round_008/collections/round_008_audio_caption_rollout.output.jsonl
8,Captioner,random440_expressivespeech_216,3,758,sampled_tokens,/data/L202500147/Caption/DualISL_Train_RewardV3/runs/midasheng_7b_reward_v3_10rounds_20260905_run01/round_008/collections/round_008_audio_caption_rollout.output.jsonl
8,Captioner,random440_expressivespeech_260,4,862,sampled_tokens,/data/L202500147/Caption/DualISL_Train_RewardV3/runs/midasheng_7b_reward_v3_10rounds_20260905_run01/round_008/collections/round_008_audio_caption_rollout.output.jsonl
8,Captioner,random440_expressivespeech_311,5,546,sampled_tokens,/data/L202500147/Caption/DualISL_Train_RewardV3/runs/midasheng_7b_reward_v3_10rounds_20260905_run01/round_008/collections/round_008_audio_caption_rollout.output.jsonl
8,Captioner,random440_expressivespeech_103,6,535,sampled_tokens,/data/L202500147/Caption/DualISL_Train_RewardV3/runs/midasheng_7b_reward_v3_10rounds_20260905_run01/round_008/collections/round_008_audio_caption_rollout.output.jsonl
8,Captioner,random440_expressivespeech_024,7,708,sampled_tokens,/data/L202500147/Caption/DualISL_Train_RewardV3/runs/midasheng_7b_reward_v3_10rounds_20260905_run01/round_008/collections/round_008_audio_caption_rollout.output.jsonl
8,Captioner,random440_expressivespeech_296,0,631,sampled_tokens,/data/L202500147/Caption/DualISL_Train_RewardV3/runs/midasheng_7b_reward_v3_10rounds_20260905_run01/round_008/collections/round_008_audio_caption_rollout.output.jsonl
8,Captioner,random440_expressivespeech_115,1,595,sampled_tokens,/data/L202500147/Caption/DualISL_Train_RewardV3/runs/midasheng_7b_reward_v3_10rounds_20260905_run01/round_008/collections/round_008_audio_caption_rollout.output.jsonl
8,Captioner,random440_expressivespeech_264,2,678,sampled_tokens,/data/L202500147/Caption/DualISL_Train_RewardV3/runs/midasheng_7b_reward_v3_10rounds_20260905_run01/round_008/collections/round_008_audio_caption_rollout.output.jsonl
8,Captioner,random440_expressivespeech_286,3,531,sampled_tokens,/data/L202500147/Caption/DualISL_Train_RewardV3/runs/midasheng_7b_reward_v3_10rounds_20260905_run01/round_008/collections/round_008_audio_caption_rollout.output.jsonl
8,Captioner,random440_expressivespeech_307,4,979,sampled_tokens,/data/L202500147/Caption/DualISL_Train_RewardV3/runs/midasheng_7b_reward_v3_10rounds_20260905_run01/round_008/collections/round_008_audio_caption_rollout.output.jsonl
8,Captioner,random440_deear_071,5,591,sampled_tokens,/data/L202500147/Caption/DualISL_Train_RewardV3/runs/midasheng_7b_reward_v3_10rounds_20260905_run01/round_008/collections/round_008_audio_caption_rollout.output.jsonl
8,Captioner,random440_expressivespeech_231,6,500,sampled_tokens,/data/L202500147/Caption/DualISL_Train_RewardV3/runs/midasheng_7b_reward_v3_10rounds_20260905_run01/round_008/collections/round_008_audio_caption_rollout.output.jsonl
8,Captioner,random440_expressivespeech_282,7,530,sampled_tokens,/data/L202500147/Caption/DualISL_Train_RewardV3/runs/midasheng_7b_reward_v3_10rounds_20260905_run01/round_008/collections/round_008_audio_caption_rollout.output.jsonl
8,TTS,random440_expressivespeech_164,0,357,codec_frames,/data/L202500147/Caption/DualISL_Train_RewardV3/runs/midasheng_7b_reward_v3_10rounds_20260905_run01/round_008/collections/round_008_caption_tts_rollout.output.jsonl
8,TTS,random440_expressivespeech_186,1,42,codec_frames,/data/L202500147/Caption/DualISL_Train_RewardV3/runs/midasheng_7b_reward_v3_10rounds_20260905_run01/round_008/collections/round_008_caption_tts_rollout.output.jsonl
8,TTS,random440_deear_053,2,49,codec_frames,/data/L202500147/Caption/DualISL_Train_RewardV3/runs/midasheng_7b_reward_v3_10rounds_20260905_run01/round_008/collections/round_008_caption_tts_rollout.output.jsonl
8,TTS,random440_expressivespeech_336,3,150,codec_frames,/data/L202500147/Caption/DualISL_Train_RewardV3/runs/midasheng_7b_reward_v3_10rounds_20260905_run01/round_008/collections/round_008_caption_tts_rollout.output.jsonl
8,TTS,random440_expressivespeech_044,4,129,codec_frames,/data/L202500147/Caption/DualISL_Train_RewardV3/runs/midasheng_7b_reward_v3_10rounds_20260905_run01/round_008/collections/round_008_caption_tts_rollout.output.jsonl
8,TTS,random440_expressivespeech_100,5,257,codec_frames,/data/L202500147/Caption/DualISL_Train_RewardV3/runs/midasheng_7b_reward_v3_10rounds_20260905_run01/round_008/collections/round_008_caption_tts_rollout.output.jsonl
8,TTS,random440_expressivespeech_140,6,44,codec_frames,/data/L202500147/Caption/DualISL_Train_RewardV3/runs/midasheng_7b_reward_v3_10rounds_20260905_run01/round_008/collections/round_008_caption_tts_rollout.output.jsonl
8,TTS,random440_expressivespeech_206,7,483,codec_frames,/data/L202500147/Caption/DualISL_Train_RewardV3/runs/midasheng_7b_reward_v3_10rounds_20260905_run01/round_008/collections/round_008_caption_tts_rollout.output.jsonl
8,TTS,random440_expressivespeech_133,0,450,codec_frames,/data/L202500147/Caption/DualISL_Train_RewardV3/runs/midasheng_7b_reward_v3_10rounds_20260905_run01/round_008/collections/round_008_caption_tts_rollout.output.jsonl
8,TTS,random440_expressivespeech_277,1,210,codec_frames,/data/L202500147/Caption/DualISL_Train_RewardV3/runs/midasheng_7b_reward_v3_10rounds_20260905_run01/round_008/collections/round_008_caption_tts_rollout.output.jsonl
8,TTS,random440_expressivespeech_244,2,266,codec_frames,/data/L202500147/Caption/DualISL_Train_RewardV3/runs/midasheng_7b_reward_v3_10rounds_20260905_run01/round_008/collections/round_008_caption_tts_rollout.output.jsonl
8,TTS,random440_deear_022,3,175,codec_frames,/data/L202500147/Caption/DualISL_Train_RewardV3/runs/midasheng_7b_reward_v3_10rounds_20260905_run01/round_008/collections/round_008_caption_tts_rollout.output.jsonl
8,TTS,random440_expressivespeech_145,4,197,codec_frames,/data/L202500147/Caption/DualISL_Train_RewardV3/runs/midasheng_7b_reward_v3_10rounds_20260905_run01/round_008/collections/round_008_caption_tts_rollout.output.jsonl
8,TTS,random440_expressivespeech_047,5,163,codec_frames,/data/L202500147/Caption/DualISL_Train_RewardV3/runs/midasheng_7b_reward_v3_10rounds_20260905_run01/round_008/collections/round_008_caption_tts_rollout.output.jsonl
8,TTS,random440_expressivespeech_121,6,486,codec_frames,/data/L202500147/Caption/DualISL_Train_RewardV3/runs/midasheng_7b_reward_v3_10rounds_20260905_run01/round_008/collections/round_008_caption_tts_rollout.output.jsonl
8,TTS,random440_deear_026,7,261,codec_frames,/data/L202500147/Caption/DualISL_Train_RewardV3/runs/midasheng_7b_reward_v3_10rounds_20260905_run01/round_008/collections/round_008_caption_tts_rollout.output.jsonl
8,TTS,random440_deear_025,0,379,codec_frames,/data/L202500147/Caption/DualISL_Train_RewardV3/runs/midasheng_7b_reward_v3_10rounds_20260905_run01/round_008/collections/round_008_caption_tts_rollout.output.jsonl
8,TTS,random440_expressivespeech_072,1,183,codec_frames,/data/L202500147/Caption/DualISL_Train_RewardV3/runs/midasheng_7b_reward_v3_10rounds_20260905_run01/round_008/collections/round_008_caption_tts_rollout.output.jsonl
8,TTS,random440_expressivespeech_207,2,191,codec_frames,/data/L202500147/Caption/DualISL_Train_RewardV3/runs/midasheng_7b_reward_v3_10rounds_20260905_run01/round_008/collections/round_008_caption_tts_rollout.output.jsonl
8,TTS,random440_deear_019,3,306,codec_frames,/data/L202500147/Caption/DualISL_Train_RewardV3/runs/midasheng_7b_reward_v3_10rounds_20260905_run01/round_008/collections/round_008_caption_tts_rollout.output.jsonl
8,TTS,random440_deear_079,4,345,codec_frames,/data/L202500147/Caption/DualISL_Train_RewardV3/runs/midasheng_7b_reward_v3_10rounds_20260905_run01/round_008/collections/round_008_caption_tts_rollout.output.jsonl
8,TTS,random440_expressivespeech_209,5,290,codec_frames,/data/L202500147/Caption/DualISL_Train_RewardV3/runs/midasheng_7b_reward_v3_10rounds_20260905_run01/round_008/collections/round_008_caption_tts_rollout.output.jsonl
8,TTS,random440_expressivespeech_143,6,168,codec_frames,/data/L202500147/Caption/DualISL_Train_RewardV3/runs/midasheng_7b_reward_v3_10rounds_20260905_run01/round_008/collections/round_008_caption_tts_rollout.output.jsonl
8,TTS,random440_expressivespeech_149,7,90,codec_frames,/data/L202500147/Caption/DualISL_Train_RewardV3/runs/midasheng_7b_reward_v3_10rounds_20260905_run01/round_008/collections/round_008_caption_tts_rollout.output.jsonl
8,TTS,random440_expressivespeech_012,0,452,codec_frames,/data/L202500147/Caption/DualISL_Train_RewardV3/runs/midasheng_7b_reward_v3_10rounds_20260905_run01/round_008/collections/round_008_caption_tts_rollout.output.jsonl
8,TTS,random440_expressivespeech_239,1,211,codec_frames,/data/L202500147/Caption/DualISL_Train_RewardV3/runs/midasheng_7b_reward_v3_10rounds_20260905_run01/round_008/collections/round_008_caption_tts_rollout.output.jsonl
8,TTS,random440_deear_005,2,89,codec_frames,/data/L202500147/Caption/DualISL_Train_RewardV3/runs/midasheng_7b_reward_v3_10rounds_20260905_run01/round_008/collections/round_008_caption_tts_rollout.output.jsonl
8,TTS,random440_expressivespeech_316,3,220,codec_frames,/data/L202500147/Caption/DualISL_Train_RewardV3/runs/midasheng_7b_reward_v3_10rounds_20260905_run01/round_008/collections/round_008_caption_tts_rollout.output.jsonl
8,TTS,random440_expressivespeech_001,4,484,codec_frames,/data/L202500147/Caption/DualISL_Train_RewardV3/runs/midasheng_7b_reward_v3_10rounds_20260905_run01/round_008/collections/round_008_caption_tts_rollout.output.jsonl
8,TTS,random440_expressivespeech_081,5,309,codec_frames,/data/L202500147/Caption/DualISL_Train_RewardV3/runs/midasheng_7b_reward_v3_10rounds_20260905_run01/round_008/collections/round_008_caption_tts_rollout.output.jsonl
8,TTS,random440_expressivespeech_191,6,325,codec_frames,/data/L202500147/Caption/DualISL_Train_RewardV3/runs/midasheng_7b_reward_v3_10rounds_20260905_run01/round_008/collections/round_008_caption_tts_rollout.output.jsonl
8,TTS,random440_expressivespeech_242,7,219,codec_frames,/data/L202500147/Caption/DualISL_Train_RewardV3/runs/midasheng_7b_reward_v3_10rounds_20260905_run01/round_008/collections/round_008_caption_tts_rollout.output.jsonl
8,TTS,random440_expressivespeech_136,0,345,codec_frames,/data/L202500147/Caption/DualISL_Train_RewardV3/runs/midasheng_7b_reward_v3_10rounds_20260905_run01/round_008/collections/round_008_caption_tts_rollout.output.jsonl
8,TTS,random440_expressivespeech_243,1,276,codec_frames,/data/L202500147/Caption/DualISL_Train_RewardV3/runs/midasheng_7b_reward_v3_10rounds_20260905_run01/round_008/collections/round_008_caption_tts_rollout.output.jsonl
8,TTS,random440_deear_052,2,334,codec_frames,/data/L202500147/Caption/DualISL_Train_RewardV3/runs/midasheng_7b_reward_v3_10rounds_20260905_run01/round_008/collections/round_008_caption_tts_rollout.output.jsonl
8,TTS,random440_expressivespeech_184,3,713,codec_frames,/data/L202500147/Caption/DualISL_Train_RewardV3/runs/midasheng_7b_reward_v3_10rounds_20260905_run01/round_008/collections/round_008_caption_tts_rollout.output.jsonl
8,TTS,random440_expressivespeech_015,4,180,codec_frames,/data/L202500147/Caption/DualISL_Train_RewardV3/runs/midasheng_7b_reward_v3_10rounds_20260905_run01/round_008/collections/round_008_caption_tts_rollout.output.jsonl
8,TTS,random440_deear_050,5,1333,codec_frames,/data/L202500147/Caption/DualISL_Train_RewardV3/runs/midasheng_7b_reward_v3_10rounds_20260905_run01/round_008/collections/round_008_caption_tts_rollout.output.jsonl
8,TTS,random440_deear_066,6,217,codec_frames,/data/L202500147/Caption/DualISL_Train_RewardV3/runs/midasheng_7b_reward_v3_10rounds_20260905_run01/round_008/collections/round_008_caption_tts_rollout.output.jsonl
8,TTS,random440_expressivespeech_084,7,452,codec_frames,/data/L202500147/Caption/DualISL_Train_RewardV3/runs/midasheng_7b_reward_v3_10rounds_20260905_run01/round_008/collections/round_008_caption_tts_rollout.output.jsonl
8,TTS,random440_expressivespeech_281,0,160,codec_frames,/data/L202500147/Caption/DualISL_Train_RewardV3/runs/midasheng_7b_reward_v3_10rounds_20260905_run01/round_008/collections/round_008_caption_tts_rollout.output.jsonl
8,TTS,random440_expressivespeech_094,1,284,codec_frames,/data/L202500147/Caption/DualISL_Train_RewardV3/runs/midasheng_7b_reward_v3_10rounds_20260905_run01/round_008/collections/round_008_caption_tts_rollout.output.jsonl
8,TTS,random440_expressivespeech_152,2,710,codec_frames,/data/L202500147/Caption/DualISL_Train_RewardV3/runs/midasheng_7b_reward_v3_10rounds_20260905_run01/round_008/collections/round_008_caption_tts_rollout.output.jsonl
8,TTS,random440_deear_094,3,60,codec_frames,/data/L202500147/Caption/DualISL_Train_RewardV3/runs/midasheng_7b_reward_v3_10rounds_20260905_run01/round_008/collections/round_008_caption_tts_rollout.output.jsonl
8,TTS,random440_expressivespeech_091,4,398,codec_frames,/data/L202500147/Caption/DualISL_Train_RewardV3/runs/midasheng_7b_reward_v3_10rounds_20260905_run01/round_008/collections/round_008_caption_tts_rollout.output.jsonl
8,TTS,random440_expressivespeech_194,5,84,codec_frames,/data/L202500147/Caption/DualISL_Train_RewardV3/runs/midasheng_7b_reward_v3_10rounds_20260905_run01/round_008/collections/round_008_caption_tts_rollout.output.jsonl
8,TTS,random440_deear_034,6,271,codec_frames,/data/L202500147/Caption/DualISL_Train_RewardV3/runs/midasheng_7b_reward_v3_10rounds_20260905_run01/round_008/collections/round_008_caption_tts_rollout.output.jsonl
8,TTS,random440_expressivespeech_171,7,329,codec_frames,/data/L202500147/Caption/DualISL_Train_RewardV3/runs/midasheng_7b_reward_v3_10rounds_20260905_run01/round_008/collections/round_008_caption_tts_rollout.output.jsonl
8,TTS,random440_expressivespeech_052,0,470,codec_frames,/data/L202500147/Caption/DualISL_Train_RewardV3/runs/midasheng_7b_reward_v3_10rounds_20260905_run01/round_008/collections/round_008_caption_tts_rollout.output.jsonl
8,TTS,random440_deear_059,1,134,codec_frames,/data/L202500147/Caption/DualISL_Train_RewardV3/runs/midasheng_7b_reward_v3_10rounds_20260905_run01/round_008/collections/round_008_caption_tts_rollout.output.jsonl
8,TTS,random440_expressivespeech_203,2,162,codec_frames,/data/L202500147/Caption/DualISL_Train_RewardV3/runs/midasheng_7b_reward_v3_10rounds_20260905_run01/round_008/collections/round_008_caption_tts_rollout.output.jsonl
8,TTS,random440_expressivespeech_201,3,202,codec_frames,/data/L202500147/Caption/DualISL_Train_RewardV3/runs/midasheng_7b_reward_v3_10rounds_20260905_run01/round_008/collections/round_008_caption_tts_rollout.output.jsonl
8,TTS,random440_deear_085,4,584,codec_frames,/data/L202500147/Caption/DualISL_Train_RewardV3/runs/midasheng_7b_reward_v3_10rounds_20260905_run01/round_008/collections/round_008_caption_tts_rollout.output.jsonl
8,TTS,random440_expressivespeech_189,5,326,codec_frames,/data/L202500147/Caption/DualISL_Train_RewardV3/runs/midasheng_7b_reward_v3_10rounds_20260905_run01/round_008/collections/round_008_caption_tts_rollout.output.jsonl
8,TTS,random440_expressivespeech_161,6,414,codec_frames,/data/L202500147/Caption/DualISL_Train_RewardV3/runs/midasheng_7b_reward_v3_10rounds_20260905_run01/round_008/collections/round_008_caption_tts_rollout.output.jsonl
8,TTS,random440_expressivespeech_117,7,670,codec_frames,/data/L202500147/Caption/DualISL_Train_RewardV3/runs/midasheng_7b_reward_v3_10rounds_20260905_run01/round_008/collections/round_008_caption_tts_rollout.output.jsonl
8,TTS,random440_expressivespeech_182,0,496,codec_frames,/data/L202500147/Caption/DualISL_Train_RewardV3/runs/midasheng_7b_reward_v3_10rounds_20260905_run01/round_008/collections/round_008_caption_tts_rollout.output.jsonl
8,TTS,random440_deear_001,1,262,codec_frames,/data/L202500147/Caption/DualISL_Train_RewardV3/runs/midasheng_7b_reward_v3_10rounds_20260905_run01/round_008/collections/round_008_caption_tts_rollout.output.jsonl
8,TTS,random440_expressivespeech_268,2,655,codec_frames,/data/L202500147/Caption/DualISL_Train_RewardV3/runs/midasheng_7b_reward_v3_10rounds_20260905_run01/round_008/collections/round_008_caption_tts_rollout.output.jsonl
8,TTS,random440_deear_099,3,99,codec_frames,/data/L202500147/Caption/DualISL_Train_RewardV3/runs/midasheng_7b_reward_v3_10rounds_20260905_run01/round_008/collections/round_008_caption_tts_rollout.output.jsonl
8,TTS,random440_expressivespeech_159,4,52,codec_frames,/data/L202500147/Caption/DualISL_Train_RewardV3/runs/midasheng_7b_reward_v3_10rounds_20260905_run01/round_008/collections/round_008_caption_tts_rollout.output.jsonl
8,TTS,random440_expressivespeech_276,5,986,codec_frames,/data/L202500147/Caption/DualISL_Train_RewardV3/runs/midasheng_7b_reward_v3_10rounds_20260905_run01/round_008/collections/round_008_caption_tts_rollout.output.jsonl
8,TTS,random440_expressivespeech_339,6,112,codec_frames,/data/L202500147/Caption/DualISL_Train_RewardV3/runs/midasheng_7b_reward_v3_10rounds_20260905_run01/round_008/collections/round_008_caption_tts_rollout.output.jsonl
8,TTS,random440_expressivespeech_299,7,689,codec_frames,/data/L202500147/Caption/DualISL_Train_RewardV3/runs/midasheng_7b_reward_v3_10rounds_20260905_run01/round_008/collections/round_008_caption_tts_rollout.output.jsonl
8,TTS,random440_expressivespeech_253,0,118,codec_frames,/data/L202500147/Caption/DualISL_Train_RewardV3/runs/midasheng_7b_reward_v3_10rounds_20260905_run01/round_008/collections/round_008_caption_tts_rollout.output.jsonl
8,TTS,random440_deear_076,1,333,codec_frames,/data/L202500147/Caption/DualISL_Train_RewardV3/runs/midasheng_7b_reward_v3_10rounds_20260905_run01/round_008/collections/round_008_caption_tts_rollout.output.jsonl
8,TTS,random440_deear_007,2,192,codec_frames,/data/L202500147/Caption/DualISL_Train_RewardV3/runs/midasheng_7b_reward_v3_10rounds_20260905_run01/round_008/collections/round_008_caption_tts_rollout.output.jsonl
8,TTS,random440_expressivespeech_051,3,432,codec_frames,/data/L202500147/Caption/DualISL_Train_RewardV3/runs/midasheng_7b_reward_v3_10rounds_20260905_run01/round_008/collections/round_008_caption_tts_rollout.output.jsonl
8,TTS,random440_expressivespeech_177,4,228,codec_frames,/data/L202500147/Caption/DualISL_Train_RewardV3/runs/midasheng_7b_reward_v3_10rounds_20260905_run01/round_008/collections/round_008_caption_tts_rollout.output.jsonl
8,TTS,random440_expressivespeech_132,5,549,codec_frames,/data/L202500147/Caption/DualISL_Train_RewardV3/runs/midasheng_7b_reward_v3_10rounds_20260905_run01/round_008/collections/round_008_caption_tts_rollout.output.jsonl
8,TTS,random440_expressivespeech_134,6,246,codec_frames,/data/L202500147/Caption/DualISL_Train_RewardV3/runs/midasheng_7b_reward_v3_10rounds_20260905_run01/round_008/collections/round_008_caption_tts_rollout.output.jsonl
8,TTS,random440_deear_041,7,341,codec_frames,/data/L202500147/Caption/DualISL_Train_RewardV3/runs/midasheng_7b_reward_v3_10rounds_20260905_run01/round_008/collections/round_008_caption_tts_rollout.output.jsonl
8,TTS,random440_expressivespeech_300,0,317,codec_frames,/data/L202500147/Caption/DualISL_Train_RewardV3/runs/midasheng_7b_reward_v3_10rounds_20260905_run01/round_008/collections/round_008_caption_tts_rollout.output.jsonl
8,TTS,random440_expressivespeech_302,1,87,codec_frames,/data/L202500147/Caption/DualISL_Train_RewardV3/runs/midasheng_7b_reward_v3_10rounds_20260905_run01/round_008/collections/round_008_caption_tts_rollout.output.jsonl
8,TTS,random440_deear_097,2,104,codec_frames,/data/L202500147/Caption/DualISL_Train_RewardV3/runs/midasheng_7b_reward_v3_10rounds_20260905_run01/round_008/collections/round_008_caption_tts_rollout.output.jsonl
8,TTS,random440_deear_073,3,112,codec_frames,/data/L202500147/Caption/DualISL_Train_RewardV3/runs/midasheng_7b_reward_v3_10rounds_20260905_run01/round_008/collections/round_008_caption_tts_rollout.output.jsonl
8,TTS,random440_deear_029,4,105,codec_frames,/data/L202500147/Caption/DualISL_Train_RewardV3/runs/midasheng_7b_reward_v3_10rounds_20260905_run01/round_008/collections/round_008_caption_tts_rollout.output.jsonl
8,TTS,random440_deear_060,5,100,codec_frames,/data/L202500147/Caption/DualISL_Train_RewardV3/runs/midasheng_7b_reward_v3_10rounds_20260905_run01/round_008/collections/round_008_caption_tts_rollout.output.jsonl
8,TTS,random440_expressivespeech_190,6,62,codec_frames,/data/L202500147/Caption/DualISL_Train_RewardV3/runs/midasheng_7b_reward_v3_10rounds_20260905_run01/round_008/collections/round_008_caption_tts_rollout.output.jsonl
8,TTS,random440_expressivespeech_198,7,295,codec_frames,/data/L202500147/Caption/DualISL_Train_RewardV3/runs/midasheng_7b_reward_v3_10rounds_20260905_run01/round_008/collections/round_008_caption_tts_rollout.output.jsonl
8,TTS,random440_deear_088,0,589,codec_frames,/data/L202500147/Caption/DualISL_Train_RewardV3/runs/midasheng_7b_reward_v3_10rounds_20260905_run01/round_008/collections/round_008_caption_tts_rollout.output.jsonl
8,TTS,random440_expressivespeech_331,1,468,codec_frames,/data/L202500147/Caption/DualISL_Train_RewardV3/runs/midasheng_7b_reward_v3_10rounds_20260905_run01/round_008/collections/round_008_caption_tts_rollout.output.jsonl
8,TTS,random440_expressivespeech_273,2,184,codec_frames,/data/L202500147/Caption/DualISL_Train_RewardV3/runs/midasheng_7b_reward_v3_10rounds_20260905_run01/round_008/collections/round_008_caption_tts_rollout.output.jsonl
8,TTS,random440_expressivespeech_141,3,1036,codec_frames,/data/L202500147/Caption/DualISL_Train_RewardV3/runs/midasheng_7b_reward_v3_10rounds_20260905_run01/round_008/collections/round_008_caption_tts_rollout.output.jsonl
8,TTS,random440_expressivespeech_156,4,113,codec_frames,/data/L202500147/Caption/DualISL_Train_RewardV3/runs/midasheng_7b_reward_v3_10rounds_20260905_run01/round_008/collections/round_008_caption_tts_rollout.output.jsonl
8,TTS,random440_expressivespeech_058,5,142,codec_frames,/data/L202500147/Caption/DualISL_Train_RewardV3/runs/midasheng_7b_reward_v3_10rounds_20260905_run01/round_008/collections/round_008_caption_tts_rollout.output.jsonl
8,TTS,random440_expressivespeech_214,6,178,codec_frames,/data/L202500147/Caption/DualISL_Train_RewardV3/runs/midasheng_7b_reward_v3_10rounds_20260905_run01/round_008/collections/round_008_caption_tts_rollout.output.jsonl
8,TTS,random440_expressivespeech_049,7,320,codec_frames,/data/L202500147/Caption/DualISL_Train_RewardV3/runs/midasheng_7b_reward_v3_10rounds_20260905_run01/round_008/collections/round_008_caption_tts_rollout.output.jsonl
8,TTS,random440_expressivespeech_332,0,113,codec_frames,/data/L202500147/Caption/DualISL_Train_RewardV3/runs/midasheng_7b_reward_v3_10rounds_20260905_run01/round_008/collections/round_008_caption_tts_rollout.output.jsonl
8,TTS,random440_expressivespeech_284,1,139,codec_frames,/data/L202500147/Caption/DualISL_Train_RewardV3/runs/midasheng_7b_reward_v3_10rounds_20260905_run01/round_008/collections/round_008_caption_tts_rollout.output.jsonl
8,TTS,random440_deear_091,2,409,codec_frames,/data/L202500147/Caption/DualISL_Train_RewardV3/runs/midasheng_7b_reward_v3_10rounds_20260905_run01/round_008/collections/round_008_caption_tts_rollout.output.jsonl
8,TTS,random440_expressivespeech_172,3,726,codec_frames,/data/L202500147/Caption/DualISL_Train_RewardV3/runs/midasheng_7b_reward_v3_10rounds_20260905_run01/round_008/collections/round_008_caption_tts_rollout.output.jsonl
8,TTS,random440_expressivespeech_139,4,488,codec_frames,/data/L202500147/Caption/DualISL_Train_RewardV3/runs/midasheng_7b_reward_v3_10rounds_20260905_run01/round_008/collections/round_008_caption_tts_rollout.output.jsonl
8,TTS,random440_expressivespeech_193,5,599,codec_frames,/data/L202500147/Caption/DualISL_Train_RewardV3/runs/midasheng_7b_reward_v3_10rounds_20260905_run01/round_008/collections/round_008_caption_tts_rollout.output.jsonl
8,TTS,random440_expressivespeech_232,6,76,codec_frames,/data/L202500147/Caption/DualISL_Train_RewardV3/runs/midasheng_7b_reward_v3_10rounds_20260905_run01/round_008/collections/round_008_caption_tts_rollout.output.jsonl
8,TTS,random440_expressivespeech_236,7,1470,codec_frames,/data/L202500147/Caption/DualISL_Train_RewardV3/runs/midasheng_7b_reward_v3_10rounds_20260905_run01/round_008/collections/round_008_caption_tts_rollout.output.jsonl
8,TTS,random440_expressivespeech_229,0,1287,codec_frames,/data/L202500147/Caption/DualISL_Train_RewardV3/runs/midasheng_7b_reward_v3_10rounds_20260905_run01/round_008/collections/round_008_caption_tts_rollout.output.jsonl
8,TTS,random440_expressivespeech_030,1,138,codec_frames,/data/L202500147/Caption/DualISL_Train_RewardV3/runs/midasheng_7b_reward_v3_10rounds_20260905_run01/round_008/collections/round_008_caption_tts_rollout.output.jsonl
8,TTS,random440_deear_043,2,323,codec_frames,/data/L202500147/Caption/DualISL_Train_RewardV3/runs/midasheng_7b_reward_v3_10rounds_20260905_run01/round_008/collections/round_008_caption_tts_rollout.output.jsonl
8,TTS,random440_expressivespeech_061,3,76,codec_frames,/data/L202500147/Caption/DualISL_Train_RewardV3/runs/midasheng_7b_reward_v3_10rounds_20260905_run01/round_008/collections/round_008_caption_tts_rollout.output.jsonl
8,TTS,random440_expressivespeech_142,4,76,codec_frames,/data/L202500147/Caption/DualISL_Train_RewardV3/runs/midasheng_7b_reward_v3_10rounds_20260905_run01/round_008/collections/round_008_caption_tts_rollout.output.jsonl
8,TTS,random440_expressivespeech_092,5,242,codec_frames,/data/L202500147/Caption/DualISL_Train_RewardV3/runs/midasheng_7b_reward_v3_10rounds_20260905_run01/round_008/collections/round_008_caption_tts_rollout.output.jsonl
8,TTS,random440_expressivespeech_322,6,67,codec_frames,/data/L202500147/Caption/DualISL_Train_RewardV3/runs/midasheng_7b_reward_v3_10rounds_20260905_run01/round_008/collections/round_008_caption_tts_rollout.output.jsonl
8,TTS,random440_expressivespeech_040,7,98,codec_frames,/data/L202500147/Caption/DualISL_Train_RewardV3/runs/midasheng_7b_reward_v3_10rounds_20260905_run01/round_008/collections/round_008_caption_tts_rollout.output.jsonl
8,TTS,random440_deear_036,0,83,codec_frames,/data/L202500147/Caption/DualISL_Train_RewardV3/runs/midasheng_7b_reward_v3_10rounds_20260905_run01/round_008/collections/round_008_caption_tts_rollout.output.jsonl
8,TTS,random440_expressivespeech_097,1,96,codec_frames,/data/L202500147/Caption/DualISL_Train_RewardV3/runs/midasheng_7b_reward_v3_10rounds_20260905_run01/round_008/collections/round_008_caption_tts_rollout.output.jsonl
8,TTS,random440_expressivespeech_308,2,254,codec_frames,/data/L202500147/Caption/DualISL_Train_RewardV3/runs/midasheng_7b_reward_v3_10rounds_20260905_run01/round_008/collections/round_008_caption_tts_rollout.output.jsonl
8,TTS,random440_expressivespeech_224,3,324,codec_frames,/data/L202500147/Caption/DualISL_Train_RewardV3/runs/midasheng_7b_reward_v3_10rounds_20260905_run01/round_008/collections/round_008_caption_tts_rollout.output.jsonl
8,TTS,random440_expressivespeech_062,4,215,codec_frames,/data/L202500147/Caption/DualISL_Train_RewardV3/runs/midasheng_7b_reward_v3_10rounds_20260905_run01/round_008/collections/round_008_caption_tts_rollout.output.jsonl
8,TTS,random440_expressivespeech_275,5,104,codec_frames,/data/L202500147/Caption/DualISL_Train_RewardV3/runs/midasheng_7b_reward_v3_10rounds_20260905_run01/round_008/collections/round_008_caption_tts_rollout.output.jsonl
8,TTS,random440_expressivespeech_174,6,711,codec_frames,/data/L202500147/Caption/DualISL_Train_RewardV3/runs/midasheng_7b_reward_v3_10rounds_20260905_run01/round_008/collections/round_008_caption_tts_rollout.output.jsonl
8,TTS,random440_expressivespeech_258,7,211,codec_frames,/data/L202500147/Caption/DualISL_Train_RewardV3/runs/midasheng_7b_reward_v3_10rounds_20260905_run01/round_008/collections/round_008_caption_tts_rollout.output.jsonl
8,TTS,random440_expressivespeech_335,0,226,codec_frames,/data/L202500147/Caption/DualISL_Train_RewardV3/runs/midasheng_7b_reward_v3_10rounds_20260905_run01/round_008/collections/round_008_caption_tts_rollout.output.jsonl
8,TTS,random440_expressivespeech_212,1,550,codec_frames,/data/L202500147/Caption/DualISL_Train_RewardV3/runs/midasheng_7b_reward_v3_10rounds_20260905_run01/round_008/collections/round_008_caption_tts_rollout.output.jsonl
8,TTS,random440_expressivespeech_006,2,361,codec_frames,/data/L202500147/Caption/DualISL_Train_RewardV3/runs/midasheng_7b_reward_v3_10rounds_20260905_run01/round_008/collections/round_008_caption_tts_rollout.output.jsonl
8,TTS,random440_expressivespeech_250,3,1481,codec_frames,/data/L202500147/Caption/DualISL_Train_RewardV3/runs/midasheng_7b_reward_v3_10rounds_20260905_run01/round_008/collections/round_008_caption_tts_rollout.output.jsonl
8,TTS,random440_deear_046,4,70,codec_frames,/data/L202500147/Caption/DualISL_Train_RewardV3/runs/midasheng_7b_reward_v3_10rounds_20260905_run01/round_008/collections/round_008_caption_tts_rollout.output.jsonl
8,TTS,random440_expressivespeech_060,5,204,codec_frames,/data/L202500147/Caption/DualISL_Train_RewardV3/runs/midasheng_7b_reward_v3_10rounds_20260905_run01/round_008/collections/round_008_caption_tts_rollout.output.jsonl
8,TTS,random440_expressivespeech_029,6,408,codec_frames,/data/L202500147/Caption/DualISL_Train_RewardV3/runs/midasheng_7b_reward_v3_10rounds_20260905_run01/round_008/collections/round_008_caption_tts_rollout.output.jsonl
8,TTS,random440_expressivespeech_114,7,184,codec_frames,/data/L202500147/Caption/DualISL_Train_RewardV3/runs/midasheng_7b_reward_v3_10rounds_20260905_run01/round_008/collections/round_008_caption_tts_rollout.output.jsonl
8,TTS,random440_expressivespeech_125,0,649,codec_frames,/data/L202500147/Caption/DualISL_Train_RewardV3/runs/midasheng_7b_reward_v3_10rounds_20260905_run01/round_008/collections/round_008_caption_tts_rollout.output.jsonl
8,TTS,random440_expressivespeech_002,1,191,codec_frames,/data/L202500147/Caption/DualISL_Train_RewardV3/runs/midasheng_7b_reward_v3_10rounds_20260905_run01/round_008/collections/round_008_caption_tts_rollout.output.jsonl
8,TTS,random440_expressivespeech_119,2,64,codec_frames,/data/L202500147/Caption/DualISL_Train_RewardV3/runs/midasheng_7b_reward_v3_10rounds_20260905_run01/round_008/collections/round_008_caption_tts_rollout.output.jsonl
8,TTS,random440_expressivespeech_170,3,67,codec_frames,/data/L202500147/Caption/DualISL_Train_RewardV3/runs/midasheng_7b_reward_v3_10rounds_20260905_run01/round_008/collections/round_008_caption_tts_rollout.output.jsonl
8,TTS,random440_expressivespeech_297,4,185,codec_frames,/data/L202500147/Caption/DualISL_Train_RewardV3/runs/midasheng_7b_reward_v3_10rounds_20260905_run01/round_008/collections/round_008_caption_tts_rollout.output.jsonl
8,TTS,random440_expressivespeech_289,5,663,codec_frames,/data/L202500147/Caption/DualISL_Train_RewardV3/runs/midasheng_7b_reward_v3_10rounds_20260905_run01/round_008/collections/round_008_caption_tts_rollout.output.jsonl
8,TTS,random440_deear_067,6,33,codec_frames,/data/L202500147/Caption/DualISL_Train_RewardV3/runs/midasheng_7b_reward_v3_10rounds_20260905_run01/round_008/collections/round_008_caption_tts_rollout.output.jsonl
8,TTS,random440_expressivespeech_318,7,809,codec_frames,/data/L202500147/Caption/DualISL_Train_RewardV3/runs/midasheng_7b_reward_v3_10rounds_20260905_run01/round_008/collections/round_008_caption_tts_rollout.output.jsonl
8,TTS,random440_expressivespeech_278,0,108,codec_frames,/data/L202500147/Caption/DualISL_Train_RewardV3/runs/midasheng_7b_reward_v3_10rounds_20260905_run01/round_008/collections/round_008_caption_tts_rollout.output.jsonl
8,TTS,random440_expressivespeech_075,1,778,codec_frames,/data/L202500147/Caption/DualISL_Train_RewardV3/runs/midasheng_7b_reward_v3_10rounds_20260905_run01/round_008/collections/round_008_caption_tts_rollout.output.jsonl
8,TTS,random440_expressivespeech_039,2,473,codec_frames,/data/L202500147/Caption/DualISL_Train_RewardV3/runs/midasheng_7b_reward_v3_10rounds_20260905_run01/round_008/collections/round_008_caption_tts_rollout.output.jsonl
8,TTS,random440_deear_028,3,140,codec_frames,/data/L202500147/Caption/DualISL_Train_RewardV3/runs/midasheng_7b_reward_v3_10rounds_20260905_run01/round_008/collections/round_008_caption_tts_rollout.output.jsonl
8,TTS,random440_deear_045,4,135,codec_frames,/data/L202500147/Caption/DualISL_Train_RewardV3/runs/midasheng_7b_reward_v3_10rounds_20260905_run01/round_008/collections/round_008_caption_tts_rollout.output.jsonl
8,TTS,random440_expressivespeech_018,5,1934,codec_frames,/data/L202500147/Caption/DualISL_Train_RewardV3/runs/midasheng_7b_reward_v3_10rounds_20260905_run01/round_008/collections/round_008_caption_tts_rollout.output.jsonl
8,TTS,random440_expressivespeech_234,6,156,codec_frames,/data/L202500147/Caption/DualISL_Train_RewardV3/runs/midasheng_7b_reward_v3_10rounds_20260905_run01/round_008/collections/round_008_caption_tts_rollout.output.jsonl
8,TTS,random440_expressivespeech_118,7,712,codec_frames,/data/L202500147/Caption/DualISL_Train_RewardV3/runs/midasheng_7b_reward_v3_10rounds_20260905_run01/round_008/collections/round_008_caption_tts_rollout.output.jsonl
8,TTS,random440_expressivespeech_257,0,447,codec_frames,/data/L202500147/Caption/DualISL_Train_RewardV3/runs/midasheng_7b_reward_v3_10rounds_20260905_run01/round_008/collections/round_008_caption_tts_rollout.output.jsonl
8,TTS,random440_expressivespeech_262,1,227,codec_frames,/data/L202500147/Caption/DualISL_Train_RewardV3/runs/midasheng_7b_reward_v3_10rounds_20260905_run01/round_008/collections/round_008_caption_tts_rollout.output.jsonl
8,TTS,random440_expressivespeech_077,2,816,codec_frames,/data/L202500147/Caption/DualISL_Train_RewardV3/runs/midasheng_7b_reward_v3_10rounds_20260905_run01/round_008/collections/round_008_caption_tts_rollout.output.jsonl
8,TTS,random440_expressivespeech_221,3,253,codec_frames,/data/L202500147/Caption/DualISL_Train_RewardV3/runs/midasheng_7b_reward_v3_10rounds_20260905_run01/round_008/collections/round_008_caption_tts_rollout.output.jsonl
8,TTS,random440_deear_051,4,562,codec_frames,/data/L202500147/Caption/DualISL_Train_RewardV3/runs/midasheng_7b_reward_v3_10rounds_20260905_run01/round_008/collections/round_008_caption_tts_rollout.output.jsonl
8,TTS,random440_expressivespeech_130,5,807,codec_frames,/data/L202500147/Caption/DualISL_Train_RewardV3/runs/midasheng_7b_reward_v3_10rounds_20260905_run01/round_008/collections/round_008_caption_tts_rollout.output.jsonl
8,TTS,random440_deear_081,6,107,codec_frames,/data/L202500147/Caption/DualISL_Train_RewardV3/runs/midasheng_7b_reward_v3_10rounds_20260905_run01/round_008/collections/round_008_caption_tts_rollout.output.jsonl
8,TTS,random440_expressivespeech_213,7,78,codec_frames,/data/L202500147/Caption/DualISL_Train_RewardV3/runs/midasheng_7b_reward_v3_10rounds_20260905_run01/round_008/collections/round_008_caption_tts_rollout.output.jsonl
8,TTS,random440_expressivespeech_173,0,43,codec_frames,/data/L202500147/Caption/DualISL_Train_RewardV3/runs/midasheng_7b_reward_v3_10rounds_20260905_run01/round_008/collections/round_008_caption_tts_rollout.output.jsonl
8,TTS,random440_deear_027,1,189,codec_frames,/data/L202500147/Caption/DualISL_Train_RewardV3/runs/midasheng_7b_reward_v3_10rounds_20260905_run01/round_008/collections/round_008_caption_tts_rollout.output.jsonl
8,TTS,random440_expressivespeech_059,2,185,codec_frames,/data/L202500147/Caption/DualISL_Train_RewardV3/runs/midasheng_7b_reward_v3_10rounds_20260905_run01/round_008/collections/round_008_caption_tts_rollout.output.jsonl
8,TTS,random440_expressivespeech_248,3,263,codec_frames,/data/L202500147/Caption/DualISL_Train_RewardV3/runs/midasheng_7b_reward_v3_10rounds_20260905_run01/round_008/collections/round_008_caption_tts_rollout.output.jsonl
8,TTS,random440_expressivespeech_108,4,982,codec_frames,/data/L202500147/Caption/DualISL_Train_RewardV3/runs/midasheng_7b_reward_v3_10rounds_20260905_run01/round_008/collections/round_008_caption_tts_rollout.output.jsonl
8,TTS,random440_expressivespeech_116,5,802,codec_frames,/data/L202500147/Caption/DualISL_Train_RewardV3/runs/midasheng_7b_reward_v3_10rounds_20260905_run01/round_008/collections/round_008_caption_tts_rollout.output.jsonl
8,TTS,random440_deear_065,6,381,codec_frames,/data/L202500147/Caption/DualISL_Train_RewardV3/runs/midasheng_7b_reward_v3_10rounds_20260905_run01/round_008/collections/round_008_caption_tts_rollout.output.jsonl
8,TTS,random440_expressivespeech_131,7,96,codec_frames,/data/L202500147/Caption/DualISL_Train_RewardV3/runs/midasheng_7b_reward_v3_10rounds_20260905_run01/round_008/collections/round_008_caption_tts_rollout.output.jsonl
8,TTS,random440_expressivespeech_320,0,185,codec_frames,/data/L202500147/Caption/DualISL_Train_RewardV3/runs/midasheng_7b_reward_v3_10rounds_20260905_run01/round_008/collections/round_008_caption_tts_rollout.output.jsonl
8,TTS,random440_expressivespeech_330,1,1026,codec_frames,/data/L202500147/Caption/DualISL_Train_RewardV3/runs/midasheng_7b_reward_v3_10rounds_20260905_run01/round_008/collections/round_008_caption_tts_rollout.output.jsonl
8,TTS,random440_expressivespeech_104,2,175,codec_frames,/data/L202500147/Caption/DualISL_Train_RewardV3/runs/midasheng_7b_reward_v3_10rounds_20260905_run01/round_008/collections/round_008_caption_tts_rollout.output.jsonl
8,TTS,random440_expressivespeech_032,3,292,codec_frames,/data/L202500147/Caption/DualISL_Train_RewardV3/runs/midasheng_7b_reward_v3_10rounds_20260905_run01/round_008/collections/round_008_caption_tts_rollout.output.jsonl
8,TTS,random440_deear_098,4,506,codec_frames,/data/L202500147/Caption/DualISL_Train_RewardV3/runs/midasheng_7b_reward_v3_10rounds_20260905_run01/round_008/collections/round_008_caption_tts_rollout.output.jsonl
8,TTS,random440_expressivespeech_305,5,266,codec_frames,/data/L202500147/Caption/DualISL_Train_RewardV3/runs/midasheng_7b_reward_v3_10rounds_20260905_run01/round_008/collections/round_008_caption_tts_rollout.output.jsonl
8,TTS,random440_expressivespeech_106,6,126,codec_frames,/data/L202500147/Caption/DualISL_Train_RewardV3/runs/midasheng_7b_reward_v3_10rounds_20260905_run01/round_008/collections/round_008_caption_tts_rollout.output.jsonl
8,TTS,random440_expressivespeech_324,7,346,codec_frames,/data/L202500147/Caption/DualISL_Train_RewardV3/runs/midasheng_7b_reward_v3_10rounds_20260905_run01/round_008/collections/round_008_caption_tts_rollout.output.jsonl
8,TTS,random440_deear_100,0,305,codec_frames,/data/L202500147/Caption/DualISL_Train_RewardV3/runs/midasheng_7b_reward_v3_10rounds_20260905_run01/round_008/collections/round_008_caption_tts_rollout.output.jsonl
8,TTS,random440_deear_004,1,1361,codec_frames,/data/L202500147/Caption/DualISL_Train_RewardV3/runs/midasheng_7b_reward_v3_10rounds_20260905_run01/round_008/collections/round_008_caption_tts_rollout.output.jsonl
8,TTS,random440_expressivespeech_066,2,238,codec_frames,/data/L202500147/Caption/DualISL_Train_RewardV3/runs/midasheng_7b_reward_v3_10rounds_20260905_run01/round_008/collections/round_008_caption_tts_rollout.output.jsonl
8,TTS,random440_expressivespeech_240,3,453,codec_frames,/data/L202500147/Caption/DualISL_Train_RewardV3/runs/midasheng_7b_reward_v3_10rounds_20260905_run01/round_008/collections/round_008_caption_tts_rollout.output.jsonl
8,TTS,random440_expressivespeech_166,4,85,codec_frames,/data/L202500147/Caption/DualISL_Train_RewardV3/runs/midasheng_7b_reward_v3_10rounds_20260905_run01/round_008/collections/round_008_caption_tts_rollout.output.jsonl
8,TTS,random440_expressivespeech_034,5,78,codec_frames,/data/L202500147/Caption/DualISL_Train_RewardV3/runs/midasheng_7b_reward_v3_10rounds_20260905_run01/round_008/collections/round_008_caption_tts_rollout.output.jsonl
8,TTS,random440_expressivespeech_151,6,599,codec_frames,/data/L202500147/Caption/DualISL_Train_RewardV3/runs/midasheng_7b_reward_v3_10rounds_20260905_run01/round_008/collections/round_008_caption_tts_rollout.output.jsonl
8,TTS,random440_expressivespeech_328,7,253,codec_frames,/data/L202500147/Caption/DualISL_Train_RewardV3/runs/midasheng_7b_reward_v3_10rounds_20260905_run01/round_008/collections/round_008_caption_tts_rollout.output.jsonl
8,TTS,random440_expressivespeech_306,0,65,codec_frames,/data/L202500147/Caption/DualISL_Train_RewardV3/runs/midasheng_7b_reward_v3_10rounds_20260905_run01/round_008/collections/round_008_caption_tts_rollout.output.jsonl
8,TTS,random440_expressivespeech_274,1,634,codec_frames,/data/L202500147/Caption/DualISL_Train_RewardV3/runs/midasheng_7b_reward_v3_10rounds_20260905_run01/round_008/collections/round_008_caption_tts_rollout.output.jsonl
8,TTS,random440_expressivespeech_023,2,211,codec_frames,/data/L202500147/Caption/DualISL_Train_RewardV3/runs/midasheng_7b_reward_v3_10rounds_20260905_run01/round_008/collections/round_008_caption_tts_rollout.output.jsonl
8,TTS,random440_expressivespeech_226,3,136,codec_frames,/data/L202500147/Caption/DualISL_Train_RewardV3/runs/midasheng_7b_reward_v3_10rounds_20260905_run01/round_008/collections/round_008_caption_tts_rollout.output.jsonl
8,TTS,random440_deear_018,4,319,codec_frames,/data/L202500147/Caption/DualISL_Train_RewardV3/runs/midasheng_7b_reward_v3_10rounds_20260905_run01/round_008/collections/round_008_caption_tts_rollout.output.jsonl
8,TTS,random440_expressivespeech_247,5,813,codec_frames,/data/L202500147/Caption/DualISL_Train_RewardV3/runs/midasheng_7b_reward_v3_10rounds_20260905_run01/round_008/collections/round_008_caption_tts_rollout.output.jsonl
8,TTS,random440_expressivespeech_196,6,277,codec_frames,/data/L202500147/Caption/DualISL_Train_RewardV3/runs/midasheng_7b_reward_v3_10rounds_20260905_run01/round_008/collections/round_008_caption_tts_rollout.output.jsonl
8,TTS,random440_expressivespeech_042,7,345,codec_frames,/data/L202500147/Caption/DualISL_Train_RewardV3/runs/midasheng_7b_reward_v3_10rounds_20260905_run01/round_008/collections/round_008_caption_tts_rollout.output.jsonl
8,TTS,random440_expressivespeech_033,0,101,codec_frames,/data/L202500147/Caption/DualISL_Train_RewardV3/runs/midasheng_7b_reward_v3_10rounds_20260905_run01/round_008/collections/round_008_caption_tts_rollout.output.jsonl
8,TTS,random440_deear_061,1,829,codec_frames,/data/L202500147/Caption/DualISL_Train_RewardV3/runs/midasheng_7b_reward_v3_10rounds_20260905_run01/round_008/collections/round_008_caption_tts_rollout.output.jsonl
8,TTS,random440_deear_020,2,422,codec_frames,/data/L202500147/Caption/DualISL_Train_RewardV3/runs/midasheng_7b_reward_v3_10rounds_20260905_run01/round_008/collections/round_008_caption_tts_rollout.output.jsonl
8,TTS,random440_deear_021,3,63,codec_frames,/data/L202500147/Caption/DualISL_Train_RewardV3/runs/midasheng_7b_reward_v3_10rounds_20260905_run01/round_008/collections/round_008_caption_tts_rollout.output.jsonl
8,TTS,random440_expressivespeech_153,4,203,codec_frames,/data/L202500147/Caption/DualISL_Train_RewardV3/runs/midasheng_7b_reward_v3_10rounds_20260905_run01/round_008/collections/round_008_caption_tts_rollout.output.jsonl
8,TTS,random440_expressivespeech_241,5,117,codec_frames,/data/L202500147/Caption/DualISL_Train_RewardV3/runs/midasheng_7b_reward_v3_10rounds_20260905_run01/round_008/collections/round_008_caption_tts_rollout.output.jsonl
8,TTS,random440_deear_058,6,98,codec_frames,/data/L202500147/Caption/DualISL_Train_RewardV3/runs/midasheng_7b_reward_v3_10rounds_20260905_run01/round_008/collections/round_008_caption_tts_rollout.output.jsonl
8,TTS,random440_expressivespeech_218,7,160,codec_frames,/data/L202500147/Caption/DualISL_Train_RewardV3/runs/midasheng_7b_reward_v3_10rounds_20260905_run01/round_008/collections/round_008_caption_tts_rollout.output.jsonl
8,TTS,random440_expressivespeech_337,0,185,codec_frames,/data/L202500147/Caption/DualISL_Train_RewardV3/runs/midasheng_7b_reward_v3_10rounds_20260905_run01/round_008/collections/round_008_caption_tts_rollout.output.jsonl
8,TTS,random440_expressivespeech_288,1,223,codec_frames,/data/L202500147/Caption/DualISL_Train_RewardV3/runs/midasheng_7b_reward_v3_10rounds_20260905_run01/round_008/collections/round_008_caption_tts_rollout.output.jsonl
8,TTS,random440_deear_068,2,69,codec_frames,/data/L202500147/Caption/DualISL_Train_RewardV3/runs/midasheng_7b_reward_v3_10rounds_20260905_run01/round_008/collections/round_008_caption_tts_rollout.output.jsonl
8,TTS,random440_expressivespeech_325,3,213,codec_frames,/data/L202500147/Caption/DualISL_Train_RewardV3/runs/midasheng_7b_reward_v3_10rounds_20260905_run01/round_008/collections/round_008_caption_tts_rollout.output.jsonl
8,TTS,random440_deear_089,4,272,codec_frames,/data/L202500147/Caption/DualISL_Train_RewardV3/runs/midasheng_7b_reward_v3_10rounds_20260905_run01/round_008/collections/round_008_caption_tts_rollout.output.jsonl
8,TTS,random440_expressivespeech_036,5,181,codec_frames,/data/L202500147/Caption/DualISL_Train_RewardV3/runs/midasheng_7b_reward_v3_10rounds_20260905_run01/round_008/collections/round_008_caption_tts_rollout.output.jsonl
8,TTS,random440_expressivespeech_048,6,62,codec_frames,/data/L202500147/Caption/DualISL_Train_RewardV3/runs/midasheng_7b_reward_v3_10rounds_20260905_run01/round_008/collections/round_008_caption_tts_rollout.output.jsonl
8,TTS,random440_expressivespeech_064,7,42,codec_frames,/data/L202500147/Caption/DualISL_Train_RewardV3/runs/midasheng_7b_reward_v3_10rounds_20260905_run01/round_008/collections/round_008_caption_tts_rollout.output.jsonl
8,TTS,random440_expressivespeech_327,0,620,codec_frames,/data/L202500147/Caption/DualISL_Train_RewardV3/runs/midasheng_7b_reward_v3_10rounds_20260905_run01/round_008/collections/round_008_caption_tts_rollout.output.jsonl
8,TTS,random440_deear_017,1,148,codec_frames,/data/L202500147/Caption/DualISL_Train_RewardV3/runs/midasheng_7b_reward_v3_10rounds_20260905_run01/round_008/collections/round_008_caption_tts_rollout.output.jsonl
8,TTS,random440_deear_075,2,159,codec_frames,/data/L202500147/Caption/DualISL_Train_RewardV3/runs/midasheng_7b_reward_v3_10rounds_20260905_run01/round_008/collections/round_008_caption_tts_rollout.output.jsonl
8,TTS,random440_expressivespeech_269,3,202,codec_frames,/data/L202500147/Caption/DualISL_Train_RewardV3/runs/midasheng_7b_reward_v3_10rounds_20260905_run01/round_008/collections/round_008_caption_tts_rollout.output.jsonl
9,Captioner,random440_expressivespeech_287,0,707,sampled_tokens,/data/L202500147/Caption/DualISL_Train_RewardV3/runs/midasheng_7b_reward_v3_10rounds_20260905_run01/round_009/collections/round_009_audio_caption_rollout.output.jsonl
9,Captioner,random440_expressivespeech_245,1,704,sampled_tokens,/data/L202500147/Caption/DualISL_Train_RewardV3/runs/midasheng_7b_reward_v3_10rounds_20260905_run01/round_009/collections/round_009_audio_caption_rollout.output.jsonl
9,Captioner,random440_expressivespeech_304,2,660,sampled_tokens,/data/L202500147/Caption/DualISL_Train_RewardV3/runs/midasheng_7b_reward_v3_10rounds_20260905_run01/round_009/collections/round_009_audio_caption_rollout.output.jsonl
9,Captioner,random440_expressivespeech_178,3,747,sampled_tokens,/data/L202500147/Caption/DualISL_Train_RewardV3/runs/midasheng_7b_reward_v3_10rounds_20260905_run01/round_009/collections/round_009_audio_caption_rollout.output.jsonl
9,Captioner,random440_deear_090,4,569,sampled_tokens,/data/L202500147/Caption/DualISL_Train_RewardV3/runs/midasheng_7b_reward_v3_10rounds_20260905_run01/round_009/collections/round_009_audio_caption_rollout.output.jsonl
9,Captioner,random440_expressivespeech_017,5,808,sampled_tokens,/data/L202500147/Caption/DualISL_Train_RewardV3/runs/midasheng_7b_reward_v3_10rounds_20260905_run01/round_009/collections/round_009_audio_caption_rollout.output.jsonl
9,Captioner,random440_expressivespeech_326,6,656,sampled_tokens,/data/L202500147/Caption/DualISL_Train_RewardV3/runs/midasheng_7b_reward_v3_10rounds_20260905_run01/round_009/collections/round_009_audio_caption_rollout.output.jsonl
9,Captioner,random440_expressivespeech_283,7,713,sampled_tokens,/data/L202500147/Caption/DualISL_Train_RewardV3/runs/midasheng_7b_reward_v3_10rounds_20260905_run01/round_009/collections/round_009_audio_caption_rollout.output.jsonl
9,Captioner,random440_expressivespeech_004,0,557,sampled_tokens,/data/L202500147/Caption/DualISL_Train_RewardV3/runs/midasheng_7b_reward_v3_10rounds_20260905_run01/round_009/collections/round_009_audio_caption_rollout.output.jsonl
9,Captioner,random440_expressivespeech_192,1,527,sampled_tokens,/data/L202500147/Caption/DualISL_Train_RewardV3/runs/midasheng_7b_reward_v3_10rounds_20260905_run01/round_009/collections/round_009_audio_caption_rollout.output.jsonl
9,Captioner,random440_deear_093,2,524,sampled_tokens,/data/L202500147/Caption/DualISL_Train_RewardV3/runs/midasheng_7b_reward_v3_10rounds_20260905_run01/round_009/collections/round_009_audio_caption_rollout.output.jsonl
9,Captioner,random440_expressivespeech_079,3,764,sampled_tokens,/data/L202500147/Caption/DualISL_Train_RewardV3/runs/midasheng_7b_reward_v3_10rounds_20260905_run01/round_009/collections/round_009_audio_caption_rollout.output.jsonl
9,Captioner,random440_expressivespeech_122,4,579,sampled_tokens,/data/L202500147/Caption/DualISL_Train_RewardV3/runs/midasheng_7b_reward_v3_10rounds_20260905_run01/round_009/collections/round_009_audio_caption_rollout.output.jsonl
9,Captioner,random440_expressivespeech_183,5,794,sampled_tokens,/data/L202500147/Caption/DualISL_Train_RewardV3/runs/midasheng_7b_reward_v3_10rounds_20260905_run01/round_009/collections/round_009_audio_caption_rollout.output.jsonl
9,Captioner,random440_deear_086,6,808,sampled_tokens,/data/L202500147/Caption/DualISL_Train_RewardV3/runs/midasheng_7b_reward_v3_10rounds_20260905_run01/round_009/collections/round_009_audio_caption_rollout.output.jsonl
9,Captioner,random440_deear_044,7,465,sampled_tokens,/data/L202500147/Caption/DualISL_Train_RewardV3/runs/midasheng_7b_reward_v3_10rounds_20260905_run01/round_009/collections/round_009_audio_caption_rollout.output.jsonl
9,Captioner,random440_expressivespeech_158,0,663,sampled_tokens,/data/L202500147/Caption/DualISL_Train_RewardV3/runs/midasheng_7b_reward_v3_10rounds_20260905_run01/round_009/collections/round_009_audio_caption_rollout.output.jsonl
9,Captioner,random440_expressivespeech_271,1,639,sampled_tokens,/data/L202500147/Caption/DualISL_Train_RewardV3/runs/midasheng_7b_reward_v3_10rounds_20260905_run01/round_009/collections/round_009_audio_caption_rollout.output.jsonl
9,Captioner,random440_expressivespeech_225,2,597,sampled_tokens,/data/L202500147/Caption/DualISL_Train_RewardV3/runs/midasheng_7b_reward_v3_10rounds_20260905_run01/round_009/collections/round_009_audio_caption_rollout.output.jsonl
9,Captioner,random440_expressivespeech_176,3,747,sampled_tokens,/data/L202500147/Caption/DualISL_Train_RewardV3/runs/midasheng_7b_reward_v3_10rounds_20260905_run01/round_009/collections/round_009_audio_caption_rollout.output.jsonl
9,Captioner,random440_deear_070,4,647,sampled_tokens,/data/L202500147/Caption/DualISL_Train_RewardV3/runs/midasheng_7b_reward_v3_10rounds_20260905_run01/round_009/collections/round_009_audio_caption_rollout.output.jsonl
9,Captioner,random440_expressivespeech_043,5,585,sampled_tokens,/data/L202500147/Caption/DualISL_Train_RewardV3/runs/midasheng_7b_reward_v3_10rounds_20260905_run01/round_009/collections/round_009_audio_caption_rollout.output.jsonl
9,Captioner,random440_expressivespeech_154,6,994,sampled_tokens,/data/L202500147/Caption/DualISL_Train_RewardV3/runs/midasheng_7b_reward_v3_10rounds_20260905_run01/round_009/collections/round_009_audio_caption_rollout.output.jsonl
9,Captioner,random440_expressivespeech_249,7,1009,sampled_tokens,/data/L202500147/Caption/DualISL_Train_RewardV3/runs/midasheng_7b_reward_v3_10rounds_20260905_run01/round_009/collections/round_009_audio_caption_rollout.output.jsonl
9,Captioner,random440_deear_072,0,681,sampled_tokens,/data/L202500147/Caption/DualISL_Train_RewardV3/runs/midasheng_7b_reward_v3_10rounds_20260905_run01/round_009/collections/round_009_audio_caption_rollout.output.jsonl
9,Captioner,random440_expressivespeech_050,1,720,sampled_tokens,/data/L202500147/Caption/DualISL_Train_RewardV3/runs/midasheng_7b_reward_v3_10rounds_20260905_run01/round_009/collections/round_009_audio_caption_rollout.output.jsonl
9,Captioner,random440_expressivespeech_046,2,849,sampled_tokens,/data/L202500147/Caption/DualISL_Train_RewardV3/runs/midasheng_7b_reward_v3_10rounds_20260905_run01/round_009/collections/round_009_audio_caption_rollout.output.jsonl
9,Captioner,random440_expressivespeech_011,3,645,sampled_tokens,/data/L202500147/Caption/DualISL_Train_RewardV3/runs/midasheng_7b_reward_v3_10rounds_20260905_run01/round_009/collections/round_009_audio_caption_rollout.output.jsonl
9,Captioner,random440_expressivespeech_167,4,553,sampled_tokens,/data/L202500147/Caption/DualISL_Train_RewardV3/runs/midasheng_7b_reward_v3_10rounds_20260905_run01/round_009/collections/round_009_audio_caption_rollout.output.jsonl
9,Captioner,random440_expressivespeech_227,5,687,sampled_tokens,/data/L202500147/Caption/DualISL_Train_RewardV3/runs/midasheng_7b_reward_v3_10rounds_20260905_run01/round_009/collections/round_009_audio_caption_rollout.output.jsonl
9,Captioner,random440_expressivespeech_175,6,814,sampled_tokens,/data/L202500147/Caption/DualISL_Train_RewardV3/runs/midasheng_7b_reward_v3_10rounds_20260905_run01/round_009/collections/round_009_audio_caption_rollout.output.jsonl
9,Captioner,random440_expressivespeech_160,7,569,sampled_tokens,/data/L202500147/Caption/DualISL_Train_RewardV3/runs/midasheng_7b_reward_v3_10rounds_20260905_run01/round_009/collections/round_009_audio_caption_rollout.output.jsonl
9,Captioner,random440_expressivespeech_202,0,660,sampled_tokens,/data/L202500147/Caption/DualISL_Train_RewardV3/runs/midasheng_7b_reward_v3_10rounds_20260905_run01/round_009/collections/round_009_audio_caption_rollout.output.jsonl
9,Captioner,random440_expressivespeech_314,1,527,sampled_tokens,/data/L202500147/Caption/DualISL_Train_RewardV3/runs/midasheng_7b_reward_v3_10rounds_20260905_run01/round_009/collections/round_009_audio_caption_rollout.output.jsonl
9,Captioner,random440_expressivespeech_238,2,547,sampled_tokens,/data/L202500147/Caption/DualISL_Train_RewardV3/runs/midasheng_7b_reward_v3_10rounds_20260905_run01/round_009/collections/round_009_audio_caption_rollout.output.jsonl
9,Captioner,random440_expressivespeech_179,3,692,sampled_tokens,/data/L202500147/Caption/DualISL_Train_RewardV3/runs/midasheng_7b_reward_v3_10rounds_20260905_run01/round_009/collections/round_009_audio_caption_rollout.output.jsonl
9,Captioner,random440_deear_054,4,650,sampled_tokens,/data/L202500147/Caption/DualISL_Train_RewardV3/runs/midasheng_7b_reward_v3_10rounds_20260905_run01/round_009/collections/round_009_audio_caption_rollout.output.jsonl
9,Captioner,random440_deear_037,5,582,sampled_tokens,/data/L202500147/Caption/DualISL_Train_RewardV3/runs/midasheng_7b_reward_v3_10rounds_20260905_run01/round_009/collections/round_009_audio_caption_rollout.output.jsonl
9,Captioner,random440_expressivespeech_220,6,676,sampled_tokens,/data/L202500147/Caption/DualISL_Train_RewardV3/runs/midasheng_7b_reward_v3_10rounds_20260905_run01/round_009/collections/round_009_audio_caption_rollout.output.jsonl
9,Captioner,random440_expressivespeech_228,7,791,sampled_tokens,/data/L202500147/Caption/DualISL_Train_RewardV3/runs/midasheng_7b_reward_v3_10rounds_20260905_run01/round_009/collections/round_009_audio_caption_rollout.output.jsonl
9,Captioner,random440_expressivespeech_272,0,680,sampled_tokens,/data/L202500147/Caption/DualISL_Train_RewardV3/runs/midasheng_7b_reward_v3_10rounds_20260905_run01/round_009/collections/round_009_audio_caption_rollout.output.jsonl
9,Captioner,random440_expressivespeech_285,1,730,sampled_tokens,/data/L202500147/Caption/DualISL_Train_RewardV3/runs/midasheng_7b_reward_v3_10rounds_20260905_run01/round_009/collections/round_009_audio_caption_rollout.output.jsonl
9,Captioner,random440_expressivespeech_013,2,662,sampled_tokens,/data/L202500147/Caption/DualISL_Train_RewardV3/runs/midasheng_7b_reward_v3_10rounds_20260905_run01/round_009/collections/round_009_audio_caption_rollout.output.jsonl
9,Captioner,random440_expressivespeech_290,3,710,sampled_tokens,/data/L202500147/Caption/DualISL_Train_RewardV3/runs/midasheng_7b_reward_v3_10rounds_20260905_run01/round_009/collections/round_009_audio_caption_rollout.output.jsonl
9,Captioner,random440_expressivespeech_256,4,602,sampled_tokens,/data/L202500147/Caption/DualISL_Train_RewardV3/runs/midasheng_7b_reward_v3_10rounds_20260905_run01/round_009/collections/round_009_audio_caption_rollout.output.jsonl
9,Captioner,random440_expressivespeech_083,5,747,sampled_tokens,/data/L202500147/Caption/DualISL_Train_RewardV3/runs/midasheng_7b_reward_v3_10rounds_20260905_run01/round_009/collections/round_009_audio_caption_rollout.output.jsonl
9,Captioner,random440_expressivespeech_126,6,469,sampled_tokens,/data/L202500147/Caption/DualISL_Train_RewardV3/runs/midasheng_7b_reward_v3_10rounds_20260905_run01/round_009/collections/round_009_audio_caption_rollout.output.jsonl
9,Captioner,random440_expressivespeech_087,7,826,sampled_tokens,/data/L202500147/Caption/DualISL_Train_RewardV3/runs/midasheng_7b_reward_v3_10rounds_20260905_run01/round_009/collections/round_009_audio_caption_rollout.output.jsonl
9,Captioner,random440_expressivespeech_109,0,683,sampled_tokens,/data/L202500147/Caption/DualISL_Train_RewardV3/runs/midasheng_7b_reward_v3_10rounds_20260905_run01/round_009/collections/round_009_audio_caption_rollout.output.jsonl
9,Captioner,random440_expressivespeech_135,1,665,sampled_tokens,/data/L202500147/Caption/DualISL_Train_RewardV3/runs/midasheng_7b_reward_v3_10rounds_20260905_run01/round_009/collections/round_009_audio_caption_rollout.output.jsonl
9,Captioner,random440_deear_032,2,694,sampled_tokens,/data/L202500147/Caption/DualISL_Train_RewardV3/runs/midasheng_7b_reward_v3_10rounds_20260905_run01/round_009/collections/round_009_audio_caption_rollout.output.jsonl
9,Captioner,random440_expressivespeech_197,3,660,sampled_tokens,/data/L202500147/Caption/DualISL_Train_RewardV3/runs/midasheng_7b_reward_v3_10rounds_20260905_run01/round_009/collections/round_009_audio_caption_rollout.output.jsonl
9,Captioner,random440_expressivespeech_181,4,788,sampled_tokens,/data/L202500147/Caption/DualISL_Train_RewardV3/runs/midasheng_7b_reward_v3_10rounds_20260905_run01/round_009/collections/round_009_audio_caption_rollout.output.jsonl
9,Captioner,random440_deear_003,5,586,sampled_tokens,/data/L202500147/Caption/DualISL_Train_RewardV3/runs/midasheng_7b_reward_v3_10rounds_20260905_run01/round_009/collections/round_009_audio_caption_rollout.output.jsonl
9,Captioner,random440_deear_049,6,513,sampled_tokens,/data/L202500147/Caption/DualISL_Train_RewardV3/runs/midasheng_7b_reward_v3_10rounds_20260905_run01/round_009/collections/round_009_audio_caption_rollout.output.jsonl
9,Captioner,random440_expressivespeech_007,7,669,sampled_tokens,/data/L202500147/Caption/DualISL_Train_RewardV3/runs/midasheng_7b_reward_v3_10rounds_20260905_run01/round_009/collections/round_009_audio_caption_rollout.output.jsonl
9,Captioner,random440_expressivespeech_235,0,798,sampled_tokens,/data/L202500147/Caption/DualISL_Train_RewardV3/runs/midasheng_7b_reward_v3_10rounds_20260905_run01/round_009/collections/round_009_audio_caption_rollout.output.jsonl
9,Captioner,random440_expressivespeech_157,1,475,sampled_tokens,/data/L202500147/Caption/DualISL_Train_RewardV3/runs/midasheng_7b_reward_v3_10rounds_20260905_run01/round_009/collections/round_009_audio_caption_rollout.output.jsonl
9,Captioner,random440_expressivespeech_063,2,559,sampled_tokens,/data/L202500147/Caption/DualISL_Train_RewardV3/runs/midasheng_7b_reward_v3_10rounds_20260905_run01/round_009/collections/round_009_audio_caption_rollout.output.jsonl
9,Captioner,random440_expressivespeech_089,3,568,sampled_tokens,/data/L202500147/Caption/DualISL_Train_RewardV3/runs/midasheng_7b_reward_v3_10rounds_20260905_run01/round_009/collections/round_009_audio_caption_rollout.output.jsonl
9,Captioner,random440_expressivespeech_113,4,646,sampled_tokens,/data/L202500147/Caption/DualISL_Train_RewardV3/runs/midasheng_7b_reward_v3_10rounds_20260905_run01/round_009/collections/round_009_audio_caption_rollout.output.jsonl
9,Captioner,random440_expressivespeech_020,5,623,sampled_tokens,/data/L202500147/Caption/DualISL_Train_RewardV3/runs/midasheng_7b_reward_v3_10rounds_20260905_run01/round_009/collections/round_009_audio_caption_rollout.output.jsonl
9,Captioner,random440_expressivespeech_028,6,722,sampled_tokens,/data/L202500147/Caption/DualISL_Train_RewardV3/runs/midasheng_7b_reward_v3_10rounds_20260905_run01/round_009/collections/round_009_audio_caption_rollout.output.jsonl
9,Captioner,random440_deear_084,7,1017,sampled_tokens,/data/L202500147/Caption/DualISL_Train_RewardV3/runs/midasheng_7b_reward_v3_10rounds_20260905_run01/round_009/collections/round_009_audio_caption_rollout.output.jsonl
9,Captioner,random440_expressivespeech_093,0,804,sampled_tokens,/data/L202500147/Caption/DualISL_Train_RewardV3/runs/midasheng_7b_reward_v3_10rounds_20260905_run01/round_009/collections/round_009_audio_caption_rollout.output.jsonl
9,Captioner,random440_expressivespeech_222,1,831,sampled_tokens,/data/L202500147/Caption/DualISL_Train_RewardV3/runs/midasheng_7b_reward_v3_10rounds_20260905_run01/round_009/collections/round_009_audio_caption_rollout.output.jsonl
9,Captioner,random440_deear_015,2,538,sampled_tokens,/data/L202500147/Caption/DualISL_Train_RewardV3/runs/midasheng_7b_reward_v3_10rounds_20260905_run01/round_009/collections/round_009_audio_caption_rollout.output.jsonl
9,Captioner,random440_deear_083,3,661,sampled_tokens,/data/L202500147/Caption/DualISL_Train_RewardV3/runs/midasheng_7b_reward_v3_10rounds_20260905_run01/round_009/collections/round_009_audio_caption_rollout.output.jsonl
9,Captioner,random440_deear_096,4,708,sampled_tokens,/data/L202500147/Caption/DualISL_Train_RewardV3/runs/midasheng_7b_reward_v3_10rounds_20260905_run01/round_009/collections/round_009_audio_caption_rollout.output.jsonl
9,Captioner,random440_expressivespeech_219,5,621,sampled_tokens,/data/L202500147/Caption/DualISL_Train_RewardV3/runs/midasheng_7b_reward_v3_10rounds_20260905_run01/round_009/collections/round_009_audio_caption_rollout.output.jsonl
9,Captioner,random440_deear_082,6,552,sampled_tokens,/data/L202500147/Caption/DualISL_Train_RewardV3/runs/midasheng_7b_reward_v3_10rounds_20260905_run01/round_009/collections/round_009_audio_caption_rollout.output.jsonl
9,Captioner,random440_expressivespeech_208,7,705,sampled_tokens,/data/L202500147/Caption/DualISL_Train_RewardV3/runs/midasheng_7b_reward_v3_10rounds_20260905_run01/round_009/collections/round_009_audio_caption_rollout.output.jsonl
9,Captioner,random440_expressivespeech_035,0,765,sampled_tokens,/data/L202500147/Caption/DualISL_Train_RewardV3/runs/midasheng_7b_reward_v3_10rounds_20260905_run01/round_009/collections/round_009_audio_caption_rollout.output.jsonl
9,Captioner,random440_expressivespeech_147,1,763,sampled_tokens,/data/L202500147/Caption/DualISL_Train_RewardV3/runs/midasheng_7b_reward_v3_10rounds_20260905_run01/round_009/collections/round_009_audio_caption_rollout.output.jsonl
9,Captioner,random440_expressivespeech_266,2,539,sampled_tokens,/data/L202500147/Caption/DualISL_Train_RewardV3/runs/midasheng_7b_reward_v3_10rounds_20260905_run01/round_009/collections/round_009_audio_caption_rollout.output.jsonl
9,Captioner,random440_expressivespeech_188,3,655,sampled_tokens,/data/L202500147/Caption/DualISL_Train_RewardV3/runs/midasheng_7b_reward_v3_10rounds_20260905_run01/round_009/collections/round_009_audio_caption_rollout.output.jsonl
9,Captioner,random440_expressivespeech_045,4,726,sampled_tokens,/data/L202500147/Caption/DualISL_Train_RewardV3/runs/midasheng_7b_reward_v3_10rounds_20260905_run01/round_009/collections/round_009_audio_caption_rollout.output.jsonl
9,Captioner,random440_deear_092,5,797,sampled_tokens,/data/L202500147/Caption/DualISL_Train_RewardV3/runs/midasheng_7b_reward_v3_10rounds_20260905_run01/round_009/collections/round_009_audio_caption_rollout.output.jsonl
9,Captioner,random440_expressivespeech_019,6,827,sampled_tokens,/data/L202500147/Caption/DualISL_Train_RewardV3/runs/midasheng_7b_reward_v3_10rounds_20260905_run01/round_009/collections/round_009_audio_caption_rollout.output.jsonl
9,Captioner,random440_expressivespeech_313,7,949,sampled_tokens,/data/L202500147/Caption/DualISL_Train_RewardV3/runs/midasheng_7b_reward_v3_10rounds_20260905_run01/round_009/collections/round_009_audio_caption_rollout.output.jsonl
9,Captioner,random440_deear_047,0,714,sampled_tokens,/data/L202500147/Caption/DualISL_Train_RewardV3/runs/midasheng_7b_reward_v3_10rounds_20260905_run01/round_009/collections/round_009_audio_caption_rollout.output.jsonl
9,Captioner,random440_expressivespeech_069,1,470,sampled_tokens,/data/L202500147/Caption/DualISL_Train_RewardV3/runs/midasheng_7b_reward_v3_10rounds_20260905_run01/round_009/collections/round_009_audio_caption_rollout.output.jsonl
9,Captioner,random440_deear_024,2,797,sampled_tokens,/data/L202500147/Caption/DualISL_Train_RewardV3/runs/midasheng_7b_reward_v3_10rounds_20260905_run01/round_009/collections/round_009_audio_caption_rollout.output.jsonl
9,Captioner,random440_expressivespeech_187,3,611,sampled_tokens,/data/L202500147/Caption/DualISL_Train_RewardV3/runs/midasheng_7b_reward_v3_10rounds_20260905_run01/round_009/collections/round_009_audio_caption_rollout.output.jsonl
9,Captioner,random440_expressivespeech_088,4,618,sampled_tokens,/data/L202500147/Caption/DualISL_Train_RewardV3/runs/midasheng_7b_reward_v3_10rounds_20260905_run01/round_009/collections/round_009_audio_caption_rollout.output.jsonl
9,Captioner,random440_expressivespeech_009,5,683,sampled_tokens,/data/L202500147/Caption/DualISL_Train_RewardV3/runs/midasheng_7b_reward_v3_10rounds_20260905_run01/round_009/collections/round_009_audio_caption_rollout.output.jsonl
9,Captioner,random440_expressivespeech_168,6,735,sampled_tokens,/data/L202500147/Caption/DualISL_Train_RewardV3/runs/midasheng_7b_reward_v3_10rounds_20260905_run01/round_009/collections/round_009_audio_caption_rollout.output.jsonl
9,Captioner,random440_expressivespeech_252,7,606,sampled_tokens,/data/L202500147/Caption/DualISL_Train_RewardV3/runs/midasheng_7b_reward_v3_10rounds_20260905_run01/round_009/collections/round_009_audio_caption_rollout.output.jsonl
9,Captioner,random440_expressivespeech_095,0,880,sampled_tokens,/data/L202500147/Caption/DualISL_Train_RewardV3/runs/midasheng_7b_reward_v3_10rounds_20260905_run01/round_009/collections/round_009_audio_caption_rollout.output.jsonl
9,Captioner,random440_expressivespeech_090,1,488,sampled_tokens,/data/L202500147/Caption/DualISL_Train_RewardV3/runs/midasheng_7b_reward_v3_10rounds_20260905_run01/round_009/collections/round_009_audio_caption_rollout.output.jsonl
9,Captioner,random440_expressivespeech_053,2,678,sampled_tokens,/data/L202500147/Caption/DualISL_Train_RewardV3/runs/midasheng_7b_reward_v3_10rounds_20260905_run01/round_009/collections/round_009_audio_caption_rollout.output.jsonl
9,Captioner,random440_expressivespeech_165,3,519,sampled_tokens,/data/L202500147/Caption/DualISL_Train_RewardV3/runs/midasheng_7b_reward_v3_10rounds_20260905_run01/round_009/collections/round_009_audio_caption_rollout.output.jsonl
9,Captioner,random440_deear_010,4,711,sampled_tokens,/data/L202500147/Caption/DualISL_Train_RewardV3/runs/midasheng_7b_reward_v3_10rounds_20260905_run01/round_009/collections/round_009_audio_caption_rollout.output.jsonl
9,Captioner,random440_expressivespeech_312,5,668,sampled_tokens,/data/L202500147/Caption/DualISL_Train_RewardV3/runs/midasheng_7b_reward_v3_10rounds_20260905_run01/round_009/collections/round_009_audio_caption_rollout.output.jsonl
9,Captioner,random440_expressivespeech_057,6,896,sampled_tokens,/data/L202500147/Caption/DualISL_Train_RewardV3/runs/midasheng_7b_reward_v3_10rounds_20260905_run01/round_009/collections/round_009_audio_caption_rollout.output.jsonl
9,Captioner,random440_expressivespeech_309,7,847,sampled_tokens,/data/L202500147/Caption/DualISL_Train_RewardV3/runs/midasheng_7b_reward_v3_10rounds_20260905_run01/round_009/collections/round_009_audio_caption_rollout.output.jsonl
9,Captioner,random440_expressivespeech_076,0,791,sampled_tokens,/data/L202500147/Caption/DualISL_Train_RewardV3/runs/midasheng_7b_reward_v3_10rounds_20260905_run01/round_009/collections/round_009_audio_caption_rollout.output.jsonl
9,Captioner,random440_expressivespeech_292,1,796,sampled_tokens,/data/L202500147/Caption/DualISL_Train_RewardV3/runs/midasheng_7b_reward_v3_10rounds_20260905_run01/round_009/collections/round_009_audio_caption_rollout.output.jsonl
9,Captioner,random440_expressivespeech_148,2,748,sampled_tokens,/data/L202500147/Caption/DualISL_Train_RewardV3/runs/midasheng_7b_reward_v3_10rounds_20260905_run01/round_009/collections/round_009_audio_caption_rollout.output.jsonl
9,Captioner,random440_expressivespeech_111,3,391,sampled_tokens,/data/L202500147/Caption/DualISL_Train_RewardV3/runs/midasheng_7b_reward_v3_10rounds_20260905_run01/round_009/collections/round_009_audio_caption_rollout.output.jsonl
9,Captioner,random440_expressivespeech_016,4,830,sampled_tokens,/data/L202500147/Caption/DualISL_Train_RewardV3/runs/midasheng_7b_reward_v3_10rounds_20260905_run01/round_009/collections/round_009_audio_caption_rollout.output.jsonl
9,Captioner,random440_deear_016,5,627,sampled_tokens,/data/L202500147/Caption/DualISL_Train_RewardV3/runs/midasheng_7b_reward_v3_10rounds_20260905_run01/round_009/collections/round_009_audio_caption_rollout.output.jsonl
9,Captioner,random440_expressivespeech_138,6,866,sampled_tokens,/data/L202500147/Caption/DualISL_Train_RewardV3/runs/midasheng_7b_reward_v3_10rounds_20260905_run01/round_009/collections/round_009_audio_caption_rollout.output.jsonl
9,Captioner,random440_expressivespeech_254,7,746,sampled_tokens,/data/L202500147/Caption/DualISL_Train_RewardV3/runs/midasheng_7b_reward_v3_10rounds_20260905_run01/round_009/collections/round_009_audio_caption_rollout.output.jsonl
9,Captioner,random440_deear_087,0,570,sampled_tokens,/data/L202500147/Caption/DualISL_Train_RewardV3/runs/midasheng_7b_reward_v3_10rounds_20260905_run01/round_009/collections/round_009_audio_caption_rollout.output.jsonl
9,Captioner,random440_expressivespeech_246,1,658,sampled_tokens,/data/L202500147/Caption/DualISL_Train_RewardV3/runs/midasheng_7b_reward_v3_10rounds_20260905_run01/round_009/collections/round_009_audio_caption_rollout.output.jsonl
9,Captioner,random440_expressivespeech_338,2,681,sampled_tokens,/data/L202500147/Caption/DualISL_Train_RewardV3/runs/midasheng_7b_reward_v3_10rounds_20260905_run01/round_009/collections/round_009_audio_caption_rollout.output.jsonl
9,Captioner,random440_expressivespeech_215,3,801,sampled_tokens,/data/L202500147/Caption/DualISL_Train_RewardV3/runs/midasheng_7b_reward_v3_10rounds_20260905_run01/round_009/collections/round_009_audio_caption_rollout.output.jsonl
9,Captioner,random440_expressivespeech_031,4,802,sampled_tokens,/data/L202500147/Caption/DualISL_Train_RewardV3/runs/midasheng_7b_reward_v3_10rounds_20260905_run01/round_009/collections/round_009_audio_caption_rollout.output.jsonl
9,Captioner,random440_expressivespeech_068,5,939,sampled_tokens,/data/L202500147/Caption/DualISL_Train_RewardV3/runs/midasheng_7b_reward_v3_10rounds_20260905_run01/round_009/collections/round_009_audio_caption_rollout.output.jsonl
9,Captioner,random440_expressivespeech_310,6,673,sampled_tokens,/data/L202500147/Caption/DualISL_Train_RewardV3/runs/midasheng_7b_reward_v3_10rounds_20260905_run01/round_009/collections/round_009_audio_caption_rollout.output.jsonl
9,Captioner,random440_expressivespeech_101,7,752,sampled_tokens,/data/L202500147/Caption/DualISL_Train_RewardV3/runs/midasheng_7b_reward_v3_10rounds_20260905_run01/round_009/collections/round_009_audio_caption_rollout.output.jsonl
9,Captioner,random440_deear_014,0,617,sampled_tokens,/data/L202500147/Caption/DualISL_Train_RewardV3/runs/midasheng_7b_reward_v3_10rounds_20260905_run01/round_009/collections/round_009_audio_caption_rollout.output.jsonl
9,Captioner,random440_expressivespeech_041,1,940,sampled_tokens,/data/L202500147/Caption/DualISL_Train_RewardV3/runs/midasheng_7b_reward_v3_10rounds_20260905_run01/round_009/collections/round_009_audio_caption_rollout.output.jsonl
9,Captioner,random440_expressivespeech_319,2,809,sampled_tokens,/data/L202500147/Caption/DualISL_Train_RewardV3/runs/midasheng_7b_reward_v3_10rounds_20260905_run01/round_009/collections/round_009_audio_caption_rollout.output.jsonl
9,Captioner,random440_deear_040,3,536,sampled_tokens,/data/L202500147/Caption/DualISL_Train_RewardV3/runs/midasheng_7b_reward_v3_10rounds_20260905_run01/round_009/collections/round_009_audio_caption_rollout.output.jsonl
9,Captioner,random440_expressivespeech_185,4,646,sampled_tokens,/data/L202500147/Caption/DualISL_Train_RewardV3/runs/midasheng_7b_reward_v3_10rounds_20260905_run01/round_009/collections/round_009_audio_caption_rollout.output.jsonl
9,Captioner,random440_expressivespeech_340,5,871,sampled_tokens,/data/L202500147/Caption/DualISL_Train_RewardV3/runs/midasheng_7b_reward_v3_10rounds_20260905_run01/round_009/collections/round_009_audio_caption_rollout.output.jsonl
9,Captioner,random440_expressivespeech_294,6,643,sampled_tokens,/data/L202500147/Caption/DualISL_Train_RewardV3/runs/midasheng_7b_reward_v3_10rounds_20260905_run01/round_009/collections/round_009_audio_caption_rollout.output.jsonl
9,Captioner,random440_expressivespeech_270,7,688,sampled_tokens,/data/L202500147/Caption/DualISL_Train_RewardV3/runs/midasheng_7b_reward_v3_10rounds_20260905_run01/round_009/collections/round_009_audio_caption_rollout.output.jsonl
9,Captioner,random440_expressivespeech_334,0,765,sampled_tokens,/data/L202500147/Caption/DualISL_Train_RewardV3/runs/midasheng_7b_reward_v3_10rounds_20260905_run01/round_009/collections/round_009_audio_caption_rollout.output.jsonl
9,Captioner,random440_expressivespeech_080,1,646,sampled_tokens,/data/L202500147/Caption/DualISL_Train_RewardV3/runs/midasheng_7b_reward_v3_10rounds_20260905_run01/round_009/collections/round_009_audio_caption_rollout.output.jsonl
9,Captioner,random440_expressivespeech_329,2,632,sampled_tokens,/data/L202500147/Caption/DualISL_Train_RewardV3/runs/midasheng_7b_reward_v3_10rounds_20260905_run01/round_009/collections/round_009_audio_caption_rollout.output.jsonl
9,Captioner,random440_expressivespeech_110,3,702,sampled_tokens,/data/L202500147/Caption/DualISL_Train_RewardV3/runs/midasheng_7b_reward_v3_10rounds_20260905_run01/round_009/collections/round_009_audio_caption_rollout.output.jsonl
9,Captioner,random440_expressivespeech_180,4,631,sampled_tokens,/data/L202500147/Caption/DualISL_Train_RewardV3/runs/midasheng_7b_reward_v3_10rounds_20260905_run01/round_009/collections/round_009_audio_caption_rollout.output.jsonl
9,Captioner,random440_expressivespeech_107,5,721,sampled_tokens,/data/L202500147/Caption/DualISL_Train_RewardV3/runs/midasheng_7b_reward_v3_10rounds_20260905_run01/round_009/collections/round_009_audio_caption_rollout.output.jsonl
9,Captioner,random440_expressivespeech_025,6,552,sampled_tokens,/data/L202500147/Caption/DualISL_Train_RewardV3/runs/midasheng_7b_reward_v3_10rounds_20260905_run01/round_009/collections/round_009_audio_caption_rollout.output.jsonl
9,Captioner,random440_expressivespeech_096,7,710,sampled_tokens,/data/L202500147/Caption/DualISL_Train_RewardV3/runs/midasheng_7b_reward_v3_10rounds_20260905_run01/round_009/collections/round_009_audio_caption_rollout.output.jsonl
9,Captioner,random440_deear_030,0,706,sampled_tokens,/data/L202500147/Caption/DualISL_Train_RewardV3/runs/midasheng_7b_reward_v3_10rounds_20260905_run01/round_009/collections/round_009_audio_caption_rollout.output.jsonl
9,Captioner,random440_expressivespeech_315,1,673,sampled_tokens,/data/L202500147/Caption/DualISL_Train_RewardV3/runs/midasheng_7b_reward_v3_10rounds_20260905_run01/round_009/collections/round_009_audio_caption_rollout.output.jsonl
9,Captioner,random440_expressivespeech_265,2,710,sampled_tokens,/data/L202500147/Caption/DualISL_Train_RewardV3/runs/midasheng_7b_reward_v3_10rounds_20260905_run01/round_009/collections/round_009_audio_caption_rollout.output.jsonl
9,Captioner,random440_expressivespeech_027,3,751,sampled_tokens,/data/L202500147/Caption/DualISL_Train_RewardV3/runs/midasheng_7b_reward_v3_10rounds_20260905_run01/round_009/collections/round_009_audio_caption_rollout.output.jsonl
9,Captioner,random440_expressivespeech_155,4,837,sampled_tokens,/data/L202500147/Caption/DualISL_Train_RewardV3/runs/midasheng_7b_reward_v3_10rounds_20260905_run01/round_009/collections/round_009_audio_caption_rollout.output.jsonl
9,Captioner,random440_expressivespeech_010,5,470,sampled_tokens,/data/L202500147/Caption/DualISL_Train_RewardV3/runs/midasheng_7b_reward_v3_10rounds_20260905_run01/round_009/collections/round_009_audio_caption_rollout.output.jsonl
9,Captioner,random440_expressivespeech_295,6,705,sampled_tokens,/data/L202500147/Caption/DualISL_Train_RewardV3/runs/midasheng_7b_reward_v3_10rounds_20260905_run01/round_009/collections/round_009_audio_caption_rollout.output.jsonl
9,Captioner,random440_expressivespeech_150,7,634,sampled_tokens,/data/L202500147/Caption/DualISL_Train_RewardV3/runs/midasheng_7b_reward_v3_10rounds_20260905_run01/round_009/collections/round_009_audio_caption_rollout.output.jsonl
9,Captioner,random440_expressivespeech_211,0,860,sampled_tokens,/data/L202500147/Caption/DualISL_Train_RewardV3/runs/midasheng_7b_reward_v3_10rounds_20260905_run01/round_009/collections/round_009_audio_caption_rollout.output.jsonl
9,Captioner,random440_deear_062,1,666,sampled_tokens,/data/L202500147/Caption/DualISL_Train_RewardV3/runs/midasheng_7b_reward_v3_10rounds_20260905_run01/round_009/collections/round_009_audio_caption_rollout.output.jsonl
9,Captioner,random440_expressivespeech_026,2,571,sampled_tokens,/data/L202500147/Caption/DualISL_Train_RewardV3/runs/midasheng_7b_reward_v3_10rounds_20260905_run01/round_009/collections/round_009_audio_caption_rollout.output.jsonl
9,Captioner,random440_expressivespeech_102,3,471,sampled_tokens,/data/L202500147/Caption/DualISL_Train_RewardV3/runs/midasheng_7b_reward_v3_10rounds_20260905_run01/round_009/collections/round_009_audio_caption_rollout.output.jsonl
9,Captioner,random440_deear_080,4,600,sampled_tokens,/data/L202500147/Caption/DualISL_Train_RewardV3/runs/midasheng_7b_reward_v3_10rounds_20260905_run01/round_009/collections/round_009_audio_caption_rollout.output.jsonl
9,Captioner,random440_expressivespeech_137,5,611,sampled_tokens,/data/L202500147/Caption/DualISL_Train_RewardV3/runs/midasheng_7b_reward_v3_10rounds_20260905_run01/round_009/collections/round_009_audio_caption_rollout.output.jsonl
9,Captioner,random440_expressivespeech_074,6,806,sampled_tokens,/data/L202500147/Caption/DualISL_Train_RewardV3/runs/midasheng_7b_reward_v3_10rounds_20260905_run01/round_009/collections/round_009_audio_caption_rollout.output.jsonl
9,Captioner,random440_expressivespeech_073,7,877,sampled_tokens,/data/L202500147/Caption/DualISL_Train_RewardV3/runs/midasheng_7b_reward_v3_10rounds_20260905_run01/round_009/collections/round_009_audio_caption_rollout.output.jsonl
9,Captioner,random440_expressivespeech_233,0,893,sampled_tokens,/data/L202500147/Caption/DualISL_Train_RewardV3/runs/midasheng_7b_reward_v3_10rounds_20260905_run01/round_009/collections/round_009_audio_caption_rollout.output.jsonl
9,Captioner,random440_expressivespeech_128,1,615,sampled_tokens,/data/L202500147/Caption/DualISL_Train_RewardV3/runs/midasheng_7b_reward_v3_10rounds_20260905_run01/round_009/collections/round_009_audio_caption_rollout.output.jsonl
9,Captioner,random440_expressivespeech_279,2,644,sampled_tokens,/data/L202500147/Caption/DualISL_Train_RewardV3/runs/midasheng_7b_reward_v3_10rounds_20260905_run01/round_009/collections/round_009_audio_caption_rollout.output.jsonl
9,Captioner,random440_expressivespeech_146,3,795,sampled_tokens,/data/L202500147/Caption/DualISL_Train_RewardV3/runs/midasheng_7b_reward_v3_10rounds_20260905_run01/round_009/collections/round_009_audio_caption_rollout.output.jsonl
9,Captioner,random440_expressivespeech_223,4,500,sampled_tokens,/data/L202500147/Caption/DualISL_Train_RewardV3/runs/midasheng_7b_reward_v3_10rounds_20260905_run01/round_009/collections/round_009_audio_caption_rollout.output.jsonl
9,Captioner,random440_deear_078,5,476,sampled_tokens,/data/L202500147/Caption/DualISL_Train_RewardV3/runs/midasheng_7b_reward_v3_10rounds_20260905_run01/round_009/collections/round_009_audio_caption_rollout.output.jsonl
9,Captioner,random440_expressivespeech_055,6,585,sampled_tokens,/data/L202500147/Caption/DualISL_Train_RewardV3/runs/midasheng_7b_reward_v3_10rounds_20260905_run01/round_009/collections/round_009_audio_caption_rollout.output.jsonl
9,Captioner,random440_expressivespeech_098,7,936,sampled_tokens,/data/L202500147/Caption/DualISL_Train_RewardV3/runs/midasheng_7b_reward_v3_10rounds_20260905_run01/round_009/collections/round_009_audio_caption_rollout.output.jsonl
9,Captioner,random440_expressivespeech_003,0,877,sampled_tokens,/data/L202500147/Caption/DualISL_Train_RewardV3/runs/midasheng_7b_reward_v3_10rounds_20260905_run01/round_009/collections/round_009_audio_caption_rollout.output.jsonl
9,Captioner,random440_expressivespeech_144,1,708,sampled_tokens,/data/L202500147/Caption/DualISL_Train_RewardV3/runs/midasheng_7b_reward_v3_10rounds_20260905_run01/round_009/collections/round_009_audio_caption_rollout.output.jsonl
9,Captioner,random440_expressivespeech_217,2,1010,sampled_tokens,/data/L202500147/Caption/DualISL_Train_RewardV3/runs/midasheng_7b_reward_v3_10rounds_20260905_run01/round_009/collections/round_009_audio_caption_rollout.output.jsonl
9,Captioner,random440_expressivespeech_321,3,703,sampled_tokens,/data/L202500147/Caption/DualISL_Train_RewardV3/runs/midasheng_7b_reward_v3_10rounds_20260905_run01/round_009/collections/round_009_audio_caption_rollout.output.jsonl
9,Captioner,random440_expressivespeech_230,4,902,sampled_tokens,/data/L202500147/Caption/DualISL_Train_RewardV3/runs/midasheng_7b_reward_v3_10rounds_20260905_run01/round_009/collections/round_009_audio_caption_rollout.output.jsonl
9,Captioner,random440_deear_002,5,859,sampled_tokens,/data/L202500147/Caption/DualISL_Train_RewardV3/runs/midasheng_7b_reward_v3_10rounds_20260905_run01/round_009/collections/round_009_audio_caption_rollout.output.jsonl
9,Captioner,random440_expressivespeech_210,6,720,sampled_tokens,/data/L202500147/Caption/DualISL_Train_RewardV3/runs/midasheng_7b_reward_v3_10rounds_20260905_run01/round_009/collections/round_009_audio_caption_rollout.output.jsonl
9,Captioner,random440_expressivespeech_105,7,521,sampled_tokens,/data/L202500147/Caption/DualISL_Train_RewardV3/runs/midasheng_7b_reward_v3_10rounds_20260905_run01/round_009/collections/round_009_audio_caption_rollout.output.jsonl
9,Captioner,random440_expressivespeech_199,0,716,sampled_tokens,/data/L202500147/Caption/DualISL_Train_RewardV3/runs/midasheng_7b_reward_v3_10rounds_20260905_run01/round_009/collections/round_009_audio_caption_rollout.output.jsonl
9,Captioner,random440_expressivespeech_065,1,628,sampled_tokens,/data/L202500147/Caption/DualISL_Train_RewardV3/runs/midasheng_7b_reward_v3_10rounds_20260905_run01/round_009/collections/round_009_audio_caption_rollout.output.jsonl
9,Captioner,random440_expressivespeech_195,2,825,sampled_tokens,/data/L202500147/Caption/DualISL_Train_RewardV3/runs/midasheng_7b_reward_v3_10rounds_20260905_run01/round_009/collections/round_009_audio_caption_rollout.output.jsonl
9,Captioner,random440_expressivespeech_200,3,768,sampled_tokens,/data/L202500147/Caption/DualISL_Train_RewardV3/runs/midasheng_7b_reward_v3_10rounds_20260905_run01/round_009/collections/round_009_audio_caption_rollout.output.jsonl
9,Captioner,random440_expressivespeech_005,4,720,sampled_tokens,/data/L202500147/Caption/DualISL_Train_RewardV3/runs/midasheng_7b_reward_v3_10rounds_20260905_run01/round_009/collections/round_009_audio_caption_rollout.output.jsonl
9,Captioner,random440_expressivespeech_237,5,611,sampled_tokens,/data/L202500147/Caption/DualISL_Train_RewardV3/runs/midasheng_7b_reward_v3_10rounds_20260905_run01/round_009/collections/round_009_audio_caption_rollout.output.jsonl
9,Captioner,random440_expressivespeech_317,6,694,sampled_tokens,/data/L202500147/Caption/DualISL_Train_RewardV3/runs/midasheng_7b_reward_v3_10rounds_20260905_run01/round_009/collections/round_009_audio_caption_rollout.output.jsonl
9,Captioner,random440_expressivespeech_280,7,624,sampled_tokens,/data/L202500147/Caption/DualISL_Train_RewardV3/runs/midasheng_7b_reward_v3_10rounds_20260905_run01/round_009/collections/round_009_audio_caption_rollout.output.jsonl
9,Captioner,random440_deear_038,0,513,sampled_tokens,/data/L202500147/Caption/DualISL_Train_RewardV3/runs/midasheng_7b_reward_v3_10rounds_20260905_run01/round_009/collections/round_009_audio_caption_rollout.output.jsonl
9,Captioner,random440_expressivespeech_038,1,786,sampled_tokens,/data/L202500147/Caption/DualISL_Train_RewardV3/runs/midasheng_7b_reward_v3_10rounds_20260905_run01/round_009/collections/round_009_audio_caption_rollout.output.jsonl
9,Captioner,random440_expressivespeech_056,2,887,sampled_tokens,/data/L202500147/Caption/DualISL_Train_RewardV3/runs/midasheng_7b_reward_v3_10rounds_20260905_run01/round_009/collections/round_009_audio_caption_rollout.output.jsonl
9,Captioner,random440_expressivespeech_216,3,738,sampled_tokens,/data/L202500147/Caption/DualISL_Train_RewardV3/runs/midasheng_7b_reward_v3_10rounds_20260905_run01/round_009/collections/round_009_audio_caption_rollout.output.jsonl
9,Captioner,random440_expressivespeech_260,4,879,sampled_tokens,/data/L202500147/Caption/DualISL_Train_RewardV3/runs/midasheng_7b_reward_v3_10rounds_20260905_run01/round_009/collections/round_009_audio_caption_rollout.output.jsonl
9,Captioner,random440_expressivespeech_311,5,671,sampled_tokens,/data/L202500147/Caption/DualISL_Train_RewardV3/runs/midasheng_7b_reward_v3_10rounds_20260905_run01/round_009/collections/round_009_audio_caption_rollout.output.jsonl
9,Captioner,random440_expressivespeech_103,6,767,sampled_tokens,/data/L202500147/Caption/DualISL_Train_RewardV3/runs/midasheng_7b_reward_v3_10rounds_20260905_run01/round_009/collections/round_009_audio_caption_rollout.output.jsonl
9,Captioner,random440_expressivespeech_024,7,627,sampled_tokens,/data/L202500147/Caption/DualISL_Train_RewardV3/runs/midasheng_7b_reward_v3_10rounds_20260905_run01/round_009/collections/round_009_audio_caption_rollout.output.jsonl
9,Captioner,random440_expressivespeech_296,0,498,sampled_tokens,/data/L202500147/Caption/DualISL_Train_RewardV3/runs/midasheng_7b_reward_v3_10rounds_20260905_run01/round_009/collections/round_009_audio_caption_rollout.output.jsonl
9,Captioner,random440_expressivespeech_115,1,705,sampled_tokens,/data/L202500147/Caption/DualISL_Train_RewardV3/runs/midasheng_7b_reward_v3_10rounds_20260905_run01/round_009/collections/round_009_audio_caption_rollout.output.jsonl
9,Captioner,random440_expressivespeech_264,2,847,sampled_tokens,/data/L202500147/Caption/DualISL_Train_RewardV3/runs/midasheng_7b_reward_v3_10rounds_20260905_run01/round_009/collections/round_009_audio_caption_rollout.output.jsonl
9,Captioner,random440_expressivespeech_286,3,624,sampled_tokens,/data/L202500147/Caption/DualISL_Train_RewardV3/runs/midasheng_7b_reward_v3_10rounds_20260905_run01/round_009/collections/round_009_audio_caption_rollout.output.jsonl
9,Captioner,random440_expressivespeech_307,4,981,sampled_tokens,/data/L202500147/Caption/DualISL_Train_RewardV3/runs/midasheng_7b_reward_v3_10rounds_20260905_run01/round_009/collections/round_009_audio_caption_rollout.output.jsonl
9,Captioner,random440_deear_071,5,606,sampled_tokens,/data/L202500147/Caption/DualISL_Train_RewardV3/runs/midasheng_7b_reward_v3_10rounds_20260905_run01/round_009/collections/round_009_audio_caption_rollout.output.jsonl
9,Captioner,random440_expressivespeech_231,6,666,sampled_tokens,/data/L202500147/Caption/DualISL_Train_RewardV3/runs/midasheng_7b_reward_v3_10rounds_20260905_run01/round_009/collections/round_009_audio_caption_rollout.output.jsonl
9,Captioner,random440_expressivespeech_282,7,473,sampled_tokens,/data/L202500147/Caption/DualISL_Train_RewardV3/runs/midasheng_7b_reward_v3_10rounds_20260905_run01/round_009/collections/round_009_audio_caption_rollout.output.jsonl
9,TTS,random440_expressivespeech_164,0,301,codec_frames,/data/L202500147/Caption/DualISL_Train_RewardV3/runs/midasheng_7b_reward_v3_10rounds_20260905_run01/round_009/collections/round_009_caption_tts_rollout.output.jsonl
9,TTS,random440_expressivespeech_186,1,43,codec_frames,/data/L202500147/Caption/DualISL_Train_RewardV3/runs/midasheng_7b_reward_v3_10rounds_20260905_run01/round_009/collections/round_009_caption_tts_rollout.output.jsonl
9,TTS,random440_deear_053,2,84,codec_frames,/data/L202500147/Caption/DualISL_Train_RewardV3/runs/midasheng_7b_reward_v3_10rounds_20260905_run01/round_009/collections/round_009_caption_tts_rollout.output.jsonl
9,TTS,random440_expressivespeech_336,3,130,codec_frames,/data/L202500147/Caption/DualISL_Train_RewardV3/runs/midasheng_7b_reward_v3_10rounds_20260905_run01/round_009/collections/round_009_caption_tts_rollout.output.jsonl
9,TTS,random440_expressivespeech_044,4,117,codec_frames,/data/L202500147/Caption/DualISL_Train_RewardV3/runs/midasheng_7b_reward_v3_10rounds_20260905_run01/round_009/collections/round_009_caption_tts_rollout.output.jsonl
9,TTS,random440_expressivespeech_100,5,300,codec_frames,/data/L202500147/Caption/DualISL_Train_RewardV3/runs/midasheng_7b_reward_v3_10rounds_20260905_run01/round_009/collections/round_009_caption_tts_rollout.output.jsonl
9,TTS,random440_expressivespeech_140,6,79,codec_frames,/data/L202500147/Caption/DualISL_Train_RewardV3/runs/midasheng_7b_reward_v3_10rounds_20260905_run01/round_009/collections/round_009_caption_tts_rollout.output.jsonl
9,TTS,random440_expressivespeech_206,7,525,codec_frames,/data/L202500147/Caption/DualISL_Train_RewardV3/runs/midasheng_7b_reward_v3_10rounds_20260905_run01/round_009/collections/round_009_caption_tts_rollout.output.jsonl
9,TTS,random440_expressivespeech_133,0,534,codec_frames,/data/L202500147/Caption/DualISL_Train_RewardV3/runs/midasheng_7b_reward_v3_10rounds_20260905_run01/round_009/collections/round_009_caption_tts_rollout.output.jsonl
9,TTS,random440_expressivespeech_277,1,202,codec_frames,/data/L202500147/Caption/DualISL_Train_RewardV3/runs/midasheng_7b_reward_v3_10rounds_20260905_run01/round_009/collections/round_009_caption_tts_rollout.output.jsonl
9,TTS,random440_expressivespeech_244,2,285,codec_frames,/data/L202500147/Caption/DualISL_Train_RewardV3/runs/midasheng_7b_reward_v3_10rounds_20260905_run01/round_009/collections/round_009_caption_tts_rollout.output.jsonl
9,TTS,random440_deear_022,3,252,codec_frames,/data/L202500147/Caption/DualISL_Train_RewardV3/runs/midasheng_7b_reward_v3_10rounds_20260905_run01/round_009/collections/round_009_caption_tts_rollout.output.jsonl
9,TTS,random440_expressivespeech_145,4,186,codec_frames,/data/L202500147/Caption/DualISL_Train_RewardV3/runs/midasheng_7b_reward_v3_10rounds_20260905_run01/round_009/collections/round_009_caption_tts_rollout.output.jsonl
9,TTS,random440_expressivespeech_047,5,128,codec_frames,/data/L202500147/Caption/DualISL_Train_RewardV3/runs/midasheng_7b_reward_v3_10rounds_20260905_run01/round_009/collections/round_009_caption_tts_rollout.output.jsonl
9,TTS,random440_expressivespeech_121,6,525,codec_frames,/data/L202500147/Caption/DualISL_Train_RewardV3/runs/midasheng_7b_reward_v3_10rounds_20260905_run01/round_009/collections/round_009_caption_tts_rollout.output.jsonl
9,TTS,random440_deear_026,7,253,codec_frames,/data/L202500147/Caption/DualISL_Train_RewardV3/runs/midasheng_7b_reward_v3_10rounds_20260905_run01/round_009/collections/round_009_caption_tts_rollout.output.jsonl
9,TTS,random440_deear_025,0,387,codec_frames,/data/L202500147/Caption/DualISL_Train_RewardV3/runs/midasheng_7b_reward_v3_10rounds_20260905_run01/round_009/collections/round_009_caption_tts_rollout.output.jsonl
9,TTS,random440_expressivespeech_072,1,199,codec_frames,/data/L202500147/Caption/DualISL_Train_RewardV3/runs/midasheng_7b_reward_v3_10rounds_20260905_run01/round_009/collections/round_009_caption_tts_rollout.output.jsonl
9,TTS,random440_expressivespeech_207,2,197,codec_frames,/data/L202500147/Caption/DualISL_Train_RewardV3/runs/midasheng_7b_reward_v3_10rounds_20260905_run01/round_009/collections/round_009_caption_tts_rollout.output.jsonl
9,TTS,random440_deear_019,3,312,codec_frames,/data/L202500147/Caption/DualISL_Train_RewardV3/runs/midasheng_7b_reward_v3_10rounds_20260905_run01/round_009/collections/round_009_caption_tts_rollout.output.jsonl
9,TTS,random440_deear_079,4,323,codec_frames,/data/L202500147/Caption/DualISL_Train_RewardV3/runs/midasheng_7b_reward_v3_10rounds_20260905_run01/round_009/collections/round_009_caption_tts_rollout.output.jsonl
9,TTS,random440_expressivespeech_209,5,268,codec_frames,/data/L202500147/Caption/DualISL_Train_RewardV3/runs/midasheng_7b_reward_v3_10rounds_20260905_run01/round_009/collections/round_009_caption_tts_rollout.output.jsonl
9,TTS,random440_expressivespeech_143,6,151,codec_frames,/data/L202500147/Caption/DualISL_Train_RewardV3/runs/midasheng_7b_reward_v3_10rounds_20260905_run01/round_009/collections/round_009_caption_tts_rollout.output.jsonl
9,TTS,random440_expressivespeech_149,7,73,codec_frames,/data/L202500147/Caption/DualISL_Train_RewardV3/runs/midasheng_7b_reward_v3_10rounds_20260905_run01/round_009/collections/round_009_caption_tts_rollout.output.jsonl
9,TTS,random440_expressivespeech_012,0,427,codec_frames,/data/L202500147/Caption/DualISL_Train_RewardV3/runs/midasheng_7b_reward_v3_10rounds_20260905_run01/round_009/collections/round_009_caption_tts_rollout.output.jsonl
9,TTS,random440_expressivespeech_239,1,175,codec_frames,/data/L202500147/Caption/DualISL_Train_RewardV3/runs/midasheng_7b_reward_v3_10rounds_20260905_run01/round_009/collections/round_009_caption_tts_rollout.output.jsonl
9,TTS,random440_deear_005,2,99,codec_frames,/data/L202500147/Caption/DualISL_Train_RewardV3/runs/midasheng_7b_reward_v3_10rounds_20260905_run01/round_009/collections/round_009_caption_tts_rollout.output.jsonl
9,TTS,random440_expressivespeech_316,3,43,codec_frames,/data/L202500147/Caption/DualISL_Train_RewardV3/runs/midasheng_7b_reward_v3_10rounds_20260905_run01/round_009/collections/round_009_caption_tts_rollout.output.jsonl
9,TTS,random440_expressivespeech_001,4,431,codec_frames,/data/L202500147/Caption/DualISL_Train_RewardV3/runs/midasheng_7b_reward_v3_10rounds_20260905_run01/round_009/collections/round_009_caption_tts_rollout.output.jsonl
9,TTS,random440_expressivespeech_081,5,302,codec_frames,/data/L202500147/Caption/DualISL_Train_RewardV3/runs/midasheng_7b_reward_v3_10rounds_20260905_run01/round_009/collections/round_009_caption_tts_rollout.output.jsonl
9,TTS,random440_expressivespeech_191,6,307,codec_frames,/data/L202500147/Caption/DualISL_Train_RewardV3/runs/midasheng_7b_reward_v3_10rounds_20260905_run01/round_009/collections/round_009_caption_tts_rollout.output.jsonl
9,TTS,random440_expressivespeech_242,7,220,codec_frames,/data/L202500147/Caption/DualISL_Train_RewardV3/runs/midasheng_7b_reward_v3_10rounds_20260905_run01/round_009/collections/round_009_caption_tts_rollout.output.jsonl
9,TTS,random440_expressivespeech_136,0,354,codec_frames,/data/L202500147/Caption/DualISL_Train_RewardV3/runs/midasheng_7b_reward_v3_10rounds_20260905_run01/round_009/collections/round_009_caption_tts_rollout.output.jsonl
9,TTS,random440_expressivespeech_243,1,287,codec_frames,/data/L202500147/Caption/DualISL_Train_RewardV3/runs/midasheng_7b_reward_v3_10rounds_20260905_run01/round_009/collections/round_009_caption_tts_rollout.output.jsonl
9,TTS,random440_deear_052,2,308,codec_frames,/data/L202500147/Caption/DualISL_Train_RewardV3/runs/midasheng_7b_reward_v3_10rounds_20260905_run01/round_009/collections/round_009_caption_tts_rollout.output.jsonl
9,TTS,random440_expressivespeech_184,3,723,codec_frames,/data/L202500147/Caption/DualISL_Train_RewardV3/runs/midasheng_7b_reward_v3_10rounds_20260905_run01/round_009/collections/round_009_caption_tts_rollout.output.jsonl
9,TTS,random440_expressivespeech_015,4,175,codec_frames,/data/L202500147/Caption/DualISL_Train_RewardV3/runs/midasheng_7b_reward_v3_10rounds_20260905_run01/round_009/collections/round_009_caption_tts_rollout.output.jsonl
9,TTS,random440_deear_050,5,1380,codec_frames,/data/L202500147/Caption/DualISL_Train_RewardV3/runs/midasheng_7b_reward_v3_10rounds_20260905_run01/round_009/collections/round_009_caption_tts_rollout.output.jsonl
9,TTS,random440_deear_066,6,236,codec_frames,/data/L202500147/Caption/DualISL_Train_RewardV3/runs/midasheng_7b_reward_v3_10rounds_20260905_run01/round_009/collections/round_009_caption_tts_rollout.output.jsonl
9,TTS,random440_expressivespeech_084,7,543,codec_frames,/data/L202500147/Caption/DualISL_Train_RewardV3/runs/midasheng_7b_reward_v3_10rounds_20260905_run01/round_009/collections/round_009_caption_tts_rollout.output.jsonl
9,TTS,random440_expressivespeech_281,0,193,codec_frames,/data/L202500147/Caption/DualISL_Train_RewardV3/runs/midasheng_7b_reward_v3_10rounds_20260905_run01/round_009/collections/round_009_caption_tts_rollout.output.jsonl
9,TTS,random440_expressivespeech_094,1,271,codec_frames,/data/L202500147/Caption/DualISL_Train_RewardV3/runs/midasheng_7b_reward_v3_10rounds_20260905_run01/round_009/collections/round_009_caption_tts_rollout.output.jsonl
9,TTS,random440_expressivespeech_152,2,638,codec_frames,/data/L202500147/Caption/DualISL_Train_RewardV3/runs/midasheng_7b_reward_v3_10rounds_20260905_run01/round_009/collections/round_009_caption_tts_rollout.output.jsonl
9,TTS,random440_deear_094,3,68,codec_frames,/data/L202500147/Caption/DualISL_Train_RewardV3/runs/midasheng_7b_reward_v3_10rounds_20260905_run01/round_009/collections/round_009_caption_tts_rollout.output.jsonl
9,TTS,random440_expressivespeech_091,4,435,codec_frames,/data/L202500147/Caption/DualISL_Train_RewardV3/runs/midasheng_7b_reward_v3_10rounds_20260905_run01/round_009/collections/round_009_caption_tts_rollout.output.jsonl
9,TTS,random440_expressivespeech_194,5,109,codec_frames,/data/L202500147/Caption/DualISL_Train_RewardV3/runs/midasheng_7b_reward_v3_10rounds_20260905_run01/round_009/collections/round_009_caption_tts_rollout.output.jsonl
9,TTS,random440_deear_034,6,267,codec_frames,/data/L202500147/Caption/DualISL_Train_RewardV3/runs/midasheng_7b_reward_v3_10rounds_20260905_run01/round_009/collections/round_009_caption_tts_rollout.output.jsonl
9,TTS,random440_expressivespeech_171,7,344,codec_frames,/data/L202500147/Caption/DualISL_Train_RewardV3/runs/midasheng_7b_reward_v3_10rounds_20260905_run01/round_009/collections/round_009_caption_tts_rollout.output.jsonl
9,TTS,random440_expressivespeech_052,0,411,codec_frames,/data/L202500147/Caption/DualISL_Train_RewardV3/runs/midasheng_7b_reward_v3_10rounds_20260905_run01/round_009/collections/round_009_caption_tts_rollout.output.jsonl
9,TTS,random440_deear_059,1,146,codec_frames,/data/L202500147/Caption/DualISL_Train_RewardV3/runs/midasheng_7b_reward_v3_10rounds_20260905_run01/round_009/collections/round_009_caption_tts_rollout.output.jsonl
9,TTS,random440_expressivespeech_203,2,167,codec_frames,/data/L202500147/Caption/DualISL_Train_RewardV3/runs/midasheng_7b_reward_v3_10rounds_20260905_run01/round_009/collections/round_009_caption_tts_rollout.output.jsonl
9,TTS,random440_expressivespeech_201,3,186,codec_frames,/data/L202500147/Caption/DualISL_Train_RewardV3/runs/midasheng_7b_reward_v3_10rounds_20260905_run01/round_009/collections/round_009_caption_tts_rollout.output.jsonl
9,TTS,random440_deear_085,4,636,codec_frames,/data/L202500147/Caption/DualISL_Train_RewardV3/runs/midasheng_7b_reward_v3_10rounds_20260905_run01/round_009/collections/round_009_caption_tts_rollout.output.jsonl
9,TTS,random440_expressivespeech_189,5,316,codec_frames,/data/L202500147/Caption/DualISL_Train_RewardV3/runs/midasheng_7b_reward_v3_10rounds_20260905_run01/round_009/collections/round_009_caption_tts_rollout.output.jsonl
9,TTS,random440_expressivespeech_161,6,367,codec_frames,/data/L202500147/Caption/DualISL_Train_RewardV3/runs/midasheng_7b_reward_v3_10rounds_20260905_run01/round_009/collections/round_009_caption_tts_rollout.output.jsonl
9,TTS,random440_expressivespeech_117,7,668,codec_frames,/data/L202500147/Caption/DualISL_Train_RewardV3/runs/midasheng_7b_reward_v3_10rounds_20260905_run01/round_009/collections/round_009_caption_tts_rollout.output.jsonl
9,TTS,random440_expressivespeech_182,0,516,codec_frames,/data/L202500147/Caption/DualISL_Train_RewardV3/runs/midasheng_7b_reward_v3_10rounds_20260905_run01/round_009/collections/round_009_caption_tts_rollout.output.jsonl
9,TTS,random440_deear_001,1,250,codec_frames,/data/L202500147/Caption/DualISL_Train_RewardV3/runs/midasheng_7b_reward_v3_10rounds_20260905_run01/round_009/collections/round_009_caption_tts_rollout.output.jsonl
9,TTS,random440_expressivespeech_268,2,588,codec_frames,/data/L202500147/Caption/DualISL_Train_RewardV3/runs/midasheng_7b_reward_v3_10rounds_20260905_run01/round_009/collections/round_009_caption_tts_rollout.output.jsonl
9,TTS,random440_deear_099,3,90,codec_frames,/data/L202500147/Caption/DualISL_Train_RewardV3/runs/midasheng_7b_reward_v3_10rounds_20260905_run01/round_009/collections/round_009_caption_tts_rollout.output.jsonl
9,TTS,random440_expressivespeech_159,4,62,codec_frames,/data/L202500147/Caption/DualISL_Train_RewardV3/runs/midasheng_7b_reward_v3_10rounds_20260905_run01/round_009/collections/round_009_caption_tts_rollout.output.jsonl
9,TTS,random440_expressivespeech_276,5,823,codec_frames,/data/L202500147/Caption/DualISL_Train_RewardV3/runs/midasheng_7b_reward_v3_10rounds_20260905_run01/round_009/collections/round_009_caption_tts_rollout.output.jsonl
9,TTS,random440_expressivespeech_339,6,93,codec_frames,/data/L202500147/Caption/DualISL_Train_RewardV3/runs/midasheng_7b_reward_v3_10rounds_20260905_run01/round_009/collections/round_009_caption_tts_rollout.output.jsonl
9,TTS,random440_expressivespeech_299,7,714,codec_frames,/data/L202500147/Caption/DualISL_Train_RewardV3/runs/midasheng_7b_reward_v3_10rounds_20260905_run01/round_009/collections/round_009_caption_tts_rollout.output.jsonl
9,TTS,random440_expressivespeech_253,0,118,codec_frames,/data/L202500147/Caption/DualISL_Train_RewardV3/runs/midasheng_7b_reward_v3_10rounds_20260905_run01/round_009/collections/round_009_caption_tts_rollout.output.jsonl
9,TTS,random440_deear_076,1,383,codec_frames,/data/L202500147/Caption/DualISL_Train_RewardV3/runs/midasheng_7b_reward_v3_10rounds_20260905_run01/round_009/collections/round_009_caption_tts_rollout.output.jsonl
9,TTS,random440_deear_007,2,172,codec_frames,/data/L202500147/Caption/DualISL_Train_RewardV3/runs/midasheng_7b_reward_v3_10rounds_20260905_run01/round_009/collections/round_009_caption_tts_rollout.output.jsonl
9,TTS,random440_expressivespeech_051,3,499,codec_frames,/data/L202500147/Caption/DualISL_Train_RewardV3/runs/midasheng_7b_reward_v3_10rounds_20260905_run01/round_009/collections/round_009_caption_tts_rollout.output.jsonl
9,TTS,random440_expressivespeech_177,4,201,codec_frames,/data/L202500147/Caption/DualISL_Train_RewardV3/runs/midasheng_7b_reward_v3_10rounds_20260905_run01/round_009/collections/round_009_caption_tts_rollout.output.jsonl
9,TTS,random440_expressivespeech_132,5,516,codec_frames,/data/L202500147/Caption/DualISL_Train_RewardV3/runs/midasheng_7b_reward_v3_10rounds_20260905_run01/round_009/collections/round_009_caption_tts_rollout.output.jsonl
9,TTS,random440_expressivespeech_134,6,214,codec_frames,/data/L202500147/Caption/DualISL_Train_RewardV3/runs/midasheng_7b_reward_v3_10rounds_20260905_run01/round_009/collections/round_009_caption_tts_rollout.output.jsonl
9,TTS,random440_deear_041,7,313,codec_frames,/data/L202500147/Caption/DualISL_Train_RewardV3/runs/midasheng_7b_reward_v3_10rounds_20260905_run01/round_009/collections/round_009_caption_tts_rollout.output.jsonl
9,TTS,random440_expressivespeech_300,0,254,codec_frames,/data/L202500147/Caption/DualISL_Train_RewardV3/runs/midasheng_7b_reward_v3_10rounds_20260905_run01/round_009/collections/round_009_caption_tts_rollout.output.jsonl
9,TTS,random440_expressivespeech_302,1,94,codec_frames,/data/L202500147/Caption/DualISL_Train_RewardV3/runs/midasheng_7b_reward_v3_10rounds_20260905_run01/round_009/collections/round_009_caption_tts_rollout.output.jsonl
9,TTS,random440_deear_097,2,94,codec_frames,/data/L202500147/Caption/DualISL_Train_RewardV3/runs/midasheng_7b_reward_v3_10rounds_20260905_run01/round_009/collections/round_009_caption_tts_rollout.output.jsonl
9,TTS,random440_deear_073,3,125,codec_frames,/data/L202500147/Caption/DualISL_Train_RewardV3/runs/midasheng_7b_reward_v3_10rounds_20260905_run01/round_009/collections/round_009_caption_tts_rollout.output.jsonl
9,TTS,random440_deear_029,4,107,codec_frames,/data/L202500147/Caption/DualISL_Train_RewardV3/runs/midasheng_7b_reward_v3_10rounds_20260905_run01/round_009/collections/round_009_caption_tts_rollout.output.jsonl
9,TTS,random440_deear_060,5,124,codec_frames,/data/L202500147/Caption/DualISL_Train_RewardV3/runs/midasheng_7b_reward_v3_10rounds_20260905_run01/round_009/collections/round_009_caption_tts_rollout.output.jsonl
9,TTS,random440_expressivespeech_190,6,56,codec_frames,/data/L202500147/Caption/DualISL_Train_RewardV3/runs/midasheng_7b_reward_v3_10rounds_20260905_run01/round_009/collections/round_009_caption_tts_rollout.output.jsonl
9,TTS,random440_expressivespeech_198,7,251,codec_frames,/data/L202500147/Caption/DualISL_Train_RewardV3/runs/midasheng_7b_reward_v3_10rounds_20260905_run01/round_009/collections/round_009_caption_tts_rollout.output.jsonl
9,TTS,random440_deear_088,0,638,codec_frames,/data/L202500147/Caption/DualISL_Train_RewardV3/runs/midasheng_7b_reward_v3_10rounds_20260905_run01/round_009/collections/round_009_caption_tts_rollout.output.jsonl
9,TTS,random440_expressivespeech_331,1,416,codec_frames,/data/L202500147/Caption/DualISL_Train_RewardV3/runs/midasheng_7b_reward_v3_10rounds_20260905_run01/round_009/collections/round_009_caption_tts_rollout.output.jsonl
9,TTS,random440_expressivespeech_273,2,186,codec_frames,/data/L202500147/Caption/DualISL_Train_RewardV3/runs/midasheng_7b_reward_v3_10rounds_20260905_run01/round_009/collections/round_009_caption_tts_rollout.output.jsonl
9,TTS,random440_expressivespeech_141,3,944,codec_frames,/data/L202500147/Caption/DualISL_Train_RewardV3/runs/midasheng_7b_reward_v3_10rounds_20260905_run01/round_009/collections/round_009_caption_tts_rollout.output.jsonl
9,TTS,random440_expressivespeech_156,4,114,codec_frames,/data/L202500147/Caption/DualISL_Train_RewardV3/runs/midasheng_7b_reward_v3_10rounds_20260905_run01/round_009/collections/round_009_caption_tts_rollout.output.jsonl
9,TTS,random440_expressivespeech_058,5,170,codec_frames,/data/L202500147/Caption/DualISL_Train_RewardV3/runs/midasheng_7b_reward_v3_10rounds_20260905_run01/round_009/collections/round_009_caption_tts_rollout.output.jsonl
9,TTS,random440_expressivespeech_214,6,193,codec_frames,/data/L202500147/Caption/DualISL_Train_RewardV3/runs/midasheng_7b_reward_v3_10rounds_20260905_run01/round_009/collections/round_009_caption_tts_rollout.output.jsonl
9,TTS,random440_expressivespeech_049,7,293,codec_frames,/data/L202500147/Caption/DualISL_Train_RewardV3/runs/midasheng_7b_reward_v3_10rounds_20260905_run01/round_009/collections/round_009_caption_tts_rollout.output.jsonl
9,TTS,random440_expressivespeech_332,0,137,codec_frames,/data/L202500147/Caption/DualISL_Train_RewardV3/runs/midasheng_7b_reward_v3_10rounds_20260905_run01/round_009/collections/round_009_caption_tts_rollout.output.jsonl
9,TTS,random440_expressivespeech_284,1,137,codec_frames,/data/L202500147/Caption/DualISL_Train_RewardV3/runs/midasheng_7b_reward_v3_10rounds_20260905_run01/round_009/collections/round_009_caption_tts_rollout.output.jsonl
9,TTS,random440_deear_091,2,420,codec_frames,/data/L202500147/Caption/DualISL_Train_RewardV3/runs/midasheng_7b_reward_v3_10rounds_20260905_run01/round_009/collections/round_009_caption_tts_rollout.output.jsonl
9,TTS,random440_expressivespeech_172,3,700,codec_frames,/data/L202500147/Caption/DualISL_Train_RewardV3/runs/midasheng_7b_reward_v3_10rounds_20260905_run01/round_009/collections/round_009_caption_tts_rollout.output.jsonl
9,TTS,random440_expressivespeech_139,4,511,codec_frames,/data/L202500147/Caption/DualISL_Train_RewardV3/runs/midasheng_7b_reward_v3_10rounds_20260905_run01/round_009/collections/round_009_caption_tts_rollout.output.jsonl
9,TTS,random440_expressivespeech_193,5,529,codec_frames,/data/L202500147/Caption/DualISL_Train_RewardV3/runs/midasheng_7b_reward_v3_10rounds_20260905_run01/round_009/collections/round_009_caption_tts_rollout.output.jsonl
9,TTS,random440_expressivespeech_232,6,73,codec_frames,/data/L202500147/Caption/DualISL_Train_RewardV3/runs/midasheng_7b_reward_v3_10rounds_20260905_run01/round_009/collections/round_009_caption_tts_rollout.output.jsonl
9,TTS,random440_expressivespeech_236,7,1467,codec_frames,/data/L202500147/Caption/DualISL_Train_RewardV3/runs/midasheng_7b_reward_v3_10rounds_20260905_run01/round_009/collections/round_009_caption_tts_rollout.output.jsonl
9,TTS,random440_expressivespeech_229,0,1381,codec_frames,/data/L202500147/Caption/DualISL_Train_RewardV3/runs/midasheng_7b_reward_v3_10rounds_20260905_run01/round_009/collections/round_009_caption_tts_rollout.output.jsonl
9,TTS,random440_expressivespeech_030,1,153,codec_frames,/data/L202500147/Caption/DualISL_Train_RewardV3/runs/midasheng_7b_reward_v3_10rounds_20260905_run01/round_009/collections/round_009_caption_tts_rollout.output.jsonl
9,TTS,random440_deear_043,2,318,codec_frames,/data/L202500147/Caption/DualISL_Train_RewardV3/runs/midasheng_7b_reward_v3_10rounds_20260905_run01/round_009/collections/round_009_caption_tts_rollout.output.jsonl
9,TTS,random440_expressivespeech_061,3,63,codec_frames,/data/L202500147/Caption/DualISL_Train_RewardV3/runs/midasheng_7b_reward_v3_10rounds_20260905_run01/round_009/collections/round_009_caption_tts_rollout.output.jsonl
9,TTS,random440_expressivespeech_142,4,114,codec_frames,/data/L202500147/Caption/DualISL_Train_RewardV3/runs/midasheng_7b_reward_v3_10rounds_20260905_run01/round_009/collections/round_009_caption_tts_rollout.output.jsonl
9,TTS,random440_expressivespeech_092,5,206,codec_frames,/data/L202500147/Caption/DualISL_Train_RewardV3/runs/midasheng_7b_reward_v3_10rounds_20260905_run01/round_009/collections/round_009_caption_tts_rollout.output.jsonl
9,TTS,random440_expressivespeech_322,6,80,codec_frames,/data/L202500147/Caption/DualISL_Train_RewardV3/runs/midasheng_7b_reward_v3_10rounds_20260905_run01/round_009/collections/round_009_caption_tts_rollout.output.jsonl
9,TTS,random440_expressivespeech_040,7,72,codec_frames,/data/L202500147/Caption/DualISL_Train_RewardV3/runs/midasheng_7b_reward_v3_10rounds_20260905_run01/round_009/collections/round_009_caption_tts_rollout.output.jsonl
9,TTS,random440_deear_036,0,83,codec_frames,/data/L202500147/Caption/DualISL_Train_RewardV3/runs/midasheng_7b_reward_v3_10rounds_20260905_run01/round_009/collections/round_009_caption_tts_rollout.output.jsonl
9,TTS,random440_expressivespeech_097,1,95,codec_frames,/data/L202500147/Caption/DualISL_Train_RewardV3/runs/midasheng_7b_reward_v3_10rounds_20260905_run01/round_009/collections/round_009_caption_tts_rollout.output.jsonl
9,TTS,random440_expressivespeech_308,2,267,codec_frames,/data/L202500147/Caption/DualISL_Train_RewardV3/runs/midasheng_7b_reward_v3_10rounds_20260905_run01/round_009/collections/round_009_caption_tts_rollout.output.jsonl
9,TTS,random440_expressivespeech_224,3,317,codec_frames,/data/L202500147/Caption/DualISL_Train_RewardV3/runs/midasheng_7b_reward_v3_10rounds_20260905_run01/round_009/collections/round_009_caption_tts_rollout.output.jsonl
9,TTS,random440_expressivespeech_062,4,179,codec_frames,/data/L202500147/Caption/DualISL_Train_RewardV3/runs/midasheng_7b_reward_v3_10rounds_20260905_run01/round_009/collections/round_009_caption_tts_rollout.output.jsonl
9,TTS,random440_expressivespeech_275,5,82,codec_frames,/data/L202500147/Caption/DualISL_Train_RewardV3/runs/midasheng_7b_reward_v3_10rounds_20260905_run01/round_009/collections/round_009_caption_tts_rollout.output.jsonl
9,TTS,random440_expressivespeech_174,6,619,codec_frames,/data/L202500147/Caption/DualISL_Train_RewardV3/runs/midasheng_7b_reward_v3_10rounds_20260905_run01/round_009/collections/round_009_caption_tts_rollout.output.jsonl
9,TTS,random440_expressivespeech_258,7,251,codec_frames,/data/L202500147/Caption/DualISL_Train_RewardV3/runs/midasheng_7b_reward_v3_10rounds_20260905_run01/round_009/collections/round_009_caption_tts_rollout.output.jsonl
9,TTS,random440_expressivespeech_335,0,239,codec_frames,/data/L202500147/Caption/DualISL_Train_RewardV3/runs/midasheng_7b_reward_v3_10rounds_20260905_run01/round_009/collections/round_009_caption_tts_rollout.output.jsonl
9,TTS,random440_expressivespeech_212,1,545,codec_frames,/data/L202500147/Caption/DualISL_Train_RewardV3/runs/midasheng_7b_reward_v3_10rounds_20260905_run01/round_009/collections/round_009_caption_tts_rollout.output.jsonl
9,TTS,random440_expressivespeech_006,2,282,codec_frames,/data/L202500147/Caption/DualISL_Train_RewardV3/runs/midasheng_7b_reward_v3_10rounds_20260905_run01/round_009/collections/round_009_caption_tts_rollout.output.jsonl
9,TTS,random440_expressivespeech_250,3,1428,codec_frames,/data/L202500147/Caption/DualISL_Train_RewardV3/runs/midasheng_7b_reward_v3_10rounds_20260905_run01/round_009/collections/round_009_caption_tts_rollout.output.jsonl
9,TTS,random440_deear_046,4,78,codec_frames,/data/L202500147/Caption/DualISL_Train_RewardV3/runs/midasheng_7b_reward_v3_10rounds_20260905_run01/round_009/collections/round_009_caption_tts_rollout.output.jsonl
9,TTS,random440_expressivespeech_060,5,203,codec_frames,/data/L202500147/Caption/DualISL_Train_RewardV3/runs/midasheng_7b_reward_v3_10rounds_20260905_run01/round_009/collections/round_009_caption_tts_rollout.output.jsonl
9,TTS,random440_expressivespeech_029,6,369,codec_frames,/data/L202500147/Caption/DualISL_Train_RewardV3/runs/midasheng_7b_reward_v3_10rounds_20260905_run01/round_009/collections/round_009_caption_tts_rollout.output.jsonl
9,TTS,random440_expressivespeech_114,7,169,codec_frames,/data/L202500147/Caption/DualISL_Train_RewardV3/runs/midasheng_7b_reward_v3_10rounds_20260905_run01/round_009/collections/round_009_caption_tts_rollout.output.jsonl
9,TTS,random440_expressivespeech_125,0,546,codec_frames,/data/L202500147/Caption/DualISL_Train_RewardV3/runs/midasheng_7b_reward_v3_10rounds_20260905_run01/round_009/collections/round_009_caption_tts_rollout.output.jsonl
9,TTS,random440_expressivespeech_002,1,152,codec_frames,/data/L202500147/Caption/DualISL_Train_RewardV3/runs/midasheng_7b_reward_v3_10rounds_20260905_run01/round_009/collections/round_009_caption_tts_rollout.output.jsonl
9,TTS,random440_expressivespeech_119,2,54,codec_frames,/data/L202500147/Caption/DualISL_Train_RewardV3/runs/midasheng_7b_reward_v3_10rounds_20260905_run01/round_009/collections/round_009_caption_tts_rollout.output.jsonl
9,TTS,random440_expressivespeech_170,3,75,codec_frames,/data/L202500147/Caption/DualISL_Train_RewardV3/runs/midasheng_7b_reward_v3_10rounds_20260905_run01/round_009/collections/round_009_caption_tts_rollout.output.jsonl
9,TTS,random440_expressivespeech_297,4,117,codec_frames,/data/L202500147/Caption/DualISL_Train_RewardV3/runs/midasheng_7b_reward_v3_10rounds_20260905_run01/round_009/collections/round_009_caption_tts_rollout.output.jsonl
9,TTS,random440_expressivespeech_289,5,659,codec_frames,/data/L202500147/Caption/DualISL_Train_RewardV3/runs/midasheng_7b_reward_v3_10rounds_20260905_run01/round_009/collections/round_009_caption_tts_rollout.output.jsonl
9,TTS,random440_deear_067,6,33,codec_frames,/data/L202500147/Caption/DualISL_Train_RewardV3/runs/midasheng_7b_reward_v3_10rounds_20260905_run01/round_009/collections/round_009_caption_tts_rollout.output.jsonl
9,TTS,random440_expressivespeech_318,7,709,codec_frames,/data/L202500147/Caption/DualISL_Train_RewardV3/runs/midasheng_7b_reward_v3_10rounds_20260905_run01/round_009/collections/round_009_caption_tts_rollout.output.jsonl
9,TTS,random440_expressivespeech_278,0,92,codec_frames,/data/L202500147/Caption/DualISL_Train_RewardV3/runs/midasheng_7b_reward_v3_10rounds_20260905_run01/round_009/collections/round_009_caption_tts_rollout.output.jsonl
9,TTS,random440_expressivespeech_075,1,886,codec_frames,/data/L202500147/Caption/DualISL_Train_RewardV3/runs/midasheng_7b_reward_v3_10rounds_20260905_run01/round_009/collections/round_009_caption_tts_rollout.output.jsonl
9,TTS,random440_expressivespeech_039,2,582,codec_frames,/data/L202500147/Caption/DualISL_Train_RewardV3/runs/midasheng_7b_reward_v3_10rounds_20260905_run01/round_009/collections/round_009_caption_tts_rollout.output.jsonl
9,TTS,random440_deear_028,3,166,codec_frames,/data/L202500147/Caption/DualISL_Train_RewardV3/runs/midasheng_7b_reward_v3_10rounds_20260905_run01/round_009/collections/round_009_caption_tts_rollout.output.jsonl
9,TTS,random440_deear_045,4,127,codec_frames,/data/L202500147/Caption/DualISL_Train_RewardV3/runs/midasheng_7b_reward_v3_10rounds_20260905_run01/round_009/collections/round_009_caption_tts_rollout.output.jsonl
9,TTS,random440_expressivespeech_018,5,1873,codec_frames,/data/L202500147/Caption/DualISL_Train_RewardV3/runs/midasheng_7b_reward_v3_10rounds_20260905_run01/round_009/collections/round_009_caption_tts_rollout.output.jsonl
9,TTS,random440_expressivespeech_234,6,137,codec_frames,/data/L202500147/Caption/DualISL_Train_RewardV3/runs/midasheng_7b_reward_v3_10rounds_20260905_run01/round_009/collections/round_009_caption_tts_rollout.output.jsonl
9,TTS,random440_expressivespeech_118,7,657,codec_frames,/data/L202500147/Caption/DualISL_Train_RewardV3/runs/midasheng_7b_reward_v3_10rounds_20260905_run01/round_009/collections/round_009_caption_tts_rollout.output.jsonl
9,TTS,random440_expressivespeech_257,0,378,codec_frames,/data/L202500147/Caption/DualISL_Train_RewardV3/runs/midasheng_7b_reward_v3_10rounds_20260905_run01/round_009/collections/round_009_caption_tts_rollout.output.jsonl
9,TTS,random440_expressivespeech_262,1,232,codec_frames,/data/L202500147/Caption/DualISL_Train_RewardV3/runs/midasheng_7b_reward_v3_10rounds_20260905_run01/round_009/collections/round_009_caption_tts_rollout.output.jsonl
9,TTS,random440_expressivespeech_077,2,901,codec_frames,/data/L202500147/Caption/DualISL_Train_RewardV3/runs/midasheng_7b_reward_v3_10rounds_20260905_run01/round_009/collections/round_009_caption_tts_rollout.output.jsonl
9,TTS,random440_expressivespeech_221,3,268,codec_frames,/data/L202500147/Caption/DualISL_Train_RewardV3/runs/midasheng_7b_reward_v3_10rounds_20260905_run01/round_009/collections/round_009_caption_tts_rollout.output.jsonl
9,TTS,random440_deear_051,4,520,codec_frames,/data/L202500147/Caption/DualISL_Train_RewardV3/runs/midasheng_7b_reward_v3_10rounds_20260905_run01/round_009/collections/round_009_caption_tts_rollout.output.jsonl
9,TTS,random440_expressivespeech_130,5,912,codec_frames,/data/L202500147/Caption/DualISL_Train_RewardV3/runs/midasheng_7b_reward_v3_10rounds_20260905_run01/round_009/collections/round_009_caption_tts_rollout.output.jsonl
9,TTS,random440_deear_081,6,96,codec_frames,/data/L202500147/Caption/DualISL_Train_RewardV3/runs/midasheng_7b_reward_v3_10rounds_20260905_run01/round_009/collections/round_009_caption_tts_rollout.output.jsonl
9,TTS,random440_expressivespeech_213,7,82,codec_frames,/data/L202500147/Caption/DualISL_Train_RewardV3/runs/midasheng_7b_reward_v3_10rounds_20260905_run01/round_009/collections/round_009_caption_tts_rollout.output.jsonl
9,TTS,random440_expressivespeech_173,0,61,codec_frames,/data/L202500147/Caption/DualISL_Train_RewardV3/runs/midasheng_7b_reward_v3_10rounds_20260905_run01/round_009/collections/round_009_caption_tts_rollout.output.jsonl
9,TTS,random440_deear_027,1,221,codec_frames,/data/L202500147/Caption/DualISL_Train_RewardV3/runs/midasheng_7b_reward_v3_10rounds_20260905_run01/round_009/collections/round_009_caption_tts_rollout.output.jsonl
9,TTS,random440_expressivespeech_059,2,204,codec_frames,/data/L202500147/Caption/DualISL_Train_RewardV3/runs/midasheng_7b_reward_v3_10rounds_20260905_run01/round_009/collections/round_009_caption_tts_rollout.output.jsonl
9,TTS,random440_expressivespeech_248,3,275,codec_frames,/data/L202500147/Caption/DualISL_Train_RewardV3/runs/midasheng_7b_reward_v3_10rounds_20260905_run01/round_009/collections/round_009_caption_tts_rollout.output.jsonl
9,TTS,random440_expressivespeech_108,4,1154,codec_frames,/data/L202500147/Caption/DualISL_Train_RewardV3/runs/midasheng_7b_reward_v3_10rounds_20260905_run01/round_009/collections/round_009_caption_tts_rollout.output.jsonl
9,TTS,random440_expressivespeech_116,5,668,codec_frames,/data/L202500147/Caption/DualISL_Train_RewardV3/runs/midasheng_7b_reward_v3_10rounds_20260905_run01/round_009/collections/round_009_caption_tts_rollout.output.jsonl
9,TTS,random440_deear_065,6,415,codec_frames,/data/L202500147/Caption/DualISL_Train_RewardV3/runs/midasheng_7b_reward_v3_10rounds_20260905_run01/round_009/collections/round_009_caption_tts_rollout.output.jsonl
9,TTS,random440_expressivespeech_131,7,104,codec_frames,/data/L202500147/Caption/DualISL_Train_RewardV3/runs/midasheng_7b_reward_v3_10rounds_20260905_run01/round_009/collections/round_009_caption_tts_rollout.output.jsonl
9,TTS,random440_expressivespeech_320,0,171,codec_frames,/data/L202500147/Caption/DualISL_Train_RewardV3/runs/midasheng_7b_reward_v3_10rounds_20260905_run01/round_009/collections/round_009_caption_tts_rollout.output.jsonl
9,TTS,random440_expressivespeech_330,1,875,codec_frames,/data/L202500147/Caption/DualISL_Train_RewardV3/runs/midasheng_7b_reward_v3_10rounds_20260905_run01/round_009/collections/round_009_caption_tts_rollout.output.jsonl
9,TTS,random440_expressivespeech_104,2,179,codec_frames,/data/L202500147/Caption/DualISL_Train_RewardV3/runs/midasheng_7b_reward_v3_10rounds_20260905_run01/round_009/collections/round_009_caption_tts_rollout.output.jsonl
9,TTS,random440_expressivespeech_032,3,281,codec_frames,/data/L202500147/Caption/DualISL_Train_RewardV3/runs/midasheng_7b_reward_v3_10rounds_20260905_run01/round_009/collections/round_009_caption_tts_rollout.output.jsonl
9,TTS,random440_deear_098,4,521,codec_frames,/data/L202500147/Caption/DualISL_Train_RewardV3/runs/midasheng_7b_reward_v3_10rounds_20260905_run01/round_009/collections/round_009_caption_tts_rollout.output.jsonl
9,TTS,random440_expressivespeech_305,5,301,codec_frames,/data/L202500147/Caption/DualISL_Train_RewardV3/runs/midasheng_7b_reward_v3_10rounds_20260905_run01/round_009/collections/round_009_caption_tts_rollout.output.jsonl
9,TTS,random440_expressivespeech_106,6,130,codec_frames,/data/L202500147/Caption/DualISL_Train_RewardV3/runs/midasheng_7b_reward_v3_10rounds_20260905_run01/round_009/collections/round_009_caption_tts_rollout.output.jsonl
9,TTS,random440_expressivespeech_324,7,376,codec_frames,/data/L202500147/Caption/DualISL_Train_RewardV3/runs/midasheng_7b_reward_v3_10rounds_20260905_run01/round_009/collections/round_009_caption_tts_rollout.output.jsonl
9,TTS,random440_deear_100,0,278,codec_frames,/data/L202500147/Caption/DualISL_Train_RewardV3/runs/midasheng_7b_reward_v3_10rounds_20260905_run01/round_009/collections/round_009_caption_tts_rollout.output.jsonl
9,TTS,random440_deear_004,1,1366,codec_frames,/data/L202500147/Caption/DualISL_Train_RewardV3/runs/midasheng_7b_reward_v3_10rounds_20260905_run01/round_009/collections/round_009_caption_tts_rollout.output.jsonl
9,TTS,random440_expressivespeech_066,2,245,codec_frames,/data/L202500147/Caption/DualISL_Train_RewardV3/runs/midasheng_7b_reward_v3_10rounds_20260905_run01/round_009/collections/round_009_caption_tts_rollout.output.jsonl
9,TTS,random440_expressivespeech_240,3,450,codec_frames,/data/L202500147/Caption/DualISL_Train_RewardV3/runs/midasheng_7b_reward_v3_10rounds_20260905_run01/round_009/collections/round_009_caption_tts_rollout.output.jsonl
9,TTS,random440_expressivespeech_166,4,64,codec_frames,/data/L202500147/Caption/DualISL_Train_RewardV3/runs/midasheng_7b_reward_v3_10rounds_20260905_run01/round_009/collections/round_009_caption_tts_rollout.output.jsonl
9,TTS,random440_expressivespeech_034,5,99,codec_frames,/data/L202500147/Caption/DualISL_Train_RewardV3/runs/midasheng_7b_reward_v3_10rounds_20260905_run01/round_009/collections/round_009_caption_tts_rollout.output.jsonl
9,TTS,random440_expressivespeech_151,6,567,codec_frames,/data/L202500147/Caption/DualISL_Train_RewardV3/runs/midasheng_7b_reward_v3_10rounds_20260905_run01/round_009/collections/round_009_caption_tts_rollout.output.jsonl
9,TTS,random440_expressivespeech_328,7,245,codec_frames,/data/L202500147/Caption/DualISL_Train_RewardV3/runs/midasheng_7b_reward_v3_10rounds_20260905_run01/round_009/collections/round_009_caption_tts_rollout.output.jsonl
9,TTS,random440_expressivespeech_306,0,92,codec_frames,/data/L202500147/Caption/DualISL_Train_RewardV3/runs/midasheng_7b_reward_v3_10rounds_20260905_run01/round_009/collections/round_009_caption_tts_rollout.output.jsonl
9,TTS,random440_expressivespeech_274,1,643,codec_frames,/data/L202500147/Caption/DualISL_Train_RewardV3/runs/midasheng_7b_reward_v3_10rounds_20260905_run01/round_009/collections/round_009_caption_tts_rollout.output.jsonl
9,TTS,random440_expressivespeech_023,2,190,codec_frames,/data/L202500147/Caption/DualISL_Train_RewardV3/runs/midasheng_7b_reward_v3_10rounds_20260905_run01/round_009/collections/round_009_caption_tts_rollout.output.jsonl
9,TTS,random440_expressivespeech_226,3,128,codec_frames,/data/L202500147/Caption/DualISL_Train_RewardV3/runs/midasheng_7b_reward_v3_10rounds_20260905_run01/round_009/collections/round_009_caption_tts_rollout.output.jsonl
9,TTS,random440_deear_018,4,330,codec_frames,/data/L202500147/Caption/DualISL_Train_RewardV3/runs/midasheng_7b_reward_v3_10rounds_20260905_run01/round_009/collections/round_009_caption_tts_rollout.output.jsonl
9,TTS,random440_expressivespeech_247,5,818,codec_frames,/data/L202500147/Caption/DualISL_Train_RewardV3/runs/midasheng_7b_reward_v3_10rounds_20260905_run01/round_009/collections/round_009_caption_tts_rollout.output.jsonl
9,TTS,random440_expressivespeech_196,6,336,codec_frames,/data/L202500147/Caption/DualISL_Train_RewardV3/runs/midasheng_7b_reward_v3_10rounds_20260905_run01/round_009/collections/round_009_caption_tts_rollout.output.jsonl
9,TTS,random440_expressivespeech_042,7,351,codec_frames,/data/L202500147/Caption/DualISL_Train_RewardV3/runs/midasheng_7b_reward_v3_10rounds_20260905_run01/round_009/collections/round_009_caption_tts_rollout.output.jsonl
9,TTS,random440_expressivespeech_033,0,92,codec_frames,/data/L202500147/Caption/DualISL_Train_RewardV3/runs/midasheng_7b_reward_v3_10rounds_20260905_run01/round_009/collections/round_009_caption_tts_rollout.output.jsonl
9,TTS,random440_deear_061,1,822,codec_frames,/data/L202500147/Caption/DualISL_Train_RewardV3/runs/midasheng_7b_reward_v3_10rounds_20260905_run01/round_009/collections/round_009_caption_tts_rollout.output.jsonl
9,TTS,random440_deear_020,2,460,codec_frames,/data/L202500147/Caption/DualISL_Train_RewardV3/runs/midasheng_7b_reward_v3_10rounds_20260905_run01/round_009/collections/round_009_caption_tts_rollout.output.jsonl
9,TTS,random440_deear_021,3,58,codec_frames,/data/L202500147/Caption/DualISL_Train_RewardV3/runs/midasheng_7b_reward_v3_10rounds_20260905_run01/round_009/collections/round_009_caption_tts_rollout.output.jsonl
9,TTS,random440_expressivespeech_153,4,219,codec_frames,/data/L202500147/Caption/DualISL_Train_RewardV3/runs/midasheng_7b_reward_v3_10rounds_20260905_run01/round_009/collections/round_009_caption_tts_rollout.output.jsonl
9,TTS,random440_expressivespeech_241,5,130,codec_frames,/data/L202500147/Caption/DualISL_Train_RewardV3/runs/midasheng_7b_reward_v3_10rounds_20260905_run01/round_009/collections/round_009_caption_tts_rollout.output.jsonl
9,TTS,random440_deear_058,6,117,codec_frames,/data/L202500147/Caption/DualISL_Train_RewardV3/runs/midasheng_7b_reward_v3_10rounds_20260905_run01/round_009/collections/round_009_caption_tts_rollout.output.jsonl
9,TTS,random440_expressivespeech_218,7,146,codec_frames,/data/L202500147/Caption/DualISL_Train_RewardV3/runs/midasheng_7b_reward_v3_10rounds_20260905_run01/round_009/collections/round_009_caption_tts_rollout.output.jsonl
9,TTS,random440_expressivespeech_337,0,189,codec_frames,/data/L202500147/Caption/DualISL_Train_RewardV3/runs/midasheng_7b_reward_v3_10rounds_20260905_run01/round_009/collections/round_009_caption_tts_rollout.output.jsonl
9,TTS,random440_expressivespeech_288,1,193,codec_frames,/data/L202500147/Caption/DualISL_Train_RewardV3/runs/midasheng_7b_reward_v3_10rounds_20260905_run01/round_009/collections/round_009_caption_tts_rollout.output.jsonl
9,TTS,random440_deear_068,2,63,codec_frames,/data/L202500147/Caption/DualISL_Train_RewardV3/runs/midasheng_7b_reward_v3_10rounds_20260905_run01/round_009/collections/round_009_caption_tts_rollout.output.jsonl
9,TTS,random440_expressivespeech_325,3,228,codec_frames,/data/L202500147/Caption/DualISL_Train_RewardV3/runs/midasheng_7b_reward_v3_10rounds_20260905_run01/round_009/collections/round_009_caption_tts_rollout.output.jsonl
9,TTS,random440_deear_089,4,301,codec_frames,/data/L202500147/Caption/DualISL_Train_RewardV3/runs/midasheng_7b_reward_v3_10rounds_20260905_run01/round_009/collections/round_009_caption_tts_rollout.output.jsonl
9,TTS,random440_expressivespeech_036,5,192,codec_frames,/data/L202500147/Caption/DualISL_Train_RewardV3/runs/midasheng_7b_reward_v3_10rounds_20260905_run01/round_009/collections/round_009_caption_tts_rollout.output.jsonl
9,TTS,random440_expressivespeech_048,6,58,codec_frames,/data/L202500147/Caption/DualISL_Train_RewardV3/runs/midasheng_7b_reward_v3_10rounds_20260905_run01/round_009/collections/round_009_caption_tts_rollout.output.jsonl
9,TTS,random440_expressivespeech_064,7,50,codec_frames,/data/L202500147/Caption/DualISL_Train_RewardV3/runs/midasheng_7b_reward_v3_10rounds_20260905_run01/round_009/collections/round_009_caption_tts_rollout.output.jsonl
9,TTS,random440_expressivespeech_327,0,522,codec_frames,/data/L202500147/Caption/DualISL_Train_RewardV3/runs/midasheng_7b_reward_v3_10rounds_20260905_run01/round_009/collections/round_009_caption_tts_rollout.output.jsonl
9,TTS,random440_deear_017,1,135,codec_frames,/data/L202500147/Caption/DualISL_Train_RewardV3/runs/midasheng_7b_reward_v3_10rounds_20260905_run01/round_009/collections/round_009_caption_tts_rollout.output.jsonl
9,TTS,random440_deear_075,2,154,codec_frames,/data/L202500147/Caption/DualISL_Train_RewardV3/runs/midasheng_7b_reward_v3_10rounds_20260905_run01/round_009/collections/round_009_caption_tts_rollout.output.jsonl
9,TTS,random440_expressivespeech_269,3,181,codec_frames,/data/L202500147/Caption/DualISL_Train_RewardV3/runs/midasheng_7b_reward_v3_10rounds_20260905_run01/round_009/collections/round_009_caption_tts_rollout.output.jsonl
