round,rank,step,candidate_index,candidate_id,frames,padded,forward_loss_host_seconds,backward_sync_host_seconds,candidate_elapsed_seconds
0,0,0,0,random440_expressivespeech_059::0,62,False,13.412279605865479,15.444031238555908,28.836819164454937
0,0,0,1,random440_expressivespeech_059::1,41,False,6.494091510772705,12.283485412597656,19.00301505252719
0,0,0,2,random440_expressivespeech_059::2,45,False,7.583356142044067,10.126876592636108,17.960238141939044
0,0,0,3,random440_expressivespeech_059::3,41,False,7.269850730895996,11.579997062683105,18.83338465169072
0,0,1,0,random440_expressivespeech_206::0,115,False,23.880823612213135,28.51398777961731,52.37667557783425
0,0,1,1,random440_expressivespeech_206::1,144,False,25.735684156417847,37.030641078948975,62.75952730514109
0,0,1,2,random440_expressivespeech_206::2,134,False,24.018710374832153,34.084810972213745,58.70451460406184
0,0,1,3,random440_expressivespeech_206::3,140,False,24.711442470550537,43.41153573989868,68.66786063276231
0,0,2,0,random440_deear_036::0,17,False,2.5530147552490234,3.6982338428497314,6.232184996828437
0,0,2,1,random440_deear_036::1,16,False,3.324105978012085,5.71040153503418,8.917881414294243
0,0,2,2,random440_deear_036::2,17,False,3.217040538787842,3.688603162765503,6.890263425186276
0,0,2,3,random440_deear_036::3,22,False,3.285496234893799,5.733431577682495,9.053346585482359
0,0,3,0,random440_expressivespeech_239::0,38,False,6.233910083770752,10.317904233932495,16.542755089700222
0,0,3,1,random440_expressivespeech_239::1,32,False,4.765486001968384,7.19329833984375,11.954422818496823
0,0,3,2,random440_expressivespeech_239::2,53,False,9.56851077079773,14.401229858398438,24.087695714086294
0,0,3,3,random440_expressivespeech_239::3,44,False,6.885366439819336,14.741649627685547,21.827006842941046
0,0,4,0,random440_expressivespeech_164::0,81,False,12.553578615188599,22.253347396850586,34.788161089643836
0,0,4,1,random440_expressivespeech_164::1,68,False,10.548511981964111,17.561965942382812,28.434807505458593
0,0,4,2,random440_expressivespeech_164::2,90,False,14.040428161621094,24.298803091049194,38.329440677538514
0,0,4,3,random440_expressivespeech_164::3,98,False,17.09953236579895,30.926894426345825,48.38881557621062
0,0,5,0,random440_expressivespeech_094::0,70,False,10.775460720062256,17.932931184768677,28.697150083258748
0,0,5,1,random440_expressivespeech_094::1,61,False,9.306434392929077,16.949718475341797,26.254914175719023
0,0,5,2,random440_expressivespeech_094::2,73,False,11.14611005783081,18.743358373641968,29.878297531977296
0,0,5,3,random440_expressivespeech_094::3,86,False,13.430470705032349,36.58012390136719,49.98195957578719
0,0,6,0,random440_deear_027::0,56,False,10.448477268218994,12.703323364257812,23.13171450793743
0,0,6,1,random440_deear_027::1,49,False,9.42219352722168,12.924865484237671,22.332724122330546
0,0,6,2,random440_deear_027::2,65,False,10.169956922531128,16.77748465538025,26.9362075868994
0,0,6,3,random440_deear_027::3,54,False,8.413422107696533,27.079596281051636,35.735234681516886
0,0,7,0,random440_deear_089::0,58,False,9.462428569793701,14.778030395507812,24.21897472627461
0,0,7,1,random440_deear_089::1,67,False,10.475013256072998,18.906676769256592,29.614063465967774
0,0,7,2,random440_deear_089::2,73,False,11.207584857940674,18.60752773284912,30.071801183745265
0,0,7,3,random440_deear_089::3,72,False,11.411308288574219,27.669702768325806,39.35858418419957
0,0,8,0,random440_expressivespeech_100::0,68,False,12.582113981246948,15.280007600784302,27.843442160636187
0,0,8,1,random440_expressivespeech_100::1,65,False,13.961186647415161,14.513198614120483,28.465115694329143
0,0,8,2,random440_expressivespeech_100::2,71,False,13.303670167922974,15.983555555343628,29.277761248871684
0,0,8,3,random440_expressivespeech_100::3,58,False,11.418739557266235,14.125339031219482,25.82075185701251
0,0,9,0,random440_expressivespeech_170::0,17,False,2.8204691410064697,3.7178046703338623,6.520697120577097
0,0,9,1,random440_expressivespeech_170::1,77,False,14.031469345092773,17.523602962493896,31.54000181145966
0,0,9,2,random440_expressivespeech_170::2,15,False,4.053782939910889,5.460834503173828,9.823488289490342
0,0,9,3,random440_expressivespeech_170::3,21,False,3.1497671604156494,4.637356519699097,7.772595280781388
0,0,10,0,random440_deear_045::0,24,False,3.8962793350219727,5.30698561668396,9.185023443773389
0,0,10,1,random440_deear_045::1,22,False,3.5642731189727783,6.731848239898682,10.286316497251391
0,0,10,2,random440_deear_045::2,29,False,4.460693359375,6.569591283798218,11.094261979684234
0,0,10,3,random440_deear_045::3,35,False,5.453217506408691,10.069538593292236,15.615318167954683
0,0,11,0,random440_expressivespeech_139::0,104,False,18.200748443603516,26.230974674224854,44.4127450119704
0,0,11,1,random440_expressivespeech_139::1,89,False,16.58281660079956,21.26010298728943,38.26235048472881
0,0,11,2,random440_expressivespeech_139::2,110,False,19.470889568328857,29.198325395584106,48.65955111384392
0,0,11,3,random440_expressivespeech_139::3,113,False,19.628329515457153,40.69728994369507,60.3072344660759
0,0,12,0,random440_deear_053::0,14,False,2.1259469985961914,3.0673460960388184,5.177631443366408
0,0,12,1,random440_deear_053::1,9,False,1.3590061664581299,1.9516632556915283,3.3005777802318335
0,0,12,2,random440_deear_053::2,9,False,1.8521504402160645,2.862859010696411,4.702415043488145
0,0,12,3,random440_deear_053::3,19,False,3.8354837894439697,8.517228364944458,12.334937555715442
0,0,13,0,random440_expressivespeech_104::0,45,False,6.827270746231079,13.190927982330322,19.99737865291536
0,0,13,1,random440_expressivespeech_104::1,59,False,9.738223791122437,13.533504486083984,23.25807974860072
0,0,13,2,random440_expressivespeech_104::2,47,False,8.712169170379639,10.615147590637207,19.316221488639712
0,0,13,3,random440_expressivespeech_104::3,46,False,7.07446551322937,20.124690532684326,27.183338068425655
0,0,14,0,random440_expressivespeech_194::0,21,False,3.136495351791382,4.601762533187866,7.719896730035543
0,0,14,1,random440_expressivespeech_194::1,19,False,3.47023344039917,5.8480706214904785,9.30407502874732
0,0,14,2,random440_expressivespeech_194::2,21,False,3.1416702270507812,4.662843942642212,7.788714053109288
0,0,14,3,random440_expressivespeech_194::3,17,False,2.5722198486328125,9.005619525909424,11.636583097279072
0,0,15,0,random440_expressivespeech_277::0,57,False,12.572573184967041,12.849079370498657,25.402423562482
0,0,15,1,random440_expressivespeech_277::1,55,False,9.075767993927002,13.687075138092041,22.98581524193287
0,0,15,2,random440_expressivespeech_277::2,46,False,7.336571455001831,12.453677654266357,19.776071479544044
0,0,15,3,random440_expressivespeech_277::3,48,False,8.563867330551147,18.31554102897644,26.863805696368217
0,0,16,0,random440_expressivespeech_084::0,100,False,16.375289916992188,26.61468529701233,42.97271058522165
0,0,16,1,random440_expressivespeech_084::1,145,False,24.892767667770386,36.85457801818848,62.14361647516489
0,0,16,2,random440_expressivespeech_084::2,120,False,20.625160694122314,30.816154956817627,52.02564272657037
0,0,16,3,random440_expressivespeech_084::3,124,False,21.231253385543823,32.703163623809814,53.923363365232944
0,0,17,0,random440_expressivespeech_136::0,92,False,14.272825717926025,22.995232105255127,37.25000542588532
0,0,17,1,random440_expressivespeech_136::1,96,False,17.19506025314331,23.67595601081848,40.861189587041736
0,0,17,2,random440_expressivespeech_136::2,63,False,11.694366693496704,13.982953786849976,25.66944416053593
0,0,17,3,random440_expressivespeech_136::3,110,False,21.10823631286621,29.29467487335205,50.39074947312474
0,0,18,0,random440_expressivespeech_318::0,151,False,27.415758848190308,37.158690452575684,64.5567306894809
0,0,18,1,random440_expressivespeech_318::1,193,False,35.87047243118286,50.75733757019043,85.63341777957976
0,0,18,2,random440_expressivespeech_318::2,189,False,31.686786651611328,50.20931267738342,81.04983219131827
0,0,18,3,random440_expressivespeech_318::3,183,False,32.71424150466919,69.12097096443176,101.79303299821913
0,0,19,0,random440_expressivespeech_250::0,344,False,68.20771622657776,91.91283583641052,158.29497656971216
0,0,19,1,random440_expressivespeech_250::1,372,False,65.12279176712036,97.79173851013184,160.793254904449
0,0,19,2,random440_expressivespeech_250::2,367,False,66.52742433547974,96.24772787094116,160.7601740155369
0,0,19,3,random440_expressivespeech_250::3,289,False,51.079622983932495,298.42049503326416,349.48403983935714
0,0,20,0,random440_deear_067::0,7,True,1.363584280014038,1.5182294845581055,2.8663993943482637
0,0,20,1,random440_deear_067::1,8,True,1.2351901531219482,1.736403465270996,2.9582502227276564
0,0,20,2,random440_deear_067::2,7,True,1.0718801021575928,1.5235364437103271,2.5918314680457115
0,0,20,3,random440_deear_067::3,8,True,1.3216626644134521,11.056409120559692,12.271768927574158
0,0,21,0,random440_expressivespeech_142::0,23,False,3.814763307571411,5.17555570602417,8.979342985898256
0,0,21,1,random440_expressivespeech_142::1,31,False,4.854361534118652,6.879880428314209,11.738088354468346
0,0,21,2,random440_expressivespeech_142::2,18,False,3.84432315826416,5.091952323913574,9.05249192751944
0,0,21,3,random440_expressivespeech_142::3,20,False,3.2224769592285156,8.319046020507812,11.532513752579689
0,0,22,0,random440_expressivespeech_184::0,178,False,31.891372442245483,47.81037211418152,79.6837243232876
0,0,22,1,random440_expressivespeech_184::1,250,False,41.022473096847534,64.84462666511536,105.88086689263582
0,0,22,2,random440_expressivespeech_184::2,166,False,30.208341121673584,44.02272081375122,74.23752198554575
0,0,22,3,random440_expressivespeech_184::3,217,False,35.90681076049805,103.60363388061523,139.50831095315516
0,0,23,0,random440_expressivespeech_327::0,148,False,25.500285625457764,38.09708523750305,63.578941879794
0,0,23,1,random440_expressivespeech_327::1,113,False,19.74911141395569,29.235182523727417,49.022998647764325
0,0,23,2,random440_expressivespeech_327::2,157,False,29.203750133514404,40.913833141326904,70.12707939185202
0,0,23,3,random440_expressivespeech_327::3,129,False,25.982783794403076,70.24085736274719,96.23329530656338
0,0,24,0,random440_deear_075::0,35,False,6.4988908767700195,9.02021336555481,15.497486853972077
0,0,24,1,random440_deear_075::1,44,False,7.513101816177368,9.999498128890991,17.50157800875604
0,0,24,2,random440_deear_075::2,33,False,8.843745231628418,7.5711350440979,16.410621834918857
0,0,24,3,random440_deear_075::3,41,False,6.611280918121338,10.415737867355347,17.011216539889574
0,1,0,0,random440_expressivespeech_036::0,46,False,9.192482471466064,12.361241340637207,21.53544700331986
0,1,0,1,random440_expressivespeech_036::1,53,False,8.259132146835327,12.56892991065979,20.99038946442306
0,1,0,2,random440_expressivespeech_036::2,41,False,8.683154582977295,9.003402948379517,18.075142761692405
0,1,0,3,random440_expressivespeech_036::3,47,False,7.156453609466553,17.012426137924194,24.152053439989686
0,1,1,0,random440_expressivespeech_151::0,126,False,25.9962055683136,31.766191482543945,57.741075145080686
0,1,1,1,random440_expressivespeech_151::1,131,False,24.297022819519043,32.70892572402954,57.53707879036665
0,1,1,2,random440_expressivespeech_151::2,142,False,26.14682126045227,35.407615184783936,61.54023905098438
0,1,1,3,random440_expressivespeech_151::3,133,False,24.58110213279724,40.344992876052856,65.52894024178386
0,1,2,0,random440_expressivespeech_040::0,17,False,2.5379724502563477,3.6957662105560303,6.215241609141231
0,1,2,1,random440_expressivespeech_040::1,15,False,3.5735878944396973,5.318334579467773,8.874539067968726
0,1,2,2,random440_expressivespeech_040::2,16,False,2.90712833404541,3.465305805206299,6.357188079506159
0,1,2,3,random440_expressivespeech_040::3,22,False,3.292856454849243,6.4082725048065186,9.68450621701777
0,1,3,0,random440_expressivespeech_143::0,46,False,7.945639371871948,11.509698152542114,19.438092947006226
0,1,3,1,random440_expressivespeech_143::1,39,False,6.014787435531616,8.759206056594849,14.761165395379066
0,1,3,2,random440_expressivespeech_143::2,42,False,10.267677307128906,9.238142013549805,19.49325373210013
0,1,3,3,random440_expressivespeech_143::3,33,False,5.243873596191406,15.103029251098633,20.498006831854582
0,1,4,0,random440_expressivespeech_209::0,93,False,14.080968856811523,25.01646137237549,39.078371508046985
0,1,4,1,random440_expressivespeech_209::1,84,False,14.426175355911255,19.379547595977783,34.17464281991124
0,1,4,2,random440_expressivespeech_209::2,84,False,16.757855892181396,18.943679809570312,35.68973667360842
0,1,4,3,random440_expressivespeech_209::3,74,False,12.878067970275879,27.21045732498169,40.62296751886606
0,1,5,0,random440_expressivespeech_032::0,63,False,9.700848817825317,16.10806894302368,25.787495844066143
0,1,5,1,random440_expressivespeech_032::1,72,False,10.946365594863892,19.717697381973267,30.653339440003037
0,1,5,2,random440_expressivespeech_032::2,65,False,10.038528203964233,16.500347137451172,26.81710665114224
0,1,5,3,random440_expressivespeech_032::3,89,False,13.801170825958252,38.33079195022583,52.117222387343645
0,1,6,0,random440_expressivespeech_134::0,55,False,10.058318614959717,12.320084571838379,22.359528068453074
0,1,6,1,random440_expressivespeech_134::1,48,False,8.210692882537842,13.486727237701416,21.686513556167483
0,1,6,2,random440_expressivespeech_134::2,52,False,7.963863372802734,13.628829717636108,21.76387112401426
0,1,6,3,random440_expressivespeech_134::3,67,False,10.191428661346436,32.3032922744751,42.476456955075264
0,1,7,0,random440_expressivespeech_196::0,61,False,9.807386875152588,15.063883781433105,24.851098528131843
0,1,7,1,random440_expressivespeech_196::1,78,False,12.175826787948608,21.3477303981781,33.51091096550226
0,1,7,2,random440_expressivespeech_196::2,82,False,14.220623254776001,18.50683331489563,33.03758340887725
0,1,7,3,random440_expressivespeech_196::3,61,False,12.532661199569702,18.695868730545044,31.54874387010932
0,1,8,0,random440_expressivespeech_300::0,61,False,11.418009519577026,13.467329978942871,24.86792219057679
0,1,8,1,random440_expressivespeech_300::1,58,False,9.72194766998291,15.60307788848877,25.31496279872954
0,1,8,2,random440_expressivespeech_300::2,74,False,11.651883363723755,18.498547792434692,30.139523142948747
0,1,8,3,random440_expressivespeech_300::3,64,False,9.875257015228271,20.90445613861084,31.07079684175551
0,1,9,0,random440_expressivespeech_156::0,28,False,4.1681578159332275,6.805193901062012,10.953793777152896
0,1,9,1,random440_expressivespeech_156::1,28,False,5.604336977005005,6.151562452316284,11.769131001085043
0,1,9,2,random440_expressivespeech_156::2,45,False,6.9918317794799805,10.851047277450562,17.91523338109255
0,1,9,3,random440_expressivespeech_156::3,26,False,6.8647003173828125,7.65635085105896,14.506534028798342
0,1,10,0,random440_deear_097::0,25,False,3.730219841003418,5.4782373905181885,9.186615779995918
0,1,10,1,random440_deear_097::1,26,False,4.406324863433838,7.370899677276611,11.762941433116794
0,1,10,2,random440_deear_097::2,34,False,5.291676759719849,7.487076997756958,12.864198820665479
0,1,10,3,random440_deear_097::3,24,False,3.5480458736419678,8.645125150680542,12.316391192376614
0,1,11,0,random440_expressivespeech_240::0,108,False,18.47621774673462,26.755502223968506,45.21149601228535
0,1,11,1,random440_expressivespeech_240::1,92,False,17.28532123565674,21.350049018859863,39.06301033869386
0,1,11,2,random440_expressivespeech_240::2,92,False,15.99613904953003,24.803306341171265,40.79018195532262
0,1,11,3,random440_expressivespeech_240::3,114,False,17.484750747680664,48.94317317008972,66.78171348944306
0,1,12,0,random440_expressivespeech_140::0,17,False,2.8119962215423584,3.690575361251831,6.485177192837
0,1,12,1,random440_expressivespeech_140::1,9,False,1.3517398834228516,2.4153428077697754,3.753751890733838
0,1,12,2,random440_expressivespeech_140::2,12,False,2.6287364959716797,3.368523359298706,5.984827805310488
0,1,12,3,random440_expressivespeech_140::3,9,False,1.3554291725158691,7.889313697814941,9.227661460638046
0,1,13,0,random440_expressivespeech_214::0,45,False,7.035037040710449,12.969762563705444,19.988638259470463
0,1,13,1,random440_expressivespeech_214::1,35,False,6.178046703338623,7.739887475967407,13.905466532334685
0,1,13,2,random440_expressivespeech_214::2,70,False,11.873510122299194,16.496730089187622,28.357414046302438
0,1,13,3,random440_expressivespeech_214::3,45,False,6.670053005218506,21.03827691078186,28.074708802625537
0,1,14,0,random440_expressivespeech_034::0,19,False,3.0999555587768555,4.125792741775513,7.206792116165161
0,1,14,1,random440_expressivespeech_034::1,20,False,3.0427210330963135,6.1722822189331055,9.200126398354769
0,1,14,2,random440_expressivespeech_034::2,17,False,2.6259284019470215,3.7410075664520264,6.35163046605885
0,1,14,3,random440_expressivespeech_034::3,20,False,3.1784932613372803,10.401040077209473,13.555622685700655
0,1,15,0,random440_expressivespeech_153::0,73,False,15.16920280456543,16.113317489624023,31.263989320024848
0,1,15,1,random440_expressivespeech_153::1,49,False,9.399726390838623,10.855414390563965,20.53534527681768
0,1,15,2,random440_expressivespeech_153::2,46,False,7.111783504486084,13.849754571914673,20.94750022701919
0,1,15,3,random440_expressivespeech_153::3,51,False,7.845513582229614,14.778549432754517,22.607490422204137
0,1,16,0,random440_expressivespeech_121::0,114,False,18.198198318481445,30.000787496566772,48.179534524679184
0,1,16,1,random440_expressivespeech_121::1,123,False,20.98856258392334,31.799331426620483,52.77195624820888
0,1,16,2,random440_expressivespeech_121::2,124,False,20.87768840789795,32.03218126296997,52.89474265277386
0,1,16,3,random440_expressivespeech_121::3,112,False,17.25078248977661,39.07114267349243,56.27542735822499
0,1,17,0,random440_deear_065::0,104,False,16.3056743144989,25.557612419128418,41.84498979151249
0,1,17,1,random440_deear_065::1,83,False,16.73566246032715,18.76944088935852,35.924325965344906
0,1,17,2,random440_deear_065::2,77,False,13.766878843307495,17.52551770210266,31.282999707385898
0,1,17,3,random440_deear_065::3,94,False,17.42577314376831,27.512099027633667,44.92748589627445
0,1,18,0,random440_expressivespeech_117::0,198,False,37.14326739311218,52.1775438785553,88.16015766188502
0,1,18,1,random440_expressivespeech_117::1,171,False,28.746079921722412,44.253915548324585,72.89692775905132
0,1,18,2,random440_expressivespeech_117::2,160,False,25.783043384552002,42.8822386264801,68.65067743882537
0,1,18,3,random440_expressivespeech_117::3,167,False,29.764707803726196,73.50996470451355,103.22396343946457
0,1,19,0,random440_expressivespeech_229::0,368,False,71.38254857063293,98.34474968910217,167.50597703643143
0,1,19,1,random440_expressivespeech_229::1,359,False,61.78211998939514,97.67744994163513,157.54697410576046
0,1,19,2,random440_expressivespeech_229::2,329,False,56.31653094291687,86.81497526168823,142.40182807855308
0,1,19,3,random440_expressivespeech_229::3,315,False,53.65568232536316,308.72976207733154,361.2681015562266
0,1,20,0,random440_deear_067::0,7,True,1.099048376083374,1.5268406867980957,2.6114487759768963
0,1,20,1,random440_deear_067::1,8,True,1.2246487140655518,1.7478916645050049,2.9603204987943172
0,1,20,2,random440_deear_067::2,7,True,1.0630521774291992,1.54966139793396,2.608760802075267
0,1,20,3,random440_deear_067::3,8,True,1.3062894344329834,11.319225549697876,12.498957199975848
0,1,21,0,random440_expressivespeech_131::0,27,False,4.4818902015686035,6.133339881896973,10.596447149291635
0,1,21,1,random440_expressivespeech_131::1,20,False,3.010280132293701,4.418758392333984,7.433694068342447
0,1,21,2,random440_expressivespeech_131::2,23,False,3.7449023723602295,7.278827428817749,11.012879204005003
0,1,21,3,random440_expressivespeech_131::3,21,False,3.504385471343994,8.6634202003479,12.149036597460508
0,1,22,0,random440_expressivespeech_075::0,192,False,33.79916787147522,53.10484337806702,85.95706514827907
0,1,22,1,random440_expressivespeech_075::1,189,False,31.313275814056396,51.958247900009155,82.50357680022717
0,1,22,2,random440_expressivespeech_075::2,199,False,35.01610827445984,52.77550172805786,86.88800159469247
0,1,22,3,random440_expressivespeech_075::3,198,False,32.762683153152466,110.53910112380981,141.58169576339424
0,1,23,0,random440_expressivespeech_299::0,152,False,25.670137882232666,39.35042428970337,65.00173434987664
0,1,23,1,random440_expressivespeech_299::1,162,False,29.222965478897095,39.790401458740234,69.03912470676005
0,1,23,2,random440_expressivespeech_299::2,152,False,27.443052053451538,38.114203453063965,65.58287754282355
0,1,23,3,random440_expressivespeech_299::3,164,False,28.59213399887085,50.08644247055054,78.69366578944027
0,1,24,0,random440_expressivespeech_284::0,39,False,7.2425267696380615,9.744068384170532,16.965699104592204
0,1,24,1,random440_expressivespeech_284::1,41,False,6.124297380447388,9.190923690795898,15.303070543333888
0,1,24,2,random440_expressivespeech_284::2,33,False,8.69489574432373,7.856388568878174,16.536670703440905
0,1,24,3,random440_expressivespeech_284::3,29,False,4.32695460319519,12.9962899684906,17.30483803525567
0,2,0,0,random440_expressivespeech_269::0,41,False,8.654828786849976,11.09040904045105,19.72663919813931
0,2,0,1,random440_expressivespeech_269::1,52,False,8.416729211807251,11.48713731765747,20.048136746510863
0,2,0,2,random440_expressivespeech_269::2,47,False,10.822662830352783,10.389308214187622,21.40920733846724
0,2,0,3,random440_expressivespeech_269::3,46,False,7.206235885620117,16.571016550064087,23.759024888277054
0,2,1,0,random440_expressivespeech_193::0,122,False,26.117525815963745,31.958078861236572,58.056227061897516
0,2,1,1,random440_expressivespeech_193::1,143,False,27.509845733642578,36.72244381904602,64.71634487994015
0,2,1,2,random440_expressivespeech_193::2,130,False,24.386884927749634,33.86254620552063,58.87555552273989
0,2,1,3,random440_expressivespeech_193::3,137,False,25.435511589050293,35.3933482170105,60.81374247185886
0,2,2,0,random440_expressivespeech_213::0,12,False,1.8551373481750488,2.734238624572754,4.572819570079446
0,2,2,1,random440_expressivespeech_213::1,14,False,2.114419937133789,4.879877090454102,6.977125708013773
0,2,2,2,random440_expressivespeech_213::2,19,False,4.705172777175903,4.444559812545776,9.138198206201196
0,2,2,3,random440_expressivespeech_213::3,25,False,4.069838762283325,6.477405548095703,10.53135908395052
0,2,3,0,random440_expressivespeech_297::0,35,False,5.339267253875732,10.386354923248291,15.706734508275986
0,2,3,1,random440_expressivespeech_297::1,36,False,5.750717401504517,8.385929346084595,14.259569052606821
0,2,3,2,random440_expressivespeech_297::2,34,False,5.328479290008545,11.695675373077393,17.151446666568518
0,2,3,3,random440_expressivespeech_297::3,52,False,8.092095613479614,19.259071350097656,27.468424962833524
0,2,4,0,random440_deear_041::0,80,False,12.441137313842773,23.015040397644043,35.43765419907868
0,2,4,1,random440_deear_041::1,96,False,15.897812128067017,24.39632558822632,40.60669796727598
0,2,4,2,random440_deear_041::2,74,False,15.452799081802368,17.58876085281372,33.424316965043545
0,2,4,3,random440_deear_041::3,70,False,12.362605333328247,27.715417623519897,40.064281767234206
0,2,5,0,random440_expressivespeech_243::0,107,False,17.05829930305481,27.78115487098694,44.82044439204037
0,2,5,1,random440_expressivespeech_243::1,56,False,12.482764959335327,12.988519191741943,25.89478263631463
0,2,5,2,random440_expressivespeech_243::2,63,False,12.001235246658325,14.79154634475708,26.780843313783407
0,2,5,3,random440_expressivespeech_243::3,61,False,10.738642454147339,27.035645961761475,37.75766773335636
0,2,6,0,random440_deear_001::0,67,False,12.334794282913208,15.405086755752563,27.71941759251058
0,2,6,1,random440_deear_001::1,64,False,14.044686317443848,14.422998428344727,28.45853660814464
0,2,6,2,random440_deear_001::2,55,False,10.484842538833618,12.414237260818481,22.88770915940404
0,2,6,3,random440_deear_001::3,51,False,8.08961033821106,20.722824096679688,28.7975156288594
0,2,7,0,random440_expressivespeech_335::0,88,False,16.102575063705444,20.250502824783325,36.334791980683804
0,2,7,1,random440_expressivespeech_335::1,63,False,13.461547374725342,14.31664514541626,28.151320707052946
0,2,7,2,random440_expressivespeech_335::2,58,False,11.21088719367981,12.95008635520935,24.149783927947283
0,2,7,3,random440_expressivespeech_335::3,70,False,13.499150276184082,20.696244478225708,34.18129965849221
0,2,8,0,random440_expressivespeech_191::0,53,False,10.079609870910645,11.953385353088379,22.015447307378054
0,2,8,1,random440_expressivespeech_191::1,63,False,10.202642679214478,17.837045192718506,28.025777850300074
0,2,8,2,random440_expressivespeech_191::2,75,False,11.927119016647339,19.0679452419281,31.244486732408404
0,2,8,3,random440_expressivespeech_191::3,61,False,9.313406705856323,20.732333421707153,30.33741713874042
0,2,9,0,random440_expressivespeech_241::0,37,False,5.86346697807312,10.366436958312988,16.20938882045448
0,2,9,1,random440_expressivespeech_241::1,32,False,4.914031028747559,7.1158692836761475,12.01784954033792
0,2,9,2,random440_expressivespeech_241::2,31,False,4.891491174697876,7.8701536655426025,12.748679168522358
0,2,9,3,random440_expressivespeech_241::3,26,False,6.6990625858306885,7.643782615661621,14.542487354949117
0,2,10,0,random440_expressivespeech_253::0,21,False,3.39451003074646,4.611276149749756,7.992674736306071
0,2,10,1,random440_expressivespeech_253::1,27,False,4.406580448150635,7.829070091247559,12.221392568200827
0,2,10,2,random440_expressivespeech_253::2,25,False,4.034329652786255,5.465407848358154,9.592788089066744
0,2,10,3,random440_expressivespeech_253::3,33,False,5.055972337722778,11.185584306716919,16.317733459174633
0,2,11,0,random440_expressivespeech_091::0,121,False,20.872354984283447,29.665269136428833,50.518524346873164
0,2,11,1,random440_expressivespeech_091::1,84,False,16.723808526992798,20.034790992736816,36.74211259186268
0,2,11,2,random440_expressivespeech_091::2,87,False,14.303975820541382,23.829570770263672,38.12274417281151
0,2,11,3,random440_expressivespeech_091::3,108,False,16.705336332321167,49.004557847976685,66.00777490623295
0,2,12,0,random440_expressivespeech_173::0,12,False,2.1117260456085205,2.5908560752868652,4.687772227451205
0,2,12,1,random440_expressivespeech_173::1,9,False,1.3696434497833252,1.939328908920288,3.2986629884690046
0,2,12,2,random440_expressivespeech_173::2,15,False,2.961371660232544,4.610801696777344,7.556256301701069
0,2,12,3,random440_expressivespeech_173::3,10,False,1.5165207386016846,8.428891897201538,9.978707222267985
0,2,13,0,random440_expressivespeech_203::0,48,False,7.547125577926636,14.22673487663269,21.75437599979341
0,2,13,1,random440_expressivespeech_203::1,48,False,7.4777936935424805,10.655780792236328,18.120216267183423
0,2,13,2,random440_expressivespeech_203::2,44,False,8.646385192871094,9.79053258895874,18.60878537222743
0,2,13,3,random440_expressivespeech_203::3,49,False,7.728798866271973,24.29193353652954,32.00116092339158
0,2,14,0,random440_expressivespeech_302::0,18,False,2.7376325130462646,3.9084818363189697,6.626865705475211
0,2,14,1,random440_expressivespeech_302::1,25,False,4.145770788192749,7.478451728820801,11.607051700353622
0,2,14,2,random440_expressivespeech_302::2,23,False,3.543991804122925,5.010356426239014,8.543857038021088
0,2,14,3,random440_expressivespeech_302::3,22,False,3.3025033473968506,6.28925633430481,9.57709045521915
0,2,15,0,random440_deear_022::0,58,False,13.09414005279541,12.793870449066162,25.870572360232472
0,2,15,1,random440_deear_022::1,61,False,10.457995414733887,14.545176982879639,25.22197508625686
0,2,15,2,random440_deear_022::2,40,False,6.3551108837127686,11.399806499481201,17.98719623684883
0,2,15,3,random440_deear_022::3,56,False,9.468610286712646,16.77995991706848,26.231534898281097
0,2,16,0,random440_expressivespeech_012::0,132,False,21.369226694107056,34.12162518501282,55.47398479655385
0,2,16,1,random440_expressivespeech_012::1,107,False,19.3212673664093,28.023216009140015,47.328720232471824
0,2,16,2,random440_expressivespeech_012::2,126,False,23.02117133140564,32.52839207649231,55.54076994024217
0,2,16,3,random440_expressivespeech_012::3,106,False,19.851573944091797,31.244703769683838,51.07755424082279
0,2,17,0,random440_deear_076::0,87,False,13.410361528396606,22.168664693832397,35.56058953329921
0,2,17,1,random440_deear_076::1,79,False,12.882848978042603,21.793760538101196,34.667025508359075
0,2,17,2,random440_deear_076::2,84,False,15.359072208404541,18.781376123428345,34.44978083111346
0,2,17,3,random440_deear_076::3,100,False,19.46668314933777,30.380863666534424,49.83494996652007
0,2,18,0,random440_expressivespeech_118::0,140,False,25.806466817855835,34.450552225112915,60.240366850048304
0,2,18,1,random440_expressivespeech_118::1,170,False,31.395915031433105,42.96755504608154,74.90563505701721
0,2,18,2,random440_expressivespeech_118::2,200,False,36.16453146934509,54.445847511291504,89.45934693515301
0,2,18,3,random440_expressivespeech_118::3,161,False,28.693403482437134,80.15305018424988,108.82715452834964
0,2,19,0,random440_deear_050::0,345,False,68.08070206642151,96.21068906784058,162.33447866514325
0,2,19,1,random440_deear_050::1,293,False,52.87011981010437,76.60916185379028,129.48191419057548
0,2,19,2,random440_deear_050::2,311,False,54.75358724594116,81.75497317314148,136.5050720386207
0,2,19,3,random440_deear_050::3,323,False,57.205042600631714,348.99957299232483,406.1457106806338
0,2,20,0,random440_deear_067::0,7,True,1.1968967914581299,1.538135290145874,2.720159327611327
0,2,20,1,random440_deear_067::1,8,True,1.251373529434204,1.7602460384368896,2.9978683330118656
0,2,20,2,random440_deear_067::2,7,True,1.0845296382904053,1.5311806201934814,2.611064212396741
0,2,20,3,random440_deear_067::3,8,True,1.3333983421325684,11.162239789962769,12.387579834088683
0,2,21,0,random440_expressivespeech_149::0,22,False,3.9724502563476562,4.968402624130249,8.926340341567993
0,2,21,1,random440_expressivespeech_149::1,17,False,2.6073954105377197,3.7487103939056396,6.345776557922363
0,2,21,2,random440_expressivespeech_149::2,24,False,3.9558560848236084,6.869579315185547,10.81131816841662
0,2,21,3,random440_expressivespeech_149::3,25,False,4.326045036315918,10.621938228607178,14.930194165557623
0,2,22,0,random440_expressivespeech_276::0,203,False,36.553202629089355,53.88405680656433,90.41901308111846
0,2,22,1,random440_expressivespeech_276::1,271,False,48.90011787414551,70.5796480178833,119.48588309437037
0,2,22,2,random440_expressivespeech_276::2,195,False,32.871384382247925,52.23240375518799,85.09896604716778
0,2,22,3,random440_expressivespeech_276::3,235,False,43.02077007293701,62.709402084350586,105.74021168611944
0,2,23,0,random440_expressivespeech_289::0,139,False,22.57813835144043,37.402188777923584,59.961812080815434
0,2,23,1,random440_expressivespeech_289::1,168,False,30.749608755111694,41.49657082557678,72.26715263165534
0,2,23,2,random440_expressivespeech_289::2,161,False,29.312153339385986,42.39020109176636,71.61051422916353
0,2,23,3,random440_expressivespeech_289::3,156,False,26.62565779685974,47.58205199241638,74.26334463432431
0,2,24,0,random440_deear_059::0,35,False,5.979490518569946,9.23099160194397,15.190891394391656
0,2,24,1,random440_deear_059::1,40,False,6.47510838508606,9.03446340560913,15.495031092315912
0,2,24,2,random440_deear_059::2,30,False,6.189222574234009,8.95157241821289,15.129286454990506
0,2,24,3,random440_deear_059::3,37,False,5.898970365524292,14.640494108200073,20.515326764434576
0,3,0,0,random440_expressivespeech_218::0,56,False,12.512701272964478,14.76279616355896,27.25694182701409
0,3,0,1,random440_expressivespeech_218::1,53,False,8.849694967269897,15.959205627441406,25.011095263063908
0,3,0,2,random440_expressivespeech_218::2,39,False,6.7663397789001465,8.784910202026367,15.75126069970429
0,3,0,3,random440_expressivespeech_218::3,37,False,7.955161809921265,8.875459671020508,16.809761492535472
0,3,1,0,random440_expressivespeech_212::0,108,False,24.378684759140015,27.46509313583374,51.825496604666114
0,3,1,1,random440_expressivespeech_212::1,147,False,28.349546432495117,37.732501745224,66.50900996848941
0,3,1,2,random440_expressivespeech_212::2,154,False,30.3097984790802,38.74295783042908,69.03900259360671
0,3,1,3,random440_expressivespeech_212::3,121,False,24.296881675720215,30.280191659927368,54.5596439819783
0,3,2,0,random440_expressivespeech_159::0,18,False,2.9294381141662598,4.009807825088501,6.921111509203911
0,3,2,1,random440_expressivespeech_159::1,13,False,3.3280439376831055,4.774285316467285,8.087236506864429
0,3,2,2,random440_expressivespeech_159::2,25,False,4.55790376663208,5.627114295959473,10.172647813335061
0,3,2,3,random440_expressivespeech_159::3,12,False,1.9374589920043945,3.9731428623199463,5.9906837325543165
0,3,3,0,random440_deear_007::0,36,False,6.352842092514038,9.945319890975952,16.279527043923736
0,3,3,1,random440_deear_007::1,40,False,6.6575868129730225,9.05063533782959,15.845703979954123
0,3,3,2,random440_deear_007::2,44,False,10.123814821243286,10.914650678634644,21.193556075915694
0,3,3,3,random440_deear_007::3,37,False,6.215034484863281,14.799174547195435,21.175140781328082
0,3,4,0,random440_expressivespeech_006::0,75,False,12.388837099075317,21.20827031135559,33.57902260310948
0,3,4,1,random440_expressivespeech_006::1,68,False,11.213359355926514,17.495903968811035,29.002210829406977
0,3,4,2,random440_expressivespeech_006::2,73,False,11.903916597366333,20.571364164352417,32.46169701218605
0,3,4,3,random440_expressivespeech_006::3,103,False,19.150182247161865,35.51034736633301,54.93682988360524
0,3,5,0,random440_expressivespeech_049::0,79,False,13.134186506271362,20.268903732299805,33.384824987500906
0,3,5,1,random440_expressivespeech_049::1,82,False,13.779239892959595,22.316851139068604,36.085819981992245
0,3,5,2,random440_expressivespeech_049::2,76,False,14.578912734985352,17.642115354537964,32.54452325962484
0,3,5,3,random440_expressivespeech_049::3,74,False,16.246959686279297,17.40083336830139,33.6364004034549
0,3,6,0,random440_deear_026::0,48,False,9.386454105377197,12.024963140487671,21.38914287649095
0,3,6,1,random440_deear_026::1,59,False,11.994791507720947,16.374101161956787,28.356274664402008
0,3,6,2,random440_deear_026::2,59,False,10.697711944580078,15.875160217285156,26.797611728310585
0,3,6,3,random440_deear_026::3,69,False,11.986668825149536,19.79503607749939,32.02366778254509
0,3,7,0,random440_expressivespeech_081::0,66,False,12.054271459579468,16.297160625457764,28.3316512927413
0,3,7,1,random440_expressivespeech_081::1,66,False,11.996051549911499,18.176066875457764,30.430077640339732
0,3,7,2,random440_expressivespeech_081::2,67,False,12.479806423187256,16.262068510055542,29.017337407916784
0,3,7,3,random440_expressivespeech_081::3,80,False,16.23025870323181,19.472487688064575,35.980024084448814
0,3,8,0,random440_expressivespeech_248::0,66,False,12.962172508239746,15.262647867202759,28.206922352313995
0,3,8,1,random440_expressivespeech_248::1,54,False,12.074182271957397,12.82067084312439,24.885560540482402
0,3,8,2,random440_expressivespeech_248::2,80,False,15.665096044540405,18.328060388565063,33.982118017971516
0,3,8,3,random440_expressivespeech_248::3,51,False,11.720913410186768,12.255561828613281,24.288850121200085
0,3,9,0,random440_deear_017::0,34,False,5.701496362686157,9.703074216842651,15.382099872455
0,3,9,1,random440_deear_017::1,26,False,4.229973077774048,5.8229780197143555,10.041549384593964
0,3,9,2,random440_deear_017::2,34,False,5.723273754119873,7.976851940155029,13.683678464964032
0,3,9,3,random440_deear_017::3,28,False,7.654468059539795,8.411155462265015,16.053153704851866
0,3,10,0,random440_deear_058::0,26,False,4.334570646286011,5.914016008377075,10.230229089036584
0,3,10,1,random440_deear_058::1,29,False,5.884296655654907,7.401130199432373,13.458809306845069
0,3,10,2,random440_deear_058::2,26,False,4.361538648605347,5.938256025314331,10.399140108376741
0,3,10,3,random440_deear_058::3,24,False,3.7821242809295654,8.271260023117065,12.148679751902819
0,3,11,0,random440_expressivespeech_161::0,80,False,15.283169746398926,20.599733591079712,35.86492300219834
0,3,11,1,random440_expressivespeech_161::1,106,False,17.393543004989624,28.511669874191284,46.21939708478749
0,3,11,2,random440_expressivespeech_161::2,89,False,16.48728036880493,24.764302253723145,41.683832205832005
0,3,11,3,random440_expressivespeech_161::3,101,False,16.713743448257446,51.694838523864746,68.74344739504158
0,3,12,0,random440_expressivespeech_186::0,14,False,2.2571189403533936,3.149794816970825,5.38965199701488
0,3,12,1,random440_expressivespeech_186::1,12,False,1.9223968982696533,3.1480658054351807,5.060471463948488
0,3,12,2,random440_expressivespeech_186::2,10,False,2.358747720718384,3.0161378383636475,5.360198734328151
0,3,12,3,random440_expressivespeech_186::3,9,False,1.447801113128662,8.136951208114624,9.563444448634982
0,3,13,0,random440_expressivespeech_072::0,47,False,7.894012451171875,14.600019931793213,22.477515613660216
0,3,13,1,random440_expressivespeech_072::1,56,False,9.193421125411987,13.830796003341675,23.00919721275568
0,3,13,2,random440_expressivespeech_072::2,54,False,9.768714427947998,12.399259567260742,22.45504304394126
0,3,13,3,random440_expressivespeech_072::3,47,False,11.07173752784729,11.508838891983032,22.78181284479797
0,3,14,0,random440_expressivespeech_278::0,19,False,3.0167179107666016,4.276201009750366,7.273307967931032
0,3,14,1,random440_expressivespeech_278::1,18,False,2.9503395557403564,5.763746738433838,8.696633998304605
0,3,14,2,random440_expressivespeech_278::2,38,False,6.543714284896851,8.620450258255005,15.148799400776625
0,3,14,3,random440_expressivespeech_278::3,13,False,2.0737597942352295,2.8901889324188232,5.190330885350704
0,3,15,0,random440_expressivespeech_242::0,51,False,11.920795917510986,11.889721632003784,23.79099785350263
0,3,15,1,random440_expressivespeech_242::1,51,False,8.387896537780762,13.936060667037964,22.51504155807197
0,3,15,2,random440_expressivespeech_242::2,51,False,8.42151927947998,14.618983745574951,23.128341926261783
0,3,15,3,random440_expressivespeech_242::3,62,False,10.490930795669556,15.55815601348877,26.34268867224455
0,3,16,0,random440_expressivespeech_001::0,133,False,23.14296317100525,36.668952226638794,59.79185177013278
0,3,16,1,random440_expressivespeech_001::1,114,False,18.725675106048584,30.96830701828003,49.67876361310482
0,3,16,2,random440_expressivespeech_001::2,114,False,20.937742948532104,30.998223781585693,51.92100290581584
0,3,16,3,random440_expressivespeech_001::3,108,False,19.87918710708618,29.257587671279907,49.120267579331994
0,3,17,0,random440_deear_052::0,93,False,15.40401554107666,24.28699016571045,39.67123253270984
0,3,17,1,random440_deear_052::1,75,False,14.75940752029419,18.925073862075806,34.06197986938059
0,3,17,2,random440_deear_052::2,82,False,15.697777032852173,18.937217235565186,34.62447387352586
0,3,17,3,random440_deear_052::3,99,False,19.832672595977783,25.624963998794556,46.08047428354621
0,3,18,0,random440_expressivespeech_174::0,148,False,28.173690795898438,37.36052370071411,65.51671470142901
0,3,18,1,random440_expressivespeech_174::1,149,False,29.555983066558838,39.277427434921265,68.8151134531945
0,3,18,2,random440_expressivespeech_174::2,154,False,30.81421446800232,40.928855657577515,71.72990143485367
0,3,18,3,random440_expressivespeech_174::3,218,False,41.228700160980225,88.52114415168762,128.40637472085655
0,3,19,0,random440_expressivespeech_108::0,308,False,62.63050079345703,81.84471011161804,142.71108113974333
0,3,19,1,random440_expressivespeech_108::1,229,False,43.87062454223633,61.705830574035645,105.57779894955456
0,3,19,2,random440_expressivespeech_108::2,291,False,54.226481676101685,80.0190041065216,131.72124610841274
0,3,19,3,random440_expressivespeech_108::3,284,False,50.58878469467163,403.5831663608551,452.1149882376194
0,3,20,0,random440_deear_067::0,7,True,1.167694330215454,1.5624372959136963,2.7149226255714893
0,3,20,1,random440_deear_067::1,8,True,1.3063316345214844,1.7845780849456787,3.0732952803373337
0,3,20,2,random440_deear_067::2,7,True,1.1364500522613525,1.5726318359375,2.6968676075339317
0,3,20,3,random440_deear_067::3,8,True,1.4021103382110596,10.881897687911987,12.179276421666145
0,3,21,0,random440_deear_005::0,27,False,4.948948383331299,6.199301481246948,11.128474023193121
0,3,21,1,random440_deear_005::1,24,False,3.8155250549316406,5.529238224029541,9.345633629709482
0,3,21,2,random440_deear_005::2,25,False,5.515929937362671,6.3456292152404785,11.852849816903472
0,3,21,3,random440_deear_005::3,22,False,3.78497052192688,5.051429271697998,8.925570553168654
0,3,22,0,random440_expressivespeech_330::0,217,False,40.8823778629303,57.69890308380127,97.60587835498154
0,3,22,1,random440_expressivespeech_330::1,215,False,41.13879084587097,57.877803325653076,97.84918787889183
0,3,22,2,random440_expressivespeech_330::2,229,False,40.15202975273132,61.6920051574707,100.62231906317174
0,3,22,3,random440_expressivespeech_330::3,199,False,39.18935418128967,59.784340381622314,98.53395994380116
0,3,23,0,random440_deear_085::0,141,False,25.913873434066772,37.231555461883545,63.12492078542709
0,3,23,1,random440_deear_085::1,154,False,29.507046222686768,38.426581621170044,67.94954597763717
0,3,23,2,random440_deear_085::2,176,False,32.92155718803406,48.0983304977417,80.07454308494925
0,3,23,3,random440_deear_085::3,152,False,27.695039749145508,39.71939182281494,67.41463080048561
0,3,24,0,random440_expressivespeech_058::0,33,False,5.9505345821380615,8.837736129760742,14.768076745793223
0,3,24,1,random440_expressivespeech_058::1,44,False,7.059793949127197,10.0979745388031,17.143866861239076
0,3,24,2,random440_expressivespeech_058::2,36,False,9.715849876403809,8.691184520721436,18.40244896709919
0,3,24,3,random440_expressivespeech_058::3,27,False,4.52543306350708,11.415820360183716,15.919875912368298
0,4,0,0,random440_expressivespeech_015::0,42,False,8.85707139968872,11.648798942565918,20.486959118396044
0,4,0,1,random440_expressivespeech_015::1,48,False,7.803717374801636,10.6399245262146,18.596153311431408
0,4,0,2,random440_expressivespeech_015::2,43,False,10.6840078830719,9.630791902542114,20.482143687084317
0,4,0,3,random440_expressivespeech_015::3,52,False,8.591185331344604,16.84557604789734,25.420725191012025
0,4,1,0,random440_expressivespeech_039::0,136,False,29.20787763595581,34.547080993652344,63.736881617456675
0,4,1,1,random440_expressivespeech_039::1,140,False,27.056703329086304,35.395318269729614,62.43915765359998
0,4,1,2,random440_expressivespeech_039::2,114,False,22.67817258834839,28.75891947746277,52.001123268157244
0,4,1,3,random440_expressivespeech_039::3,133,False,25.54724884033203,38.184354305267334,63.7201844509691
0,4,2,0,random440_expressivespeech_119::0,12,False,1.8871850967407227,2.6219711303710938,4.494442570954561
0,4,2,1,random440_expressivespeech_119::1,13,False,2.0246639251708984,4.220273733139038,6.164342598989606
0,4,2,2,random440_expressivespeech_119::2,25,False,6.52012300491333,5.57135272026062,12.073907356709242
0,4,2,3,random440_expressivespeech_119::3,16,False,2.4921352863311768,5.946133375167847,8.422154150903225
0,4,3,0,random440_expressivespeech_002::0,39,False,6.860330820083618,10.237907409667969,17.080522103235126
0,4,3,1,random440_expressivespeech_002::1,43,False,6.673307657241821,9.675611734390259,16.335608860477805
0,4,3,2,random440_expressivespeech_002::2,38,False,9.857752323150635,8.723902940750122,18.73597346805036
0,4,3,3,random440_expressivespeech_002::3,37,False,6.129657506942749,15.991153717041016,22.104281766340137
0,4,4,0,random440_deear_079::0,95,False,15.131324768066406,25.926909923553467,41.039377361536026
0,4,4,1,random440_deear_079::1,71,False,12.943427324295044,16.481189250946045,29.803816113620996
0,4,4,2,random440_deear_079::2,94,False,19.138738870620728,23.378299713134766,42.504786083474755
0,4,4,3,random440_deear_079::3,83,False,13.332623481750488,22.60559606552124,36.51720251142979
0,4,5,0,random440_deear_100::0,73,False,11.595401287078857,18.5302095413208,30.107589876279235
0,4,5,1,random440_deear_100::1,89,False,14.409831523895264,24.036851406097412,38.436651388183236
0,4,5,2,random440_deear_100::2,67,False,12.487797021865845,15.721168518066406,28.55444446578622
0,4,5,3,random440_deear_100::3,81,False,16.465509176254272,21.64775037765503,38.09884133934975
0,4,6,0,random440_expressivespeech_062::0,62,False,11.669372081756592,14.157955884933472,25.808963088318706
0,4,6,1,random440_expressivespeech_062::1,51,False,11.92584753036499,11.376876592636108,23.29008393920958
0,4,6,2,random440_expressivespeech_062::2,77,False,14.550672769546509,17.779054880142212,32.32034872286022
0,4,6,3,random440_expressivespeech_062::3,42,False,7.496004343032837,18.88249397277832,26.67948590964079
0,4,7,0,random440_deear_034::0,65,False,11.582238674163818,15.751437187194824,27.31218260154128
0,4,7,1,random440_deear_034::1,80,False,15.11148190498352,20.177908420562744,35.27897627465427
0,4,7,2,random440_deear_034::2,66,False,12.547426462173462,14.859471559524536,27.71270493976772
0,4,7,3,random440_deear_034::3,64,False,13.565409183502197,18.92452383041382,32.47556212358177
0,4,8,0,random440_expressivespeech_244::0,56,False,10.855679512023926,12.620946168899536,23.456245901063085
0,4,8,1,random440_expressivespeech_244::1,67,False,12.101012468338013,17.46778440475464,29.55839489772916
0,4,8,2,random440_expressivespeech_244::2,70,False,12.932156324386597,16.57750105857849,29.76672481186688
0,4,8,3,random440_expressivespeech_244::3,57,False,9.253700494766235,19.331989526748657,28.8505293764174
0,4,9,0,random440_expressivespeech_332::0,37,False,5.974813938140869,10.370153903961182,16.32458347082138
0,4,9,1,random440_expressivespeech_332::1,28,False,4.755582094192505,6.286106109619141,11.026794876903296
0,4,9,2,random440_expressivespeech_332::2,25,False,4.057800531387329,5.590304613113403,9.632437843829393
0,4,9,3,random440_expressivespeech_332::3,27,False,6.3254969120025635,12.302254676818848,18.608780005946755
0,4,10,0,random440_deear_028::0,37,False,5.971682786941528,9.133835315704346,15.086090276017785
0,4,10,1,random440_deear_028::1,25,False,5.117283821105957,5.525762557983398,10.781963519752026
0,4,10,2,random440_deear_028::2,20,False,3.3284573554992676,4.4958319664001465,7.810797613114119
0,4,10,3,random440_deear_028::3,20,False,3.1288504600524902,9.209482669830322,12.398624496534467
0,4,11,0,random440_deear_025::0,100,False,18.175793409347534,25.289811611175537,43.44424109905958
0,4,11,1,random440_deear_025::1,84,False,15.481058835983276,20.802244186401367,36.68439414165914
0,4,11,2,random440_deear_025::2,88,False,16.17923140525818,22.52817678451538,38.694546872749925
0,4,11,3,random440_deear_025::3,101,False,17.589388608932495,54.748279333114624,72.99371556378901
0,4,12,0,random440_expressivespeech_322::0,17,False,2.648355722427368,3.729691505432129,6.3617059625685215
0,4,12,1,random440_expressivespeech_322::1,14,False,2.184542655944824,4.376307487487793,6.547482747584581
0,4,12,2,random440_expressivespeech_322::2,16,False,3.3127663135528564,3.5990488529205322,6.896373575553298
0,4,12,3,random440_expressivespeech_322::3,15,False,2.344419002532959,3.2693727016448975,5.598909387364984
0,4,13,0,random440_expressivespeech_092::0,46,False,7.581132650375366,13.691578149795532,21.251836854964495
0,4,13,1,random440_expressivespeech_092::1,65,False,10.48774790763855,16.486002922058105,26.956748232245445
0,4,13,2,random440_expressivespeech_092::2,43,False,6.977962493896484,9.739885568618774,16.96601971052587
0,4,13,3,random440_expressivespeech_092::3,49,False,9.406997680664062,15.586238145828247,24.976560667157173
0,4,14,0,random440_expressivespeech_232::0,31,False,4.815456390380859,7.505895376205444,12.300507310777903
0,4,14,1,random440_expressivespeech_232::1,23,False,4.973490953445435,5.216044187545776,10.179304651916027
0,4,14,2,random440_expressivespeech_232::2,14,False,2.3695311546325684,3.055121898651123,5.4177655298262835
0,4,14,3,random440_expressivespeech_232::3,19,False,2.953726053237915,5.403497934341431,8.342132842168212
0,4,15,0,random440_expressivespeech_145::0,42,False,9.60352873802185,10.614347457885742,20.198782293125987
0,4,15,1,random440_expressivespeech_145::1,69,False,11.037208795547485,17.697552919387817,28.720355562865734
0,4,15,2,random440_expressivespeech_145::2,59,False,9.528578042984009,16.92731237411499,26.719263311475515
0,4,15,3,random440_expressivespeech_145::3,43,False,6.719008445739746,12.986505508422852,19.693213891237974
0,4,16,0,random440_expressivespeech_133::0,150,False,25.487449884414673,40.67044711112976,66.14005624130368
0,4,16,1,random440_expressivespeech_133::1,92,False,15.055580377578735,24.974851369857788,40.0134282335639
0,4,16,2,random440_expressivespeech_133::2,111,False,19.867700815200806,29.44154143333435,49.67372478172183
0,4,16,3,random440_expressivespeech_133::3,110,False,18.40378761291504,36.36189126968384,54.74404144845903
0,4,17,0,random440_deear_018::0,86,False,13.781908988952637,22.251846075057983,36.013404762372375
0,4,17,1,random440_deear_018::1,98,False,18.026968479156494,24.589781761169434,42.6050961650908
0,4,17,2,random440_deear_018::2,90,False,16.08731722831726,24.678499937057495,41.349132573232055
0,4,17,3,random440_deear_018::3,74,False,11.786664962768555,22.545674800872803,34.31964049488306
0,4,18,0,random440_expressivespeech_152::0,162,False,31.237706899642944,39.67178702354431,70.892523560673
0,4,18,1,random440_expressivespeech_152::1,181,False,35.68989086151123,46.49948692321777,82.39032526686788
0,4,18,2,random440_expressivespeech_152::2,159,False,27.67083716392517,43.17224073410034,70.83202707767487
0,4,18,3,random440_expressivespeech_152::3,147,False,25.147801399230957,85.3165111541748,110.41584436967969
0,4,19,0,random440_expressivespeech_141::0,244,False,47.68302297592163,63.649189949035645,110.18948628753424
0,4,19,1,random440_expressivespeech_141::1,215,False,39.05517292022705,55.62154698371887,95.57430631667376
0,4,19,2,random440_expressivespeech_141::2,225,False,40.84928798675537,59.637367725372314,100.47791877016425
0,4,19,3,random440_expressivespeech_141::3,276,False,52.263280391693115,481.5224950313568,532.0008976198733
0,4,20,0,random440_expressivespeech_064::0,12,False,1.9266633987426758,2.6602978706359863,4.570586679503322
0,4,20,1,random440_expressivespeech_064::1,13,False,2.0395541191101074,2.961617946624756,4.990539921447635
0,4,20,2,random440_expressivespeech_064::2,11,False,1.7460486888885498,3.1999287605285645,4.9327518083155155
0,4,20,3,random440_expressivespeech_064::3,9,False,2.517667770385742,3.576429605484009,6.081743657588959
0,4,21,0,random440_deear_029::0,26,False,4.367882251739502,6.026623725891113,10.37732788361609
0,4,21,1,random440_deear_029::1,27,False,4.204868316650391,6.173298358917236,10.376996975392103
0,4,21,2,random440_deear_029::2,21,False,5.099659442901611,5.43571662902832,10.619470881298184
0,4,21,3,random440_deear_029::3,22,False,3.436356782913208,6.464034557342529,9.882155604660511
0,4,22,0,random440_expressivespeech_077::0,213,False,38.93858599662781,56.54867243766785,94.55031204409897
0,4,22,1,random440_expressivespeech_077::1,224,False,42.10212850570679,59.52333188056946,100.06438371166587
0,4,22,2,random440_expressivespeech_077::2,216,False,36.96314191818237,57.7494478225708,93.6897335126996
0,4,22,3,random440_expressivespeech_077::3,196,False,35.662556886672974,72.63442730903625,106.93010542355478
0,4,23,0,random440_expressivespeech_132::0,137,False,23.49963903427124,36.512710094451904,59.99238344281912
0,4,23,1,random440_expressivespeech_132::1,129,False,22.45369863510132,34.51059865951538,56.98048213869333
0,4,23,2,random440_expressivespeech_132::2,156,False,28.07910990715027,39.52873992919922,67.617078024894
0,4,23,3,random440_expressivespeech_132::3,200,False,36.34305548667908,59.66564178466797,95.09578300081193
0,4,24,0,random440_expressivespeech_044::0,29,False,5.277801275253296,8.12032151222229,13.379168193787336
0,4,24,1,random440_expressivespeech_044::1,34,False,5.389376878738403,7.663042068481445,13.037976147606969
0,4,24,2,random440_expressivespeech_044::2,33,False,5.440242767333984,11.261276483535767,16.68964015878737
0,4,24,3,random440_expressivespeech_044::3,40,False,6.358598232269287,16.89733648300171,23.369414059445262
0,5,0,0,random440_expressivespeech_288::0,45,False,9.763217687606812,12.348812580108643,22.09356014430523
0,5,0,1,random440_expressivespeech_288::1,49,False,8.503784418106079,12.129128694534302,20.763298176229
0,5,0,2,random440_expressivespeech_288::2,39,False,8.554566383361816,8.680289506912231,17.51804583147168
0,5,0,3,random440_expressivespeech_288::3,45,False,7.110809803009033,17.199714183807373,24.29256915487349
0,5,1,0,random440_expressivespeech_182::0,125,False,27.133960962295532,31.71461820602417,58.82804915495217
0,5,1,1,random440_expressivespeech_182::1,110,False,20.777486085891724,29.069640159606934,50.333177763968706
0,5,1,2,random440_expressivespeech_182::2,122,False,18.950656175613403,32.48193645477295,51.41753152012825
0,5,1,3,random440_expressivespeech_182::3,165,False,30.456387519836426,50.67010569572449,81.64786504767835
0,5,2,0,random440_deear_094::0,16,False,2.457988739013672,3.540402412414551,5.981017671525478
0,5,2,1,random440_deear_094::1,10,False,1.7267181873321533,3.8028910160064697,5.515881661325693
0,5,2,2,random440_deear_094::2,18,False,4.766088247299194,4.083611965179443,8.833322359248996
0,5,2,3,random440_deear_094::3,18,False,2.740910053253174,8.262657165527344,10.986384568735957
0,5,3,0,random440_expressivespeech_281::0,54,False,9.888985633850098,12.89206600189209,22.764607153832912
0,5,3,1,random440_expressivespeech_281::1,40,False,6.372087240219116,11.190153121948242,17.55037141032517
0,5,3,2,random440_expressivespeech_281::2,39,False,7.650095224380493,8.782949924468994,16.423650531098247
0,5,3,3,random440_expressivespeech_281::3,40,False,6.048789978027344,11.074206352233887,17.109202908352017
0,5,4,0,random440_expressivespeech_324::0,94,False,14.908880472183228,25.482542514801025,40.372232696041465
0,5,4,1,random440_expressivespeech_324::1,87,False,15.608431100845337,20.083529472351074,36.06742118857801
0,5,4,2,random440_expressivespeech_324::2,80,False,16.47806715965271,19.351248502731323,35.8132157176733
0,5,4,3,random440_expressivespeech_324::3,81,False,13.223844289779663,23.59745764732361,36.80719521269202
0,5,5,0,random440_expressivespeech_189::0,75,False,12.116141080856323,18.940085887908936,31.03865640424192
0,5,5,1,random440_expressivespeech_189::1,75,False,11.909286499023438,20.61988401412964,32.52078091353178
0,5,5,2,random440_expressivespeech_189::2,84,False,13.679687261581421,20.76968216896057,34.739845806732774
0,5,5,3,random440_expressivespeech_189::3,75,False,15.3132963180542,21.41093635559082,37.07365565188229
0,5,6,0,random440_expressivespeech_066::0,56,False,10.520478248596191,12.775634527206421,23.273775024339557
0,5,6,1,random440_expressivespeech_066::1,57,False,11.82920217514038,13.903703451156616,25.72149819508195
0,5,6,2,random440_expressivespeech_066::2,63,False,11.100274324417114,15.660106182098389,26.74978232011199
0,5,6,3,random440_expressivespeech_066::3,52,False,8.322356939315796,23.80194401741028,32.3751018345356
0,5,7,0,random440_expressivespeech_221::0,66,False,11.574296951293945,15.93491268157959,27.49171394854784
0,5,7,1,random440_expressivespeech_221::1,61,False,9.672868251800537,17.950747966766357,27.881931226700544
0,5,7,2,random440_expressivespeech_221::2,83,False,13.645329713821411,20.397620916366577,34.03225910663605
0,5,7,3,random440_expressivespeech_221::3,62,False,11.609648942947388,21.646114110946655,33.5862753149122
0,5,8,0,random440_expressivespeech_258::0,63,False,11.983934164047241,14.295162200927734,26.257531063631177
0,5,8,1,random440_expressivespeech_258::1,56,False,11.084823369979858,14.31356930732727,25.387245498597622
0,5,8,2,random440_expressivespeech_258::2,62,False,9.862698316574097,16.09196448326111,25.944106189534068
0,5,8,3,random440_expressivespeech_258::3,63,False,9.990778923034668,23.616326808929443,33.83968043513596
0,5,9,0,random440_deear_081::0,41,False,6.698554039001465,11.326926469802856,18.006234200671315
0,5,9,1,random440_deear_081::1,26,False,3.975039482116699,5.84502649307251,9.809572752565145
0,5,9,2,random440_deear_081::2,20,False,3.09199857711792,4.417417287826538,7.4976196475327015
0,5,9,3,random440_deear_081::3,27,False,5.50952935218811,14.840535879135132,20.328607155010104
0,5,10,0,random440_deear_073::0,24,False,3.7304675579071045,5.401175260543823,9.116339724510908
0,5,10,1,random440_deear_073::1,23,False,3.9200007915496826,6.896877765655518,10.805347446352243
0,5,10,2,random440_deear_073::2,26,False,4.349708795547485,5.7700958251953125,10.194659484550357
0,5,10,3,random440_deear_073::3,26,False,3.9829163551330566,11.885985374450684,16.047252448275685
0,5,11,0,random440_expressivespeech_042::0,136,False,23.64714288711548,34.87536120414734,58.504722107201815
0,5,11,1,random440_expressivespeech_042::1,93,False,16.140122175216675,23.36452603340149,39.48918647505343
0,5,11,2,random440_expressivespeech_042::2,97,False,16.071919441223145,25.626593351364136,41.686661979183555
0,5,11,3,random440_expressivespeech_042::3,115,False,20.346587657928467,30.713732481002808,51.44891041889787
0,5,12,0,random440_expressivespeech_061::0,18,False,2.9869508743286133,4.0069663524627686,6.973301377147436
0,5,12,1,random440_expressivespeech_061::1,13,False,2.111140727996826,4.184763431549072,6.282541902735829
0,5,12,2,random440_expressivespeech_061::2,16,False,3.0649843215942383,3.620035171508789,6.671044295653701
0,5,12,3,random440_expressivespeech_061::3,14,False,2.154141426086426,3.197392702102661,5.392848562449217
0,5,13,0,random440_expressivespeech_337::0,43,False,6.905552387237549,12.310997247695923,19.19723998568952
0,5,13,1,random440_expressivespeech_337::1,50,False,8.763865947723389,11.339509725570679,20.092439288273454
0,5,13,2,random440_expressivespeech_337::2,47,False,9.518738031387329,10.656109094619751,20.38625522889197
0,5,13,3,random440_expressivespeech_337::3,62,False,9.889256238937378,20.739436388015747,30.612657940015197
0,5,14,0,random440_deear_099::0,18,False,2.7460718154907227,3.966670036315918,6.696816612035036
0,5,14,1,random440_deear_099::1,21,False,3.2050979137420654,6.704540967941284,9.894848894327879
0,5,14,2,random440_deear_099::2,18,False,2.7765941619873047,4.055472373962402,6.816080812364817
0,5,14,3,random440_deear_099::3,30,False,4.836733341217041,8.089701175689697,12.906907757744193
0,5,15,0,random440_expressivespeech_023::0,46,False,10.301396131515503,11.171024084091187,21.455851428210735
0,5,15,1,random440_expressivespeech_023::1,54,False,8.229369401931763,14.145178079605103,22.363458478823304
0,5,15,2,random440_expressivespeech_023::2,50,False,7.885902643203735,12.01916241645813,20.010634003207088
0,5,15,3,random440_expressivespeech_023::3,62,False,12.750221490859985,18.487348794937134,31.22290869243443
0,5,16,0,random440_deear_091::0,106,False,17.586249351501465,28.34808611869812,45.91467365063727
0,5,16,1,random440_deear_091::1,100,False,17.84081506729126,25.117234706878662,43.37983671762049
0,5,16,2,random440_deear_091::2,128,False,21.44432234764099,31.850367546081543,53.28192372247577
0,5,16,3,random440_deear_091::3,115,False,21.663269519805908,45.18700385093689,66.81334440037608
0,5,17,0,random440_expressivespeech_029::0,109,False,17.469978094100952,27.3249409198761,44.775855707004666
0,5,17,1,random440_expressivespeech_029::1,86,False,17.50092053413391,21.20193099975586,38.68829110451043
0,5,17,2,random440_expressivespeech_029::2,78,False,12.466105937957764,21.707801818847656,34.165309112519026
0,5,17,3,random440_expressivespeech_029::3,75,False,11.785297870635986,24.16781973838806,35.94099145755172
0,5,18,0,random440_expressivespeech_274::0,154,False,28.57329511642456,38.23136830329895,66.7869581617415
0,5,18,1,random440_expressivespeech_274::1,184,False,34.28377079963684,49.380287170410156,82.81151486374438
0,5,18,2,random440_expressivespeech_274::2,139,False,24.048094987869263,36.64738893508911,60.685673801228404
0,5,18,3,random440_expressivespeech_274::3,153,False,26.53663206100464,97.836909532547,124.33022308163345
0,5,19,0,random440_expressivespeech_018::0,471,False,95.76066470146179,128.41791987419128,221.2123480718583
0,5,19,1,random440_expressivespeech_018::1,450,False,81.10606503486633,123.40724635124207,204.59118613228202
0,5,19,2,random440_expressivespeech_018::2,437,False,81.37180829048157,120.65979647636414,202.03477806411684
0,5,19,3,random440_expressivespeech_018::3,455,False,82.56147861480713,124.17492532730103,204.02577211894095
0,5,20,0,random440_deear_021::0,20,False,3.104130744934082,4.465383768081665,7.548064675182104
0,5,20,1,random440_deear_021::1,8,False,1.2568449974060059,1.8542637825012207,3.1015962474048138
0,5,20,2,random440_deear_021::2,9,False,1.4064364433288574,3.060818910598755,4.454078607261181
0,5,20,3,random440_deear_021::3,8,False,2.1994874477386475,3.329699754714966,5.469583164900541
0,5,21,0,random440_expressivespeech_033::0,28,False,4.601383447647095,6.4042346477508545,10.986025655642152
0,5,21,1,random440_expressivespeech_033::1,25,False,3.837010383605957,5.72826361656189,9.550403473898768
0,5,21,2,random440_expressivespeech_033::2,18,False,3.8036069869995117,5.242686033248901,9.034614896401763
0,5,21,3,random440_expressivespeech_033::3,24,False,3.9741368293762207,7.6149582862854,11.574015647172928
0,5,22,0,random440_expressivespeech_247::0,202,False,36.57165312767029,54.35524916648865,90.9066730197519
0,5,22,1,random440_expressivespeech_247::1,203,False,34.474419355392456,54.706011056900024,89.22472055256367
0,5,22,2,random440_expressivespeech_247::2,213,False,38.715147972106934,56.06610727310181,94.83163100481033
0,5,22,3,random440_expressivespeech_247::3,216,False,39.857996463775635,83.34032678604126,123.23644631169736
0,5,23,0,random440_expressivespeech_125::0,150,False,26.51097536087036,38.85871243476868,65.35121277719736
0,5,23,1,random440_expressivespeech_125::1,155,False,28.77552580833435,38.71095275878906,67.54964981228113
0,5,23,2,random440_expressivespeech_125::2,157,False,28.8343288898468,41.778887033462524,70.65986285358667
0,5,23,3,random440_expressivespeech_125::3,153,False,25.732131481170654,48.673420906066895,74.4464152213186
0,5,24,0,random440_expressivespeech_336::0,32,False,5.8804380893707275,8.722094535827637,14.582506660372019
0,5,24,1,random440_expressivespeech_336::1,38,False,5.891470193862915,8.886884450912476,14.763071577996016
0,5,24,2,random440_expressivespeech_336::2,31,False,5.844374418258667,10.071070432662964,15.908956987783313
0,5,24,3,random440_expressivespeech_336::3,33,False,5.122823238372803,15.938394784927368,21.1634432785213
0,6,0,0,random440_expressivespeech_234::0,40,False,8.374855995178223,11.025164604187012,19.38160721026361
0,6,0,1,random440_expressivespeech_234::1,44,False,7.025980472564697,9.671609878540039,16.832885647192597
0,6,0,2,random440_expressivespeech_234::2,45,False,8.78136396408081,11.876718282699585,20.810735197737813
0,6,0,3,random440_expressivespeech_234::3,46,False,7.266834259033203,20.674601316452026,28.097500253468752
0,6,1,0,random440_deear_098::0,120,False,25.55571413040161,30.110933542251587,55.6485219784081
0,6,1,1,random440_deear_098::1,124,False,21.1268789768219,33.52804350852966,54.64128055050969
0,6,1,2,random440_deear_098::2,129,False,20.108641862869263,34.93543338775635,55.57033985666931
0,6,1,3,random440_deear_098::3,123,False,19.98753023147583,55.62475323677063,75.57013712450862
0,6,2,0,random440_expressivespeech_306::0,16,False,2.457082509994507,3.4715662002563477,5.912440652027726
0,6,2,1,random440_expressivespeech_306::1,16,False,3.697120189666748,5.766946077346802,9.446595249697566
0,6,2,2,random440_expressivespeech_306::2,21,False,3.6392476558685303,4.643945932388306,8.266909653320909
0,6,2,3,random440_expressivespeech_306::3,20,False,3.0441129207611084,4.5075366497039795,7.538617806509137
0,6,3,0,random440_expressivespeech_114::0,50,False,9.106060981750488,12.095590114593506,21.18090272694826
0,6,3,1,random440_expressivespeech_114::1,42,False,6.719174861907959,10.886725902557373,17.589486291632056
0,6,3,2,random440_expressivespeech_114::2,46,False,9.473886489868164,10.283219337463379,19.743041776120663
0,6,3,3,random440_expressivespeech_114::3,34,False,5.3776938915252686,9.745065927505493,15.28632272593677
0,6,4,0,random440_expressivespeech_224::0,76,False,12.024245262145996,21.126959800720215,33.132322896271944
0,6,4,1,random440_expressivespeech_224::1,105,False,17.277319192886353,25.565235137939453,43.13390625268221
0,6,4,2,random440_expressivespeech_224::2,95,False,18.89362859725952,23.6223406791687,42.93589957430959
0,6,4,3,random440_expressivespeech_224::3,64,False,10.101218461990356,20.289305925369263,30.372146574780345
0,6,5,0,random440_deear_019::0,85,False,13.700631856918335,21.18276858329773,34.8651117105037
0,6,5,1,random440_deear_019::1,87,False,15.241713047027588,22.081694841384888,37.65278946608305
0,6,5,2,random440_deear_019::2,66,False,12.598670244216919,14.738124132156372,27.671185977756977
0,6,5,3,random440_deear_019::3,61,False,12.602783441543579,22.620973587036133,35.210281141102314
0,6,6,0,random440_deear_066::0,56,False,10.537991046905518,12.490793704986572,22.933479741215706
0,6,6,1,random440_deear_066::1,55,False,10.934564352035522,13.666733026504517,24.587707431986928
0,6,6,2,random440_deear_066::2,59,False,9.231619834899902,15.114624261856079,24.3343401607126
0,6,6,3,random440_deear_066::3,58,False,9.102470636367798,26.883413791656494,35.96260667964816
0,6,7,0,random440_expressivespeech_198::0,88,False,16.304848432540894,19.816388845443726,36.10377754084766
0,6,7,1,random440_expressivespeech_198::1,64,False,14.042480707168579,14.330827474594116,28.71383073180914
0,6,7,2,random440_expressivespeech_198::2,57,False,10.86908221244812,12.512670278549194,23.36708407662809
0,6,7,3,random440_expressivespeech_198::3,63,False,10.977704524993896,23.682716131210327,34.640875805169344
0,6,8,0,random440_expressivespeech_328::0,59,False,11.266010046005249,13.11689281463623,24.3641375657171
0,6,8,1,random440_expressivespeech_328::1,52,False,8.474239110946655,15.032143115997314,23.49227044545114
0,6,8,2,random440_expressivespeech_328::2,78,False,12.540119409561157,19.542694568634033,32.07116198167205
0,6,8,3,random440_expressivespeech_328::3,52,False,7.889836549758911,23.331003427505493,31.520346619188786
0,6,9,0,random440_expressivespeech_226::0,34,False,5.5021421909332275,9.453113079071045,14.880513360723853
0,6,9,1,random440_expressivespeech_226::1,27,False,4.350299596786499,5.8569016456604,10.195229446515441
0,6,9,2,random440_expressivespeech_226::2,27,False,4.4660680294036865,5.865029335021973,10.319703431800008
0,6,9,3,random440_expressivespeech_226::3,26,False,5.16398024559021,14.869646787643433,20.010777765884995
0,6,10,0,random440_expressivespeech_275::0,32,False,5.086906433105469,7.077410936355591,12.14433217048645
0,6,10,1,random440_expressivespeech_275::1,23,False,5.138936758041382,5.649117469787598,10.999703630805016
0,6,10,2,random440_expressivespeech_275::2,26,False,4.202421426773071,5.735883474349976,9.925780028104782
0,6,10,3,random440_expressivespeech_275::3,30,False,4.61981201171875,8.543614625930786,13.2426151111722
0,6,11,0,random440_expressivespeech_051::0,119,False,20.843894004821777,29.41418147087097,50.238116439431906
0,6,11,1,random440_expressivespeech_051::1,99,False,19.551717519760132,24.9227237701416,44.45889372378588
0,6,11,2,random440_expressivespeech_051::2,108,False,16.89507484436035,28.600440740585327,45.48391397483647
0,6,11,3,random440_expressivespeech_051::3,98,False,17.897059202194214,32.942771911621094,51.264026468619704
0,6,12,0,random440_expressivespeech_190::0,18,False,2.7607319355010986,3.910691261291504,6.654031066223979
0,6,12,1,random440_expressivespeech_190::1,12,False,1.840202808380127,3.755826234817505,5.584061577916145
0,6,12,2,random440_expressivespeech_190::2,12,False,2.765001058578491,2.687913179397583,5.441181207075715
0,6,12,3,random440_expressivespeech_190::3,16,False,2.547534704208374,5.219192981719971,7.747604599222541
0,6,13,0,random440_expressivespeech_060::0,56,False,8.976317882537842,16.260169506072998,25.21446773968637
0,6,13,1,random440_expressivespeech_060::1,49,False,7.4587743282318115,11.487410068511963,18.934565832838416
0,6,13,2,random440_expressivespeech_060::2,49,False,9.128524780273438,10.869201421737671,19.986625311896205
0,6,13,3,random440_expressivespeech_060::3,45,False,7.281278371810913,18.800271034240723,26.260983765125275
0,6,14,0,random440_expressivespeech_166::0,25,False,3.8148365020751953,5.457125425338745,9.255336232483387
0,6,14,1,random440_expressivespeech_166::1,20,False,4.133959531784058,5.429384708404541,9.550135174766183
0,6,14,2,random440_expressivespeech_166::2,21,False,3.506913661956787,4.5978240966796875,8.093585584312677
0,6,14,3,random440_expressivespeech_166::3,21,False,3.2235958576202393,6.231158971786499,9.509141022339463
0,6,15,0,random440_expressivespeech_177::0,59,False,13.080675840377808,13.083889245986938,26.14706469140947
0,6,15,1,random440_expressivespeech_177::1,48,False,8.349481582641602,12.175104141235352,20.750586410984397
0,6,15,2,random440_expressivespeech_177::2,50,False,7.923992395401001,13.595453262329102,21.493740001693368
0,6,15,3,random440_expressivespeech_177::3,54,False,9.298801898956299,17.38816499710083,26.979202887043357
0,6,16,0,random440_expressivespeech_052::0,117,False,19.275314331054688,31.23059582710266,50.48669455572963
0,6,16,1,random440_expressivespeech_052::1,122,False,21.36636519432068,32.193187952041626,53.54264008067548
0,6,16,2,random440_expressivespeech_052::2,108,False,19.35903549194336,28.703835010528564,48.04572478681803
0,6,16,3,random440_expressivespeech_052::3,98,False,15.827676057815552,42.44295573234558,58.21610888838768
0,6,17,0,random440_deear_043::0,90,False,14.534821510314941,22.97778344154358,37.49204457178712
0,6,17,1,random440_deear_043::1,102,False,19.583723545074463,25.296348810195923,44.868064381182194
0,6,17,2,random440_deear_043::2,79,False,13.292152643203735,21.922815561294556,35.73186667636037
0,6,17,3,random440_deear_043::3,75,False,11.879280805587769,24.159470081329346,36.02353614754975
0,6,18,0,random440_expressivespeech_116::0,221,False,43.32736921310425,57.549067974090576,99.81359716877341
0,6,18,1,random440_expressivespeech_116::1,170,False,29.14607262611389,45.1737596988678,74.31255990639329
0,6,18,2,random440_expressivespeech_116::2,179,False,32.67233991622925,47.19794535636902,79.39000115916133
0,6,18,3,random440_expressivespeech_116::3,186,False,31.30868101119995,47.94112014770508,78.29323512688279
0,6,19,0,random440_deear_004::0,373,False,72.65447163581848,99.68275713920593,170.09153826721013
0,6,19,1,random440_deear_004::1,402,False,73.21384596824646,107.64654517173767,180.1468965280801
0,6,19,2,random440_deear_004::2,350,False,62.097573041915894,95.15634202957153,159.82921394333243
0,6,19,3,random440_deear_004::3,360,False,63.06493258476257,263.23704862594604,323.76348279975355
0,6,20,0,random440_expressivespeech_048::0,9,False,1.4190547466278076,1.9947469234466553,3.3979254718869925
0,6,20,1,random440_expressivespeech_048::1,13,False,2.2736127376556396,2.8810203075408936,5.143095867708325
0,6,20,2,random440_expressivespeech_048::2,10,False,1.6217758655548096,2.1974799633026123,3.8078801222145557
0,6,20,3,random440_expressivespeech_048::3,12,False,3.2682549953460693,5.0616302490234375,8.260985700413585
0,6,21,0,random440_expressivespeech_097::0,26,False,4.2593092918396,5.862673044204712,10.106349509209394
0,6,21,1,random440_expressivespeech_097::1,22,False,3.5726265907287598,4.953542709350586,8.531912868842483
0,6,21,2,random440_expressivespeech_097::2,26,False,4.665855407714844,7.315682888031006,11.971014611423016
0,6,21,3,random440_expressivespeech_097::3,21,False,3.1587438583374023,7.410844802856445,10.655050989240408
0,6,22,0,random440_expressivespeech_130::0,202,False,35.743759870529175,54.01828384399414,89.74401406757534
0,6,22,1,random440_expressivespeech_130::1,208,False,34.63217544555664,55.81835436820984,90.47757067345083
0,6,22,2,random440_expressivespeech_130::2,219,False,39.70207190513611,57.64927077293396,97.37869373336434
0,6,22,3,random440_expressivespeech_130::3,201,False,36.37897324562073,83.93637442588806,120.31383872590959
0,6,23,0,random440_deear_088::0,137,False,22.339715719223022,37.14238476753235,59.460073264315724
0,6,23,1,random440_deear_088::1,138,False,23.73700785636902,36.37081789970398,60.14699486643076
0,6,23,2,random440_deear_088::2,152,False,27.983116626739502,37.38692259788513,65.40683018229902
0,6,23,3,random440_deear_088::3,176,False,31.55867075920105,63.137954235076904,94.72865841910243
0,6,24,0,random440_expressivespeech_047::0,34,False,6.296452045440674,8.89701509475708,15.172767050564289
0,6,24,1,random440_expressivespeech_047::1,30,False,4.639246702194214,6.703481197357178,11.332388740032911
0,6,24,2,random440_expressivespeech_047::2,40,False,6.35361123085022,13.045499086380005,19.50460335239768
0,6,24,3,random440_expressivespeech_047::3,29,False,4.465317487716675,15.970749139785767,20.425174506381154
0,7,0,0,random440_expressivespeech_207::0,43,False,8.78492522239685,11.751749515533447,20.517772022634745
0,7,0,1,random440_expressivespeech_207::1,43,False,6.737194061279297,9.39034366607666,16.281265508383512
0,7,0,2,random440_expressivespeech_207::2,51,False,10.787764549255371,12.187166452407837,23.120661702007055
0,7,0,3,random440_expressivespeech_207::3,38,False,5.94014573097229,18.914976119995117,25.037393068894744
0,7,1,0,random440_deear_051::0,129,False,26.99168872833252,32.224804639816284,59.1968061439693
0,7,1,1,random440_deear_051::1,134,False,25.288694620132446,33.01543927192688,58.291016820818186
0,7,1,2,random440_deear_051::2,144,False,27.119038343429565,35.29158973693848,62.396540032699704
0,7,1,3,random440_deear_051::3,136,False,25.317050218582153,36.012324810028076,61.93909604661167
0,7,2,0,random440_deear_068::0,22,False,3.299412727355957,5.296293020248413,8.575116926804185
0,7,2,1,random440_deear_068::1,15,False,3.77413272857666,4.776260852813721,8.541532343253493
0,7,2,2,random440_deear_068::2,20,False,2.9813952445983887,4.345221757888794,7.30912459641695
0,7,2,3,random440_deear_068::3,16,False,2.4052329063415527,4.206476449966431,6.596688440069556
0,7,3,0,random440_expressivespeech_320::0,41,False,6.947606801986694,10.626436233520508,17.554582569748163
0,7,3,1,random440_expressivespeech_320::1,39,False,6.123061418533325,8.569355726242065,14.680178310722113
0,7,3,2,random440_expressivespeech_320::2,50,False,11.488794565200806,11.357683181762695,22.979330839589238
0,7,3,3,random440_expressivespeech_320::3,38,False,5.777083873748779,13.171882152557373,19.133442167192698
0,7,4,0,random440_expressivespeech_171::0,88,False,13.557495594024658,24.088794231414795,37.62699584849179
0,7,4,1,random440_expressivespeech_171::1,75,False,12.0466890335083,18.444191217422485,30.831740563735366
0,7,4,2,random440_expressivespeech_171::2,86,False,15.311205387115479,21.49558424949646,36.794807409867644
0,7,4,3,random440_expressivespeech_171::3,89,False,15.755567073822021,28.513355493545532,44.60082832723856
0,7,5,0,random440_expressivespeech_325::0,63,False,9.70936393737793,16.044992923736572,25.73449326492846
0,7,5,1,random440_expressivespeech_325::1,65,False,9.890631675720215,17.289517641067505,27.16678887978196
0,7,5,2,random440_expressivespeech_325::2,67,False,11.317229747772217,16.574137687683105,27.87595008686185
0,7,5,3,random440_expressivespeech_325::3,100,False,15.467716455459595,38.20219922065735,54.061032582074404
0,7,6,0,random440_expressivespeech_262::0,58,False,10.709356307983398,13.117870569229126,23.807172218337655
0,7,6,1,random440_expressivespeech_262::1,44,False,8.598990678787231,11.898314952850342,20.484424993395805
0,7,6,2,random440_expressivespeech_262::2,53,False,7.903404235839844,13.904150009155273,21.792483748868108
0,7,6,3,random440_expressivespeech_262::3,70,False,11.092151165008545,30.983190774917603,42.2631984744221
0,7,7,0,random440_expressivespeech_308::0,65,False,10.974104404449463,15.67247223854065,26.626494558528066
0,7,7,1,random440_expressivespeech_308::1,67,False,10.067798614501953,18.756014823913574,28.814039308577776
0,7,7,2,random440_expressivespeech_308::2,84,False,13.723426818847656,20.36353087425232,34.33797511458397
0,7,7,3,random440_expressivespeech_308::3,55,False,9.96464228630066,22.891077756881714,33.18683660030365
0,7,8,0,random440_expressivespeech_305::0,66,False,12.291391134262085,14.59816861152649,26.872295508161187
0,7,8,1,random440_expressivespeech_305::1,49,False,9.036183834075928,13.062710046768188,22.086577367037535
0,7,8,2,random440_expressivespeech_305::2,68,False,10.473904371261597,17.262206554412842,27.722690446302295
0,7,8,3,random440_expressivespeech_305::3,57,False,8.76510214805603,25.771795749664307,34.78864713385701
0,7,9,0,random440_expressivespeech_339::0,36,False,5.628684759140015,10.218724250793457,15.827720291912556
0,7,9,1,random440_expressivespeech_339::1,30,False,4.590497255325317,6.656844854354858,11.235431676730514
0,7,9,2,random440_expressivespeech_339::2,43,False,6.6230034828186035,12.92722773551941,19.534528272226453
0,7,9,3,random440_expressivespeech_339::3,22,False,3.8699963092803955,4.765783309936523,8.903668951243162
0,7,10,0,random440_expressivespeech_106::0,23,False,3.4269585609436035,5.0150933265686035,8.424802811816335
0,7,10,1,random440_expressivespeech_106::1,24,False,3.6548469066619873,7.266360521316528,10.910958863794804
0,7,10,2,random440_expressivespeech_106::2,38,False,5.944306135177612,8.415202140808105,14.428354809060693
0,7,10,3,random440_expressivespeech_106::3,25,False,3.7478153705596924,8.503793716430664,12.38760370016098
0,7,11,0,random440_deear_020::0,103,False,17.94216275215149,25.819693565368652,43.740508591756225
0,7,11,1,random440_deear_020::1,104,False,20.168198585510254,25.139468669891357,45.71446437947452
0,7,11,2,random440_deear_020::2,109,False,17.015014171600342,28.57434606552124,46.21207092143595
0,7,11,3,random440_deear_020::3,106,False,18.647202491760254,37.36487436294556,56.44129263982177
0,7,12,0,random440_expressivespeech_316::0,9,False,1.3779456615447998,1.9315593242645264,3.295930301770568
0,7,12,1,random440_expressivespeech_316::1,9,False,1.3574142456054688,1.9195582866668701,3.267374835908413
0,7,12,2,random440_expressivespeech_316::2,14,False,2.100691080093384,4.279033899307251,6.366094127297401
0,7,12,3,random440_expressivespeech_316::3,20,False,3.699404239654541,8.812600374221802,12.490824200212955
0,7,13,0,random440_expressivespeech_273::0,45,False,7.13566255569458,12.947361469268799,20.050750302150846
0,7,13,1,random440_expressivespeech_273::1,38,False,6.629940509796143,8.384921312332153,14.999492539092898
0,7,13,2,random440_expressivespeech_273::2,60,False,10.411668539047241,14.194456100463867,24.59436259046197
0,7,13,3,random440_expressivespeech_273::3,55,False,8.580119848251343,21.935304880142212,30.73361405916512
0,7,14,0,random440_deear_046::0,17,False,2.5701212882995605,3.6739649772644043,6.2297020480036736
0,7,14,1,random440_deear_046::1,21,False,3.170274019241333,6.3118908405303955,9.465684374794364
0,7,14,2,random440_deear_046::2,27,False,4.585287094116211,5.985956907272339,10.636471716687083
0,7,14,3,random440_deear_046::3,17,False,2.5483832359313965,7.438968896865845,9.973642319440842
0,7,15,0,random440_expressivespeech_201::0,50,False,11.011393308639526,11.948482751846313,22.941368082538247
0,7,15,1,random440_expressivespeech_201::1,46,False,6.909497022628784,12.219003438949585,19.117069771513343
0,7,15,2,random440_expressivespeech_201::2,56,False,8.737926244735718,13.298471689224243,22.022279132157564
0,7,15,3,random440_expressivespeech_201::3,56,False,11.23558521270752,19.49864888191223,31.04402208700776
0,7,16,0,random440_expressivespeech_331::0,117,False,18.959027528762817,30.686238050460815,49.62624429538846
0,7,16,1,random440_expressivespeech_331::1,99,False,17.373032569885254,26.4986355304718,43.85549766011536
0,7,16,2,random440_expressivespeech_331::2,104,False,15.80907154083252,25.854440212249756,42.048277171328664
0,7,16,3,random440_expressivespeech_331::3,124,False,23.13118863105774,52.266594886779785,75.77659535221756
0,7,17,0,random440_expressivespeech_257::0,100,False,15.307940006256104,25.142643690109253,40.43153852969408
0,7,17,1,random440_expressivespeech_257::1,84,False,16.69727659225464,19.128220558166504,35.81767891906202
0,7,17,2,random440_expressivespeech_257::2,93,False,16.424112558364868,24.96840262413025,41.38389762863517
0,7,17,3,random440_expressivespeech_257::3,91,False,13.846093893051147,23.048861503601074,36.883091758936644
0,7,18,0,random440_expressivespeech_172::0,243,False,47.96974992752075,62.821624755859375,109.46563370525837
0,7,18,1,random440_expressivespeech_172::1,166,False,29.365031957626343,40.62202835083008,71.02494248747826
0,7,18,2,random440_expressivespeech_172::2,156,False,28.09411334991455,38.40636229515076,66.49407367408276
0,7,18,3,random440_expressivespeech_172::3,184,False,33.66182327270508,54.075554847717285,86.6942198947072
0,7,19,0,random440_expressivespeech_236::0,327,False,62.16207671165466,84.06946110725403,144.4915479104966
0,7,19,1,random440_expressivespeech_236::1,390,False,71.75867033004761,101.73378705978394,171.31381041370332
0,7,19,2,random440_expressivespeech_236::2,387,False,70.35754871368408,101.27770614624023,171.2587302364409
0,7,19,3,random440_expressivespeech_236::3,319,False,55.74930691719055,287.8237624168396,343.5597363561392
0,7,20,0,random440_deear_067::0,7,False,1.3876006603240967,1.5219533443450928,2.8965993765741587
0,7,20,1,random440_deear_067::1,8,False,1.2465808391571045,1.7478265762329102,2.9834889080375433
0,7,20,2,random440_deear_067::2,7,False,1.0761632919311523,1.5099716186523438,2.5837118197232485
0,7,20,3,random440_deear_067::3,8,False,1.3209457397460938,11.040348529815674,12.237878903746605
0,7,21,0,random440_deear_060::0,24,False,3.9661977291107178,5.38371729850769,9.33590892329812
0,7,21,1,random440_deear_060::1,23,False,3.718815565109253,5.064046382904053,8.7808379214257
0,7,21,2,random440_deear_060::2,27,False,4.71883749961853,7.586788177490234,12.295884346589446
0,7,21,3,random440_deear_060::3,20,False,3.050358772277832,7.608060121536255,10.754338869825006
0,7,22,0,random440_deear_061::0,197,False,35.21338653564453,52.179060220718384,87.37337721511722
0,7,22,1,random440_deear_061::1,214,False,35.82617497444153,56.29639196395874,92.1352119911462
0,7,22,2,random440_deear_061::2,215,False,39.22862362861633,55.5834686756134,94.82443346269429
0,7,22,3,random440_deear_061::3,186,False,32.544151067733765,91.57637548446655,124.09485056437552
0,7,23,0,random440_expressivespeech_268::0,147,False,25.511168003082275,37.860711336135864,63.35310616530478
0,7,23,1,random440_expressivespeech_268::1,160,False,28.690929174423218,38.96978569030762,67.69229692220688
0,7,23,2,random440_expressivespeech_268::2,141,False,26.258402824401855,34.383792877197266,60.65918667241931
0,7,23,3,random440_expressivespeech_268::3,143,False,26.066147089004517,61.73186445236206,87.80038705468178
0,7,24,0,random440_expressivespeech_030::0,33,False,6.143697023391724,8.626813411712646,14.752848507836461
0,7,24,1,random440_expressivespeech_030::1,30,False,4.645962953567505,6.596279144287109,11.23010066524148
0,7,24,2,random440_expressivespeech_030::2,34,False,5.540937423706055,11.374101161956787,16.902871798723936
0,7,24,3,random440_expressivespeech_030::3,36,False,5.541492223739624,17.95906662940979,23.608215792104602
1,0,0,0,random440_expressivespeech_201::0,44,False,9.029521703720093,13.53630542755127,22.547083351761103
1,0,0,1,random440_expressivespeech_201::1,44,False,6.874242782592773,9.729095697402954,16.765620805323124
1,0,0,2,random440_expressivespeech_201::2,45,False,8.343975067138672,10.347846269607544,18.851137813180685
1,0,0,3,random440_expressivespeech_201::3,49,False,7.6402812004089355,20.598124980926514,28.391233392059803
1,0,1,0,random440_expressivespeech_121::0,136,False,26.073909759521484,35.585554122924805,61.63931827619672
1,0,1,1,random440_expressivespeech_121::1,134,False,22.816844940185547,34.67597484588623,57.4794342238456
1,0,1,2,random440_expressivespeech_121::2,145,False,24.905073642730713,37.18287444114685,62.069507675245404
1,0,1,3,random440_expressivespeech_121::3,156,False,26.506857872009277,56.99453401565552,84.0897246915847
1,0,2,0,random440_expressivespeech_048::0,11,False,1.6558613777160645,2.397663116455078,4.036829674616456
1,0,2,1,random440_expressivespeech_048::1,12,False,1.7904233932495117,2.5972788333892822,4.3751890528947115
1,0,2,2,random440_expressivespeech_048::2,34,False,5.091660261154175,11.24463677406311,16.317150734364986
1,0,2,3,random440_expressivespeech_048::3,12,False,1.8121874332427979,6.032891035079956,7.834446819499135
1,0,3,0,random440_expressivespeech_234::0,45,False,7.07615065574646,12.097131967544556,19.154636615887284
1,0,3,1,random440_expressivespeech_234::1,36,False,5.704475164413452,7.904237508773804,13.592340296134353
1,0,3,2,random440_expressivespeech_234::2,46,False,6.948385715484619,14.049463033676147,20.986022278666496
1,0,3,3,random440_expressivespeech_234::3,44,False,6.791895866394043,16.54403781890869,23.499982602894306
1,0,4,0,random440_expressivespeech_189::0,87,False,13.67188835144043,23.841986894607544,37.49328902550042
1,0,4,1,random440_expressivespeech_189::1,76,False,11.563855409622192,19.003029108047485,30.908636771142483
1,0,4,2,random440_expressivespeech_189::2,76,False,11.618853569030762,20.892128229141235,32.49738403595984
1,0,4,3,random440_expressivespeech_189::3,82,False,13.990339040756226,38.19053387641907,52.54416780732572
1,0,5,0,random440_expressivespeech_308::0,63,False,9.909001111984253,16.1114981174469,26.00054145231843
1,0,5,1,random440_expressivespeech_308::1,81,False,12.505599975585938,21.857226848602295,34.35235972702503
1,0,5,2,random440_expressivespeech_308::2,83,False,12.591459512710571,20.786432027816772,33.69778891466558
1,0,5,3,random440_expressivespeech_308::3,65,False,10.308695554733276,32.080503702163696,42.7133229970932
1,0,6,0,random440_expressivespeech_060::0,48,False,8.123690605163574,10.83285403251648,18.937149157747626
1,0,6,1,random440_expressivespeech_060::1,52,False,9.48402714729309,13.91241455078125,23.384573493152857
1,0,6,2,random440_expressivespeech_060::2,58,False,8.76898741722107,14.888331174850464,23.642517037689686
1,0,6,3,random440_expressivespeech_060::3,56,False,8.286667108535767,28.718794107437134,37.219383999705315
1,0,7,0,random440_expressivespeech_244::0,67,False,10.208009958267212,17.002227067947388,27.19306414015591
1,0,7,1,random440_expressivespeech_244::1,69,False,10.715022563934326,19.170268774032593,29.871642012149096
1,0,7,2,random440_expressivespeech_244::2,49,False,7.254279375076294,12.945550680160522,20.461662909016013
1,0,7,3,random440_expressivespeech_244::3,76,False,11.929278135299683,39.7582745552063,51.66859536617994
1,0,8,0,random440_expressivespeech_335::0,77,False,13.478099346160889,19.197925806045532,32.656825080513954
1,0,8,1,random440_expressivespeech_335::1,71,False,11.957857608795166,17.602158069610596,30.071951834484935
1,0,8,2,random440_expressivespeech_335::2,57,False,9.20685076713562,12.925696849822998,22.11722399480641
1,0,8,3,random440_expressivespeech_335::3,54,False,11.90385127067566,18.34798574447632,30.23633430711925
1,0,9,0,random440_expressivespeech_332::0,36,False,7.710928678512573,8.030134916305542,15.721332116052508
1,0,9,1,random440_expressivespeech_332::1,35,False,5.45233416557312,7.778247833251953,13.219348354265094
1,0,9,2,random440_expressivespeech_332::2,31,False,7.801842212677002,7.380203008651733,15.309883255511522
1,0,9,3,random440_expressivespeech_332::3,26,False,3.9252305030822754,8.593180179595947,12.5020127967
1,0,10,0,random440_deear_081::0,29,False,5.970259428024292,7.252142429351807,13.206554403528571
1,0,10,1,random440_deear_081::1,22,False,3.2508480548858643,4.895127534866333,8.136543607339263
1,0,10,2,random440_deear_081::2,29,False,4.575780630111694,7.289426803588867,11.852770825847983
1,0,10,3,random440_deear_081::3,25,False,6.265705108642578,10.331701278686523,16.793220449239016
1,0,11,0,random440_expressivespeech_240::0,119,False,20.720036506652832,31.288146018981934,51.98850270733237
1,0,11,1,random440_expressivespeech_240::1,81,False,12.411226511001587,20.27450156211853,32.67245236411691
1,0,11,2,random440_expressivespeech_240::2,103,False,17.48676300048828,25.796563386917114,43.272233529016376
1,0,11,3,random440_expressivespeech_240::3,104,False,17.947545766830444,35.793410539627075,54.340493416413665
1,0,12,0,random440_expressivespeech_159::0,11,False,1.678177833557129,2.557516574859619,4.221074223518372
1,0,12,1,random440_expressivespeech_159::1,13,False,2.744330406188965,3.9755630493164062,6.70537150092423
1,0,12,2,random440_expressivespeech_159::2,14,False,2.1771247386932373,3.1860525608062744,5.348942620679736
1,0,12,3,random440_expressivespeech_159::3,11,False,1.920541524887085,7.546923637390137,9.452542040497065
1,0,13,0,random440_expressivespeech_214::0,54,False,9.25381326675415,15.274774312973022,24.509511534124613
1,0,13,1,random440_expressivespeech_214::1,51,False,7.707620859146118,13.525595903396606,21.222315838560462
1,0,13,2,random440_expressivespeech_214::2,36,False,5.635101318359375,8.028773307800293,13.651388227939606
1,0,13,3,random440_expressivespeech_214::3,44,False,6.9044716358184814,21.210211515426636,28.099743409082294
1,0,14,0,random440_expressivespeech_166::0,28,False,4.161913633346558,7.179399251937866,11.323568912222981
1,0,14,1,random440_expressivespeech_166::1,14,False,3.0204954147338867,3.2654855251312256,6.275204408913851
1,0,14,2,random440_expressivespeech_166::2,22,False,3.5673062801361084,4.782741546630859,8.338439222425222
1,0,14,3,random440_expressivespeech_166::3,14,False,2.1651177406311035,11.116853952407837,13.26635074429214
1,0,15,0,random440_expressivespeech_059::0,46,False,10.282556772232056,10.208636999130249,20.47230657748878
1,0,15,1,random440_expressivespeech_059::1,45,False,6.659258604049683,12.044824600219727,18.869025576859713
1,0,15,2,random440_expressivespeech_059::2,56,False,8.536117553710938,14.670278549194336,23.372431023046374
1,0,15,3,random440_expressivespeech_059::3,46,False,8.273183584213257,23.279552936553955,31.99348217435181
1,0,16,0,random440_expressivespeech_133::0,130,False,20.147119998931885,35.217347860336304,55.24758425541222
1,0,16,1,random440_expressivespeech_133::1,142,False,22.11787486076355,38.69961333274841,60.804775573313236
1,0,16,2,random440_expressivespeech_133::2,117,False,17.88579750061035,30.448211193084717,48.319148348644376
1,0,16,3,random440_expressivespeech_133::3,99,False,17.175290822982788,36.090049028396606,53.25315602310002
1,0,17,0,random440_expressivespeech_029::0,102,False,17.798553228378296,26.467832326889038,44.24467105790973
1,0,17,1,random440_expressivespeech_029::1,81,False,12.501849174499512,20.205746173858643,32.69569188170135
1,0,17,2,random440_expressivespeech_029::2,96,False,14.955831050872803,25.6636061668396,40.61087254434824
1,0,17,3,random440_expressivespeech_029::3,77,False,13.941516637802124,36.13681983947754,50.4543642681092
1,0,18,0,random440_expressivespeech_299::0,211,False,36.547250509262085,55.38187050819397,90.89580695703626
1,0,18,1,random440_expressivespeech_299::1,185,False,32.69969296455383,49.4282066822052,82.11689149029553
1,0,18,2,random440_expressivespeech_299::2,148,False,25.05481266975403,37.829283237457275,62.87188863568008
1,0,18,3,random440_expressivespeech_299::3,165,False,27.54158067703247,60.197489976882935,87.71795942820609
1,0,19,0,random440_expressivespeech_229::0,345,False,65.82336831092834,92.64894819259644,156.58202274516225
1,0,19,1,random440_expressivespeech_229::1,324,False,57.65813183784485,86.65663647651672,144.3184281513095
1,0,19,2,random440_expressivespeech_229::2,319,False,56.14616870880127,87.05545353889465,143.19585510715842
1,0,19,3,random440_expressivespeech_229::3,367,False,64.12341141700745,297.1739022731781,358.6698961351067
1,0,20,0,random440_deear_067::0,11,True,2.4824328422546387,3.642472743988037,6.109803598374128
1,0,20,1,random440_deear_067::1,9,True,1.7231113910675049,1.951887607574463,3.662467500194907
1,0,20,2,random440_deear_067::2,7,True,1.0717072486877441,1.5192890167236328,2.586107090115547
1,0,20,3,random440_deear_067::3,9,True,1.365793228149414,4.91156005859375,6.265352437272668
1,0,21,0,random440_expressivespeech_033::0,26,False,4.172610521316528,5.752409219741821,9.910707762464881
1,0,21,1,random440_expressivespeech_033::1,26,False,6.1827473640441895,7.886017322540283,14.05729990825057
1,0,21,2,random440_expressivespeech_033::2,22,False,3.593613386154175,4.890261173248291,8.469568520784378
1,0,21,3,random440_expressivespeech_033::3,21,False,3.1418142318725586,11.98949146270752,15.005070056766272
1,0,22,0,random440_expressivespeech_130::0,195,False,34.73996162414551,49.00119924545288,83.72187157347798
1,0,22,1,random440_expressivespeech_130::1,192,False,34.52859425544739,49.688074350357056,84.23910920508206
1,0,22,2,random440_expressivespeech_130::2,201,False,36.9662389755249,50.87926530838013,87.855702849105
1,0,22,3,random440_expressivespeech_130::3,184,False,34.02817630767822,120.84584355354309,154.8506105467677
1,0,23,0,random440_deear_088::0,149,False,26.040492057800293,38.61991000175476,64.64176359772682
1,0,23,1,random440_deear_088::1,138,False,25.474147081375122,34.11412978172302,59.61205359734595
1,0,23,2,random440_deear_088::2,137,False,25.725823163986206,33.75532603263855,59.503499487414956
1,0,23,3,random440_deear_088::3,157,False,28.47111940383911,79.00781583786011,107.4728546384722
1,0,24,0,random440_deear_029::0,86,False,13.316648483276367,24.414071798324585,37.71200057119131
1,0,24,1,random440_deear_029::1,30,False,4.732131719589233,6.575646638870239,11.317852331325412
1,0,24,2,random440_deear_029::2,22,False,4.265029191970825,6.25575065612793,10.509808482602239
1,0,24,3,random440_deear_029::3,24,False,3.925426959991455,5.25117564201355,9.165277544409037
1,1,0,0,random440_expressivespeech_145::0,39,False,8.917349100112915,12.850523948669434,21.647028593346477
1,1,0,1,random440_expressivespeech_145::1,43,False,7.494333982467651,9.974719762802124,17.706819092854857
1,1,0,2,random440_expressivespeech_145::2,50,False,10.294484853744507,11.635404586791992,22.07857646793127
1,1,0,3,random440_expressivespeech_145::3,49,False,8.178139686584473,16.72248339653015,25.088524967432022
1,1,1,0,random440_expressivespeech_084::0,149,False,30.76449751853943,41.056583404541016,71.80192258022726
1,1,1,1,random440_expressivespeech_084::1,118,False,21.54560875892639,33.073179483413696,54.602029694244266
1,1,1,2,random440_expressivespeech_084::2,169,False,30.82840633392334,47.61388063430786,78.42642083950341
1,1,1,3,random440_expressivespeech_084::3,119,False,21.951752185821533,37.56105971336365,59.492945693433285
1,1,2,0,random440_deear_068::0,16,False,2.556129217147827,3.811725616455078,6.351763933897018
1,1,2,1,random440_deear_068::1,19,False,3.2897472381591797,4.824289560317993,8.098064811900258
1,1,2,2,random440_deear_068::2,16,False,4.258133888244629,5.574913740158081,9.819184442982078
1,1,2,3,random440_deear_068::3,18,False,2.8986566066741943,5.339756488800049,8.223640907555819
1,1,3,0,random440_expressivespeech_273::0,57,False,9.418356895446777,15.638333797454834,25.037596598267555
1,1,3,1,random440_expressivespeech_273::1,31,False,4.888202667236328,6.992127418518066,11.868891702964902
1,1,3,2,random440_expressivespeech_273::2,50,False,11.918168544769287,11.756725311279297,23.662681294605136
1,1,3,3,random440_expressivespeech_273::3,32,False,5.307725667953491,11.11121678352356,16.60589760914445
1,1,4,0,random440_deear_041::0,83,False,13.67606782913208,23.086776971817017,36.74434607848525
1,1,4,1,random440_deear_041::1,79,False,12.887498617172241,20.243535041809082,33.471040699630976
1,1,4,2,random440_deear_041::2,82,False,15.781485557556152,20.7869234085083,36.555393282324076
1,1,4,3,random440_deear_041::3,75,False,14.393614530563354,32.10749673843384,46.81298940256238
1,1,5,0,random440_deear_100::0,69,False,11.394942045211792,18.221896171569824,29.58972812630236
1,1,5,1,random440_deear_100::1,73,False,11.939612627029419,20.5726375579834,32.50294334255159
1,1,5,2,random440_deear_100::2,76,False,12.68073296546936,19.61548948287964,32.59102647937834
1,1,5,3,random440_deear_100::3,71,False,13.517382144927979,28.177330017089844,41.97132711298764
1,1,6,0,random440_expressivespeech_242::0,52,False,9.223335981369019,12.10965371131897,21.314279157668352
1,1,6,1,random440_expressivespeech_242::1,54,False,12.562159061431885,12.706548929214478,25.255389818921685
1,1,6,2,random440_expressivespeech_242::2,60,False,10.752656698226929,15.096644639968872,25.835706409066916
1,1,6,3,random440_expressivespeech_242::3,48,False,7.992433547973633,22.464236974716187,30.684670453891158
1,1,7,0,random440_expressivespeech_191::0,58,False,9.27792763710022,15.457049131393433,24.716851327568293
1,1,7,1,random440_expressivespeech_191::1,81,False,13.556957483291626,22.553746938705444,36.0981276743114
1,1,7,2,random440_expressivespeech_191::2,79,False,14.81566596031189,18.57348871231079,33.71310494840145
1,1,7,3,random440_expressivespeech_191::3,68,False,14.869536638259888,19.54798150062561,34.72364697419107
1,1,8,0,random440_expressivespeech_300::0,70,False,13.01619029045105,16.855247020721436,29.851996252313256
1,1,8,1,random440_expressivespeech_300::1,80,False,15.859296798706055,20.637044668197632,36.97969990409911
1,1,8,2,random440_expressivespeech_300::2,52,False,8.601633310317993,12.555312156677246,21.475578056648374
1,1,8,3,random440_expressivespeech_300::3,56,False,12.299302339553833,14.893641233444214,27.177971003577113
1,1,9,0,random440_expressivespeech_336::0,38,False,8.090498924255371,8.673294067382812,16.743967160582542
1,1,9,1,random440_expressivespeech_336::1,28,False,4.7002668380737305,6.379746675491333,11.066132770851254
1,1,9,2,random440_expressivespeech_336::2,33,False,8.087469816207886,8.503231048583984,16.578966664150357
1,1,9,3,random440_expressivespeech_336::3,29,False,4.904922723770142,7.370129108428955,12.392552336677909
1,1,10,0,random440_deear_036::0,21,False,4.144833326339722,6.172210931777954,10.299324452877045
1,1,10,1,random440_deear_036::1,20,False,3.188190221786499,4.556987285614014,7.727999841794372
1,1,10,2,random440_deear_036::2,42,False,6.940337419509888,11.779561996459961,18.70429669506848
1,1,10,3,random440_deear_036::3,22,False,4.885686635971069,8.1491858959198,13.292543707415462
1,1,11,0,random440_deear_065::0,100,False,18.89574146270752,24.744571685791016,43.52048954926431
1,1,11,1,random440_deear_065::1,97,False,17.8816397190094,24.984671115875244,43.582595529034734
1,1,11,2,random440_deear_065::2,111,False,22.216881275177002,28.39825940132141,51.008416283875704
1,1,11,3,random440_deear_065::3,86,False,13.987335205078125,30.087724208831787,44.04513067193329
1,1,12,0,random440_expressivespeech_190::0,12,False,1.962010145187378,3.0716426372528076,5.018126184120774
1,1,12,1,random440_expressivespeech_190::1,17,False,3.9455974102020264,4.381903171539307,8.310792187228799
1,1,12,2,random440_expressivespeech_190::2,8,False,1.2935175895690918,1.7687129974365234,3.0492144878953695
1,1,12,3,random440_expressivespeech_190::3,11,False,2.0396883487701416,7.2382776737213135,9.261348716914654
1,1,13,0,random440_deear_027::0,55,False,9.685959100723267,15.993718385696411,25.655699452385306
1,1,13,1,random440_deear_027::1,39,False,6.690313816070557,11.038001537322998,17.74493190087378
1,1,13,2,random440_deear_027::2,48,False,8.222880840301514,11.325612545013428,19.53810217604041
1,1,13,3,random440_deear_027::3,42,False,9.721810579299927,14.628477573394775,24.527948420494795
1,1,14,0,random440_expressivespeech_040::0,16,False,2.5716936588287354,3.782881021499634,6.33723265863955
1,1,14,1,random440_expressivespeech_040::1,23,False,4.808141231536865,6.460454225540161,11.252009607851505
1,1,14,2,random440_expressivespeech_040::2,19,False,3.0109591484069824,4.335139274597168,7.330094438046217
1,1,14,3,random440_expressivespeech_040::3,17,False,3.1039342880249023,11.372259855270386,14.445183837786317
1,1,15,0,random440_expressivespeech_262::0,60,False,13.134253978729248,13.931923389434814,27.046818355098367
1,1,15,1,random440_expressivespeech_262::1,49,False,9.977520942687988,11.353036403656006,21.662065850570798
1,1,15,2,random440_expressivespeech_262::2,52,False,9.027046918869019,15.550322532653809,24.562381479889154
1,1,15,3,random440_expressivespeech_262::3,49,False,8.201334953308105,13.370095491409302,21.783529236912727
1,1,16,0,random440_deear_098::0,130,False,22.66677761077881,36.73633313179016,59.38520431518555
1,1,16,1,random440_deear_098::1,112,False,18.59390091896057,30.945260763168335,49.52352406643331
1,1,16,2,random440_deear_098::2,114,False,20.41061520576477,31.080663442611694,51.476510249078274
1,1,16,3,random440_deear_098::3,131,False,23.53447651863098,35.07037925720215,58.590670578181744
1,1,17,0,random440_expressivespeech_136::0,98,False,17.984497785568237,26.20530104637146,44.167102728039026
1,1,17,1,random440_expressivespeech_136::1,82,False,13.766835927963257,21.19967770576477,34.95621443539858
1,1,17,2,random440_expressivespeech_136::2,85,False,13.877620220184326,23.546680450439453,37.414635103195906
1,1,17,3,random440_expressivespeech_136::3,88,False,16.48177671432495,34.78029203414917,51.60188729502261
1,1,18,0,random440_expressivespeech_274::0,129,False,23.29674744606018,34.21871566772461,57.498391991481185
1,1,18,1,random440_expressivespeech_274::1,205,False,38.30194854736328,55.29583549499512,92.54459199681878
1,1,18,2,random440_expressivespeech_274::2,197,False,35.70065188407898,53.43930649757385,89.12974473275244
1,1,18,3,random440_expressivespeech_274::3,160,False,28.53853440284729,55.941391944885254,84.46285150945187
1,1,19,0,random440_expressivespeech_250::0,350,False,71.93484783172607,97.65828227996826,166.714185860008
1,1,19,1,random440_expressivespeech_250::1,329,False,61.2329683303833,91.04997158050537,153.73583362996578
1,1,19,2,random440_expressivespeech_250::2,317,False,59.56700944900513,86.27102947235107,145.8303626012057
1,1,19,3,random440_expressivespeech_250::3,318,False,59.954588413238525,276.84989857673645,336.7482536248863
1,1,20,0,random440_deear_067::0,11,True,2.727736473083496,3.720278263092041,6.427446197718382
1,1,20,1,random440_deear_067::1,9,True,1.7179553508758545,2.008078098297119,3.713853944092989
1,1,20,2,random440_deear_067::2,7,True,1.1427996158599854,1.5704047679901123,2.7123505286872387
1,1,20,3,random440_deear_067::3,9,True,1.4544167518615723,4.315909385681152,5.770383886992931
1,1,21,0,random440_expressivespeech_156::0,23,False,3.705167055130005,5.196802139282227,8.887302562594414
1,1,21,1,random440_expressivespeech_156::1,25,False,5.658305406570435,8.410212278366089,14.053887568414211
1,1,21,2,random440_expressivespeech_156::2,24,False,3.936469793319702,5.443803310394287,9.367592439055443
1,1,21,3,random440_expressivespeech_156::3,23,False,3.999582052230835,11.238168716430664,15.206974864006042
1,1,22,0,random440_expressivespeech_075::0,159,False,29.50193977355957,41.383219480514526,70.86530574038625
1,1,22,1,random440_expressivespeech_075::1,216,False,40.86024451255798,60.1094708442688,99.5998127181083
1,1,22,2,random440_expressivespeech_075::2,196,False,37.706106662750244,51.953335762023926,87.77524360455573
1,1,22,3,random440_expressivespeech_075::3,199,False,36.89606189727783,113.91191124916077,148.99201863445342
1,1,23,0,random440_expressivespeech_289::0,187,False,35.32952880859375,49.76482033729553,83.17310523986816
1,1,23,1,random440_expressivespeech_289::1,137,False,23.7985999584198,38.48139953613281,62.284645423293114
1,1,23,2,random440_expressivespeech_289::2,160,False,28.283482789993286,42.33879208564758,70.63874640315771
1,1,23,3,random440_expressivespeech_289::3,158,False,28.46021580696106,43.829031467437744,72.29470491223037
1,1,24,0,random440_expressivespeech_297::0,37,False,6.250495195388794,8.513417720794678,14.743617309257388
1,1,24,1,random440_expressivespeech_297::1,38,False,5.982411861419678,13.061538696289062,19.029909947887063
1,1,24,2,random440_expressivespeech_297::2,47,False,7.779359340667725,11.627035140991211,19.33043965883553
1,1,24,3,random440_expressivespeech_297::3,32,False,6.687997341156006,8.770200729370117,15.62287732027471
1,2,0,0,random440_expressivespeech_104::0,43,False,9.035158157348633,13.45375919342041,22.469949735328555
1,2,0,1,random440_expressivespeech_104::1,53,False,8.698420286178589,12.194034099578857,21.05500041693449
1,2,0,2,random440_expressivespeech_104::2,42,False,8.266093492507935,9.39412808418274,17.962850829586387
1,2,0,3,random440_expressivespeech_104::3,43,False,6.478384494781494,18.30876088142395,24.944740168750286
1,2,1,0,random440_expressivespeech_327::0,126,False,25.258514881134033,33.61733889579773,58.85803213529289
1,2,1,1,random440_expressivespeech_327::1,144,False,25.381325721740723,37.63220977783203,63.509341672062874
1,2,1,2,random440_expressivespeech_327::2,151,False,25.57580852508545,39.08549237251282,65.2512242924422
1,2,1,3,random440_expressivespeech_327::3,121,False,21.18311858177185,56.93401646614075,78.07265760563314
1,2,2,0,random440_deear_094::0,16,False,2.438065528869629,3.497364044189453,5.917958041653037
1,2,2,1,random440_deear_094::1,16,False,2.4113123416900635,3.465773105621338,5.867860060185194
1,2,2,2,random440_deear_094::2,21,False,4.12606954574585,7.542460203170776,11.650555735453963
1,2,2,3,random440_deear_094::3,14,False,2.3788559436798096,6.811968088150024,9.173444923013449
1,2,3,0,random440_expressivespeech_284::0,41,False,6.2887349128723145,11.28536057472229,17.553567895665765
1,2,3,1,random440_expressivespeech_284::1,50,False,7.899307727813721,11.015867233276367,18.904935820028186
1,2,3,2,random440_expressivespeech_284::2,37,False,7.632323503494263,10.396967649459839,18.218025986105204
1,2,3,3,random440_expressivespeech_284::3,40,False,6.271493911743164,16.31000328063965,22.566734578460455
1,2,4,0,random440_deear_019::0,79,False,12.477688550949097,21.698413610458374,34.15697127580643
1,2,4,1,random440_deear_019::1,69,False,10.680605411529541,17.477431058883667,28.47046497836709
1,2,4,2,random440_deear_019::2,67,False,10.399093627929688,18.811039209365845,29.2003351803869
1,2,4,3,random440_deear_019::3,103,False,15.959591627120972,45.717753648757935,61.91774208471179
1,2,5,0,random440_deear_089::0,82,False,12.82412576675415,20.75702428817749,33.56307864189148
1,2,5,1,random440_deear_089::1,66,False,10.28854489326477,18.5189151763916,28.79718724451959
1,2,5,2,random440_deear_089::2,72,False,11.518807411193848,18.326964139938354,29.838139824569225
1,2,5,3,random440_deear_089::3,69,False,10.523848056793213,33.44513702392578,44.24051351286471
1,2,6,0,random440_expressivespeech_153::0,47,False,8.127419710159302,10.55021619796753,18.659938875585794
1,2,6,1,random440_expressivespeech_153::1,91,False,18.2346134185791,22.31731653213501,40.53941632248461
1,2,6,2,random440_expressivespeech_153::2,56,False,9.187278032302856,12.508526802062988,22.26926228404045
1,2,6,3,random440_expressivespeech_153::3,38,False,8.181046724319458,13.125675201416016,21.285932971164584
1,2,7,0,random440_expressivespeech_081::0,70,False,11.381914854049683,17.390249729156494,28.754524655640125
1,2,7,1,random440_expressivespeech_081::1,73,False,11.743643283843994,20.03702664375305,32.05209335498512
1,2,7,2,random440_expressivespeech_081::2,73,False,12.680208444595337,17.165462493896484,30.136784628033638
1,2,7,3,random440_expressivespeech_081::3,69,False,13.235178709030151,24.997690677642822,38.50900714285672
1,2,8,0,random440_deear_052::0,79,False,14.078052997589111,20.498448133468628,34.55749618075788
1,2,8,1,random440_deear_052::1,82,False,13.668909788131714,20.401115894317627,34.595119612291455
1,2,8,2,random440_deear_052::2,12,False,1.8371939659118652,2.699446201324463,4.87246173992753
1,2,8,3,random440_deear_052::3,84,False,13.64488172531128,28.436556100845337,42.063056306913495
1,2,9,0,random440_expressivespeech_226::0,38,False,8.198044061660767,8.498794555664062,16.678398244082928
1,2,9,1,random440_expressivespeech_226::1,28,False,4.220756769180298,6.3137242794036865,10.52364643290639
1,2,9,2,random440_expressivespeech_226::2,27,False,5.960679769515991,8.01430344581604,13.96299859136343
1,2,9,3,random440_expressivespeech_226::3,32,False,4.901235818862915,10.684883117675781,15.56875104829669
1,2,10,0,random440_deear_060::0,30,False,6.295024633407593,7.290023326873779,13.568858714774251
1,2,10,1,random440_deear_060::1,23,False,3.5511257648468018,5.151936054229736,8.693095186725259
1,2,10,2,random440_deear_060::2,25,False,3.739478349685669,5.779153108596802,9.504119481891394
1,2,10,3,random440_deear_060::3,27,False,7.231005430221558,10.977699041366577,18.389226155355573
1,2,11,0,random440_deear_025::0,101,False,18.930051803588867,24.774112701416016,43.682286551222205
1,2,11,1,random440_deear_025::1,85,False,16.09276533126831,21.428035259246826,38.25960488058627
1,2,11,2,random440_deear_025::2,117,False,21.508597135543823,30.580535650253296,52.078335927799344
1,2,11,3,random440_deear_025::3,90,False,14.014809370040894,33.337058782577515,47.319618944078684
1,2,12,0,random440_expressivespeech_140::0,11,False,1.6930909156799316,2.625513792037964,4.302881442010403
1,2,12,1,random440_expressivespeech_140::1,10,False,2.210371255874634,3.1924889087677,5.3896184880286455
1,2,12,2,random440_expressivespeech_140::2,11,False,1.973015308380127,2.4887540340423584,4.448206385597587
1,2,12,3,random440_expressivespeech_140::3,11,False,1.6723103523254395,9.989160060882568,11.677807666361332
1,2,13,0,random440_expressivespeech_092::0,39,False,6.338596820831299,12.575983047485352,18.898431869223714
1,2,13,1,random440_expressivespeech_092::1,47,False,7.137971639633179,10.579347133636475,17.707206962630153
1,2,13,2,random440_expressivespeech_092::2,53,False,10.455922842025757,11.88066840171814,22.507691292092204
1,2,13,3,random440_expressivespeech_092::3,45,False,7.07280707359314,21.5715491771698,28.814141623675823
1,2,14,0,random440_expressivespeech_194::0,21,False,3.1962571144104004,4.697113752365112,7.875810941681266
1,2,14,1,random440_expressivespeech_194::1,18,False,4.2540247440338135,4.718773603439331,8.961424252018332
1,2,14,2,random440_expressivespeech_194::2,21,False,3.365354061126709,4.625162363052368,7.981862464919686
1,2,14,3,random440_expressivespeech_194::3,32,False,4.88827657699585,9.658340215682983,14.609031241387129
1,2,15,0,random440_expressivespeech_030::0,51,False,11.033306121826172,11.529438972473145,22.544800508767366
1,2,15,1,random440_expressivespeech_030::1,58,False,11.038051843643188,13.022644996643066,24.247245291247964
1,2,15,2,random440_expressivespeech_030::2,54,False,8.355802297592163,15.925226211547852,24.49811032600701
1,2,15,3,random440_expressivespeech_030::3,42,False,6.5485005378723145,17.006089448928833,23.54000442288816
1,2,16,0,random440_expressivespeech_139::0,131,False,20.605414628982544,36.09492778778076,56.682377541437745
1,2,16,1,random440_expressivespeech_139::1,109,False,17.067652225494385,28.887648820877075,45.941059263423085
1,2,16,2,random440_expressivespeech_139::2,121,False,20.737531900405884,31.39138650894165,52.12110403366387
1,2,16,3,random440_expressivespeech_139::3,123,False,21.388890981674194,41.99048590660095,63.36351063288748
1,2,17,0,random440_expressivespeech_257::0,80,False,14.60731554031372,18.24087119102478,32.8276726230979
1,2,17,1,random440_expressivespeech_257::1,103,False,19.72675085067749,26.015859603881836,45.73348061926663
1,2,17,2,random440_expressivespeech_257::2,89,False,14.00617003440857,24.30591607093811,38.720754539594054
1,2,17,3,random440_expressivespeech_257::3,80,False,14.528857469558716,37.0383677482605,51.54202585667372
1,2,18,0,random440_expressivespeech_125::0,167,False,28.76699423789978,42.740084648132324,71.48895008862019
1,2,18,1,random440_expressivespeech_125::1,169,False,28.902576684951782,45.63261961936951,74.52406657859683
1,2,18,2,random440_expressivespeech_125::2,173,False,32.027857065200806,43.19973134994507,74.39497747831047
1,2,18,3,random440_expressivespeech_125::3,171,False,31.006083726882935,71.98808717727661,102.94605946727097
1,2,19,0,random440_deear_050::0,298,False,60.627580642700195,82.30029678344727,141.0286200530827
1,2,19,1,random440_deear_050::1,273,False,45.96917796134949,76.24048852920532,123.44432906061411
1,2,19,2,random440_deear_050::2,334,False,61.27009153366089,89.68061304092407,149.19895370863378
1,2,19,3,random440_deear_050::3,330,False,59.33414840698242,329.95170307159424,390.65611319988966
1,2,20,0,random440_deear_067::0,11,True,2.6578352451324463,3.7271664142608643,6.3656801879405975
1,2,20,1,random440_deear_067::1,9,True,1.6570916175842285,2.052502155303955,3.697086265310645
1,2,20,2,random440_deear_067::2,7,True,1.134002447128296,1.5448322296142578,2.666970804333687
1,2,20,3,random440_deear_067::3,9,True,1.38893461227417,4.485491037368774,5.870930626988411
1,2,21,0,random440_deear_028::0,24,False,4.081641912460327,5.421926259994507,9.488847374916077
1,2,21,1,random440_deear_028::1,21,False,4.7568464279174805,7.670067071914673,12.505879687145352
1,2,21,2,random440_deear_028::2,23,False,3.6634573936462402,5.226947546005249,8.880240900442004
1,2,21,3,random440_deear_028::3,24,False,3.9734890460968018,12.87258505821228,16.694756442680955
1,2,22,0,random440_expressivespeech_276::0,246,False,44.22366261482239,65.66049814224243,108.62501011230052
1,2,22,1,random440_expressivespeech_276::1,264,False,49.164865255355835,69.40488648414612,117.26657882519066
1,2,22,2,random440_expressivespeech_276::2,236,False,44.00754737854004,63.17668843269348,106.05272375606
1,2,22,3,random440_expressivespeech_276::3,171,False,29.724670886993408,46.59433650970459,76.34705705195665
1,2,23,0,random440_deear_085::0,148,False,25.36813735961914,38.5830659866333,63.932617185637355
1,2,23,1,random440_deear_085::1,160,False,29.902289867401123,39.447099685668945,69.37904197536409
1,2,23,2,random440_deear_085::2,169,False,31.056329250335693,45.623390436172485,76.69135072827339
1,2,23,3,random440_deear_085::3,156,False,27.092363595962524,53.58239436149597,80.67645145207644
1,2,24,0,random440_deear_017::0,35,False,5.5238001346588135,7.72703742980957,13.231409352272749
1,2,24,1,random440_deear_017::1,32,False,5.292515993118286,10.571337938308716,15.736372388899326
1,2,24,2,random440_deear_017::2,31,False,5.654957056045532,7.074465990066528,12.718716718256474
1,2,24,3,random440_deear_017::3,51,False,7.807785511016846,19.13154911994934,26.925115829333663
1,3,0,0,random440_expressivespeech_269::0,55,False,11.863004207611084,16.342965364456177,28.18813817203045
1,3,0,1,random440_expressivespeech_269::1,39,False,6.621264219284058,9.573963642120361,16.40393153578043
1,3,0,2,random440_expressivespeech_269::2,41,False,7.882815599441528,9.430138111114502,17.296799167990685
1,3,0,3,random440_expressivespeech_269::3,45,False,7.317366123199463,17.032484769821167,24.489909956231713
1,3,1,0,random440_expressivespeech_206::0,136,False,27.56371760368347,37.4041211605072,64.94875188171864
1,3,1,1,random440_expressivespeech_206::1,130,False,23.175079107284546,35.77029728889465,58.93192500434816
1,3,1,2,random440_expressivespeech_206::2,128,False,22.89281725883484,34.99017906188965,57.86567018926144
1,3,1,3,random440_expressivespeech_206::3,132,False,23.783157110214233,59.37912368774414,83.14744257181883
1,3,2,0,random440_deear_046::0,17,False,2.9548287391662598,3.9421072006225586,6.8760304171592
1,3,2,1,random440_deear_046::1,18,False,2.8278260231018066,4.275334119796753,7.087524268776178
1,3,2,2,random440_deear_046::2,15,False,3.9616193771362305,5.487436532974243,9.433061653748155
1,3,2,3,random440_deear_046::3,16,False,2.498042583465576,6.654343605041504,9.186744941398501
1,3,3,0,random440_expressivespeech_015::0,42,False,6.937689304351807,12.02825665473938,18.948819940909743
1,3,3,1,random440_expressivespeech_015::1,45,False,7.3922295570373535,10.35189151763916,17.906282730400562
1,3,3,2,random440_expressivespeech_015::2,40,False,8.652803659439087,10.949870109558105,19.775463439524174
1,3,3,3,random440_expressivespeech_015::3,39,False,6.3432252407073975,14.425303936004639,20.749212292954326
1,3,4,0,random440_deear_043::0,78,False,12.793721914291382,22.26549243927002,35.04108924418688
1,3,4,1,random440_deear_043::1,78,False,12.64782190322876,20.438453197479248,33.38825194723904
1,3,4,2,random440_deear_043::2,79,False,13.044991493225098,22.24912738800049,35.60446129180491
1,3,4,3,random440_deear_043::3,81,False,15.005652666091919,34.62184500694275,49.903930969536304
1,3,5,0,random440_expressivespeech_305::0,62,False,10.120470523834229,16.78675603866577,26.886876048520207
1,3,5,1,random440_expressivespeech_305::1,47,False,7.304998159408569,11.71934962272644,18.92277212254703
1,3,5,2,random440_expressivespeech_305::2,77,False,15.662619352340698,20.27048349380493,35.92099850997329
1,3,5,3,random440_expressivespeech_305::3,117,False,18.870137453079224,35.48470187187195,54.65087036602199
1,3,6,0,random440_expressivespeech_066::0,65,False,11.147901773452759,16.0098659992218,27.1357433013618
1,3,6,1,random440_expressivespeech_066::1,59,False,12.21885085105896,13.615886688232422,25.823506170883775
1,3,6,2,random440_expressivespeech_066::2,52,False,10.396491765975952,12.169355869293213,22.551452051848173
1,3,6,3,random440_expressivespeech_066::3,54,False,9.522931575775146,17.37415361404419,26.881803695112467
1,3,7,0,random440_expressivespeech_224::0,74,False,12.518352746963501,18.88333511352539,31.383501671254635
1,3,7,1,random440_expressivespeech_224::1,77,False,14.974286317825317,19.34988570213318,34.61167427711189
1,3,7,2,random440_expressivespeech_224::2,68,False,13.30479383468628,15.963378667831421,29.588454259559512
1,3,7,3,random440_expressivespeech_224::3,65,False,13.950830936431885,19.733276844024658,33.66563221998513
1,3,8,0,random440_expressivespeech_094::0,57,False,10.793290376663208,13.488570928573608,24.26426417566836
1,3,8,1,random440_expressivespeech_094::1,65,False,14.540966033935547,15.357325792312622,29.88776832818985
1,3,8,2,random440_expressivespeech_094::2,65,False,12.21298360824585,15.124801635742188,27.588247623294592
1,3,8,3,random440_expressivespeech_094::3,69,False,15.293776273727417,18.937988758087158,34.476969704031944
1,3,9,0,random440_expressivespeech_106::0,25,False,5.751255035400391,5.960797548294067,11.691428607329726
1,3,9,1,random440_expressivespeech_106::1,28,False,4.416106700897217,6.445009469985962,10.846487984061241
1,3,9,2,random440_expressivespeech_106::2,31,False,5.161473274230957,10.819675922393799,16.071303157135844
1,3,9,3,random440_expressivespeech_106::3,35,False,5.567113637924194,12.712870597839355,18.384496044367552
1,3,10,0,random440_deear_058::0,26,False,5.638787746429443,6.823621034622192,12.446975296363235
1,3,10,1,random440_deear_058::1,27,False,4.255197525024414,6.244716644287109,10.485933056101203
1,3,10,2,random440_deear_058::2,24,False,4.025631904602051,6.421482086181641,10.535997884348035
1,3,10,3,random440_deear_058::3,27,False,7.038379430770874,9.545108079910278,16.757251536473632
1,3,11,0,random440_deear_091::0,86,False,16.14764428138733,20.90526533126831,37.03509714268148
1,3,11,1,random440_deear_091::1,89,False,18.258063316345215,23.500003337860107,42.09505256451666
1,3,11,2,random440_deear_091::2,106,False,16.76889705657959,29.253647327423096,46.36761841364205
1,3,11,3,random440_deear_091::3,104,False,19.130528211593628,38.14973735809326,57.69307706691325
1,3,12,0,random440_expressivespeech_064::0,7,False,1.1291821002960205,1.6661109924316406,2.7834944874048233
1,3,12,1,random440_expressivespeech_064::1,12,False,2.175720691680908,3.953613519668579,6.114559384062886
1,3,12,2,random440_expressivespeech_064::2,9,False,1.9060018062591553,2.1084325313568115,4.002637639641762
1,3,12,3,random440_expressivespeech_064::3,13,False,2.0384058952331543,10.80670976638794,12.830063126981258
1,3,13,0,random440_expressivespeech_072::0,48,False,7.937641859054565,14.962721824645996,22.88359765522182
1,3,13,1,random440_expressivespeech_072::1,58,False,9.379273176193237,15.718651533126831,25.08573535270989
1,3,13,2,random440_expressivespeech_072::2,41,False,6.619572401046753,9.472326040267944,16.318921009078622
1,3,13,3,random440_expressivespeech_072::3,45,False,10.238005638122559,13.214461088180542,23.435443414375186
1,3,14,0,random440_expressivespeech_339::0,20,False,3.370739459991455,4.643738746643066,7.99532076343894
1,3,14,1,random440_expressivespeech_339::1,20,False,4.586558103561401,5.38332986831665,9.952856166288257
1,3,14,2,random440_expressivespeech_339::2,34,False,5.5327088832855225,7.897627115249634,13.417410532012582
1,3,14,3,random440_expressivespeech_339::3,18,False,2.817657470703125,5.0344507694244385,7.973988080397248
1,3,15,0,random440_expressivespeech_023::0,51,False,11.252783060073853,11.998370170593262,23.234172344207764
1,3,15,1,random440_expressivespeech_023::1,50,False,10.069776773452759,11.843002319335938,22.101061761379242
1,3,15,2,random440_expressivespeech_023::2,58,False,9.26519775390625,17.352408170700073,26.80240361392498
1,3,15,3,random440_expressivespeech_023::3,45,False,7.02613639831543,15.637450218200684,22.888119019567966
1,3,16,0,random440_expressivespeech_001::0,118,False,19.224928855895996,32.184927463531494,51.39075773768127
1,3,16,1,random440_expressivespeech_001::1,99,False,17.25335168838501,27.682807683944702,44.92055082321167
1,3,16,2,random440_expressivespeech_001::2,127,False,22.635783910751343,34.282355546951294,56.90673988312483
1,3,16,3,random440_expressivespeech_001::3,111,False,19.775995016098022,45.08503270149231,64.84110411629081
1,3,17,0,random440_expressivespeech_209::0,93,False,16.973880529403687,24.071860313415527,41.025101870298386
1,3,17,1,random440_expressivespeech_209::1,98,False,17.40219521522522,25.72180199623108,43.11005148477852
1,3,17,2,random440_expressivespeech_209::2,87,False,16.33480215072632,22.39799165725708,39.12444622442126
1,3,17,3,random440_expressivespeech_209::3,73,False,13.937216758728027,30.85339617729187,44.77590913884342
1,3,18,0,random440_expressivespeech_116::0,177,False,32.734474420547485,49.308401107788086,80.65397642180324
1,3,18,1,random440_expressivespeech_116::1,179,False,33.21642565727234,46.219980239868164,78.69684203155339
1,3,18,2,random440_expressivespeech_116::2,164,False,30.60493278503418,45.504453897476196,76.09714917466044
1,3,18,3,random440_expressivespeech_116::3,151,False,26.565083980560303,60.64475107192993,87.20328029803932
1,3,19,0,random440_expressivespeech_108::0,253,False,52.325897216796875,69.22341227531433,120.2090717498213
1,3,19,1,random440_expressivespeech_108::1,255,False,48.362921953201294,70.35756492614746,117.37200547195971
1,3,19,2,random440_expressivespeech_108::2,285,False,54.37545990943909,80.49450612068176,132.1264929883182
1,3,19,3,random440_expressivespeech_108::3,279,False,49.26942205429077,381.02231907844543,430.2459687665105
1,3,20,0,random440_deear_067::0,11,True,2.681060791015625,4.060921907424927,6.724965866655111
1,3,20,1,random440_deear_067::1,9,True,1.597829818725586,2.2005200386047363,3.7903017550706863
1,3,20,2,random440_deear_067::2,7,True,1.1340973377227783,1.5952246189117432,2.7205369416624308
1,3,20,3,random440_deear_067::3,9,True,1.549612283706665,3.852775812149048,5.403697015717626
1,3,21,0,random440_expressivespeech_302::0,26,False,4.182628631591797,6.060192823410034,10.222830260172486
1,3,21,1,random440_expressivespeech_302::1,20,False,5.782769441604614,6.783129692077637,12.565420188009739
1,3,21,2,random440_expressivespeech_302::2,29,False,4.742123603820801,6.753669023513794,11.483794527128339
1,3,21,3,random440_expressivespeech_302::3,26,False,4.423945188522339,8.842020273208618,13.252410409972072
1,3,22,0,random440_expressivespeech_330::0,246,False,45.23743224143982,67.65770554542542,111.49146711453795
1,3,22,1,random440_expressivespeech_330::1,195,False,37.679210901260376,52.591376304626465,88.53524965234101
1,3,22,2,random440_expressivespeech_330::2,220,False,39.81071853637695,61.0346245765686,99.72923580557108
1,3,22,3,random440_expressivespeech_330::3,206,False,38.12146210670471,69.17395448684692,105.68846422992647
1,3,23,0,random440_expressivespeech_268::0,172,False,32.42702078819275,44.08424472808838,76.49220063351095
1,3,23,1,random440_expressivespeech_268::1,155,False,30.65151596069336,44.156874895095825,74.8283628243953
1,3,23,2,random440_expressivespeech_268::2,148,False,26.34508180618286,39.9998996257782,66.36509862542152
1,3,23,3,random440_expressivespeech_268::3,151,False,27.53929305076599,45.48238182067871,73.03473111242056
1,3,24,0,random440_expressivespeech_044::0,30,False,4.869704008102417,6.948175668716431,11.799542531371117
1,3,24,1,random440_expressivespeech_044::1,36,False,5.865532636642456,12.041065454483032,17.89389716461301
1,3,24,2,random440_expressivespeech_044::2,43,False,7.6008641719818115,10.092193365097046,17.95797217823565
1,3,24,3,random440_expressivespeech_044::3,38,False,8.153534173965454,13.026425838470459,21.348385462537408
1,4,0,0,random440_deear_075::0,40,False,8.92333698272705,13.827290773391724,22.731376372277737
1,4,0,1,random440_deear_075::1,47,False,7.991881847381592,11.903789520263672,20.040554095059633
1,4,0,2,random440_deear_075::2,52,False,10.768480777740479,12.940162897109985,23.978416617959738
1,4,0,3,random440_deear_075::3,38,False,6.782115459442139,12.784610033035278,19.54784592986107
1,4,1,0,random440_expressivespeech_132::0,143,False,30.071144104003906,39.99489092826843,70.04670115560293
1,4,1,1,random440_expressivespeech_132::1,134,False,24.293666124343872,37.31984567642212,62.204424537718296
1,4,1,2,random440_expressivespeech_132::2,119,False,22.088911294937134,33.23499298095703,55.858820505440235
1,4,1,3,random440_expressivespeech_132::3,122,False,22.444419622421265,55.48546075820923,77.91344554536045
1,4,2,0,random440_expressivespeech_213::0,13,False,2.087398052215576,3.105250120162964,5.17761835642159
1,4,2,1,random440_expressivespeech_213::1,18,False,2.8900837898254395,4.284178018569946,7.157557720318437
1,4,2,2,random440_expressivespeech_213::2,17,False,3.739978313446045,6.921238660812378,10.54702714085579
1,4,2,3,random440_expressivespeech_213::3,17,False,2.737807273864746,6.849851369857788,9.57025477103889
1,4,3,0,random440_expressivespeech_047::0,42,False,7.091597557067871,12.159947872161865,19.233861846849322
1,4,3,1,random440_expressivespeech_047::1,34,False,5.49421238899231,7.9848105907440186,13.463646342977881
1,4,3,2,random440_expressivespeech_047::2,41,False,6.763546705245972,13.628694295883179,20.378717444837093
1,4,3,3,random440_expressivespeech_047::3,46,False,7.63040018081665,16.42693066596985,24.205050026997924
1,4,4,0,random440_expressivespeech_324::0,67,False,11.035180568695068,19.432180881500244,30.447501748800278
1,4,4,1,random440_expressivespeech_324::1,88,False,14.578346490859985,23.48974323272705,38.43935425020754
1,4,4,2,random440_expressivespeech_324::2,81,False,14.751868963241577,21.96526598930359,37.06494205445051
1,4,4,3,random440_expressivespeech_324::3,103,False,19.30724596977234,28.591631412506104,47.8832496330142
1,4,5,0,random440_expressivespeech_006::0,79,False,13.010876893997192,21.136428594589233,34.12717455998063
1,4,5,1,random440_expressivespeech_006::1,85,False,16.35629415512085,22.128307342529297,38.47350791282952
1,4,5,2,random440_expressivespeech_006::2,81,False,16.4769549369812,22.40034770965576,39.21729102358222
1,4,5,3,random440_expressivespeech_006::3,57,False,9.552112579345703,14.471149921417236,24.011795312166214
1,4,6,0,random440_expressivespeech_134::0,69,False,12.025228261947632,18.614708185195923,30.61982229165733
1,4,6,1,random440_expressivespeech_134::1,55,False,10.099885940551758,12.981577634811401,23.06871398538351
1,4,6,2,random440_expressivespeech_134::2,53,False,10.70147967338562,12.596757411956787,23.284565849229693
1,4,6,3,random440_expressivespeech_134::3,52,False,10.187599182128906,15.249783754348755,25.42237190902233
1,4,7,0,random440_expressivespeech_221::0,75,False,13.187557697296143,19.860472202301025,33.02980528026819
1,4,7,1,random440_expressivespeech_221::1,64,False,13.132149696350098,17.333873987197876,30.757552595809102
1,4,7,2,random440_expressivespeech_221::2,67,False,13.063756704330444,16.67878818511963,29.733008455485106
1,4,7,3,random440_expressivespeech_221::3,76,False,16.608718156814575,19.369994163513184,36.234690906479955
1,4,8,0,random440_deear_001::0,60,False,11.48723816871643,15.131397485733032,26.598514687269926
1,4,8,1,random440_deear_001::1,57,False,12.9872407913208,14.218226432800293,27.19482926093042
1,4,8,2,random440_deear_001::2,69,False,13.493418216705322,17.364872217178345,30.84686262719333
1,4,8,3,random440_deear_001::3,65,False,14.919654130935669,16.322415113449097,31.503260876983404
1,4,9,0,random440_deear_073::0,31,False,7.0646374225616455,7.58057975769043,14.62729644216597
1,4,9,1,random440_deear_073::1,31,False,5.06365442276001,7.706185340881348,12.757061688229442
1,4,9,2,random440_deear_073::2,34,False,8.563605070114136,9.494728565216064,18.046723952516913
1,4,9,3,random440_deear_073::3,22,False,3.5402755737304688,7.741434812545776,11.402978239580989
1,4,10,0,random440_expressivespeech_275::0,23,False,5.039959192276001,6.64165186882019,11.66319976374507
1,4,10,1,random440_expressivespeech_275::1,21,False,3.418487310409546,5.095957279205322,8.50263754837215
1,4,10,2,random440_expressivespeech_275::2,27,False,4.380221843719482,6.307506561279297,10.74780423939228
1,4,10,3,random440_expressivespeech_275::3,32,False,9.06399941444397,10.19747543334961,19.43237063102424
1,4,11,0,random440_expressivespeech_091::0,109,False,20.70580792427063,30.3109610080719,50.998200027272105
1,4,11,1,random440_expressivespeech_091::1,97,False,16.276946783065796,25.530623197555542,42.25066884607077
1,4,11,2,random440_expressivespeech_091::2,78,False,16.85872197151184,18.791282415390015,35.63808233477175
1,4,11,3,random440_expressivespeech_091::3,99,False,18.47928023338318,34.928672790527344,53.3935823161155
1,4,12,0,random440_expressivespeech_306::0,11,False,1.7922260761260986,2.813401699066162,4.587172210216522
1,4,12,1,random440_expressivespeech_306::1,13,False,2.9791512489318848,3.9741311073303223,6.941982712596655
1,4,12,2,random440_expressivespeech_306::2,19,False,3.1515302658081055,4.421537399291992,7.56081847473979
1,4,12,3,random440_expressivespeech_306::3,17,False,2.7219130992889404,3.89129376411438,6.600084666162729
1,4,13,0,random440_expressivespeech_277::0,52,False,9.549403667449951,15.690189123153687,25.218245340511203
1,4,13,1,random440_expressivespeech_277::1,43,False,7.266430616378784,12.291390657424927,19.54705810174346
1,4,13,2,random440_expressivespeech_277::2,45,False,7.5680015087127686,10.725142002105713,18.280748987570405
1,4,13,3,random440_expressivespeech_277::3,51,False,12.258184671401978,12.388577222824097,24.81409382261336
1,4,14,0,random440_expressivespeech_034::0,35,False,5.7895660400390625,10.376161813735962,16.148032968863845
1,4,14,1,random440_expressivespeech_034::1,20,False,3.3021743297576904,4.637795686721802,7.9276662562042475
1,4,14,2,random440_expressivespeech_034::2,18,False,3.23602557182312,4.18576455116272,7.4054883401840925
1,4,14,3,random440_expressivespeech_034::3,18,False,2.8776419162750244,4.913589715957642,7.775477431714535
1,4,15,0,random440_deear_007::0,53,False,11.868093252182007,12.548163175582886,24.399392472580075
1,4,15,1,random440_deear_007::1,66,False,13.081738233566284,15.77905535697937,29.06172102689743
1,4,15,2,random440_deear_007::2,47,False,10.59103798866272,12.139011859893799,22.98074552603066
1,4,15,3,random440_deear_007::3,37,False,6.213439702987671,12.202467918395996,18.40276427567005
1,4,16,0,random440_expressivespeech_161::0,96,False,15.928434133529663,27.225619077682495,43.13585541956127
1,4,16,1,random440_expressivespeech_161::1,105,False,19.631304025650024,29.447477340698242,49.458596382290125
1,4,16,2,random440_expressivespeech_161::2,102,False,17.23084259033203,26.999224424362183,44.647297548130155
1,4,16,3,random440_expressivespeech_161::3,128,False,24.902076244354248,57.77720522880554,82.62112964503467
1,4,17,0,random440_expressivespeech_042::0,91,False,17.522420167922974,23.921143770217896,41.37329878285527
1,4,17,1,random440_expressivespeech_042::1,78,False,14.256489992141724,20.78193759918213,35.0306906234473
1,4,17,2,random440_expressivespeech_042::2,83,False,13.773341178894043,23.842316389083862,37.603840520605445
1,4,17,3,random440_expressivespeech_042::3,97,False,18.186091423034668,35.69107413291931,53.86000931635499
1,4,18,0,random440_expressivespeech_152::0,173,False,31.56677484512329,48.79248809814453,79.1168224979192
1,4,18,1,random440_expressivespeech_152::1,135,False,22.74616837501526,38.95007276535034,61.68562992475927
1,4,18,2,random440_expressivespeech_152::2,212,False,40.81178331375122,59.13829851150513,98.88817880861461
1,4,18,3,random440_expressivespeech_152::3,136,False,24.608115911483765,57.61981797218323,82.2015653476119
1,4,19,0,random440_expressivespeech_141::0,268,False,54.55254530906677,74.68259811401367,127.75075842253864
1,4,19,1,random440_expressivespeech_141::1,215,False,42.84902501106262,61.38011622428894,104.22187460772693
1,4,19,2,random440_expressivespeech_141::2,218,False,41.34839391708374,61.65450119972229,102.9964155536145
1,4,19,3,random440_expressivespeech_141::3,316,False,63.09650421142578,409.1638488769531,470.10895547643304
1,4,20,0,random440_deear_053::0,9,False,2.162749767303467,3.2353010177612305,5.384087610989809
1,4,20,1,random440_deear_053::1,9,False,2.1409637928009033,2.2393734455108643,4.369873018935323
1,4,20,2,random440_deear_053::2,13,False,2.1127426624298096,3.1575653553009033,5.25625129416585
1,4,20,3,random440_deear_053::3,9,False,1.466623306274414,2.0822842121124268,3.581233236938715
1,4,21,0,random440_deear_099::0,41,False,6.902613162994385,14.062380075454712,20.943138536065817
1,4,21,1,random440_deear_099::1,20,False,3.2496464252471924,4.865706920623779,8.109743574634194
1,4,21,2,random440_deear_099::2,19,False,3.0980823040008545,4.536179780960083,7.622146615758538
1,4,21,3,random440_deear_099::3,20,False,3.5352659225463867,7.230864763259888,10.74960993975401
1,4,22,0,random440_expressivespeech_077::0,201,False,37.8827428817749,58.24880886077881,96.1145109590143
1,4,22,1,random440_expressivespeech_077::1,230,False,41.19821214675903,66.05648231506348,107.25529849529266
1,4,22,2,random440_expressivespeech_077::2,235,False,43.49716091156006,65.75702023506165,109.25462321192026
1,4,22,3,random440_expressivespeech_077::3,185,False,37.06881403923035,60.77690362930298,97.83716496638954
1,4,23,0,random440_expressivespeech_118::0,144,False,26.83933734893799,39.270052909851074,66.09085550159216
1,4,23,1,random440_expressivespeech_118::1,161,False,31.287813425064087,42.92344689369202,74.22784766927361
1,4,23,2,random440_expressivespeech_118::2,166,False,32.63457942008972,45.268444776535034,77.92093660123646
1,4,23,3,random440_expressivespeech_118::3,144,False,26.843029022216797,44.403223514556885,71.23917399533093
1,4,24,0,random440_expressivespeech_218::0,46,False,7.629066467285156,11.224099159240723,18.833514884114265
1,4,24,1,random440_expressivespeech_218::1,36,False,9.351118087768555,9.925480365753174,19.268451381474733
1,4,24,2,random440_expressivespeech_218::2,31,False,5.022056579589844,7.294930458068848,12.304492508992553
1,4,24,3,random440_expressivespeech_218::3,33,False,7.969745397567749,10.362991094589233,18.318804915994406
1,5,0,0,random440_expressivespeech_239::0,43,False,9.590553760528564,13.291980266571045,22.863011924549937
1,5,0,1,random440_expressivespeech_239::1,43,False,7.243258476257324,9.714287757873535,17.128677425906062
1,5,0,2,random440_expressivespeech_239::2,46,False,9.531069040298462,10.371004104614258,20.05179593898356
1,5,0,3,random440_expressivespeech_239::3,43,False,7.032703876495361,19.28614616394043,26.47696788236499
1,5,1,0,random440_expressivespeech_039::0,149,False,30.61863899230957,39.04436755180359,69.64385318569839
1,5,1,1,random440_expressivespeech_039::1,95,False,17.833887100219727,25.92089319229126,43.73012980632484
1,5,1,2,random440_expressivespeech_039::2,108,False,17.32755970954895,27.239917278289795,44.55576020479202
1,5,1,3,random440_expressivespeech_039::3,139,False,26.25996994972229,81.21595597267151,107.86835205741227
1,5,2,0,random440_expressivespeech_322::0,14,False,2.4681670665740967,3.0860555171966553,5.538965592160821
1,5,2,1,random440_expressivespeech_322::1,16,False,2.4953677654266357,3.522984504699707,6.002931214869022
1,5,2,2,random440_expressivespeech_322::2,15,False,2.613182544708252,5.520832300186157,8.11954664438963
1,5,2,3,random440_expressivespeech_322::3,19,False,4.557748556137085,8.346077919006348,12.938990782946348
1,5,3,0,random440_expressivespeech_203::0,44,False,6.9766600131988525,12.1492440700531,19.109032452106476
1,5,3,1,random440_expressivespeech_203::1,44,False,7.248836278915405,9.89119029045105,17.12632987089455
1,5,3,2,random440_expressivespeech_203::2,44,False,9.87294316291809,11.302805662155151,21.339298712089658
1,5,3,3,random440_expressivespeech_203::3,42,False,6.6676177978515625,12.942358016967773,19.761067990213633
1,5,4,0,random440_expressivespeech_171::0,94,False,15.52193546295166,25.806568145751953,41.30946823395789
1,5,4,1,random440_expressivespeech_171::1,83,False,15.022384881973267,19.451724529266357,34.84574647247791
1,5,4,2,random440_expressivespeech_171::2,80,False,16.88749647140503,18.533793687820435,35.404723247513175
1,5,4,3,random440_expressivespeech_171::3,78,False,14.362598180770874,26.983280897140503,41.33132813125849
1,5,5,0,random440_expressivespeech_196::0,63,False,9.914295196533203,16.445746660232544,26.339910473674536
1,5,5,1,random440_expressivespeech_196::1,90,False,14.76144814491272,24.439099550247192,39.18897416256368
1,5,5,2,random440_expressivespeech_196::2,75,False,13.912883758544922,17.60271906852722,31.867794508114457
1,5,5,3,random440_expressivespeech_196::3,73,False,15.589645385742188,23.41820216178894,38.98766929470003
1,5,6,0,random440_expressivespeech_258::0,54,False,9.392148733139038,12.171967506408691,21.54792270064354
1,5,6,1,random440_expressivespeech_258::1,53,False,12.235620021820068,12.28173565864563,24.505275525152683
1,5,6,2,random440_expressivespeech_258::2,63,False,11.010299444198608,15.505476236343384,26.504733191803098
1,5,6,3,random440_expressivespeech_258::3,57,False,9.290589332580566,21.050997734069824,30.570518750697374
1,5,7,0,random440_expressivespeech_032::0,70,False,11.902811288833618,17.51058602333069,29.396225072443485
1,5,7,1,random440_expressivespeech_032::1,62,False,9.641277313232422,18.005429983139038,27.92246626317501
1,5,7,2,random440_expressivespeech_032::2,65,False,10.400756359100342,16.892772674560547,27.282341508194804
1,5,7,3,random440_expressivespeech_032::3,81,False,13.228391170501709,31.274954080581665,44.74605789408088
1,5,8,0,random440_deear_066::0,69,False,12.715701341629028,16.218589305877686,28.913902821019292
1,5,8,1,random440_deear_066::1,59,False,12.865286111831665,13.415003299713135,26.271302761510015
1,5,8,2,random440_deear_066::2,58,False,11.190040588378906,13.145393133163452,24.32557778991759
1,5,8,3,random440_deear_066::3,59,False,11.332898139953613,24.49638819694519,36.039944311603904
1,5,9,0,random440_expressivespeech_131::0,33,False,7.24768328666687,7.39929986000061,14.627204747870564
1,5,9,1,random440_expressivespeech_131::1,33,False,5.409285545349121,7.438676357269287,12.83608017489314
1,5,9,2,random440_expressivespeech_131::2,31,False,7.0101587772369385,8.551858186721802,15.551183454692364
1,5,9,3,random440_expressivespeech_131::3,20,False,3.188495397567749,10.53180742263794,13.706747971475124
1,5,10,0,random440_expressivespeech_278::0,21,False,4.403647422790527,6.071513891220093,10.456792656332254
1,5,10,1,random440_expressivespeech_278::1,21,False,3.2658519744873047,4.768381595611572,8.023170132189989
1,5,10,2,random440_expressivespeech_278::2,33,False,5.372950792312622,7.4636266231536865,12.89147556759417
1,5,10,3,random440_expressivespeech_278::3,27,False,7.093605279922485,11.57799768447876,18.882530231028795
1,5,11,0,random440_expressivespeech_051::0,95,False,17.732909679412842,22.17383337020874,39.887606136500835
1,5,11,1,random440_expressivespeech_051::1,121,False,23.014123678207397,30.485995531082153,54.1683215983212
1,5,11,2,random440_expressivespeech_051::2,97,False,19.812867641448975,24.924256324768066,44.71924081631005
1,5,11,3,random440_expressivespeech_051::3,100,False,15.878054141998291,27.451349020004272,43.31751003675163
1,5,12,0,random440_expressivespeech_316::0,11,False,1.751192331314087,2.6137967109680176,4.348389904946089
1,5,12,1,random440_expressivespeech_316::1,11,False,2.4254415035247803,3.567546844482422,5.983139181509614
1,5,12,2,random440_expressivespeech_316::2,15,False,2.810020923614502,3.29266095161438,6.088373716920614
1,5,12,3,random440_expressivespeech_316::3,21,False,3.2838730812072754,5.945973634719849,9.263440852984786
1,5,13,0,random440_expressivespeech_177::0,53,False,9.29482388496399,15.259629726409912,24.532830318436027
1,5,13,1,random440_expressivespeech_177::1,39,False,6.1855247020721436,9.769254922866821,16.1496970243752
1,5,13,2,random440_expressivespeech_177::2,53,False,9.550382852554321,12.000661611557007,21.537848157808185
1,5,13,3,random440_expressivespeech_177::3,46,False,9.5849130153656,15.687000036239624,25.460726199671626
1,5,14,0,random440_deear_045::0,20,False,3.140287399291992,4.512589931488037,7.636798657476902
1,5,14,1,random440_deear_045::1,21,False,4.987778663635254,5.477792263031006,10.448956465348601
1,5,14,2,random440_deear_045::2,24,False,3.7367732524871826,5.4465720653533936,9.167977316305041
1,5,14,3,random440_deear_045::3,23,False,3.602322816848755,8.449231386184692,12.125449258834124
1,5,15,0,random440_expressivespeech_337::0,40,False,9.553435802459717,9.052911043167114,18.589503658935428
1,5,15,1,random440_expressivespeech_337::1,51,False,8.225134134292603,13.683435678482056,22.052037235349417
1,5,15,2,random440_expressivespeech_337::2,61,False,9.85761022567749,17.781071186065674,27.82565817795694
1,5,15,3,random440_expressivespeech_337::3,48,False,7.4864723682403564,18.87630796432495,26.58862090483308
1,5,16,0,random440_expressivespeech_331::0,100,False,16.414077281951904,27.12407088279724,43.51950037293136
1,5,16,1,random440_expressivespeech_331::1,104,False,18.670893669128418,27.915717601776123,46.98056894727051
1,5,16,2,random440_expressivespeech_331::2,117,False,19.052639484405518,29.330113410949707,48.7882554102689
1,5,16,3,random440_expressivespeech_331::3,108,False,20.965022802352905,59.12440872192383,80.06912678480148
1,5,17,0,random440_expressivespeech_049::0,92,False,17.000145196914673,22.347346782684326,39.32892584428191
1,5,17,1,random440_expressivespeech_049::1,94,False,17.3394296169281,23.940402030944824,41.26933783851564
1,5,17,2,random440_expressivespeech_049::2,82,False,13.348564386367798,22.66255831718445,36.384152771905065
1,5,17,3,random440_expressivespeech_049::3,79,False,14.958667755126953,36.244170904159546,51.16768475994468
1,5,18,0,random440_expressivespeech_117::0,186,False,34.52470874786377,50.351749897003174,84.08573212847114
1,5,18,1,random440_expressivespeech_117::1,141,False,26.019221305847168,35.92022132873535,61.928816417232156
1,5,18,2,random440_expressivespeech_117::2,162,False,30.35288095474243,40.434950828552246,70.78443364426494
1,5,18,3,random440_expressivespeech_117::3,154,False,28.436872243881226,79.26514983177185,107.63447155989707
1,5,19,0,random440_expressivespeech_018::0,447,False,94.35091090202332,122.11913204193115,213.94119893200696
1,5,19,1,random440_expressivespeech_018::1,394,False,74.0783531665802,108.64238405227661,182.74611135199666
1,5,19,2,random440_expressivespeech_018::2,444,False,80.01708889007568,122.1935031414032,199.71713934093714
1,5,19,3,random440_expressivespeech_018::3,429,False,79.94809746742249,119.63784003257751,199.61719127185643
1,5,20,0,random440_expressivespeech_173::0,11,False,2.682438373565674,3.7598876953125,6.42252304777503
1,5,20,1,random440_expressivespeech_173::1,12,False,2.1599185466766357,2.6653919219970703,4.812017792835832
1,5,20,2,random440_expressivespeech_173::2,10,False,1.5855987071990967,2.2964730262756348,3.8880921844393015
1,5,20,3,random440_expressivespeech_173::3,7,False,1.1303362846374512,2.318021535873413,3.4610441755503416
1,5,21,0,random440_expressivespeech_097::0,20,False,3.182516098022461,4.464465618133545,7.634350214153528
1,5,21,1,random440_expressivespeech_097::1,31,False,6.354033708572388,9.982932567596436,16.33707432448864
1,5,21,2,random440_expressivespeech_097::2,25,False,4.042097091674805,5.600358963012695,9.631222737953067
1,5,21,3,random440_expressivespeech_097::3,24,False,4.027099847793579,9.941446781158447,13.840105632320046
1,5,22,0,random440_expressivespeech_184::0,176,False,32.97723984718323,44.63199257850647,77.58920733258128
1,5,22,1,random440_expressivespeech_184::1,209,False,41.20046854019165,56.01151919364929,97.27922971360385
1,5,22,2,random440_expressivespeech_184::2,237,False,43.36272573471069,63.86182522773743,107.27210646495223
1,5,22,3,random440_expressivespeech_184::3,225,False,44.07954263687134,85.40783452987671,129.51068705134094
1,5,23,0,random440_expressivespeech_174::0,150,False,27.83837103843689,38.76038908958435,66.57984201051295
1,5,23,1,random440_expressivespeech_174::1,132,False,25.91765022277832,33.28973412513733,59.26967886462808
1,5,23,2,random440_expressivespeech_174::2,170,False,32.29893493652344,45.6114137172699,77.93190098367631
1,5,23,3,random440_expressivespeech_174::3,153,False,27.79963231086731,58.18189549446106,86.03588457033038
1,5,24,0,random440_expressivespeech_320::0,38,False,6.100362539291382,8.709435939788818,14.789442690089345
1,5,24,1,random440_expressivespeech_320::1,39,False,6.483482360839844,13.074198722839355,19.547694601118565
1,5,24,2,random440_expressivespeech_320::2,34,False,5.331573486328125,7.592028379440308,12.915377467870712
1,5,24,3,random440_expressivespeech_320::3,34,False,6.908184766769409,14.733865737915039,21.620411628857255
1,6,0,0,random440_expressivespeech_062::0,42,False,9.072813034057617,13.57482624053955,22.628261933103204
1,6,0,1,random440_expressivespeech_062::1,47,False,7.80123233795166,10.855164766311646,18.809705356135964
1,6,0,2,random440_expressivespeech_062::2,40,False,8.536731481552124,9.2095205783844,17.910840371623635
1,6,0,3,random440_expressivespeech_062::3,46,False,7.5152037143707275,19.6672043800354,27.164219995960593
1,6,1,0,random440_expressivespeech_212::0,113,False,23.3236882686615,31.8234965801239,55.12684601917863
1,6,1,1,random440_expressivespeech_212::1,111,False,17.970109701156616,29.034370183944702,46.98861741647124
1,6,1,2,random440_expressivespeech_212::2,139,False,27.89706826210022,38.21642804145813,66.09593369998038
1,6,1,3,random440_expressivespeech_212::3,127,False,21.120365142822266,74.74161648750305,96.98439380899072
1,6,2,0,random440_expressivespeech_061::0,20,False,3.2067718505859375,4.548979043960571,7.739401191473007
1,6,2,1,random440_expressivespeech_061::1,17,False,3.003577470779419,4.531202793121338,7.51945529691875
1,6,2,2,random440_expressivespeech_061::2,15,False,4.414779901504517,4.75960636138916,9.172984378412366
1,6,2,3,random440_expressivespeech_061::3,21,False,3.3307600021362305,4.808315753936768,8.123037103563547
1,6,3,0,random440_deear_022::0,43,False,7.136709213256836,12.198682069778442,19.318131318315864
1,6,3,1,random440_deear_022::1,42,False,7.001119136810303,9.747889995574951,16.903753893449903
1,6,3,2,random440_deear_022::2,50,False,11.108799457550049,12.493520259857178,23.763109570369124
1,6,3,3,random440_deear_022::3,38,False,6.318622350692749,11.040474891662598,17.547154502943158
1,6,4,0,random440_deear_079::0,97,False,15.943801164627075,26.97700786590576,42.903644092381
1,6,4,1,random440_deear_079::1,76,False,14.56343126296997,17.833263397216797,32.78061739727855
1,6,4,2,random440_deear_079::2,78,False,16.73220992088318,18.21505832672119,34.93498103506863
1,6,4,3,random440_deear_079::3,75,False,13.937973499298096,28.464174270629883,42.7956850938499
1,6,5,0,random440_expressivespeech_243::0,99,False,16.14103412628174,25.656689643859863,41.77783723920584
1,6,5,1,random440_expressivespeech_243::1,74,False,15.745331287384033,17.540552616119385,33.67549291998148
1,6,5,2,random440_expressivespeech_243::2,58,False,10.996696472167969,13.602806329727173,24.587180448696017
1,6,5,3,random440_expressivespeech_243::3,69,False,15.253644704818726,21.02185082435608,36.26024621166289
1,6,6,0,random440_expressivespeech_328::0,52,False,8.946410179138184,12.132203102111816,21.058296497911215
1,6,6,1,random440_expressivespeech_328::1,51,False,11.42870044708252,12.573161125183105,23.990195216611028
1,6,6,2,random440_expressivespeech_328::2,71,False,12.381661653518677,17.876070737838745,30.246552269905806
1,6,6,3,random440_expressivespeech_328::3,53,False,8.67540717124939,18.853298664093018,27.801600659266114
1,6,7,0,random440_expressivespeech_100::0,71,False,11.802185535430908,18.338316440582275,30.12204117886722
1,6,7,1,random440_expressivespeech_100::1,67,False,12.060669183731079,18.361523151397705,30.69149366207421
1,6,7,2,random440_expressivespeech_100::2,67,False,11.481460809707642,17.014495134353638,28.486267637461424
1,6,7,3,random440_expressivespeech_100::3,73,False,13.885787725448608,25.84404730796814,39.98124928586185
1,6,8,0,random440_deear_034::0,59,False,11.030911922454834,13.792433738708496,24.802092406898737
1,6,8,1,random440_deear_034::1,67,False,14.632996797561646,15.83155107498169,30.45212739519775
1,6,8,2,random440_deear_034::2,55,False,10.727909564971924,12.835584878921509,23.54880242794752
1,6,8,3,random440_deear_034::3,62,False,11.627769947052002,25.374775171279907,36.98845452256501
1,6,9,0,random440_expressivespeech_253::0,21,False,5.228527545928955,5.244288921356201,10.457697762176394
1,6,9,1,random440_expressivespeech_253::1,36,False,5.734534502029419,8.29633116722107,14.012690352275968
1,6,9,2,random440_expressivespeech_253::2,29,False,4.999155044555664,10.28610110282898,15.275984857231379
1,6,9,3,random440_expressivespeech_253::3,31,False,4.838097810745239,12.250911951065063,17.065876815468073
1,6,10,0,random440_expressivespeech_241::0,27,False,5.843796730041504,7.194700479507446,13.020779317244887
1,6,10,1,random440_expressivespeech_241::1,31,False,4.897721529006958,7.090754508972168,11.977516090497375
1,6,10,2,random440_expressivespeech_241::2,28,False,4.599450349807739,9.639820575714111,14.324456496164203
1,6,10,3,random440_expressivespeech_241::3,27,False,4.607620477676392,6.214457273483276,10.807214198634028
1,6,11,0,random440_expressivespeech_052::0,99,False,18.528855562210083,24.66104507446289,43.17004441656172
1,6,11,1,random440_expressivespeech_052::1,93,False,17.14013123512268,24.1867253780365,42.0228186827153
1,6,11,2,random440_expressivespeech_052::2,102,False,18.378371477127075,26.69764018058777,45.439469596371055
1,6,11,3,random440_expressivespeech_052::3,116,False,20.14969253540039,31.623801708221436,52.39770737104118
1,6,12,0,random440_expressivespeech_170::0,15,False,2.449619770050049,4.162775754928589,6.5950737074017525
1,6,12,1,random440_expressivespeech_170::1,12,False,2.854897975921631,3.172687292098999,6.018251182511449
1,6,12,2,random440_expressivespeech_170::2,12,False,1.899780511856079,2.7108728885650635,4.5971411280334
1,6,12,3,random440_expressivespeech_170::3,18,False,2.828623056411743,5.710775852203369,8.52121540158987
1,6,13,0,random440_expressivespeech_281::0,40,False,6.639764785766602,13.101238012313843,19.72396620735526
1,6,13,1,random440_expressivespeech_281::1,45,False,7.3986334800720215,10.554131746292114,17.93633601628244
1,6,13,2,random440_expressivespeech_281::2,56,False,10.991179466247559,13.084304571151733,24.33432070352137
1,6,13,3,random440_expressivespeech_281::3,48,False,9.687397718429565,15.895092487335205,25.798978926613927
1,6,14,0,random440_expressivespeech_232::0,18,False,3.09401535987854,4.063707590103149,7.141085172072053
1,6,14,1,random440_expressivespeech_232::1,20,False,4.264930725097656,5.632798194885254,9.881999397650361
1,6,14,2,random440_expressivespeech_232::2,19,False,2.9940152168273926,4.332012891769409,7.316552700474858
1,6,14,3,random440_expressivespeech_232::3,28,False,4.67848539352417,10.186623096466064,14.840787282213569
1,6,15,0,random440_expressivespeech_288::0,45,False,10.474682331085205,10.484355688095093,20.9386684615165
1,6,15,1,random440_expressivespeech_288::1,48,False,8.158108711242676,12.6154305934906,20.760159004479647
1,6,15,2,random440_expressivespeech_288::2,48,False,7.776407718658447,13.900784492492676,21.662109227851033
1,6,15,3,random440_expressivespeech_288::3,57,False,10.377783298492432,20.546194791793823,31.212912628427148
1,6,16,0,random440_expressivespeech_182::0,97,False,15.740171909332275,26.980833292007446,42.70250730775297
1,6,16,1,random440_expressivespeech_182::1,94,False,17.23566484451294,24.135499238967896,42.03398850746453
1,6,16,2,random440_expressivespeech_182::2,121,False,21.374215602874756,31.089024305343628,53.15505915507674
1,6,16,3,random440_expressivespeech_182::3,116,False,22.835472345352173,58.49263405799866,81.3105252161622
1,6,17,0,random440_deear_076::0,95,False,17.79243040084839,24.992989778518677,42.76328084245324
1,6,17,1,random440_deear_076::1,87,False,14.893320560455322,22.918336629867554,37.79948573932052
1,6,17,2,random440_deear_076::2,83,False,13.436519622802734,23.634263515472412,37.05593102611601
1,6,17,3,random440_deear_076::3,79,False,14.974301099777222,35.25561308860779,50.20990339294076
1,6,18,0,random440_expressivespeech_318::0,175,False,32.38191795349121,48.48067593574524,79.61517850868404
1,6,18,1,random440_expressivespeech_318::1,165,False,30.362602949142456,42.59112524986267,72.94255605898798
1,6,18,2,random440_expressivespeech_318::2,187,False,34.874462366104126,51.534366846084595,85.57037254422903
1,6,18,3,random440_expressivespeech_318::3,189,False,32.714643478393555,52.77305221557617,84.49683038145304
1,6,19,0,random440_deear_004::0,360,False,75.70498275756836,102.13732886314392,175.61800574697554
1,6,19,1,random440_deear_004::1,392,False,73.36529731750488,110.83828783035278,181.82049660012126
1,6,19,2,random440_deear_004::2,413,False,80.59351658821106,117.57633233070374,195.85568710789084
1,6,19,3,random440_deear_004::3,357,False,66.23522305488586,176.37091660499573,242.56390421837568
1,6,20,0,random440_deear_021::0,12,False,3.0132248401641846,4.175397634506226,7.173239080235362
1,6,20,1,random440_deear_021::1,9,False,1.4522230625152588,2.0480451583862305,3.491161484271288
1,6,20,2,random440_deear_021::2,9,False,1.4645485877990723,2.062314987182617,3.52125477604568
1,6,20,3,random440_deear_021::3,7,False,1.2484440803527832,3.162525177001953,4.420423749834299
1,6,21,0,random440_deear_005::0,25,False,4.03334641456604,5.847748517990112,9.867347983643413
1,6,21,1,random440_deear_005::1,22,False,5.673452615737915,7.392988443374634,13.072748228907585
1,6,21,2,random440_deear_005::2,27,False,4.3930442333221436,6.263666152954102,10.730676792562008
1,6,21,3,random440_deear_005::3,23,False,3.9546449184417725,10.014576196670532,13.838325245305896
1,6,22,0,random440_expressivespeech_247::0,192,False,35.804100036621094,52.455037117004395,86.60384383611381
1,6,22,1,random440_expressivespeech_247::1,191,False,33.955453872680664,53.64659929275513,86.2445777952671
1,6,22,2,random440_expressivespeech_247::2,198,False,36.31580829620361,55.60495352745056,90.70200257375836
1,6,22,3,random440_expressivespeech_247::3,213,False,37.4139518737793,107.97353863716125,143.67812256515026
1,6,23,0,random440_deear_051::0,155,False,29.90105152130127,39.9700665473938,69.8521218020469
1,6,23,1,random440_deear_051::1,131,False,25.619500160217285,34.16883683204651,59.843160796910524
1,6,23,2,random440_deear_051::2,154,False,29.724645137786865,41.4266471862793,71.18087992444634
1,6,23,3,random440_deear_051::3,160,False,29.69243812561035,59.28578162193298,88.99555498361588
1,6,24,0,random440_expressivespeech_058::0,36,False,6.083611726760864,8.46571397781372,14.528433997184038
1,6,24,1,random440_expressivespeech_058::1,39,False,6.404074430465698,13.389855146408081,19.783917021006346
1,6,24,2,random440_expressivespeech_058::2,36,False,5.6960670948028564,8.380748510360718,14.066895987838507
1,6,24,3,random440_expressivespeech_058::3,32,False,7.0549445152282715,13.395913124084473,20.436902847141027
1,7,0,0,random440_expressivespeech_002::0,44,False,9.451213359832764,13.78688931465149,23.21992922015488
1,7,0,1,random440_expressivespeech_002::1,54,False,9.203322172164917,13.679847240447998,23.03317980468273
1,7,0,2,random440_expressivespeech_002::2,39,False,7.122732877731323,8.95609712600708,16.381442120298743
1,7,0,3,random440_expressivespeech_002::3,38,False,5.828497409820557,17.88899517059326,23.69935939833522
1,7,1,0,random440_expressivespeech_151::0,150,False,30.211162328720093,41.09790277481079,71.29027399234474
1,7,1,1,random440_expressivespeech_151::1,132,False,23.438041925430298,36.23785591125488,59.660654766485095
1,7,1,2,random440_expressivespeech_151::2,152,False,26.70539927482605,42.93118190765381,69.62277440540493
1,7,1,3,random440_expressivespeech_151::3,144,False,26.02106761932373,38.71302151679993,64.72013779915869
1,7,2,0,random440_expressivespeech_119::0,17,False,2.6957335472106934,3.897965431213379,6.575613960623741
1,7,2,1,random440_expressivespeech_119::1,13,False,2.083930492401123,2.945787191390991,5.0156380739063025
1,7,2,2,random440_expressivespeech_119::2,16,False,2.967641830444336,6.214519739151001,9.166436467319727
1,7,2,3,random440_expressivespeech_119::3,25,False,4.80290675163269,6.918864965438843,11.703547718003392
1,7,3,0,random440_expressivespeech_114::0,46,False,7.4028425216674805,12.872618675231934,20.254844265058637
1,7,3,1,random440_expressivespeech_114::1,46,False,7.385119915008545,10.520869731903076,17.89293626509607
1,7,3,2,random440_expressivespeech_114::2,47,False,11.251534223556519,10.987475872039795,22.401073990389705
1,7,3,3,random440_expressivespeech_114::3,33,False,5.34442663192749,11.141497611999512,16.650261929258704
1,7,4,0,random440_deear_018::0,71,False,11.310577630996704,20.304160594940186,31.597981739789248
1,7,4,1,random440_deear_018::1,76,False,12.077159643173218,19.924515962600708,32.37284603714943
1,7,4,2,random440_deear_018::2,101,False,16.158901929855347,27.925291299819946,44.372309040278196
1,7,4,3,random440_deear_018::3,75,False,14.13855504989624,31.002577543258667,45.52773069962859
1,7,5,0,random440_expressivespeech_248::0,59,False,9.592166900634766,15.821268796920776,25.39190966822207
1,7,5,1,random440_expressivespeech_248::1,70,False,11.341505289077759,20.004501819610596,31.33515273593366
1,7,5,2,random440_expressivespeech_248::2,56,False,8.94397759437561,15.07563853263855,24.285849690437317
1,7,5,3,random440_expressivespeech_248::3,109,False,17.842434406280518,37.92722249031067,55.75378575921059
1,7,6,0,random440_expressivespeech_325::0,49,False,8.642542362213135,11.351049661636353,19.974787212908268
1,7,6,1,random440_expressivespeech_325::1,37,False,6.351699590682983,11.809025526046753,18.145937606692314
1,7,6,2,random440_expressivespeech_325::2,69,False,10.978495359420776,17.917948007583618,28.884128836914897
1,7,6,3,random440_expressivespeech_325::3,61,False,9.693936347961426,26.206204175949097,36.2505985442549
1,7,7,0,random440_expressivespeech_198::0,74,False,12.471465349197388,18.625905752182007,31.079111279919744
1,7,7,1,random440_expressivespeech_198::1,65,False,12.172897100448608,17.52028226852417,29.979417107999325
1,7,7,2,random440_expressivespeech_198::2,69,False,11.732908964157104,17.125540494918823,28.84838405251503
1,7,7,3,random440_expressivespeech_198::3,67,False,12.454135179519653,26.679052591323853,39.401379177346826
1,7,8,0,random440_deear_026::0,58,False,10.503517627716064,13.53870439529419,24.02017623372376
1,7,8,1,random440_deear_026::1,66,False,14.714524030685425,15.558435678482056,30.262980619445443
1,7,8,2,random440_deear_026::2,58,False,11.211367130279541,13.48860216140747,24.9550127312541
1,7,8,3,random440_deear_026::3,55,False,9.913087606430054,26.90581202507019,36.8018303681165
1,7,9,0,random440_deear_059::0,33,False,7.482990503311157,7.57143235206604,15.033014530315995
1,7,9,1,random440_deear_059::1,34,False,5.388591766357422,7.95453667640686,13.327742727473378
1,7,9,2,random440_deear_059::2,33,False,8.7683584690094,8.134908676147461,16.892992492765188
1,7,9,3,random440_deear_059::3,30,False,4.621828317642212,6.818815469741821,11.428252667188644
1,7,10,0,random440_expressivespeech_142::0,36,False,7.993581771850586,8.476371765136719,16.451860236003995
1,7,10,1,random440_expressivespeech_142::1,23,False,3.661764144897461,5.25756573677063,8.905108472332358
1,7,10,2,random440_expressivespeech_142::2,22,False,3.588900566101074,6.89571738243103,10.471793437376618
1,7,10,3,random440_expressivespeech_142::3,30,False,6.372260808944702,7.7323315143585205,14.271344851702452
1,7,11,0,random440_deear_020::0,99,False,18.261354446411133,25.15936303138733,43.39923705160618
1,7,11,1,random440_deear_020::1,92,False,16.738490104675293,24.087817668914795,41.527478490024805
1,7,11,2,random440_deear_020::2,110,False,20.792180061340332,29.186930894851685,50.3685071375221
1,7,11,3,random440_deear_020::3,107,False,17.177786111831665,29.605672359466553,46.76659191213548
1,7,12,0,random440_expressivespeech_186::0,12,False,1.9230239391326904,3.0734429359436035,4.9796379171311855
1,7,12,1,random440_expressivespeech_186::1,9,False,2.0247068405151367,2.9572136402130127,4.97018725425005
1,7,12,2,random440_expressivespeech_186::2,26,False,4.601376533508301,5.961562395095825,10.544959923252463
1,7,12,3,random440_expressivespeech_186::3,9,False,1.41300630569458,3.643629789352417,5.043061871081591
1,7,13,0,random440_expressivespeech_207::0,43,False,7.018575668334961,13.79574966430664,20.798057628795505
1,7,13,1,random440_expressivespeech_207::1,60,False,9.706687688827515,16.098060846328735,25.793424742296338
1,7,13,2,random440_expressivespeech_207::2,39,False,6.114065408706665,9.058422803878784,15.403946651145816
1,7,13,3,random440_expressivespeech_207::3,45,False,8.928300380706787,16.876155614852905,25.78830387815833
1,7,14,0,random440_expressivespeech_149::0,17,False,2.6509201526641846,3.8605356216430664,6.495121533051133
1,7,14,1,random440_expressivespeech_149::1,19,False,3.755877733230591,5.797585487365723,9.538197657093406
1,7,14,2,random440_expressivespeech_149::2,17,False,3.0214743614196777,3.8854825496673584,6.895015301182866
1,7,14,3,random440_expressivespeech_149::3,26,False,4.058091878890991,12.455929040908813,16.49544990248978
1,7,15,0,random440_expressivespeech_036::0,42,False,9.830943584442139,9.777883052825928,19.592010620981455
1,7,15,1,random440_expressivespeech_036::1,53,False,8.867781639099121,14.089901208877563,23.10967152006924
1,7,15,2,random440_expressivespeech_036::2,50,False,7.762201309204102,15.230500221252441,23.085191378369927
1,7,15,3,random440_expressivespeech_036::3,52,False,8.41942286491394,20.30667281150818,29.09887016005814
1,7,16,0,random440_expressivespeech_012::0,117,False,18.978201866149902,31.55411982536316,50.51203318685293
1,7,16,1,random440_expressivespeech_012::1,117,False,20.810744762420654,31.636126041412354,52.44302251935005
1,7,16,2,random440_expressivespeech_012::2,97,False,17.719910860061646,26.39584493637085,44.09948023594916
1,7,16,3,random440_expressivespeech_012::3,92,False,14.938546657562256,56.07166528701782,70.97130780853331
1,7,17,0,random440_expressivespeech_164::0,93,False,17.043562650680542,23.724181413650513,40.69980486296117
1,7,17,1,random440_expressivespeech_164::1,90,False,15.832167148590088,23.665995836257935,39.486291555687785
1,7,17,2,random440_expressivespeech_164::2,112,False,20.509417295455933,30.331257581710815,50.83086497336626
1,7,17,3,random440_expressivespeech_164::3,82,False,13.246508121490479,23.11247730255127,36.344158340245485
1,7,18,0,random440_expressivespeech_172::0,189,False,34.17881178855896,52.216796875,85.57910755090415
1,7,18,1,random440_expressivespeech_172::1,199,False,36.41773247718811,54.2451012134552,89.74838439002633
1,7,18,2,random440_expressivespeech_172::2,152,False,26.688207626342773,40.323911905288696,67.0010229498148
1,7,18,3,random440_expressivespeech_172::3,170,False,29.636019229888916,51.020309925079346,80.64045446179807
1,7,19,0,random440_expressivespeech_236::0,374,False,76.76138520240784,106.19979882240295,180.66145636886358
1,7,19,1,random440_expressivespeech_236::1,338,False,62.426852226257324,95.65878534317017,158.12562381476164
1,7,19,2,random440_expressivespeech_236::2,309,False,55.28834819793701,85.57747077941895,140.86297183670104
1,7,19,3,random440_expressivespeech_236::3,348,False,65.5927722454071,254.66548657417297,320.29571999982
1,7,20,0,random440_deear_067::0,11,False,2.664344072341919,3.8068127632141113,6.455268260091543
1,7,20,1,random440_deear_067::1,9,False,1.6676344871520996,2.0444960594177246,3.7018013652414083
1,7,20,2,random440_deear_067::2,7,False,1.1103181838989258,1.5905776023864746,2.7007489800453186
1,7,20,3,random440_deear_067::3,9,False,1.7828915119171143,3.999528169631958,5.764729028567672
1,7,21,0,random440_deear_097::0,23,False,3.5853195190429688,5.351280927658081,8.92332755960524
1,7,21,1,random440_deear_097::1,25,False,5.530640363693237,8.639716148376465,14.157909916713834
1,7,21,2,random440_deear_097::2,25,False,4.200307369232178,5.947490215301514,10.140354024246335
1,7,21,3,random440_deear_097::3,23,False,3.605252265930176,10.7490816116333,14.32105146534741
1,7,22,0,random440_deear_061::0,203,False,37.49673295021057,56.786484241485596,94.26577281951904
1,7,22,1,random440_deear_061::1,203,False,35.27767753601074,56.55098247528076,91.84088700450957
1,7,22,2,random440_deear_061::2,181,False,33.80345296859741,51.36612105369568,85.18220451101661
1,7,22,3,random440_deear_061::3,192,False,33.64482855796814,108.13866996765137,141.77581558562815
1,7,23,0,random440_expressivespeech_193::0,147,False,27.12146544456482,39.155502796173096,66.25845082476735
1,7,23,1,random440_expressivespeech_193::1,157,False,29.667198657989502,40.32463622093201,70.0191413089633
1,7,23,2,random440_expressivespeech_193::2,139,False,26.426790714263916,36.40201807022095,62.85753277130425
1,7,23,3,random440_expressivespeech_193::3,153,False,28.32541584968567,62.66643691062927,91.04251288622618
1,7,24,0,random440_expressivespeech_143::0,34,False,5.401568412780762,7.931272029876709,13.313031835481524
1,7,24,1,random440_expressivespeech_143::1,38,False,6.02983546257019,13.02807903289795,19.046056447550654
1,7,24,2,random440_expressivespeech_143::2,32,False,5.3323869705200195,7.325573921203613,12.649081790819764
1,7,24,3,random440_expressivespeech_143::3,36,False,5.714678049087524,18.212043285369873,23.907947393134236
2,0,0,0,random440_expressivespeech_092::0,51,False,13.13005018234253,12.474817276000977,25.58582548610866
2,0,0,1,random440_expressivespeech_092::1,49,False,7.60955286026001,12.954626560211182,20.751619370654225
2,0,0,2,random440_expressivespeech_092::2,36,False,5.357824087142944,7.865199565887451,13.400773175060749
2,0,0,3,random440_expressivespeech_092::3,48,False,8.579853773117065,15.015573024749756,23.579698897898197
2,0,1,0,random440_expressivespeech_139::0,103,False,20.207935094833374,25.05405282974243,45.24048785306513
2,0,1,1,random440_expressivespeech_139::1,114,False,19.595174312591553,28.205812215805054,48.49291640333831
2,0,1,2,random440_expressivespeech_139::2,209,False,40.4702935218811,53.260565996170044,92.82874034531415
2,0,1,3,random440_expressivespeech_139::3,126,False,22.333155632019043,50.6907742023468,72.99818187206984
2,0,2,0,random440_expressivespeech_306::0,17,False,2.6801278591156006,3.915743827819824,6.5797532312572
2,0,2,1,random440_expressivespeech_306::1,25,False,4.204682350158691,6.497753143310547,10.684293299913406
2,0,2,2,random440_expressivespeech_306::2,15,False,3.71571683883667,4.538519382476807,8.242909347638488
2,0,2,3,random440_expressivespeech_306::3,17,False,2.5063281059265137,5.56672739982605,8.057827394455671
2,0,3,0,random440_deear_007::0,45,False,7.023636341094971,12.23910665512085,19.24455300718546
2,0,3,1,random440_deear_007::1,36,False,5.541695833206177,8.02880311012268,13.55893861502409
2,0,3,2,random440_deear_007::2,48,False,7.385903835296631,14.63728952407837,22.011726574972272
2,0,3,3,random440_deear_007::3,41,False,6.286255359649658,15.58895993232727,22.05279766023159
2,0,4,0,random440_expressivespeech_091::0,83,False,12.54823350906372,22.97763228416443,35.506415927782655
2,0,4,1,random440_expressivespeech_091::1,79,False,12.227419137954712,19.86376404762268,32.42774831689894
2,0,4,2,random440_expressivespeech_091::2,80,False,12.10572862625122,22.120391130447388,34.22079448774457
2,0,4,3,random440_expressivespeech_091::3,77,False,13.454931735992432,31.522647380828857,45.28365083783865
2,0,5,0,random440_expressivespeech_198::0,55,False,8.6517333984375,12.329082727432251,20.96270869858563
2,0,5,1,random440_expressivespeech_198::1,78,False,14.251681804656982,19.16719627380371,33.40819657035172
2,0,5,2,random440_expressivespeech_198::2,69,False,12.37902045249939,16.703669548034668,29.628457510843873
2,0,5,3,random440_expressivespeech_198::3,82,False,13.384141206741333,34.13277292251587,47.50416078977287
2,0,6,0,random440_expressivespeech_242::0,62,False,11.404217004776001,14.455164432525635,25.8375952988863
2,0,6,1,random440_expressivespeech_242::1,51,False,7.917356252670288,15.637561321258545,23.543234245851636
2,0,6,2,random440_expressivespeech_242::2,59,False,8.967769861221313,15.412617206573486,24.37184119410813
2,0,6,3,random440_expressivespeech_242::3,52,False,8.057311058044434,20.01434636116028,28.052145659923553
2,0,7,0,random440_deear_034::0,60,False,9.77548336982727,14.26453161239624,24.021678615361452
2,0,7,1,random440_deear_034::1,63,False,10.910073280334473,14.043726921081543,24.945631243288517
2,0,7,2,random440_deear_034::2,70,False,14.853534460067749,15.752048015594482,30.848172521218657
2,0,7,3,random440_deear_034::3,66,False,12.129352807998657,26.16960573196411,39.14456056803465
2,0,8,0,random440_expressivespeech_305::0,61,False,9.56019401550293,15.275821447372437,24.815164621919394
2,0,8,1,random440_expressivespeech_305::1,54,False,8.266301155090332,12.072597980499268,20.32874596118927
2,0,8,2,random440_expressivespeech_305::2,78,False,16.553261280059814,18.15950894355774,34.70179835893214
2,0,8,3,random440_expressivespeech_305::3,63,False,10.813525438308716,14.85428261756897,26.08978938870132
2,0,9,0,random440_expressivespeech_044::0,38,False,9.856635570526123,8.641377449035645,18.477376388385892
2,0,9,1,random440_expressivespeech_044::1,33,False,4.903203964233398,7.671078205108643,12.56146577745676
2,0,9,2,random440_expressivespeech_044::2,30,False,6.466677904129028,6.548333168029785,13.003391170874238
2,0,9,3,random440_expressivespeech_044::3,30,False,4.733081102371216,10.597568035125732,15.312561003491282
2,0,10,0,random440_deear_045::0,23,False,6.036935567855835,6.396428346633911,12.416780529543757
2,0,10,1,random440_deear_045::1,22,False,3.2440004348754883,4.898118495941162,8.128015672788024
2,0,10,2,random440_deear_045::2,22,False,3.4641432762145996,5.09423565864563,8.54790897294879
2,0,10,3,random440_deear_045::3,39,False,7.941230535507202,10.985585927963257,18.98921304754913
2,0,11,0,random440_expressivespeech_051::0,83,False,14.764485359191895,20.9796404838562,35.72679213620722
2,0,11,1,random440_expressivespeech_051::1,108,False,18.545970678329468,28.645214080810547,47.51742039434612
2,0,11,2,random440_expressivespeech_051::2,111,False,17.58619976043701,26.86201047897339,44.88070822134614
2,0,11,3,random440_expressivespeech_051::3,106,False,20.119539499282837,37.66530084609985,57.76895031146705
2,0,12,0,random440_expressivespeech_316::0,14,False,3.3802096843719482,5.116855621337891,8.46392685174942
2,0,12,1,random440_expressivespeech_316::1,12,False,2.547842025756836,2.604452133178711,5.143535044044256
2,0,12,2,random440_expressivespeech_316::2,12,False,1.7723791599273682,2.642035722732544,4.3996814247220755
2,0,12,3,random440_expressivespeech_316::3,15,False,2.4846372604370117,8.446938037872314,10.950429756194353
2,0,13,0,random440_expressivespeech_325::0,48,False,9.786074876785278,10.762510538101196,20.526602432131767
2,0,13,1,random440_expressivespeech_325::1,59,False,8.761645793914795,17.084050178527832,25.843504428863525
2,0,13,2,random440_expressivespeech_325::2,40,False,6.307098388671875,9.544159889221191,16.076987074688077
2,0,13,3,random440_expressivespeech_325::3,40,False,7.4538469314575195,14.464091539382935,21.902339462190866
2,0,14,0,random440_expressivespeech_040::0,18,False,2.668210029602051,5.161427736282349,7.809977412223816
2,0,14,1,random440_expressivespeech_040::1,15,False,3.7625482082366943,4.319714546203613,8.069431191310287
2,0,14,2,random440_expressivespeech_040::2,30,False,4.714021921157837,6.5708935260772705,11.269258327782154
2,0,14,3,random440_expressivespeech_040::3,21,False,3.120089054107666,9.202992677688599,12.305912727490067
2,0,15,0,random440_expressivespeech_201::0,45,False,7.361077785491943,10.269860744476318,17.612578781321645
2,0,15,1,random440_expressivespeech_201::1,61,False,11.732680082321167,15.108411073684692,27.01448076404631
2,0,15,2,random440_expressivespeech_201::2,44,False,6.519899129867554,12.03290843963623,18.887789521366358
2,0,15,3,random440_expressivespeech_201::3,49,False,7.620762586593628,20.565216064453125,28.16801394894719
2,0,16,0,random440_expressivespeech_133::0,109,False,17.055098056793213,27.129621982574463,44.16648428328335
2,0,16,1,random440_expressivespeech_133::1,122,False,22.533950805664062,30.15735650062561,53.13414459861815
2,0,16,2,random440_expressivespeech_133::2,134,False,24.713247776031494,32.99914073944092,57.704308427870274
2,0,16,3,random440_expressivespeech_133::3,121,False,22.949262857437134,29.886789321899414,52.824031326919794
2,0,17,0,random440_deear_076::0,89,False,13.691893577575684,24.31454873085022,37.98595789074898
2,0,17,1,random440_deear_076::1,105,False,18.44564390182495,26.426095724105835,44.864486223086715
2,0,17,2,random440_deear_076::2,92,False,14.923397541046143,23.193174839019775,38.10978349298239
2,0,17,3,random440_deear_076::3,91,False,14.400585651397705,36.5342652797699,50.92759229615331
2,0,18,0,random440_expressivespeech_116::0,165,False,28.624850511550903,41.6312255859375,70.23922560736537
2,0,18,1,random440_expressivespeech_116::1,170,False,30.42741298675537,42.963844776153564,73.37956597469747
2,0,18,2,random440_expressivespeech_116::2,186,False,31.853272438049316,47.87914538383484,79.71984692104161
2,0,18,3,random440_expressivespeech_116::3,193,False,32.472068071365356,87.04025959968567,119.4653601758182
2,0,19,0,random440_deear_004::0,319,False,61.43808960914612,82.65939450263977,142.1950540971011
2,0,19,1,random440_deear_004::1,365,False,66.3852002620697,98.28338146209717,162.5452064666897
2,0,19,2,random440_deear_004::2,329,False,57.49292826652527,88.87457084655762,146.36653563193977
2,0,19,3,random440_deear_004::3,339,False,58.55959606170654,299.7429621219635,358.2576264292002
2,0,20,0,random440_deear_067::0,7,True,1.0886108875274658,1.5492172241210938,2.6237043235450983
2,0,20,1,random440_deear_067::1,8,True,1.2191717624664307,1.7720274925231934,2.9801518861204386
2,0,20,2,random440_deear_067::2,7,True,1.0600941181182861,2.2352213859558105,3.290902143344283
2,0,20,3,random440_deear_067::3,7,True,1.7164103984832764,9.509994506835938,11.204439453780651
2,0,21,0,random440_deear_058::0,25,False,3.7476587295532227,5.513834476470947,9.24557239934802
2,0,21,1,random440_deear_058::1,21,False,3.116278886795044,5.341409683227539,8.45479141920805
2,0,21,2,random440_deear_058::2,23,False,5.770546913146973,5.920631408691406,11.68237561546266
2,0,21,3,random440_deear_058::3,23,False,3.7761683464050293,8.277922868728638,12.124332213774323
2,0,22,0,random440_expressivespeech_184::0,231,False,41.60261130332947,61.318302392959595,102.89881706610322
2,0,22,1,random440_expressivespeech_184::1,183,False,30.350245714187622,47.264286041259766,77.62503940425813
2,0,22,2,random440_expressivespeech_184::2,185,False,31.29654097557068,48.61779808998108,79.95585937052965
2,0,22,3,random440_expressivespeech_184::3,194,False,33.747928619384766,104.86081886291504,138.58808311633766
2,0,23,0,random440_expressivespeech_268::0,151,False,25.567739009857178,38.87590551376343,64.42493903264403
2,0,23,1,random440_expressivespeech_268::1,144,False,24.434399604797363,37.260539531707764,61.73998279683292
2,0,23,2,random440_expressivespeech_268::2,139,False,23.300222158432007,36.038581132888794,59.361016284674406
2,0,23,3,random440_expressivespeech_268::3,151,False,25.192304134368896,83.31580877304077,108.48943148180842
2,0,24,0,random440_expressivespeech_336::0,31,False,4.883743047714233,6.886820077896118,11.753916880115867
2,0,24,1,random440_expressivespeech_336::1,42,False,8.756963014602661,9.372761487960815,18.115658601745963
2,0,24,2,random440_expressivespeech_336::2,40,False,5.911417484283447,10.323667764663696,16.23244247213006
2,0,24,3,random440_expressivespeech_336::3,32,False,7.337639331817627,7.9839701652526855,15.587219225242734
2,1,0,0,random440_expressivespeech_203::0,47,False,12.584486246109009,12.02908706665039,24.594816520810127
2,1,0,1,random440_expressivespeech_203::1,44,False,6.896298408508301,11.97800064086914,19.047442380338907
2,1,0,2,random440_expressivespeech_203::2,46,False,7.205747365951538,10.240521430969238,17.60145116597414
2,1,0,3,random440_expressivespeech_203::3,46,False,8.77282190322876,13.120332717895508,22.053818479180336
2,1,1,0,random440_deear_088::0,139,False,27.899391412734985,36.16972517967224,64.04925866425037
2,1,1,1,random440_deear_088::1,136,False,23.357516765594482,35.494924545288086,59.41334907524288
2,1,1,2,random440_deear_088::2,128,False,22.167809009552002,33.73740792274475,56.453225415199995
2,1,1,3,random440_deear_088::3,141,False,24.398313999176025,57.726693868637085,82.08010929450393
2,1,2,0,random440_expressivespeech_213::0,21,False,3.1793582439422607,4.717702388763428,7.877927418798208
2,1,2,1,random440_expressivespeech_213::1,14,False,2.3713583946228027,3.0530152320861816,5.413111012428999
2,1,2,2,random440_expressivespeech_213::2,15,False,2.8397085666656494,5.248385429382324,8.073875909671187
2,1,2,3,random440_expressivespeech_213::3,22,False,4.4913330078125,7.933980941772461,12.458980137482285
2,1,3,0,random440_expressivespeech_015::0,41,False,6.505682468414307,11.234293937683105,17.72037561237812
2,1,3,1,random440_expressivespeech_015::1,44,False,6.859406471252441,9.90065884590149,16.911297008395195
2,1,3,2,random440_expressivespeech_015::2,45,False,8.4580717086792,12.606984853744507,21.234149482101202
2,1,3,3,random440_expressivespeech_015::3,38,False,5.6533427238464355,15.440223693847656,21.253433430567384
2,1,4,0,random440_expressivespeech_049::0,82,False,12.703335762023926,22.529085874557495,35.212782392278314
2,1,4,1,random440_expressivespeech_049::1,72,False,11.356139659881592,18.403565406799316,30.088746804744005
2,1,4,2,random440_expressivespeech_049::2,85,False,13.158173084259033,22.98442530632019,36.131434394046664
2,1,4,3,random440_expressivespeech_049::3,76,False,13.394803047180176,32.320443630218506,46.05150899104774
2,1,5,0,random440_expressivespeech_300::0,80,False,12.824473142623901,20.37065887451172,33.17490227520466
2,1,5,1,random440_expressivespeech_300::1,78,False,12.212444543838501,21.181992053985596,33.38367370702326
2,1,5,2,random440_expressivespeech_300::2,67,False,10.477637767791748,17.218817234039307,27.99665172584355
2,1,5,3,random440_expressivespeech_300::3,59,False,9.18587350845337,28.328739404678345,37.49048179201782
2,1,6,0,random440_expressivespeech_002::0,41,False,6.386921167373657,11.121073484420776,17.487402582541108
2,1,6,1,random440_expressivespeech_002::1,50,False,7.8475751876831055,11.630351543426514,19.466376766562462
2,1,6,2,random440_expressivespeech_002::2,68,False,13.962815523147583,15.66101360321045,29.607296967878938
2,1,6,3,random440_expressivespeech_002::3,56,False,10.174869775772095,24.52934193611145,34.67136072553694
2,1,7,0,random440_expressivespeech_032::0,66,False,10.621869087219238,16.624988079071045,27.228339690715075
2,1,7,1,random440_expressivespeech_032::1,55,False,8.765199899673462,12.154277086257935,21.27922452799976
2,1,7,2,random440_expressivespeech_032::2,75,False,15.635900497436523,17.404578924179077,33.02945250086486
2,1,7,3,random440_expressivespeech_032::3,84,False,14.608449220657349,22.902011156082153,38.02179570496082
2,1,8,0,random440_expressivespeech_308::0,59,False,9.332198143005371,14.485032796859741,23.795679908245802
2,1,8,1,random440_expressivespeech_308::1,57,False,9.006045579910278,12.71484637260437,21.71129542030394
2,1,8,2,random440_expressivespeech_308::2,62,False,13.897413492202759,13.839470863342285,27.721092948690057
2,1,8,3,random440_expressivespeech_308::3,77,False,14.243537425994873,18.62023687362671,32.84974318742752
2,1,9,0,random440_expressivespeech_156::0,27,False,6.983287334442139,7.17028021812439,14.132021332159638
2,1,9,1,random440_expressivespeech_156::1,28,False,4.204562425613403,6.252250909805298,10.44407968595624
2,1,9,2,random440_expressivespeech_156::2,29,False,4.746917724609375,8.73128890991211,13.4643061067909
2,1,9,3,random440_expressivespeech_156::3,40,False,6.046236276626587,15.559194564819336,21.68743447214365
2,1,10,0,random440_expressivespeech_142::0,19,False,5.261415004730225,5.85493803024292,11.099268896505237
2,1,10,1,random440_expressivespeech_142::1,37,False,5.5698089599609375,8.16714072227478,13.723258435726166
2,1,10,2,random440_expressivespeech_142::2,26,False,4.430215835571289,7.778138637542725,12.336686417460442
2,1,10,3,random440_expressivespeech_142::3,23,False,3.44828462600708,7.407397747039795,10.840456297621131
2,1,11,0,random440_expressivespeech_240::0,105,False,20.5880446434021,25.895934581756592,46.46601467765868
2,1,11,1,random440_expressivespeech_240::1,89,False,13.722189903259277,24.438310861587524,38.685516798868775
2,1,11,2,random440_expressivespeech_240::2,96,False,15.571035146713257,23.919052600860596,39.47967692837119
2,1,11,3,random440_expressivespeech_240::3,111,False,21.032400608062744,39.94912099838257,61.353269163519144
2,1,12,0,random440_deear_053::0,17,False,4.0212249755859375,6.416228532791138,10.418507110327482
2,1,12,1,random440_deear_053::1,16,False,2.6523706912994385,3.512721061706543,6.150276448577642
2,1,12,2,random440_deear_053::2,8,False,1.2312695980072021,1.746539831161499,2.9662107322365046
2,1,12,3,random440_deear_053::3,11,False,1.652090072631836,7.759293079376221,9.394100315868855
2,1,13,0,random440_expressivespeech_273::0,63,False,11.97447681427002,14.360100984573364,26.313196619972587
2,1,13,1,random440_expressivespeech_273::1,47,False,9.721078872680664,12.244784116744995,21.954573526978493
2,1,13,2,random440_expressivespeech_273::2,38,False,5.761200428009033,9.513775825500488,15.258188461884856
2,1,13,3,random440_expressivespeech_273::3,39,False,7.087918519973755,13.65433406829834,20.727001065388322
2,1,14,0,random440_expressivespeech_278::0,17,False,2.555349111557007,4.740703105926514,7.278841312974691
2,1,14,1,random440_expressivespeech_278::1,23,False,6.285647392272949,5.375274896621704,11.643348129466176
2,1,14,2,random440_expressivespeech_278::2,20,False,2.99410080909729,4.353900194168091,7.335645606741309
2,1,14,3,random440_expressivespeech_278::3,18,False,2.6962411403656006,10.549647569656372,13.22728549875319
2,1,15,0,random440_expressivespeech_328::0,56,False,9.045544385910034,12.537597417831421,21.561987590044737
2,1,15,1,random440_expressivespeech_328::1,54,False,12.331797122955322,11.996893882751465,24.536077404394746
2,1,15,2,random440_expressivespeech_328::2,51,False,8.265132904052734,13.406328201293945,21.660020511597395
2,1,15,3,random440_expressivespeech_328::3,54,False,8.423204183578491,15.705819845199585,24.113417929038405
2,1,16,0,random440_expressivespeech_084::0,136,False,22.40832781791687,36.78541707992554,59.17627779953182
2,1,16,1,random440_expressivespeech_084::1,119,False,18.38732671737671,29.683727741241455,48.05576160363853
2,1,16,2,random440_expressivespeech_084::2,108,False,21.11244797706604,27.011047840118408,48.11104657500982
2,1,16,3,random440_expressivespeech_084::3,114,False,21.651609182357788,29.959197759628296,51.596812611445785
2,1,17,0,random440_expressivespeech_324::0,86,False,13.365589380264282,23.553457975387573,36.89983773045242
2,1,17,1,random440_expressivespeech_324::1,92,False,16.45797371864319,21.395805835723877,37.84281852096319
2,1,17,2,random440_expressivespeech_324::2,97,False,19.105761766433716,24.412190437316895,43.87623952142894
2,1,17,3,random440_expressivespeech_324::3,82,False,12.821162223815918,41.53152918815613,54.73469706811011
2,1,18,0,random440_expressivespeech_075::0,196,False,37.55217146873474,51.67376208305359,87.44000437296927
2,1,18,1,random440_expressivespeech_075::1,159,False,27.037728309631348,40.63687229156494,67.66669614426792
2,1,18,2,random440_expressivespeech_075::2,181,False,30.616880416870117,49.87242269515991,80.22981367260218
2,1,18,3,random440_expressivespeech_075::3,165,False,30.24980068206787,75.7569670677185,105.9741721060127
2,1,19,0,random440_expressivespeech_229::0,333,False,67.51596474647522,89.41700768470764,153.50041033700109
2,1,19,1,random440_expressivespeech_229::1,265,False,43.9785270690918,73.69253039360046,119.06696070358157
2,1,19,2,random440_expressivespeech_229::2,324,False,57.725390911102295,85.9863703250885,140.95269488170743
2,1,19,3,random440_expressivespeech_229::3,309,False,53.70477271080017,341.79864478111267,396.8614495713264
2,1,20,0,random440_deear_067::0,7,True,1.1241838932037354,1.5532798767089844,2.661838311702013
2,1,20,1,random440_deear_067::1,8,True,1.2357163429260254,1.787649393081665,3.009223012253642
2,1,20,2,random440_deear_067::2,7,True,1.2145843505859375,2.214001178741455,3.420213248580694
2,1,20,3,random440_deear_067::3,7,True,1.6380159854888916,9.488966703414917,11.125721298158169
2,1,21,0,random440_expressivespeech_061::0,33,False,5.054049968719482,7.3588173389434814,12.396215358749032
2,1,21,1,random440_expressivespeech_061::1,17,False,2.677842617034912,5.684736251831055,8.359459348022938
2,1,21,2,random440_expressivespeech_061::2,19,False,5.203533172607422,4.1907737255096436,9.385089633986354
2,1,21,3,random440_expressivespeech_061::3,22,False,3.4152884483337402,8.012786149978638,11.406196488067508
2,1,22,0,random440_deear_061::0,203,False,35.16618227958679,54.12876749038696,89.27751892246306
2,1,22,1,random440_deear_061::1,190,False,33.96277570724487,51.192588090896606,85.16040546447039
2,1,22,2,random440_deear_061::2,210,False,35.287081718444824,56.5869140625,91.89721832796931
2,1,22,3,random440_deear_061::3,183,False,33.382203578948975,100.15396571159363,133.5091688334942
2,1,23,0,random440_expressivespeech_274::0,186,False,31.617464065551758,50.5536904335022,82.15182416886091
2,1,23,1,random440_expressivespeech_274::1,171,False,30.94734501838684,42.377323627471924,73.34883293695748
2,1,23,2,random440_expressivespeech_274::2,143,False,26.344897508621216,35.35832715034485,61.7091868724674
2,1,23,3,random440_expressivespeech_274::3,171,False,30.845571994781494,46.56982898712158,77.43049242161214
2,1,24,0,random440_expressivespeech_143::0,33,False,5.296361684799194,7.422828674316406,12.701680162921548
2,1,24,1,random440_expressivespeech_143::1,43,False,9.038528442382812,9.70840048789978,18.73607638478279
2,1,24,2,random440_expressivespeech_143::2,39,False,5.996049404144287,11.262986660003662,17.2486538477242
2,1,24,3,random440_expressivespeech_143::3,30,False,6.156004428863525,6.788180589675903,12.932018147781491
2,2,0,0,random440_expressivespeech_036::0,44,False,11.31693172454834,11.84764051437378,23.14611706137657
2,2,0,1,random440_expressivespeech_036::1,46,False,7.192914009094238,12.274683952331543,19.619886880740523
2,2,0,2,random440_expressivespeech_036::2,44,False,6.541319131851196,9.69422721862793,16.498344810679555
2,2,0,3,random440_expressivespeech_036::3,49,False,8.865415334701538,14.893266439437866,23.917420798912644
2,2,1,0,random440_deear_051::0,121,False,24.583277225494385,31.63888692855835,56.204398695379496
2,2,1,1,random440_deear_051::1,148,False,26.675949573516846,37.932820558547974,65.08272318542004
2,2,1,2,random440_deear_051::2,137,False,23.520411729812622,35.59276819229126,59.09936318732798
2,2,1,3,random440_deear_051::3,120,False,20.93322467803955,59.905667543411255,80.81707495264709
2,2,2,0,random440_expressivespeech_166::0,14,False,2.121445655822754,3.0540623664855957,5.15677198022604
2,2,2,1,random440_expressivespeech_166::1,15,False,2.376746892929077,3.267089605331421,5.63180672749877
2,2,2,2,random440_expressivespeech_166::2,22,False,3.572540283203125,7.425974607467651,10.983703015372157
2,2,2,3,random440_expressivespeech_166::3,19,False,3.7388758659362793,8.007925271987915,11.730076629668474
2,2,3,0,random440_expressivespeech_239::0,47,False,7.701017141342163,12.512770652770996,20.196044120937586
2,2,3,1,random440_expressivespeech_239::1,40,False,6.2801432609558105,8.928711891174316,15.19697067886591
2,2,3,2,random440_expressivespeech_239::2,36,False,6.527248382568359,10.981764793395996,17.494619082659483
2,2,3,3,random440_expressivespeech_239::3,43,False,6.8062543869018555,17.034897804260254,23.826356180012226
2,2,4,0,random440_deear_018::0,83,False,12.836886167526245,22.764384984970093,35.582461865618825
2,2,4,1,random440_deear_018::1,74,False,11.528254747390747,18.756380319595337,30.610973220318556
2,2,4,2,random440_deear_018::2,80,False,12.211368799209595,21.822817087173462,34.02159687504172
2,2,4,3,random440_deear_018::3,77,False,13.261915922164917,33.65955138206482,47.2306583058089
2,2,5,0,random440_deear_100::0,74,False,12.180424690246582,18.778210878372192,30.940146382898092
2,2,5,1,random440_deear_100::1,74,False,11.674108028411865,20.138954877853394,31.80180887877941
2,2,5,2,random440_deear_100::2,63,False,9.717851400375366,16.21427845954895,26.22139802761376
2,2,5,3,random440_deear_100::3,71,False,11.121503829956055,32.06216597557068,43.162420308217406
2,2,6,0,random440_expressivespeech_288::0,61,False,11.119017124176025,14.229962348937988,25.328919995576143
2,2,6,1,random440_expressivespeech_288::1,53,False,7.951777696609497,15.856168508529663,23.794285468757153
2,2,6,2,random440_expressivespeech_288::2,60,False,9.306487321853638,15.616248607635498,24.909225463867188
2,2,6,3,random440_expressivespeech_288::3,61,False,9.309450149536133,18.42086100578308,27.96544877626002
2,2,7,0,random440_expressivespeech_100::0,72,False,11.97127079963684,18.148154735565186,30.10310583561659
2,2,7,1,random440_expressivespeech_100::1,69,False,10.71440076828003,19.256595373153687,30.254962842911482
2,2,7,2,random440_expressivespeech_100::2,68,False,10.621027708053589,17.29587435722351,27.905902868136764
2,2,7,3,random440_expressivespeech_100::3,69,False,10.69904351234436,19.740365266799927,30.696936637163162
2,2,8,0,random440_expressivespeech_258::0,58,False,8.904417514801025,14.050724267959595,22.88612092472613
2,2,8,1,random440_expressivespeech_258::1,65,False,10.930630445480347,14.695526599884033,25.61246301420033
2,2,8,2,random440_expressivespeech_258::2,70,False,14.737942457199097,16.424216985702515,31.15096483565867
2,2,8,3,random440_expressivespeech_258::3,62,False,10.753331422805786,14.630113363265991,25.874047379940748
2,2,9,0,random440_expressivespeech_106::0,38,False,9.301425695419312,8.783608198165894,18.064817756414413
2,2,9,1,random440_expressivespeech_106::1,25,False,3.7405331134796143,5.511925458908081,9.244239289313555
2,2,9,2,random440_expressivespeech_106::2,23,False,4.463775873184204,6.731262683868408,11.180287109687924
2,2,9,3,random440_expressivespeech_106::3,33,False,4.953850746154785,16.168949842453003,21.103831412270665
2,2,10,0,random440_expressivespeech_034::0,16,False,4.682702541351318,5.283804655075073,9.951484002172947
2,2,10,1,random440_expressivespeech_034::1,28,False,4.213416576385498,6.132396221160889,10.334970338270068
2,2,10,2,random440_expressivespeech_034::2,40,False,6.233412504196167,11.173988819122314,17.39413171261549
2,2,10,3,random440_expressivespeech_034::3,21,False,3.133312702178955,7.043843984603882,10.323424711823463
2,2,11,0,random440_expressivespeech_257::0,96,False,18.522797346115112,23.38762402534485,41.89204275608063
2,2,11,1,random440_expressivespeech_257::1,118,False,19.371084451675415,30.92205286026001,50.897697784006596
2,2,11,2,random440_expressivespeech_257::2,85,False,15.429783582687378,19.073541402816772,34.48637714609504
2,2,11,3,random440_expressivespeech_257::3,95,False,19.055628061294556,39.13951635360718,58.164966724812984
2,2,12,0,random440_expressivespeech_186::0,15,False,3.679102659225464,5.391861438751221,9.055125465616584
2,2,12,1,random440_expressivespeech_186::1,10,False,1.9413421154022217,2.1728856563568115,4.100792607292533
2,2,12,2,random440_expressivespeech_186::2,18,False,2.9780218601226807,3.9712154865264893,6.932173302397132
2,2,12,3,random440_expressivespeech_186::3,8,False,1.2164678573608398,7.490824460983276,8.692680057138205
2,2,13,0,random440_deear_075::0,64,False,12.190794706344604,14.39196515083313,26.562246710062027
2,2,13,1,random440_deear_075::1,36,False,6.64629602432251,10.766826629638672,17.403114892542362
2,2,13,2,random440_deear_075::2,40,False,6.287825107574463,8.893152236938477,15.170500837266445
2,2,13,3,random440_deear_075::3,45,False,8.966876029968262,16.411134004592896,25.34509668685496
2,2,14,0,random440_deear_005::0,22,False,3.506676197052002,7.421086311340332,10.909753955900669
2,2,14,1,random440_deear_005::1,23,False,4.796631336212158,5.060866594314575,9.841027971357107
2,2,14,2,random440_deear_005::2,22,False,3.567976951599121,4.828691005706787,8.383085513487458
2,2,14,3,random440_deear_005::3,22,False,3.2842674255371094,7.021633148193359,10.36842961423099
2,2,15,0,random440_expressivespeech_134::0,60,False,9.634214162826538,13.43739652633667,23.05450177192688
2,2,15,1,random440_expressivespeech_134::1,53,False,12.093588829040527,11.820311069488525,24.144007183611393
2,2,15,2,random440_expressivespeech_134::2,53,False,8.990373611450195,13.258928060531616,22.23496065288782
2,2,15,3,random440_expressivespeech_134::3,46,False,7.283244848251343,14.67519760131836,21.936439871788025
2,2,16,0,random440_expressivespeech_121::0,113,False,18.001688480377197,28.349438428878784,46.33053167164326
2,2,16,1,random440_expressivespeech_121::1,118,False,22.805638790130615,29.50647497177124,52.29590371064842
2,2,16,2,random440_expressivespeech_121::2,124,False,23.36963176727295,30.863162994384766,54.21785660274327
2,2,16,3,random440_expressivespeech_121::3,117,False,21.612231254577637,32.703221797943115,54.29756032302976
2,2,17,0,random440_expressivespeech_042::0,99,False,15.734244585037231,26.33808207511902,42.05417022481561
2,2,17,1,random440_expressivespeech_042::1,97,False,17.3922438621521,25.312199354171753,42.59121026098728
2,2,17,2,random440_expressivespeech_042::2,73,False,11.526133298873901,18.462759017944336,30.593167720362544
2,2,17,3,random440_expressivespeech_042::3,83,False,13.114265441894531,44.204511642456055,57.30037382245064
2,2,18,0,random440_expressivespeech_299::0,170,False,31.9303035736084,41.245545625686646,73.15481406077743
2,2,18,1,random440_expressivespeech_299::1,186,False,33.921454668045044,49.28910779953003,82.31116153299809
2,2,18,2,random440_expressivespeech_299::2,203,False,35.41047191619873,53.607436656951904,88.03597779013216
2,2,18,3,random440_expressivespeech_299::3,138,False,25.838385581970215,72.72987842559814,98.52169942855835
2,2,19,0,random440_deear_050::0,249,False,46.947855949401855,65.23667860031128,110.79908553510904
2,2,19,1,random440_deear_050::1,341,False,65.16044282913208,90.80616617202759,152.68414600379765
2,2,19,2,random440_deear_050::2,292,False,48.86815547943115,80.43949818611145,129.3128512352705
2,2,19,3,random440_deear_050::3,318,False,57.047664642333984,357.85577630996704,414.88735646754503
2,2,20,0,random440_deear_067::0,7,True,1.1234056949615479,1.5175461769104004,2.6271989680826664
2,2,20,1,random440_deear_067::1,8,True,1.2568235397338867,1.7403368949890137,2.9850261975079775
2,2,20,2,random440_deear_067::2,7,True,1.0936534404754639,2.1600592136383057,3.249255198985338
2,2,20,3,random440_deear_067::3,7,True,1.7514548301696777,9.517088413238525,11.339500887319446
2,2,21,0,random440_expressivespeech_232::0,14,False,2.183936595916748,3.0663363933563232,5.2364319041371346
2,2,21,1,random440_expressivespeech_232::1,24,False,3.6850478649139404,5.420583724975586,9.095847863703966
2,2,21,2,random440_expressivespeech_232::2,28,False,6.3406336307525635,8.368540525436401,14.699794687330723
2,2,21,3,random440_expressivespeech_232::3,24,False,4.049481153488159,8.588366270065308,12.730289151892066
2,2,22,0,random440_expressivespeech_130::0,212,False,38.0302050113678,54.637810945510864,92.64841336198151
2,2,22,1,random440_expressivespeech_130::1,220,False,40.20272660255432,58.2100293636322,98.4201456848532
2,2,22,2,random440_expressivespeech_130::2,228,False,40.42206859588623,60.05126476287842,100.4801559150219
2,2,22,3,random440_expressivespeech_130::3,243,False,44.235228061676025,64.32126927375793,108.56040300428867
2,2,23,0,random440_expressivespeech_117::0,157,False,27.280350923538208,40.513391971588135,67.77285347133875
2,2,23,1,random440_expressivespeech_117::1,175,False,29.69626784324646,47.62392807006836,77.35034864023328
2,2,23,2,random440_expressivespeech_117::2,171,False,30.511986255645752,42.096107721328735,72.61684167571366
2,2,23,3,random440_expressivespeech_117::3,165,False,30.274364709854126,45.27620720863342,75.55791738070548
2,2,24,0,random440_expressivespeech_030::0,29,False,4.547935962677002,6.54310417175293,11.072978315874934
2,2,24,1,random440_expressivespeech_030::1,39,False,7.827365159988403,9.146214246749878,16.96283165551722
2,2,24,2,random440_expressivespeech_030::2,47,False,7.393419504165649,12.877005100250244,20.260203272104263
2,2,24,3,random440_expressivespeech_030::3,30,False,6.066387891769409,7.030973196029663,13.401879331097007
2,3,0,0,random440_expressivespeech_269::0,47,False,12.854667901992798,12.062984228134155,24.89678718149662
2,3,0,1,random440_expressivespeech_269::1,50,False,8.041246891021729,13.456881999969482,21.66495142504573
2,3,0,2,random440_expressivespeech_269::2,39,False,5.877575635910034,8.651137590408325,14.708730211481452
2,3,0,3,random440_expressivespeech_269::3,46,False,9.334609270095825,12.587043046951294,21.901942539960146
2,3,1,0,random440_deear_098::0,111,False,22.28392744064331,29.8493013381958,52.113792926073074
2,3,1,1,random440_deear_098::1,139,False,25.604758262634277,36.463557958602905,62.05281109549105
2,3,1,2,random440_deear_098::2,131,False,22.721840620040894,34.55890250205994,57.83328633569181
2,3,1,3,random440_deear_098::3,133,False,23.159025192260742,66.41954183578491,90.06120806001127
2,3,2,0,random440_expressivespeech_159::0,22,False,3.3795998096466064,4.9895429611206055,8.349531061947346
2,3,2,1,random440_expressivespeech_159::1,13,False,1.986607551574707,2.8428285121917725,4.817522143945098
2,3,2,2,random440_expressivespeech_159::2,23,False,4.824304103851318,7.680604696273804,12.487863186746836
2,3,2,3,random440_expressivespeech_159::3,12,False,1.8429901599884033,6.216226577758789,8.125691732391715
2,3,3,0,random440_expressivespeech_058::0,27,False,4.534438610076904,6.103096961975098,10.623498264700174
2,3,3,1,random440_expressivespeech_058::1,65,False,12.498993635177612,14.63040828704834,27.324179399758577
2,3,3,2,random440_expressivespeech_058::2,33,False,7.4306769371032715,9.153961181640625,16.83832623064518
2,3,3,3,random440_expressivespeech_058::3,30,False,4.8130552768707275,17.445144176483154,22.23911247216165
2,3,4,0,random440_expressivespeech_029::0,77,False,12.150357246398926,21.517591953277588,33.6507357545197
2,3,4,1,random440_expressivespeech_029::1,85,False,13.405808925628662,21.4975905418396,35.199249375611544
2,3,4,2,random440_expressivespeech_029::2,73,False,11.592257022857666,20.741819143295288,32.65923621505499
2,3,4,3,random440_expressivespeech_029::3,79,False,14.148828744888306,31.888789415359497,46.004965206608176
2,3,5,0,random440_expressivespeech_196::0,69,False,11.476701498031616,17.810229063034058,29.26892159320414
2,3,5,1,random440_expressivespeech_196::1,91,False,14.284900188446045,25.17818522453308,39.451445046812296
2,3,5,2,random440_expressivespeech_196::2,72,False,11.44979214668274,18.500132083892822,30.30279273353517
2,3,5,3,random440_expressivespeech_196::3,74,False,12.539652109146118,20.545875787734985,33.07647166214883
2,3,6,0,random440_deear_066::0,64,False,12.692456007003784,14.644655227661133,27.318553736433387
2,3,6,1,random440_deear_066::1,57,False,9.098630666732788,16.636378049850464,25.72535207308829
2,3,6,2,random440_deear_066::2,53,False,8.340763807296753,14.21606183052063,22.541528787463903
2,3,6,3,random440_deear_066::3,61,False,9.558966875076294,16.94461965560913,26.385367380455136
2,3,7,0,random440_expressivespeech_221::0,73,False,11.97193193435669,18.822043418884277,30.776235273107886
2,3,7,1,random440_expressivespeech_221::1,79,False,12.688207149505615,21.69970703125,34.670382322743535
2,3,7,2,random440_expressivespeech_221::2,60,False,9.54592514038086,15.870603322982788,25.71943750232458
2,3,7,3,random440_expressivespeech_221::3,62,False,9.779951333999634,18.200479984283447,27.96565591171384
2,3,8,0,random440_expressivespeech_248::0,64,False,9.86114501953125,16.710041761398315,26.550732554867864
2,3,8,1,random440_expressivespeech_248::1,77,False,12.363704204559326,21.5938720703125,33.947531659156084
2,3,8,2,random440_expressivespeech_248::2,57,False,9.108731031417847,14.65048360824585,24.056454921141267
2,3,8,3,random440_expressivespeech_248::3,57,False,8.795699119567871,12.928193807601929,21.71047866716981
2,3,9,0,random440_expressivespeech_339::0,29,False,7.870617866516113,7.420883417129517,15.271288614720106
2,3,9,1,random440_expressivespeech_339::1,36,False,5.511501312255859,8.094705581665039,13.592416986823082
2,3,9,2,random440_expressivespeech_339::2,32,False,7.191169023513794,7.44469952583313,14.759697783738375
2,3,9,3,random440_expressivespeech_339::3,22,False,3.371886968612671,12.61872386932373,16.093614481389523
2,3,10,0,random440_expressivespeech_033::0,23,False,6.43233847618103,6.340579032897949,12.754207426682115
2,3,10,1,random440_expressivespeech_033::1,28,False,4.2940027713775635,6.187993764877319,10.469984596595168
2,3,10,2,random440_expressivespeech_033::2,19,False,2.909846782684326,5.061826467514038,8.067497376352549
2,3,10,3,random440_expressivespeech_033::3,34,False,6.919316530227661,9.772487163543701,16.670120080932975
2,3,11,0,random440_expressivespeech_136::0,89,False,16.76832151412964,22.113938808441162,38.865217788144946
2,3,11,1,random440_expressivespeech_136::1,75,False,14.288017272949219,18.017920970916748,32.66132022999227
2,3,11,2,random440_expressivespeech_136::2,106,False,19.592936038970947,27.020402669906616,46.60205745883286
2,3,11,3,random440_expressivespeech_136::3,117,False,22.774776220321655,44.46544814109802,67.65085506998003
2,3,12,0,random440_expressivespeech_048::0,14,False,3.6159310340881348,5.144384145736694,8.74338137730956
2,3,12,1,random440_expressivespeech_048::1,10,False,2.2128448486328125,2.183258056640625,4.383815098553896
2,3,12,2,random440_expressivespeech_048::2,12,False,1.8596291542053223,2.625959634780884,4.47179788351059
2,3,12,3,random440_expressivespeech_048::3,12,False,1.8615055084228516,9.506397247314453,11.386366970837116
2,3,13,0,random440_expressivespeech_277::0,46,False,9.848807334899902,10.33442211151123,20.165401987731457
2,3,13,1,random440_expressivespeech_277::1,50,False,8.106138944625854,15.280515909194946,23.373965851962566
2,3,13,2,random440_expressivespeech_277::2,58,False,9.331681728363037,15.266088008880615,24.78828550875187
2,3,13,3,random440_expressivespeech_277::3,40,False,6.184212923049927,9.961359024047852,16.36913670413196
2,3,14,0,random440_deear_036::0,22,False,3.404160737991333,7.3755128383636475,10.760186523199081
2,3,14,1,random440_deear_036::1,16,False,3.9848217964172363,3.588590383529663,7.561543388292193
2,3,14,2,random440_deear_036::2,27,False,4.1581010818481445,5.9847471714019775,10.128510747104883
2,3,14,3,random440_deear_036::3,24,False,3.853398323059082,7.070940256118774,11.010994642972946
2,3,15,0,random440_expressivespeech_023::0,51,False,8.189907550811768,11.383589029312134,19.557541891932487
2,3,15,1,random440_expressivespeech_023::1,49,False,10.316338539123535,12.325487613677979,22.82510064728558
2,3,15,2,random440_expressivespeech_023::2,62,False,9.719898462295532,16.13767433166504,25.84689317829907
2,3,15,3,random440_expressivespeech_023::3,48,False,7.661092519760132,15.490865468978882,23.38171136379242
2,3,16,0,random440_deear_020::0,115,False,19.0733482837677,29.39708971977234,48.44881857931614
2,3,16,1,random440_deear_020::1,92,False,18.79658317565918,23.390056133270264,42.173034152016044
2,3,16,2,random440_deear_020::2,122,False,21.607094287872314,33.09743356704712,54.692160138860345
2,3,16,3,random440_deear_020::3,122,False,19.816487550735474,42.336036920547485,62.131975162774324
2,3,17,0,random440_deear_025::0,82,False,13.258132219314575,22.425007104873657,35.66239887662232
2,3,17,1,random440_deear_025::1,89,False,15.349987745285034,21.71463918685913,37.054854188114405
2,3,17,2,random440_deear_025::2,85,False,17.608062744140625,21.28008008003235,39.206847017630935
2,3,17,3,random440_deear_025::3,93,False,14.94391417503357,45.90832543373108,60.84022359549999
2,3,18,0,random440_expressivespeech_174::0,167,False,32.572589635849,41.49694108963013,74.05106246843934
2,3,18,1,random440_expressivespeech_174::1,176,False,32.04620027542114,47.897789001464844,79.2474917601794
2,3,18,2,random440_expressivespeech_174::2,178,False,30.634379148483276,47.42540907859802,76.63420260325074
2,3,18,3,random440_expressivespeech_174::3,167,False,29.3353374004364,82.26899600028992,111.55417969077826
2,3,19,0,random440_expressivespeech_108::0,256,False,49.63034415245056,68.91943430900574,116.65605027228594
2,3,19,1,random440_expressivespeech_108::1,269,False,49.43361020088196,73.7159378528595,121.64068685472012
2,3,19,2,random440_expressivespeech_108::2,242,False,43.457568407058716,64.80825138092041,108.2600189242512
2,3,19,3,random440_expressivespeech_108::3,330,False,62.81776404380798,403.14809560775757,463.71803836524487
2,3,20,0,random440_deear_067::0,7,True,1.1414146423339844,1.553227424621582,2.681760674342513
2,3,20,1,random440_deear_067::1,8,True,1.2653698921203613,1.7789511680603027,3.0337096638977528
2,3,20,2,random440_deear_067::2,7,True,1.197850227355957,2.1811397075653076,3.3781136628240347
2,3,20,3,random440_deear_067::3,7,True,1.6678333282470703,9.480405807495117,11.146693676710129
2,3,21,0,random440_deear_073::0,29,False,4.505619049072266,6.56909966468811,11.056923324242234
2,3,21,1,random440_deear_073::1,21,False,3.6206579208374023,6.970154285430908,10.589078126475215
2,3,21,2,random440_deear_073::2,21,False,4.843623399734497,4.720893621444702,9.554290860891342
2,3,21,3,random440_deear_073::3,27,False,4.305630922317505,6.0950164794921875,10.46304152160883
2,3,22,0,random440_expressivespeech_276::0,218,False,41.10307788848877,58.11424803733826,97.464998036623
2,3,22,1,random440_expressivespeech_276::1,227,False,39.14211916923523,60.59016299247742,98.73935606516898
2,3,22,2,random440_expressivespeech_276::2,201,False,36.3356728553772,54.63732075691223,90.69073721952736
2,3,22,3,random440_expressivespeech_276::3,239,False,43.60691857337952,65.51280212402344,107.86004992760718
2,3,23,0,random440_deear_085::0,181,False,31.263846158981323,49.69103002548218,79.79599457979202
2,3,23,1,random440_deear_085::1,156,False,27.722941637039185,40.676267862319946,68.42484451644123
2,3,23,2,random440_deear_085::2,150,False,28.155022621154785,37.505314350128174,65.68396683596075
2,3,23,3,random440_deear_085::3,138,False,25.75282597541809,52.635287046432495,78.40439603105187
2,3,24,0,random440_expressivespeech_284::0,37,False,6.134498596191406,9.018906116485596,15.134215354919434
2,3,24,1,random440_expressivespeech_284::1,36,False,7.282415390014648,8.154977083206177,15.425154060125351
2,3,24,2,random440_expressivespeech_284::2,30,False,4.617891550064087,6.901356220245361,11.506545718759298
2,3,24,3,random440_expressivespeech_284::3,39,False,10.516505718231201,9.06567096710205,19.57200021110475
2,4,0,0,random440_expressivespeech_059::0,41,False,10.535463333129883,11.441223621368408,21.958242474123836
2,4,0,1,random440_expressivespeech_059::1,51,False,8.540399551391602,13.837382078170776,22.51977276802063
2,4,0,2,random440_expressivespeech_059::2,46,False,7.1712236404418945,10.481690168380737,17.83929486386478
2,4,0,3,random440_expressivespeech_059::3,42,False,9.894548177719116,10.960160732269287,21.063298918306828
2,4,1,0,random440_expressivespeech_206::0,121,False,25.670942783355713,32.57577180862427,58.227697499096394
2,4,1,1,random440_expressivespeech_206::1,111,False,20.32222819328308,28.98341941833496,49.77305498532951
2,4,1,2,random440_expressivespeech_206::2,140,False,25.45025110244751,37.92446756362915,63.36030571907759
2,4,1,3,random440_expressivespeech_206::3,129,False,22.674270629882812,66.93150281906128,90.1319042891264
2,4,2,0,random440_expressivespeech_170::0,13,False,2.0447239875793457,2.8986239433288574,4.928336443379521
2,4,2,1,random440_expressivespeech_170::1,12,False,1.9698567390441895,2.6655144691467285,4.622027479112148
2,4,2,2,random440_expressivespeech_170::2,22,False,3.683011531829834,7.155330657958984,10.859329665079713
2,4,2,3,random440_expressivespeech_170::3,22,False,4.909900426864624,8.393605470657349,13.289325254037976
2,4,3,0,random440_expressivespeech_234::0,41,False,6.631990671157837,11.532934427261353,18.14762331917882
2,4,3,1,random440_expressivespeech_234::1,43,False,6.6136603355407715,9.883935689926147,16.484897159039974
2,4,3,2,random440_expressivespeech_234::2,39,False,7.143662214279175,11.887709856033325,19.194374326616526
2,4,3,3,random440_expressivespeech_234::3,30,False,4.652943849563599,18.471489191055298,23.093936482444406
2,4,4,0,random440_expressivespeech_189::0,71,False,11.639117956161499,20.155112743377686,31.776212088763714
2,4,4,1,random440_expressivespeech_189::1,70,False,11.100966691970825,18.448506355285645,29.826794227585196
2,4,4,2,random440_expressivespeech_189::2,100,False,15.990442037582397,27.66324806213379,43.92271510511637
2,4,4,3,random440_expressivespeech_189::3,93,False,16.779221773147583,24.893243551254272,42.06403166428208
2,4,5,0,random440_deear_043::0,76,False,12.869937419891357,19.740828037261963,32.59285506978631
2,4,5,1,random440_deear_043::1,67,False,10.75112509727478,19.163881063461304,29.90436933748424
2,4,5,2,random440_deear_043::2,73,False,11.690887689590454,18.87350845336914,30.551279492676258
2,4,5,3,random440_deear_043::3,89,False,14.273664236068726,24.952583074569702,39.50754598528147
2,4,6,0,random440_expressivespeech_066::0,62,False,11.80995512008667,14.669888496398926,26.45930466428399
2,4,6,1,random440_expressivespeech_066::1,57,False,9.231826782226562,17.00831913948059,26.227899665012956
2,4,6,2,random440_expressivespeech_066::2,53,False,8.169890403747559,14.241578340530396,22.400784570723772
2,4,6,3,random440_expressivespeech_066::3,61,False,9.95886754989624,17.136663675308228,27.07930232770741
2,4,7,0,random440_deear_019::0,64,False,10.454341650009155,16.363118886947632,26.795723259449005
2,4,7,1,random440_deear_019::1,71,False,11.90693998336792,19.5717031955719,31.467559983953834
2,4,7,2,random440_deear_019::2,73,False,11.976898193359375,19.05260944366455,31.53622378781438
2,4,7,3,random440_deear_019::3,64,False,9.942246913909912,18.338214635849,28.56574832648039
2,4,8,0,random440_expressivespeech_072::0,51,False,8.190836191177368,11.971642971038818,20.041621105745435
2,4,8,1,random440_expressivespeech_072::1,46,False,8.978873252868652,10.45490550994873,19.41943097114563
2,4,8,2,random440_expressivespeech_072::2,47,False,7.475293159484863,14.616267442703247,22.07717716693878
2,4,8,3,random440_expressivespeech_072::3,103,False,16.89162802696228,27.963314056396484,44.8380648996681
2,4,9,0,random440_deear_081::0,26,False,6.625328302383423,7.275605201721191,13.87973734922707
2,4,9,1,random440_deear_081::1,26,False,3.975829839706421,5.932207822799683,9.892813012003899
2,4,9,2,random440_deear_081::2,37,False,6.141932010650635,10.587578058242798,16.716971335932612
2,4,9,3,random440_deear_081::3,29,False,4.427046060562134,14.661654710769653,19.212675707414746
2,4,10,0,random440_expressivespeech_241::0,23,False,6.09431529045105,6.5038793087005615,12.576459696516395
2,4,10,1,random440_expressivespeech_241::1,23,False,3.7885289192199707,5.231949329376221,9.009510045871139
2,4,10,2,random440_expressivespeech_241::2,22,False,3.3622610569000244,5.5904834270477295,8.939946737140417
2,4,10,3,random440_expressivespeech_241::3,35,False,7.354617118835449,10.008086919784546,17.343300903216004
2,4,11,0,random440_expressivespeech_161::0,79,False,14.199275016784668,20.88382863998413,35.06573815271258
2,4,11,1,random440_expressivespeech_161::1,120,False,21.47373628616333,32.59405827522278,54.38031139411032
2,4,11,2,random440_expressivespeech_161::2,93,False,16.80312490463257,21.964234828948975,38.75008412823081
2,4,11,3,random440_expressivespeech_161::3,90,False,17.913492918014526,39.28295946121216,57.15459220856428
2,4,12,0,random440_expressivespeech_322::0,16,False,3.9851369857788086,5.883134603500366,9.85020468197763
2,4,12,1,random440_expressivespeech_322::1,19,False,3.3060030937194824,4.303003787994385,7.593803513795137
2,4,12,2,random440_expressivespeech_322::2,15,False,2.325730562210083,3.343653440475464,5.6552709471434355
2,4,12,3,random440_expressivespeech_322::3,15,False,2.335252046585083,3.304029941558838,5.626244222745299
2,4,13,0,random440_deear_022::0,50,False,10.219463109970093,11.520041465759277,21.72039084509015
2,4,13,1,random440_deear_022::1,64,False,11.16067385673523,17.884190797805786,29.032986760139465
2,4,13,2,random440_deear_022::2,37,False,5.996283054351807,10.4846351146698,16.72414905950427
2,4,13,3,random440_deear_022::3,43,False,6.607076406478882,10.444433212280273,17.03426717221737
2,4,14,0,random440_expressivespeech_194::0,16,False,2.6679420471191406,4.6193554401397705,7.269651191309094
2,4,14,1,random440_expressivespeech_194::1,19,False,4.893216609954834,5.089291095733643,9.969544989988208
2,4,14,2,random440_expressivespeech_194::2,30,False,4.654923915863037,6.795917987823486,11.43579657562077
2,4,14,3,random440_expressivespeech_194::3,23,False,3.820662498474121,6.952766418457031,10.879317659884691
2,4,15,0,random440_expressivespeech_060::0,44,False,7.3850998878479,10.167088985443115,17.53350113518536
2,4,15,1,random440_expressivespeech_060::1,56,False,10.273165702819824,15.182253122329712,25.619572972878814
2,4,15,2,random440_expressivespeech_060::2,53,False,8.701077938079834,14.388985395431519,23.302975123748183
2,4,15,3,random440_expressivespeech_060::3,53,False,8.555208444595337,16.6099054813385,25.145892458036542
2,4,16,0,random440_expressivespeech_212::0,111,False,17.9559485912323,28.689857244491577,46.626309245824814
2,4,16,1,random440_expressivespeech_212::1,115,False,22.04436182975769,29.513124227523804,51.54089880734682
2,4,16,2,random440_expressivespeech_212::2,104,False,20.689288854599,26.865976333618164,47.540388809517026
2,4,16,3,random440_expressivespeech_212::3,117,False,18.62796401977539,43.10914397239685,62.156273644417524
2,4,17,0,random440_deear_052::0,87,False,13.752352476119995,24.342114210128784,38.0751517880708
2,4,17,1,random440_deear_052::1,79,False,13.902371168136597,18.94329285621643,32.833327954635024
2,4,17,2,random440_deear_052::2,96,False,19.513030290603638,24.860948085784912,44.67932747490704
2,4,17,3,random440_deear_052::3,84,False,13.249740600585938,44.214648723602295,57.84299208596349
2,4,18,0,random440_expressivespeech_118::0,139,False,22.994235515594482,38.18711447715759,61.164272679015994
2,4,18,1,random440_expressivespeech_118::1,197,False,38.03114199638367,52.906346559524536,90.63060887157917
2,4,18,2,random440_expressivespeech_118::2,176,False,30.849085330963135,47.499117612838745,78.34026643820107
2,4,18,3,random440_expressivespeech_118::3,175,False,31.447754383087158,82.8999707698822,113.18697055242956
2,4,19,0,random440_expressivespeech_141::0,220,False,42.48972702026367,59.16801404953003,100.48266846686602
2,4,19,1,random440_expressivespeech_141::1,223,False,38.47110676765442,59.8592312335968,97.20280184037983
2,4,19,2,random440_expressivespeech_141::2,265,False,50.44533944129944,70.55748128890991,120.55636027082801
2,4,19,3,random440_expressivespeech_141::3,218,False,41.19225859642029,454.11082792282104,496.46445991285145
2,4,20,0,random440_expressivespeech_140::0,12,False,2.174673557281494,2.7101190090179443,4.868963761255145
2,4,20,1,random440_expressivespeech_140::1,9,False,1.4111378192901611,2.6252806186676025,4.029465097934008
2,4,20,2,random440_expressivespeech_140::2,12,False,2.7657582759857178,3.495516777038574,6.375924659892917
2,4,20,3,random440_expressivespeech_140::3,13,False,2.0175094604492188,2.880105972290039,4.883517470210791
2,4,21,0,random440_deear_028::0,27,False,4.171555757522583,6.119834661483765,10.27547400817275
2,4,21,1,random440_deear_028::1,17,False,2.90932035446167,4.4436328411102295,7.338872641324997
2,4,21,2,random440_deear_028::2,32,False,8.340302228927612,7.324781179428101,15.652451483532786
2,4,21,3,random440_deear_028::3,21,False,3.496417760848999,4.745315790176392,8.355740731582046
2,4,22,0,random440_expressivespeech_330::0,216,False,41.312347173690796,57.410911321640015,96.93778598681092
2,4,22,1,random440_expressivespeech_330::1,202,False,35.34550070762634,55.05659532546997,89.26392255350947
2,4,22,2,random440_expressivespeech_330::2,198,False,35.73730540275574,54.17777967453003,89.00741560384631
2,4,22,3,random440_expressivespeech_330::3,253,False,43.15755844116211,77.35758376121521,119.06336806155741
2,4,23,0,random440_expressivespeech_151::0,139,False,24.3786358833313,36.886192083358765,61.24565884843469
2,4,23,1,random440_expressivespeech_151::1,144,False,25.26469135284424,38.14437770843506,63.42446215637028
2,4,23,2,random440_expressivespeech_151::2,156,False,27.222426652908325,41.44153571128845,68.6630691550672
2,4,23,3,random440_expressivespeech_151::3,179,False,33.033836126327515,67.17921161651611,99.9053530395031
2,4,24,0,random440_expressivespeech_297::0,38,False,5.901038646697998,9.245453357696533,15.126235911622643
2,4,24,1,random440_expressivespeech_297::1,38,False,7.776963233947754,8.655426263809204,16.42536824569106
2,4,24,2,random440_expressivespeech_297::2,38,False,6.025546312332153,11.13840651512146,17.1575014796108
2,4,24,3,random440_expressivespeech_297::3,27,False,5.812221050262451,6.8062968254089355,12.874032324180007
2,5,0,0,random440_expressivespeech_320::0,38,False,9.442516088485718,11.036950826644897,20.460419232025743
2,5,0,1,random440_expressivespeech_320::1,46,False,7.4144227504730225,11.133261680603027,18.674027640372515
2,5,0,2,random440_expressivespeech_320::2,37,False,6.728711366653442,8.028756141662598,15.039394756779075
2,5,0,3,random440_expressivespeech_320::3,56,False,8.985034704208374,20.069849729537964,29.276541266590357
2,5,1,0,random440_expressivespeech_132::0,118,False,24.02775287628174,31.71496033668518,55.72493354789913
2,5,1,1,random440_expressivespeech_132::1,110,False,19.02820134162903,27.01095414161682,46.02538191899657
2,5,1,2,random440_expressivespeech_132::2,128,False,23.05710482597351,31.758527994155884,54.80472385510802
2,5,1,3,random440_expressivespeech_132::3,143,False,26.93599224090576,77.0189619064331,104.45355203561485
2,5,2,0,random440_deear_068::0,17,False,2.5804412364959717,3.7611942291259766,6.3213442619889975
2,5,2,1,random440_deear_068::1,17,False,2.8438684940338135,3.6417429447174072,6.475587168708444
2,5,2,2,random440_deear_068::2,16,False,2.8365426063537598,5.700387001037598,8.422653192654252
2,5,2,3,random440_deear_068::3,18,False,3.9333174228668213,8.521557331085205,12.436893505975604
2,5,3,0,random440_expressivespeech_062::0,41,False,6.5724778175354,11.299386978149414,17.854942854493856
2,5,3,1,random440_expressivespeech_062::1,55,False,8.47324275970459,12.237956047058105,20.854246435686946
2,5,3,2,random440_expressivespeech_062::2,40,False,9.502696752548218,9.478147745132446,18.966819275170565
2,5,3,3,random440_expressivespeech_062::3,38,False,5.9198291301727295,13.213687658309937,19.11128511093557
2,5,4,0,random440_expressivespeech_224::0,81,False,12.521483659744263,22.183326721191406,34.686442324891686
2,5,4,1,random440_expressivespeech_224::1,76,False,11.801827907562256,19.343050003051758,31.459935599938035
2,5,4,2,random440_expressivespeech_224::2,93,False,14.204910278320312,25.48010230064392,39.67586560733616
2,5,4,3,random440_expressivespeech_224::3,79,False,14.488162517547607,26.730483293533325,41.57711682654917
2,5,5,0,random440_deear_089::0,78,False,12.517367124557495,19.749547004699707,32.247993398457766
2,5,5,1,random440_deear_089::1,67,False,10.332581281661987,18.919514179229736,29.240468975156546
2,5,5,2,random440_deear_089::2,77,False,11.77174711227417,19.372098445892334,31.13420850597322
2,5,5,3,random440_deear_089::3,82,False,12.612284660339355,26.57180643081665,39.170069405809045
2,5,6,0,random440_expressivespeech_262::0,50,False,8.68612813949585,12.518523693084717,21.18675395101309
2,5,6,1,random440_expressivespeech_262::1,67,False,10.135449409484863,19.01737117767334,29.140057545155287
2,5,6,2,random440_expressivespeech_262::2,57,False,8.736398220062256,14.937320947647095,23.659391527995467
2,5,6,3,random440_expressivespeech_262::3,59,False,8.975352048873901,18.744062900543213,27.70668973401189
2,5,7,0,random440_expressivespeech_244::0,62,False,10.098617553710938,15.27292513847351,25.35012941248715
2,5,7,1,random440_expressivespeech_244::1,60,False,9.874527215957642,13.41565752029419,23.281971102580428
2,5,7,2,random440_expressivespeech_244::2,70,False,14.935520648956299,15.657797574996948,30.580856891348958
2,5,7,3,random440_expressivespeech_244::3,76,False,14.287318229675293,24.98146152496338,39.53521275147796
2,5,8,0,random440_deear_001::0,63,False,9.738925457000732,16.355034112930298,26.075526857748628
2,5,8,1,random440_deear_001::1,62,False,9.730994701385498,14.221640348434448,23.941971577703953
2,5,8,2,random440_deear_001::2,59,False,12.234318733215332,13.20518183708191,25.89626399613917
2,5,8,3,random440_deear_001::3,62,False,11.794198513031006,18.48477578163147,30.263022592291236
2,5,9,0,random440_expressivespeech_253::0,38,False,10.057626485824585,8.510267734527588,18.547566609457135
2,5,9,1,random440_expressivespeech_253::1,23,False,3.4319491386413574,5.003188610076904,8.425778958946466
2,5,9,2,random440_expressivespeech_253::2,27,False,5.136025667190552,7.450430631637573,12.574360942468047
2,5,9,3,random440_expressivespeech_253::3,28,False,4.164716005325317,15.885295629501343,20.03537510894239
2,5,10,0,random440_expressivespeech_149::0,17,False,4.955685377120972,5.531789064407349,10.47181761264801
2,5,10,1,random440_expressivespeech_149::1,26,False,3.8909850120544434,5.717022657394409,9.588401136919856
2,5,10,2,random440_expressivespeech_149::2,30,False,4.716879367828369,7.899381160736084,12.600905260071158
2,5,10,3,random440_expressivespeech_149::3,25,False,4.740514278411865,10.439250707626343,15.39069045521319
2,5,11,0,random440_expressivespeech_052::0,120,False,23.059369802474976,29.496737480163574,52.535946007817984
2,5,11,1,random440_expressivespeech_052::1,104,False,16.001956939697266,27.728373050689697,43.71502321772277
2,5,11,2,random440_expressivespeech_052::2,101,False,17.961037635803223,27.223628044128418,45.17473796196282
2,5,11,3,random440_expressivespeech_052::3,96,False,14.671539306640625,28.990503072738647,44.061221070587635
2,5,12,0,random440_deear_094::0,11,False,2.637392520904541,4.066345691680908,6.686272840946913
2,5,12,1,random440_deear_094::1,16,False,4.202816724777222,3.4336559772491455,7.626191474497318
2,5,12,2,random440_deear_094::2,16,False,2.4194867610931396,3.4773757457733154,5.882603669539094
2,5,12,3,random440_deear_094::3,21,False,3.1610960960388184,5.445424556732178,8.593927355483174
2,5,13,0,random440_expressivespeech_214::0,45,False,9.302424669265747,9.973878145217896,19.2558005284518
2,5,13,1,random440_expressivespeech_214::1,52,False,8.218348026275635,15.869890689849854,24.077715061604977
2,5,13,2,random440_expressivespeech_214::2,39,False,5.881567001342773,8.738224029541016,14.822549894452095
2,5,13,3,random440_expressivespeech_214::3,58,False,11.295780181884766,15.235502481460571,26.515045054256916
2,5,14,0,random440_expressivespeech_097::0,21,False,3.364607810974121,7.078080177307129,10.42455718293786
2,5,14,1,random440_expressivespeech_097::1,22,False,4.899051904678345,4.808954477310181,9.69493587128818
2,5,14,2,random440_expressivespeech_097::2,22,False,3.3686773777008057,4.80497932434082,8.162226911634207
2,5,14,3,random440_expressivespeech_097::3,23,False,3.7493672370910645,7.408921480178833,11.141613110899925
2,5,15,0,random440_expressivespeech_207::0,59,False,9.551722526550293,13.338276386260986,22.87125390768051
2,5,15,1,random440_expressivespeech_207::1,64,False,14.082286834716797,14.370651721954346,28.682244036346674
2,5,15,2,random440_expressivespeech_207::2,44,False,8.983228921890259,9.877238035202026,19.106819942593575
2,5,15,3,random440_expressivespeech_207::3,38,False,5.986627578735352,14.959306001663208,20.932557543739676
2,5,16,0,random440_expressivespeech_331::0,120,False,18.933586359024048,30.029872179031372,48.94332133792341
2,5,16,1,random440_expressivespeech_331::1,113,False,21.304794311523438,28.37439799308777,49.66412872634828
2,5,16,2,random440_expressivespeech_331::2,89,False,17.62313175201416,21.05331516265869,38.660313829779625
2,5,16,3,random440_expressivespeech_331::3,124,False,21.34491205215454,48.611000299453735,69.94199658371508
2,5,17,0,random440_deear_041::0,103,False,15.842581748962402,27.571863412857056,43.39589764364064
2,5,17,1,random440_deear_041::1,74,False,13.670665502548218,16.646128177642822,30.310098802670836
2,5,17,2,random440_deear_041::2,83,False,16.882179498672485,20.556490659713745,37.42606663890183
2,5,17,3,random440_deear_041::3,85,False,13.47901463508606,47.766568660736084,61.797759775072336
2,5,18,0,random440_expressivespeech_152::0,174,False,33.06502413749695,43.125184535980225,75.31473902799189
2,5,18,1,random440_expressivespeech_152::1,184,False,32.83142709732056,49.24335980415344,81.67974889650941
2,5,18,2,random440_expressivespeech_152::2,163,False,27.78614091873169,41.781416177749634,69.55683452263474
2,5,18,3,random440_expressivespeech_152::3,154,False,25.430655002593994,90.54350209236145,115.92535653710365
2,5,19,0,random440_expressivespeech_018::0,442,False,87.63900446891785,118.90982222557068,203.81039772741497
2,5,19,1,random440_expressivespeech_018::1,413,False,73.37673759460449,113.6504819393158,190.24989807605743
2,5,19,2,random440_expressivespeech_018::2,503,False,90.12978076934814,135.5840709209442,221.77720097266138
2,5,19,3,random440_expressivespeech_018::3,420,False,73.2717137336731,115.43005657196045,188.71646562591195
2,5,20,0,random440_expressivespeech_064::0,11,False,1.7024357318878174,2.4565012454986572,4.143903352320194
2,5,20,1,random440_expressivespeech_064::1,11,False,1.6823484897613525,3.0610971450805664,4.736075663939118
2,5,20,2,random440_expressivespeech_064::2,11,False,2.462737560272217,3.292707920074463,5.746674332767725
2,5,20,3,random440_expressivespeech_064::3,11,False,1.7058415412902832,3.6757702827453613,5.375585259869695
2,5,21,0,random440_deear_097::0,22,False,3.34600830078125,4.881049156188965,8.21350190602243
2,5,21,1,random440_deear_097::1,25,False,3.7692220211029053,6.6481709480285645,10.493955267593265
2,5,21,2,random440_deear_097::2,23,False,5.894171476364136,5.502243995666504,11.390538608655334
2,5,21,3,random440_deear_097::3,27,False,4.18381142616272,7.343703269958496,11.510970659554005
2,5,22,0,random440_expressivespeech_077::0,226,False,40.68596625328064,59.83264994621277,100.49933094903827
2,5,22,1,random440_expressivespeech_077::1,194,False,32.81321167945862,52.0274498462677,84.91479557938874
2,5,22,2,random440_expressivespeech_077::2,209,False,36.34611415863037,56.00040555000305,92.44545524008572
2,5,22,3,random440_expressivespeech_077::3,227,False,37.783260345458984,81.80112290382385,119.65105078183115
2,5,23,0,random440_expressivespeech_289::0,167,False,28.38985824584961,42.761066913604736,71.1320687290281
2,5,23,1,random440_expressivespeech_289::1,132,False,23.13473677635193,34.58104348182678,57.80238228663802
2,5,23,2,random440_expressivespeech_289::2,137,False,23.65021824836731,35.803730964660645,59.492011519148946
2,5,23,3,random440_expressivespeech_289::3,170,False,28.85179877281189,76.7367193698883,105.59148616157472
2,5,24,0,random440_expressivespeech_047::0,37,False,5.599907875061035,8.536387205123901,14.116472272202373
2,5,24,1,random440_expressivespeech_047::1,32,False,6.6787638664245605,7.095018625259399,13.768330439925194
2,5,24,2,random440_expressivespeech_047::2,29,False,4.646976709365845,6.5272862911224365,11.161889787763357
2,5,24,3,random440_expressivespeech_047::3,40,False,8.148826360702515,14.504401206970215,22.637229405343533
2,6,0,0,random440_expressivespeech_281::0,34,False,8.664836168289185,11.01241159439087,19.657449673861265
2,6,0,1,random440_expressivespeech_281::1,43,False,7.448227882385254,10.265270709991455,17.826512083411217
2,6,0,2,random440_expressivespeech_281::2,53,False,10.223330736160278,12.101040363311768,22.589776657521725
2,6,0,3,random440_expressivespeech_281::3,47,False,9.105662107467651,13.884454250335693,22.970082763582468
2,6,1,0,random440_expressivespeech_182::0,118,False,24.226491689682007,32.403836727142334,56.61073688790202
2,6,1,1,random440_expressivespeech_182::1,118,False,21.18870997428894,32.130874156951904,53.19770500436425
2,6,1,2,random440_expressivespeech_182::2,133,False,22.954887866973877,36.78618621826172,60.216078132390976
2,6,1,3,random440_expressivespeech_182::3,123,False,20.164645195007324,71.08695387840271,91.19288039393723
2,6,2,0,random440_deear_046::0,20,False,3.0886378288269043,4.5189208984375,7.586802719160914
2,6,2,1,random440_deear_046::1,21,False,3.4911532402038574,5.297461032867432,8.737056555226445
2,6,2,2,random440_deear_046::2,15,False,3.736725091934204,4.935852527618408,8.843935402110219
2,6,2,3,random440_deear_046::3,20,False,3.0646555423736572,5.444494247436523,8.49289876036346
2,6,3,0,random440_expressivespeech_114::0,44,False,7.107809543609619,12.277566194534302,19.366609307006
2,6,3,1,random440_expressivespeech_114::1,48,False,7.6103034019470215,10.925724267959595,18.522515458986163
2,6,3,2,random440_expressivespeech_114::2,42,False,10.186649084091187,10.420355081558228,20.789561776444316
2,6,3,3,random440_expressivespeech_114::3,39,False,5.9280006885528564,12.226086139678955,18.13835380040109
2,6,4,0,random440_expressivespeech_171::0,82,False,13.013346910476685,22.95847773551941,35.95253016427159
2,6,4,1,random440_expressivespeech_171::1,87,False,13.959511756896973,22.372023105621338,36.655139215290546
2,6,4,2,random440_expressivespeech_171::2,81,False,16.09460687637329,19.20100712776184,35.64124294370413
2,6,4,3,random440_expressivespeech_171::3,78,False,14.483628034591675,24.674699783325195,39.1429043058306
2,6,5,0,random440_expressivespeech_081::0,77,False,12.53993010520935,20.03480339050293,32.55602690577507
2,6,5,1,random440_expressivespeech_081::1,72,False,11.575303316116333,20.326232194900513,32.20580989308655
2,6,5,2,random440_expressivespeech_081::2,67,False,10.604047536849976,17.714603185653687,28.30501847155392
2,6,5,3,random440_expressivespeech_081::3,88,False,13.982624769210815,25.083280563354492,39.051882268860936
2,6,6,0,random440_expressivespeech_153::0,51,False,8.73099136352539,13.11188817024231,21.821559002622962
2,6,6,1,random440_expressivespeech_153::1,78,False,12.468225479125977,21.7655348777771,34.222748098894954
2,6,6,2,random440_expressivespeech_153::2,52,False,7.9725182056427,14.132935523986816,22.41100001707673
2,6,6,3,random440_expressivespeech_153::3,47,False,7.463181257247925,16.14409875869751,23.591444101184607
2,6,7,0,random440_expressivespeech_006::0,63,False,10.461198329925537,15.96013331413269,26.400696327909827
2,6,7,1,random440_expressivespeech_006::1,75,False,12.551078081130981,20.770456075668335,33.67428091354668
2,6,7,2,random440_expressivespeech_006::2,61,False,9.395071029663086,15.384612083435059,25.078148348256946
2,6,7,3,random440_expressivespeech_006::3,69,False,11.315186500549316,22.00439739227295,33.30285839550197
2,6,8,0,random440_expressivespeech_094::0,64,False,10.427606582641602,16.60427713394165,27.011686207726598
2,6,8,1,random440_expressivespeech_094::1,52,False,7.873083829879761,11.80971074104309,19.669236708432436
2,6,8,2,random440_expressivespeech_094::2,65,False,14.470444917678833,14.649284839630127,29.106732092797756
2,6,8,3,random440_expressivespeech_094::3,63,False,12.179988145828247,18.260292291641235,30.696807637810707
2,6,9,0,random440_deear_029::0,34,False,9.188810110092163,8.001464605331421,17.171756256371737
2,6,9,1,random440_deear_029::1,22,False,3.4356346130371094,4.875816106796265,8.295131841674447
2,6,9,2,random440_deear_029::2,32,False,5.624620676040649,8.934574842453003,14.545462518930435
2,6,9,3,random440_deear_029::3,25,False,3.7821059226989746,15.786847352981567,19.674403943121433
2,6,10,0,random440_expressivespeech_275::0,50,False,11.947043895721436,11.253007173538208,23.180438432842493
2,6,10,1,random440_expressivespeech_275::1,20,False,3.053410768508911,5.368840456008911,8.412808932363987
2,6,10,2,random440_expressivespeech_275::2,19,False,4.334546327590942,4.298569917678833,8.62121912650764
2,6,10,3,random440_expressivespeech_275::3,20,False,3.036546230316162,4.460882663726807,7.547725128009915
2,6,11,0,random440_expressivespeech_209::0,74,False,12.863587141036987,19.71434450149536,32.556841963902116
2,6,11,1,random440_expressivespeech_209::1,123,False,21.94647526741028,32.39230751991272,54.62472432479262
2,6,11,2,random440_expressivespeech_209::2,116,False,20.903389930725098,30.693317890167236,51.57918433472514
2,6,11,3,random440_expressivespeech_209::3,99,False,15.692914962768555,30.902117490768433,46.56907450221479
2,6,12,0,random440_expressivespeech_173::0,9,False,2.373224973678589,3.2584826946258545,5.613745640963316
2,6,12,1,random440_expressivespeech_173::1,11,False,3.4727425575256348,2.9186885356903076,6.378250330686569
2,6,12,2,random440_expressivespeech_173::2,13,False,1.9733729362487793,2.861531972885132,4.822138210758567
2,6,12,3,random440_expressivespeech_173::3,23,False,3.5196003913879395,8.537528276443481,12.037140022963285
2,6,13,0,random440_expressivespeech_218::0,38,False,8.414411067962646,8.532936811447144,16.93013621494174
2,6,13,1,random440_expressivespeech_218::1,37,False,5.728583574295044,8.547661781311035,14.260589445009828
2,6,13,2,random440_expressivespeech_218::2,61,False,13.444104671478271,13.76914644241333,27.220978977158666
2,6,13,3,random440_expressivespeech_218::3,56,False,10.78401255607605,14.964183568954468,25.961904030293226
2,6,14,0,random440_deear_060::0,20,False,3.3020122051239014,6.5817718505859375,9.863957960158587
2,6,14,1,random440_deear_060::1,23,False,5.216015815734863,5.189625024795532,10.39321587048471
2,6,14,2,random440_deear_060::2,26,False,4.151088714599609,5.766621112823486,9.905685601755977
2,6,14,3,random440_deear_060::3,18,False,2.735802173614502,6.501005172729492,9.320065904408693
2,6,15,0,random440_expressivespeech_177::0,57,False,9.40619444847107,12.935627460479736,22.321884347125888
2,6,15,1,random440_expressivespeech_177::1,52,False,12.072866678237915,11.784278154373169,24.084543216973543
2,6,15,2,random440_expressivespeech_177::2,48,False,7.878525257110596,12.719339609146118,20.584224434569478
2,6,15,3,random440_expressivespeech_177::3,47,False,7.551451921463013,16.917855262756348,24.435393730178475
2,6,16,0,random440_expressivespeech_001::0,108,False,17.342330932617188,27.079060792922974,44.40219741873443
2,6,16,1,random440_expressivespeech_001::1,101,False,19.8155517578125,25.291051387786865,45.53103910014033
2,6,16,2,random440_expressivespeech_001::2,115,False,18.455295085906982,31.238868951797485,50.09536163136363
2,6,16,3,random440_expressivespeech_001::3,106,False,17.940687894821167,49.93018054962158,67.83904745057225
2,6,17,0,random440_deear_079::0,68,False,10.62267279624939,19.381619453430176,29.983732258901
2,6,17,1,random440_deear_079::1,88,False,13.976736307144165,22.515508890151978,36.479559652507305
2,6,17,2,random440_deear_079::2,84,False,15.456706523895264,20.934863567352295,36.730376452207565
2,6,17,3,random440_deear_079::3,101,False,18.27696919441223,51.83282542228699,70.39599782787263
2,6,18,0,random440_expressivespeech_247::0,189,False,36.957979917526245,48.600708961486816,83.97525880485773
2,6,18,1,random440_expressivespeech_247::1,198,False,35.45831370353699,52.09868049621582,85.96278673037887
2,6,18,2,random440_expressivespeech_247::2,192,False,34.49773812294006,47.7496452331543,81.2948984708637
2,6,18,3,random440_expressivespeech_247::3,193,False,35.65767025947571,50.73186635971069,85.23597776703537
2,6,19,0,random440_expressivespeech_250::0,336,False,70.39547967910767,90.9991819858551,159.40896814875305
2,6,19,1,random440_expressivespeech_250::1,291,False,54.06231427192688,76.0276825428009,131.62805389612913
2,6,19,2,random440_expressivespeech_250::2,447,False,84.0027494430542,120.939866065979,202.1121671833098
2,6,19,3,random440_expressivespeech_250::3,383,False,73.23540377616882,242.87016129493713,316.1209731195122
2,6,20,0,random440_deear_021::0,8,False,1.2919111251831055,1.7634553909301758,3.037503955885768
2,6,20,1,random440_deear_021::1,12,False,1.8775370121002197,3.0079972743988037,4.871535839512944
2,6,20,2,random440_deear_021::2,13,False,3.0244836807250977,3.8657007217407227,6.8772179037332535
2,6,20,3,random440_deear_021::3,8,False,1.2645299434661865,3.9357874393463135,5.227582799270749
2,6,21,0,random440_expressivespeech_131::0,18,False,2.7897751331329346,3.9588773250579834,6.733980655670166
2,6,21,1,random440_expressivespeech_131::1,24,False,3.702383041381836,5.419400453567505,9.125076988711953
2,6,21,2,random440_expressivespeech_131::2,30,False,7.790352821350098,7.498610496520996,15.279728926718235
2,6,21,3,random440_expressivespeech_131::3,22,False,3.5223701000213623,6.892493009567261,10.532911503687501
2,6,22,0,random440_expressivespeech_172::0,244,False,46.494022369384766,63.955400705337524,110.43117005564272
2,6,22,1,random440_expressivespeech_172::1,202,False,34.58829617500305,53.83850407600403,88.45697322487831
2,6,22,2,random440_expressivespeech_172::2,179,False,32.5895140171051,48.76470184326172,81.42073426395655
2,6,22,3,random440_expressivespeech_172::3,210,False,35.50925064086914,83.75285506248474,119.2974546533078
2,6,23,0,random440_expressivespeech_039::0,149,False,25.923846006393433,38.82550382614136,64.73054943419993
2,6,23,1,random440_expressivespeech_039::1,162,False,27.938693284988403,42.49340033531189,70.48606534302235
2,6,23,2,random440_expressivespeech_039::2,134,False,22.3093318939209,35.87845826148987,58.22772418707609
2,6,23,3,random440_expressivespeech_039::3,155,False,25.739983081817627,73.12978887557983,98.87809035927057
2,6,24,0,random440_deear_017::0,26,False,4.045332193374634,5.921818494796753,9.948894433677197
2,6,24,1,random440_deear_017::1,26,False,4.834765911102295,7.5500288009643555,12.376363076269627
2,6,24,2,random440_deear_017::2,48,False,7.3452348709106445,11.118374586105347,18.45252627506852
2,6,24,3,random440_deear_017::3,35,False,8.463932991027832,12.620740175247192,21.278605980798602
2,7,0,0,random440_expressivespeech_104::0,47,False,13.193710327148438,12.257620573043823,25.432974338531494
2,7,0,1,random440_expressivespeech_104::1,45,False,7.600197076797485,13.019319534301758,20.78975081257522
2,7,0,2,random440_expressivespeech_104::2,38,False,6.025190830230713,8.83182430267334,14.83879386819899
2,7,0,3,random440_expressivespeech_104::3,45,False,9.5119149684906,12.601518392562866,22.094897909089923
2,7,1,0,random440_expressivespeech_193::0,133,False,27.892746686935425,36.18108367919922,64.05261495150626
2,7,1,1,random440_expressivespeech_193::1,160,False,30.129498720169067,45.336893796920776,75.45110558532178
2,7,1,2,random440_expressivespeech_193::2,143,False,25.786384344100952,38.786823987960815,64.56742867268622
2,7,1,3,random440_expressivespeech_193::3,126,False,25.086097955703735,32.32621502876282,57.40678634867072
2,7,2,0,random440_expressivespeech_119::0,14,False,2.222583770751953,3.238347053527832,5.443804519250989
2,7,2,1,random440_expressivespeech_119::1,12,False,1.9968969821929932,2.7575318813323975,4.746274866163731
2,7,2,2,random440_expressivespeech_119::2,30,False,5.327138423919678,10.57986831665039,15.88790507055819
2,7,2,3,random440_expressivespeech_119::3,20,False,3.154355049133301,4.537942409515381,7.681082684546709
2,7,3,0,random440_expressivespeech_337::0,48,False,7.98048996925354,13.483696937561035,21.44623441249132
2,7,3,1,random440_expressivespeech_337::1,39,False,6.163326025009155,9.150002717971802,15.302847113460302
2,7,3,2,random440_expressivespeech_337::2,38,False,8.665400505065918,10.59827733039856,19.2535310536623
2,7,3,3,random440_expressivespeech_337::3,47,False,7.688818454742432,13.26512098312378,21.096607636660337
2,7,4,0,random440_expressivespeech_164::0,85,False,13.918565034866333,24.37803339958191,38.277299458160996
2,7,4,1,random440_expressivespeech_164::1,83,False,13.83508014678955,21.724889993667603,35.893822921440005
2,7,4,2,random440_expressivespeech_164::2,96,False,19.730101823806763,25.150916576385498,44.8691768553108
2,7,4,3,random440_expressivespeech_164::3,63,False,10.302355766296387,17.78220534324646,28.460972422733903
2,7,5,0,random440_expressivespeech_191::0,68,False,11.774012565612793,18.353039503097534,30.106797579675913
2,7,5,1,random440_expressivespeech_191::1,80,False,12.996547222137451,22.70049810409546,35.68538960814476
2,7,5,2,random440_expressivespeech_191::2,58,False,9.309893369674683,15.927046537399292,25.54947378486395
2,7,5,3,random440_expressivespeech_191::3,88,False,14.511715173721313,26.360411643981934,40.85787965543568
2,7,6,0,random440_deear_026::0,53,False,10.112034797668457,13.393879175186157,23.48666801303625
2,7,6,1,random440_deear_026::1,57,False,8.932366371154785,17.57823157310486,26.498065944761038
2,7,6,2,random440_deear_026::2,58,False,9.294830560684204,15.905947208404541,25.186684377491474
2,7,6,3,random440_deear_026::3,57,False,9.245075941085815,17.29716658592224,26.76101902127266
2,7,7,0,random440_expressivespeech_243::0,51,False,8.75474500656128,11.8973228931427,20.63313328847289
2,7,7,1,random440_expressivespeech_243::1,83,False,15.832124471664429,23.56177806854248,39.38027840666473
2,7,7,2,random440_expressivespeech_243::2,64,False,10.437930345535278,17.19724750518799,27.9628783762455
2,7,7,3,random440_expressivespeech_243::3,64,False,10.109352588653564,20.7229106426239,30.8185396194458
2,7,8,0,random440_expressivespeech_335::0,67,False,11.1679368019104,17.79309582710266,28.94202026538551
2,7,8,1,random440_expressivespeech_335::1,55,False,8.758297681808472,14.213948011398315,23.227071134373546
2,7,8,2,random440_expressivespeech_335::2,60,False,12.133480787277222,14.596930027008057,26.725993374362588
2,7,8,3,random440_expressivespeech_335::3,59,False,11.377289772033691,15.615437507629395,27.33564230054617
2,7,9,0,random440_expressivespeech_226::0,32,False,8.930017232894897,7.98058009147644,16.88978902436793
2,7,9,1,random440_expressivespeech_226::1,31,False,4.914008378982544,7.2941131591796875,12.195801746100187
2,7,9,2,random440_expressivespeech_226::2,37,False,8.307775259017944,8.718903064727783,17.014412447810173
2,7,9,3,random440_expressivespeech_226::3,34,False,5.5024096965789795,7.907228469848633,13.5438490845263
2,7,10,0,random440_expressivespeech_332::0,25,False,7.168866395950317,6.656554460525513,13.805581340566278
2,7,10,1,random440_expressivespeech_332::1,28,False,4.37337327003479,6.4448771476745605,10.806232525035739
2,7,10,2,random440_expressivespeech_332::2,24,False,4.064873456954956,7.733385324478149,11.892150362953544
2,7,10,3,random440_expressivespeech_332::3,29,False,4.634568452835083,6.903685092926025,11.523940397426486
2,7,11,0,random440_expressivespeech_012::0,87,False,17.56550645828247,22.116724967956543,39.66393221914768
2,7,11,1,random440_expressivespeech_012::1,115,False,20.96070122718811,31.65264654159546,53.061783162876964
2,7,11,2,random440_expressivespeech_012::2,88,False,16.687565565109253,22.227709531784058,38.899371003732085
2,7,11,3,random440_expressivespeech_012::3,122,False,22.45386266708374,31.64589238166809,54.09059937670827
2,7,12,0,random440_expressivespeech_190::0,11,False,2.829854726791382,4.283106803894043,7.09697393886745
2,7,12,1,random440_expressivespeech_190::1,11,False,3.4045863151550293,2.5147018432617188,5.910169079899788
2,7,12,2,random440_expressivespeech_190::2,13,False,2.0802347660064697,2.9763576984405518,5.073737388476729
2,7,12,3,random440_expressivespeech_190::3,20,False,3.172260284423828,7.759149551391602,10.912387376651168
2,7,13,0,random440_expressivespeech_145::0,38,False,8.653918266296387,8.835020303726196,17.469854732975364
2,7,13,1,random440_expressivespeech_145::1,54,False,8.863709211349487,16.98049259185791,25.82747257128358
2,7,13,2,random440_expressivespeech_145::2,42,False,6.593729019165039,9.930728673934937,16.734043495729566
2,7,13,3,random440_expressivespeech_145::3,57,False,11.398283243179321,13.287804126739502,24.67310604453087
2,7,14,0,random440_expressivespeech_302::0,23,False,3.5986506938934326,8.289535999298096,11.866833508014679
2,7,14,1,random440_expressivespeech_302::1,23,False,4.7049665451049805,5.334497690200806,10.029513791203499
2,7,14,2,random440_expressivespeech_302::2,18,False,2.826209783554077,4.111998558044434,6.925010135397315
2,7,14,3,random440_expressivespeech_302::3,20,False,3.382267951965332,7.138916730880737,10.503887632861733
2,7,15,0,random440_deear_027::0,56,False,9.268983364105225,13.187909126281738,22.43905465118587
2,7,15,1,random440_deear_027::1,45,False,11.447056531906128,10.577763319015503,22.243774842470884
2,7,15,2,random440_deear_027::2,48,False,7.932261228561401,13.641539812088013,21.5661391466856
2,7,15,3,random440_deear_027::3,53,False,8.758471965789795,16.400213718414307,25.335300613194704
2,7,16,0,random440_deear_091::0,118,False,19.657730102539062,31.484298944473267,51.121822560206056
2,7,16,1,random440_deear_091::1,99,False,18.90867567062378,26.128437280654907,45.02215332724154
2,7,16,2,random440_deear_091::2,111,False,22.565258264541626,28.85815119743347,51.414651000872254
2,7,16,3,random440_deear_091::3,97,False,15.68549656867981,43.51568627357483,59.15955640003085
2,7,17,0,random440_deear_065::0,93,False,15.116438150405884,26.144295930862427,41.242530742660165
2,7,17,1,random440_deear_065::1,92,False,17.398428201675415,24.510266065597534,41.898938436061144
2,7,17,2,random440_deear_065::2,88,False,15.21011209487915,23.561468601226807,39.36476358957589
2,7,17,3,random440_deear_065::3,108,False,20.79941749572754,29.533966302871704,50.3185750041157
2,7,18,0,random440_expressivespeech_125::0,155,False,27.993258476257324,41.60990643501282,69.5867002569139
2,7,18,1,random440_expressivespeech_125::1,283,False,58.64648103713989,80.21372699737549,136.08040289767087
2,7,18,2,random440_expressivespeech_125::2,141,False,25.04260516166687,38.83761405944824,65.10749588906765
2,7,18,3,random440_expressivespeech_125::3,136,False,24.66446590423584,46.30220699310303,70.97293620184064
2,7,19,0,random440_expressivespeech_236::0,343,False,68.32477188110352,96.15147352218628,162.60469129122794
2,7,19,1,random440_expressivespeech_236::1,298,False,55.549889087677,83.57023406028748,139.13142224028707
2,7,19,2,random440_expressivespeech_236::2,375,False,69.16071510314941,108.1086745262146,174.97481895424426
2,7,19,3,random440_expressivespeech_236::3,357,False,66.2234468460083,266.1446099281311,332.34825783222914
2,7,20,0,random440_deear_067::0,7,False,1.1626381874084473,1.6092381477355957,2.7560470178723335
2,7,20,1,random440_deear_067::1,8,False,1.2972238063812256,1.842559576034546,3.125920133665204
2,7,20,2,random440_deear_067::2,7,False,1.2304599285125732,2.353879928588867,3.579730970785022
2,7,20,3,random440_deear_067::3,7,False,1.699500322341919,9.063992738723755,10.762632012367249
2,7,21,0,random440_deear_099::0,21,False,3.387556791305542,4.867905378341675,8.244238082319498
2,7,21,1,random440_deear_099::1,22,False,3.510061740875244,5.700445890426636,9.206957003101707
2,7,21,2,random440_deear_099::2,32,False,8.38746976852417,7.5010926723480225,16.076426416635513
2,7,21,3,random440_deear_099::3,17,False,2.876340389251709,5.1673150062561035,8.038261504843831
2,7,22,0,random440_expressivespeech_318::0,247,False,47.818145990371704,67.60908102989197,115.40644546598196
2,7,22,1,random440_expressivespeech_318::1,192,False,34.06660509109497,53.753429889678955,87.82857572846115
2,7,22,2,random440_expressivespeech_318::2,175,False,32.93607997894287,49.50666928291321,82.47874651290476
2,7,22,3,random440_expressivespeech_318::3,206,False,36.36767101287842,77.67616319656372,114.06028200313449
2,7,23,0,random440_expressivespeech_327::0,178,False,31.792473793029785,50.48778223991394,82.25827347673476
2,7,23,1,random440_expressivespeech_327::1,150,False,27.977388620376587,39.84667110443115,67.8694241847843
2,7,23,2,random440_expressivespeech_327::2,134,False,26.31674551963806,34.56816220283508,60.918502332642674
2,7,23,3,random440_expressivespeech_327::3,135,False,26.593482732772827,56.2060923576355,82.81764237396419
2,7,24,0,random440_deear_059::0,33,False,5.3070104122161865,7.776751518249512,13.063819320872426
2,7,24,1,random440_deear_059::1,32,False,7.349837303161621,7.407397270202637,14.749008808284998
2,7,24,2,random440_deear_059::2,36,False,6.019752264022827,8.473981857299805,14.6088188290596
2,7,24,3,random440_deear_059::3,33,False,8.977882146835327,10.573694705963135,19.53375579416752
3,0,0,0,random440_deear_022::0,38,False,8.240981101989746,8.613053560256958,16.837127055972815
3,0,0,1,random440_deear_022::1,56,False,9.47348928451538,12.74084734916687,22.349238274618983
3,0,0,2,random440_deear_022::2,44,False,7.128692388534546,10.268306255340576,17.601607317104936
3,0,0,3,random440_deear_022::3,46,False,6.9019389152526855,16.206212282180786,23.089168641716242
3,0,1,0,random440_expressivespeech_212::0,120,False,21.187960147857666,28.692739963531494,49.86308634839952
3,0,1,1,random440_expressivespeech_212::1,136,False,21.868957996368408,32.26242780685425,54.11787453480065
3,0,1,2,random440_expressivespeech_212::2,175,False,29.05713939666748,42.2187933921814,70.20692500844598
3,0,1,3,random440_expressivespeech_212::3,115,False,17.722761392593384,45.84240412712097,63.54227348044515
3,0,2,0,random440_deear_046::0,13,False,2.014124870300293,2.9116220474243164,4.910999055951834
3,0,2,1,random440_deear_046::1,20,False,3.0289154052734375,4.445645093917847,7.455553650856018
3,0,2,2,random440_deear_046::2,22,False,3.3304836750030518,4.911791801452637,8.22623168490827
3,0,2,3,random440_deear_046::3,16,False,2.8778951168060303,7.2643609046936035,10.127130340784788
3,0,3,0,random440_expressivespeech_114::0,32,False,4.893975734710693,7.08526086807251,11.959261607378721
3,0,3,1,random440_expressivespeech_114::1,40,False,6.324333190917969,8.955191135406494,15.267999053001404
3,0,3,2,random440_expressivespeech_114::2,54,False,8.455922365188599,12.247446775436401,20.848837288096547
3,0,3,3,random440_expressivespeech_114::3,42,False,6.505751371383667,16.778149366378784,23.492229973897338
3,0,4,0,random440_expressivespeech_243::0,107,False,16.998289346694946,24.700101137161255,41.67859825119376
3,0,4,1,random440_expressivespeech_243::1,66,False,10.164580821990967,14.85704231262207,25.45620151795447
3,0,4,2,random440_expressivespeech_243::2,79,False,12.192740678787231,17.943865299224854,30.123548481613398
3,0,4,3,random440_expressivespeech_243::3,81,False,12.434708595275879,31.315274953842163,43.72470560669899
3,0,5,0,random440_expressivespeech_308::0,59,False,9.038533687591553,13.446732997894287,22.466779701411724
3,0,5,1,random440_expressivespeech_308::1,69,False,10.512633085250854,15.745445013046265,26.248029014095664
3,0,5,2,random440_expressivespeech_308::2,79,False,11.977594375610352,18.218387842178345,30.483263716101646
3,0,5,3,random440_expressivespeech_308::3,95,False,14.644036531448364,35.15828037261963,50.10112296231091
3,0,6,0,random440_expressivespeech_092::0,76,False,11.663825273513794,17.13223910331726,28.774776075035334
3,0,6,1,random440_expressivespeech_092::1,54,False,8.34823489189148,12.134928464889526,20.47441703081131
3,0,6,2,random440_expressivespeech_092::2,55,False,8.332254886627197,12.617096185684204,20.935988986864686
3,0,6,3,random440_expressivespeech_092::3,42,False,6.461602210998535,17.976436138153076,24.42031709291041
3,0,7,0,random440_deear_034::0,69,False,10.56313681602478,16.08002471923828,26.617796078324318
3,0,7,1,random440_deear_034::1,66,False,10.15745997428894,14.741585493087769,24.8913883138448
3,0,7,2,random440_deear_034::2,69,False,10.686438083648682,15.589672565460205,26.53802623040974
3,0,7,3,random440_deear_034::3,62,False,9.940979242324829,27.362393856048584,37.53234291262925
3,0,8,0,random440_deear_001::0,57,False,8.746416568756104,12.852490901947021,21.577061291784048
3,0,8,1,random440_deear_001::1,63,False,9.960553884506226,14.006455659866333,23.956427166238427
3,0,8,2,random440_deear_001::2,61,False,9.400022506713867,13.720192193984985,23.36546276882291
3,0,8,3,random440_deear_001::3,83,False,12.830067157745361,19.16519284248352,31.986025515943766
3,0,9,0,random440_expressivespeech_226::0,30,False,4.439554452896118,6.6042797565460205,11.024166744202375
3,0,9,1,random440_expressivespeech_226::1,32,False,5.063859462738037,7.0569539070129395,12.108384847640991
3,0,9,2,random440_expressivespeech_226::2,30,False,4.484060287475586,6.605512380599976,11.080401519313455
3,0,9,3,random440_expressivespeech_226::3,33,False,5.129897832870483,15.046513795852661,20.276513935998082
3,0,10,0,random440_deear_005::0,20,False,2.98791766166687,4.361840724945068,7.334050912410021
3,0,10,1,random440_deear_005::1,31,False,4.863785028457642,6.836760997772217,11.686285741627216
3,0,10,2,random440_deear_005::2,27,False,4.00887656211853,5.95320987701416,10.074043523520231
3,0,10,3,random440_deear_005::3,30,False,4.6832873821258545,10.625128269195557,15.285127336159348
3,0,11,0,random440_expressivespeech_051::0,98,False,15.209272623062134,22.352492332458496,37.542185043916106
3,0,11,1,random440_expressivespeech_051::1,78,False,11.771497964859009,17.531696557998657,29.70554451085627
3,0,11,2,random440_expressivespeech_051::2,103,False,15.763661861419678,23.595577001571655,39.34836299717426
3,0,11,3,random440_expressivespeech_051::3,137,False,21.669281721115112,51.86881947517395,73.9386220369488
3,0,12,0,random440_expressivespeech_140::0,12,False,1.8969042301177979,2.602750778198242,4.4826912973076105
3,0,12,1,random440_expressivespeech_140::1,14,False,2.0824005603790283,3.047966718673706,5.110763430595398
3,0,12,2,random440_expressivespeech_140::2,9,False,1.3496716022491455,1.945495843887329,3.2833574693650007
3,0,12,3,random440_expressivespeech_140::3,13,False,1.9158685207366943,8.89109182357788,10.78861604258418
3,0,13,0,random440_expressivespeech_281::0,56,False,8.74715781211853,12.49264669418335,21.218986347317696
3,0,13,1,random440_expressivespeech_281::1,45,False,6.922746896743774,10.25677490234375,17.16543533653021
3,0,13,2,random440_expressivespeech_281::2,43,False,6.325104475021362,9.466216802597046,15.781885100528598
3,0,13,3,random440_expressivespeech_281::3,47,False,7.1857805252075195,20.36158037185669,27.510544573888183
3,0,14,0,random440_deear_068::0,22,False,3.48087739944458,4.864837646484375,8.324982695281506
3,0,14,1,random440_deear_068::1,23,False,3.5318315029144287,5.109039783477783,8.628707760944963
3,0,14,2,random440_deear_068::2,16,False,2.3981847763061523,3.473634958267212,5.943151714280248
3,0,14,3,random440_deear_068::3,18,False,2.9138500690460205,8.677599906921387,11.57418049685657
3,0,15,0,random440_expressivespeech_325::0,46,False,6.85625147819519,10.177478790283203,17.012794237583876
3,0,15,1,random440_expressivespeech_325::1,47,False,7.1606597900390625,10.540073871612549,17.684911442920566
3,0,15,2,random440_expressivespeech_325::2,53,False,8.098252773284912,11.789297819137573,20.071213752031326
3,0,15,3,random440_expressivespeech_325::3,58,False,8.829591035842896,26.41691827774048,35.43132592178881
3,0,16,0,random440_expressivespeech_182::0,138,False,21.75426483154297,31.350168466567993,53.08699650131166
3,0,16,1,random440_expressivespeech_182::1,105,False,16.168306589126587,23.886380434036255,40.04039696790278
3,0,16,2,random440_expressivespeech_182::2,126,False,19.14600133895874,29.044649362564087,48.18658394366503
3,0,16,3,random440_expressivespeech_182::3,115,False,17.61370611190796,30.083003282546997,47.678968450054526
3,0,17,0,random440_deear_076::0,97,False,14.815871477127075,22.100070476531982,36.8954008333385
3,0,17,1,random440_deear_076::1,89,False,13.74958848953247,20.079957485198975,33.820744559168816
3,0,17,2,random440_deear_076::2,93,False,13.98973798751831,20.975658893585205,35.32355912774801
3,0,17,3,random440_deear_076::3,88,False,13.718854427337646,37.38244318962097,51.47512068785727
3,0,18,0,random440_expressivespeech_152::0,168,False,26.207634687423706,38.511340856552124,64.70010191947222
3,0,18,1,random440_expressivespeech_152::1,146,False,22.797600746154785,33.124805212020874,55.91006591357291
3,0,18,2,random440_expressivespeech_152::2,191,False,29.971705675125122,44.70990014076233,73.83325722813606
3,0,18,3,random440_expressivespeech_152::3,175,False,26.666171312332153,91.54949903488159,118.1753790024668
3,0,19,0,random440_expressivespeech_229::0,319,False,54.2401282787323,74.38373398780823,126.99430421739817
3,0,19,1,random440_expressivespeech_229::1,334,False,52.10862350463867,79.32572388648987,130.99547878839076
3,0,19,2,random440_expressivespeech_229::2,352,False,54.36754250526428,83.98042273521423,138.01630169712007
3,0,19,3,random440_expressivespeech_229::3,319,False,49.95893049240112,332.74410700798035,384.3104203492403
3,0,20,0,random440_expressivespeech_173::0,11,True,1.6889641284942627,2.398261070251465,4.07063290849328
3,0,20,1,random440_expressivespeech_173::1,11,True,1.6730597019195557,2.4147558212280273,4.077822305262089
3,0,20,2,random440_expressivespeech_173::2,9,True,1.3652575016021729,1.958418369293213,3.3148194272071123
3,0,20,3,random440_expressivespeech_173::3,8,True,1.225691556930542,3.737126111984253,4.97037991695106
3,0,21,0,random440_deear_081::0,21,False,3.1572818756103516,4.610117435455322,7.749635195359588
3,0,21,1,random440_deear_081::1,20,False,3.431267023086548,4.499429225921631,7.928694788366556
3,0,21,2,random440_deear_081::2,26,False,3.9867067337036133,5.834076642990112,9.88109116628766
3,0,21,3,random440_deear_081::3,27,False,4.3204052448272705,11.52274465560913,15.828359866514802
3,0,22,0,random440_expressivespeech_184::0,171,False,26.703421592712402,39.55200457572937,66.2338352277875
3,0,22,1,random440_expressivespeech_184::1,179,False,28.259997606277466,41.627453088760376,69.91065474785864
3,0,22,2,random440_expressivespeech_184::2,209,False,32.14700508117676,49.143659591674805,81.29712495952845
3,0,22,3,random440_expressivespeech_184::3,204,False,31.63625478744507,116.30143809318542,147.9014924634248
3,0,23,0,random440_deear_085::0,141,False,21.69250512123108,32.16617703437805,53.83929806947708
3,0,23,1,random440_deear_085::1,134,False,20.49741554260254,30.808127880096436,51.32523573003709
3,0,23,2,random440_deear_085::2,143,False,21.566468000411987,33.442275285720825,55.02532989345491
3,0,23,3,random440_deear_085::3,132,False,20.05270767211914,64.54237151145935,84.58768187835813
3,0,24,0,random440_expressivespeech_030::0,53,False,8.073606967926025,11.831636428833008,19.884787064045668
3,0,24,1,random440_expressivespeech_030::1,37,False,5.713019847869873,8.139430522918701,13.851498344913125
3,0,24,2,random440_expressivespeech_030::2,36,False,5.292169570922852,7.915451526641846,13.196443719789386
3,0,24,3,random440_expressivespeech_030::3,33,False,5.08461332321167,8.368282556533813,13.436918836086988
3,1,0,0,random440_expressivespeech_058::0,42,False,8.901886224746704,9.448174715042114,18.32837451994419
3,1,0,1,random440_expressivespeech_058::1,57,False,9.476499319076538,12.773451566696167,22.403817167505622
3,1,0,2,random440_expressivespeech_058::2,54,False,8.883690595626831,12.203112125396729,21.29624818637967
3,1,0,3,random440_expressivespeech_058::3,30,False,4.560526609420776,12.83005666732788,17.588048294186592
3,1,1,0,random440_expressivespeech_132::0,134,False,24.824140787124634,32.25329089164734,57.0588873680681
3,1,1,1,random440_expressivespeech_132::1,127,False,19.785895824432373,30.386349201202393,50.160406520590186
3,1,1,2,random440_expressivespeech_132::2,133,False,20.827341318130493,31.11229968070984,51.924722108989954
3,1,1,3,random440_expressivespeech_132::3,148,False,23.761085748672485,56.322036027908325,80.04265032708645
3,1,2,0,random440_expressivespeech_322::0,17,False,2.881141424179077,3.7436113357543945,6.608740324154496
3,1,2,1,random440_expressivespeech_322::1,14,False,2.1352057456970215,3.0591249465942383,5.1848303489387035
3,1,2,2,random440_expressivespeech_322::2,23,False,3.4877378940582275,5.113654136657715,8.585078429430723
3,1,2,3,random440_expressivespeech_322::3,16,False,2.7369468212127686,7.643828392028809,10.364112252369523
3,1,3,0,random440_expressivespeech_320::0,42,False,6.717352867126465,9.488830089569092,16.188051069155335
3,1,3,1,random440_expressivespeech_320::1,43,False,6.975977420806885,9.612984418869019,16.5756480358541
3,1,3,2,random440_expressivespeech_320::2,49,False,7.725568056106567,11.52016806602478,19.227422330528498
3,1,3,3,random440_expressivespeech_320::3,33,False,5.069132566452026,14.031699419021606,19.297586428001523
3,1,4,0,random440_expressivespeech_171::0,84,False,13.531873941421509,19.234102249145508,32.74526967853308
3,1,4,1,random440_expressivespeech_171::1,82,False,13.25510835647583,18.488917350769043,32.0815402045846
3,1,4,2,random440_expressivespeech_171::2,86,False,13.831787586212158,19.949525833129883,34.123558005318046
3,1,4,3,random440_expressivespeech_171::3,78,False,12.240710258483887,29.94798994064331,42.52702164463699
3,1,5,0,random440_expressivespeech_198::0,79,False,12.336934328079224,18.140939474105835,30.460289940238
3,1,5,1,random440_expressivespeech_198::1,88,False,14.124284505844116,20.137994050979614,34.25272378325462
3,1,5,2,random440_expressivespeech_198::2,75,False,12.045279026031494,16.984116554260254,29.37629659101367
3,1,5,3,random440_expressivespeech_198::3,60,False,9.220592021942139,25.509076833724976,34.71512295678258
3,1,6,0,random440_expressivespeech_153::0,48,False,7.632549047470093,10.83507251739502,18.448021104559302
3,1,6,1,random440_expressivespeech_153::1,57,False,8.878446817398071,13.023073196411133,21.888420686125755
3,1,6,2,random440_expressivespeech_153::2,65,False,10.070006132125854,15.270047664642334,25.550163999199867
3,1,6,3,random440_expressivespeech_153::3,57,False,8.82266116142273,20.230220794677734,29.294034276157618
3,1,7,0,random440_expressivespeech_221::0,80,False,12.669892311096191,18.845458507537842,31.497793797403574
3,1,7,1,random440_expressivespeech_221::1,76,False,11.871670484542847,17.12740707397461,29.308684702962637
3,1,7,2,random440_expressivespeech_221::2,54,False,8.515767574310303,12.089477300643921,20.895617263391614
3,1,7,3,random440_expressivespeech_221::3,86,False,13.91753339767456,20.124324083328247,34.031166423112154
3,1,8,0,random440_deear_026::0,78,False,12.133715867996216,17.86159920692444,29.976508550345898
3,1,8,1,random440_deear_026::1,53,False,8.335567712783813,11.9056978225708,20.230305982753634
3,1,8,2,random440_deear_026::2,81,False,12.789159059524536,18.319478034973145,31.09844850189984
3,1,8,3,random440_deear_026::3,49,False,8.2844078540802,10.9518723487854,19.223744560033083
3,1,9,0,random440_expressivespeech_044::0,31,False,4.703349351882935,6.934534072875977,11.620999794453382
3,1,9,1,random440_expressivespeech_044::1,28,False,4.584656476974487,6.210106611251831,10.78564420901239
3,1,9,2,random440_expressivespeech_044::2,29,False,4.4209582805633545,6.449540376663208,10.961384404450655
3,1,9,3,random440_expressivespeech_044::3,35,False,5.584903240203857,15.600609302520752,21.27624630741775
3,1,10,0,random440_deear_029::0,27,False,4.1094582080841064,6.00289249420166,10.09520772099495
3,1,10,1,random440_deear_029::1,33,False,5.229581117630005,7.492177486419678,12.70619978941977
3,1,10,2,random440_deear_029::2,25,False,3.7978897094726562,5.557491302490234,9.473917787894607
3,1,10,3,random440_deear_029::3,23,False,3.489769220352173,8.588713884353638,12.061658822000027
3,1,11,0,random440_deear_020::0,99,False,16.141162395477295,23.03368639945984,39.155398985370994
3,1,11,1,random440_deear_020::1,99,False,15.710168838500977,22.964585781097412,39.07908036373556
3,1,11,2,random440_deear_020::2,106,False,16.735740423202515,24.513200044631958,41.63546855933964
3,1,11,3,random440_deear_020::3,112,False,17.669049739837646,42.66377806663513,60.785586051642895
3,1,12,0,random440_deear_053::0,9,False,1.7445106506347656,1.9656617641448975,3.6965321972966194
3,1,12,1,random440_deear_053::1,12,False,1.8391053676605225,2.6392552852630615,4.465353939682245
3,1,12,2,random440_deear_053::2,11,False,1.679093360900879,2.4189369678497314,4.082330280914903
3,1,12,3,random440_deear_053::3,14,False,2.122361421585083,9.347205877304077,11.45344715937972
3,1,13,0,random440_expressivespeech_072::0,48,False,7.649066925048828,10.830235481262207,18.461287355050445
3,1,13,1,random440_expressivespeech_072::1,49,False,7.63740611076355,11.513328075408936,19.13494787365198
3,1,13,2,random440_expressivespeech_072::2,40,False,6.027594804763794,8.939794063568115,15.144615683704615
3,1,13,3,random440_expressivespeech_072::3,52,False,8.23235821723938,20.956717252731323,29.17183607444167
3,1,14,0,random440_expressivespeech_040::0,25,False,4.042987585067749,5.5948896408081055,9.613731667399406
3,1,14,1,random440_expressivespeech_040::1,18,False,3.0864124298095703,3.9594461917877197,7.032874800264835
3,1,14,2,random440_expressivespeech_040::2,18,False,2.7298524379730225,3.9376654624938965,6.659008031710982
3,1,14,3,random440_expressivespeech_040::3,17,False,2.8032758235931396,8.31556510925293,11.103563953191042
3,1,15,0,random440_expressivespeech_277::0,66,False,10.589590311050415,14.854521036148071,25.4263104069978
3,1,15,1,random440_expressivespeech_277::1,46,False,6.950128793716431,10.769397974014282,17.968669006600976
3,1,15,2,random440_expressivespeech_277::2,66,False,10.29469347000122,15.039446353912354,25.323952285572886
3,1,15,3,random440_expressivespeech_277::3,46,False,7.369182825088501,13.810540199279785,21.425725350156426
3,1,16,0,random440_expressivespeech_121::0,133,False,21.632609367370605,31.041743278503418,52.65593613497913
3,1,16,1,random440_expressivespeech_121::1,115,False,18.323373317718506,27.010732889175415,45.319071194157004
3,1,16,2,random440_expressivespeech_121::2,122,False,19.06056833267212,28.4064884185791,47.4523670822382
3,1,16,3,random440_expressivespeech_121::3,113,False,17.56872034072876,26.643285751342773,44.19572374969721
3,1,17,0,random440_expressivespeech_257::0,79,False,12.209070682525635,17.80884313583374,29.997585274279118
3,1,17,1,random440_expressivespeech_257::1,100,False,15.66386079788208,23.537142992019653,39.191656820476055
3,1,17,2,random440_expressivespeech_257::2,98,False,15.733922243118286,22.643782377243042,38.76569445617497
3,1,17,3,random440_expressivespeech_257::3,88,False,13.876246690750122,35.344210624694824,49.63804380968213
3,1,18,0,random440_expressivespeech_118::0,168,False,27.551523447036743,39.22532272338867,66.75908018089831
3,1,18,1,random440_expressivespeech_118::1,168,False,26.74294948577881,39.320640087127686,66.0573636032641
3,1,18,2,random440_expressivespeech_118::2,177,False,28.837841749191284,42.26684856414795,70.88755822740495
3,1,18,3,random440_expressivespeech_118::3,156,False,24.838279724121094,84.70489263534546,109.48969946615398
3,1,19,0,random440_expressivespeech_236::0,390,False,72.61889100074768,94.87393426895142,164.76354144141078
3,1,19,1,random440_expressivespeech_236::1,319,False,50.46384334564209,78.04201674461365,130.18398293666542
3,1,19,2,random440_expressivespeech_236::2,307,False,49.58082818984985,73.30570387840271,122.88452775962651
3,1,19,3,random440_expressivespeech_236::3,292,False,46.61946964263916,315.7150423526764,362.2826759237796
3,1,20,0,random440_expressivespeech_173::0,11,True,1.7242307662963867,2.4359664916992188,4.14266019128263
3,1,20,1,random440_expressivespeech_173::1,11,True,1.6878976821899414,2.424038887023926,4.102650104090571
3,1,20,2,random440_expressivespeech_173::2,9,True,1.6258699893951416,1.9789297580718994,3.609468584880233
3,1,20,3,random440_expressivespeech_173::3,8,True,1.2403481006622314,3.361646890640259,4.6093600280582905
3,1,21,0,random440_deear_036::0,24,False,3.6235873699188232,5.437634229660034,9.044825023040175
3,1,21,1,random440_deear_036::1,32,False,5.5357372760772705,7.084718942642212,12.623307665809989
3,1,21,2,random440_deear_036::2,17,False,2.6711056232452393,3.7258543968200684,6.5121660474687815
3,1,21,3,random440_deear_036::3,18,False,2.724929094314575,10.517878293991089,13.22196465358138
3,1,22,0,random440_deear_061::0,168,False,26.7864031791687,39.903178453445435,66.673335833475
3,1,22,1,random440_deear_061::1,207,False,32.44981646537781,49.54008340835571,82.00388241186738
3,1,22,2,random440_deear_061::2,201,False,31.239116668701172,47.71746277809143,78.96672471985221
3,1,22,3,random440_deear_061::3,180,False,28.196033239364624,109.34121108055115,137.51063413731754
3,1,23,0,random440_expressivespeech_327::0,186,False,29.476325511932373,44.56951904296875,74.02502275258303
3,1,23,1,random440_expressivespeech_327::1,145,False,22.504367113113403,33.60045266151428,56.11689784936607
3,1,23,2,random440_expressivespeech_327::2,116,False,18.229153871536255,26.87620210647583,45.133015831932425
3,1,23,3,random440_expressivespeech_327::3,163,False,25.757210969924927,43.027987241744995,68.78761620260775
3,1,24,0,random440_expressivespeech_218::0,43,False,7.207252740859985,9.631232976913452,16.820712128654122
3,1,24,1,random440_expressivespeech_218::1,35,False,5.5400614738464355,7.8582844734191895,13.389244932681322
3,1,24,2,random440_expressivespeech_218::2,32,False,4.956009387969971,7.133843183517456,12.079882122576237
3,1,24,3,random440_expressivespeech_218::3,47,False,7.317054033279419,11.011611461639404,18.31278593838215
3,2,0,0,random440_expressivespeech_036::0,44,False,9.2399423122406,10.260057926177979,19.48104762658477
3,2,0,1,random440_expressivespeech_036::1,46,False,7.3350279331207275,10.244669675827026,17.739390928298235
3,2,0,2,random440_expressivespeech_036::2,45,False,7.15730881690979,10.227538108825684,17.547800997272134
3,2,0,3,random440_expressivespeech_036::3,48,False,7.20700740814209,17.652581453323364,24.839697044342756
3,2,1,0,random440_deear_051::0,127,False,23.201788663864136,30.135494470596313,53.31808502599597
3,2,1,1,random440_deear_051::1,150,False,24.120280504226685,35.40241003036499,60.04096018522978
3,2,1,2,random440_deear_051::2,139,False,21.950743436813354,33.04062461853027,54.978912523016334
3,2,1,3,random440_deear_051::3,126,False,19.29822611808777,51.934091329574585,71.19352165237069
3,2,2,0,random440_expressivespeech_064::0,32,False,5.153962135314941,7.0991621017456055,12.23382925055921
3,2,2,1,random440_expressivespeech_064::1,11,False,1.6743292808532715,2.418065309524536,4.083403306081891
3,2,2,2,random440_expressivespeech_064::2,13,False,1.9551506042480469,2.9553871154785156,4.8945429269224405
3,2,2,3,random440_expressivespeech_064::3,12,False,1.982285976409912,7.537787199020386,9.503195475786924
3,2,3,0,random440_expressivespeech_284::0,33,False,5.249140739440918,7.276756525039673,12.510180719196796
3,2,3,1,random440_expressivespeech_284::1,38,False,5.702765464782715,8.4032564163208,14.09288347326219
3,2,3,2,random440_expressivespeech_284::2,42,False,6.5541722774505615,9.736872911453247,16.279597418382764
3,2,3,3,random440_expressivespeech_284::3,49,False,7.683035135269165,20.818668365478516,28.657115502282977
3,2,4,0,random440_deear_019::0,64,False,9.969330787658691,14.883422613143921,24.833792936056852
3,2,4,1,random440_deear_019::1,107,False,16.61653780937195,25.33727741241455,42.19695317186415
3,2,4,2,random440_deear_019::2,80,False,12.339449405670166,18.984102964401245,31.757600164040923
3,2,4,3,random440_deear_019::3,77,False,12.058885335922241,30.39175009727478,42.423345843330026
3,2,5,0,random440_expressivespeech_305::0,51,False,7.662148952484131,12.164893388748169,19.806492621079087
3,2,5,1,random440_expressivespeech_305::1,85,False,13.256685256958008,20.180068492889404,33.42471223883331
3,2,5,2,random440_expressivespeech_305::2,75,False,11.573051452636719,17.8940532207489,29.799271408468485
3,2,5,3,random440_expressivespeech_305::3,90,False,13.78458309173584,32.220775842666626,45.992300264537334
3,2,6,0,random440_expressivespeech_094::0,54,False,8.825674057006836,12.643452405929565,21.448518987745047
3,2,6,1,random440_expressivespeech_094::1,55,False,8.517517805099487,13.007164478302002,21.509339448064566
3,2,6,2,random440_expressivespeech_094::2,59,False,9.163452625274658,13.972752571105957,23.125086475163698
3,2,6,3,random440_expressivespeech_094::3,67,False,10.38946795463562,18.284324645996094,28.894678931683302
3,2,7,0,random440_expressivespeech_032::0,81,False,12.440308809280396,19.1272189617157,31.549286095425487
3,2,7,1,random440_expressivespeech_032::1,69,False,10.67110824584961,15.784868717193604,26.769752342253923
3,2,7,2,random440_expressivespeech_032::2,79,False,12.173584461212158,17.86217427253723,30.02750668860972
3,2,7,3,random440_expressivespeech_032::3,59,False,9.228558540344238,17.681793212890625,27.222978984937072
3,2,8,0,random440_expressivespeech_244::0,65,False,10.117351770401001,14.468632221221924,24.56394347921014
3,2,8,1,random440_expressivespeech_244::1,74,False,12.090330362319946,16.49980592727661,28.579634752124548
3,2,8,2,random440_expressivespeech_244::2,59,False,8.966166734695435,13.01514983177185,22.279742369428277
3,2,8,3,random440_expressivespeech_244::3,60,False,9.519280672073364,15.791161298751831,25.297741375863552
3,2,9,0,random440_expressivespeech_241::0,33,False,5.208779811859131,7.215991735458374,12.406999921426177
3,2,9,1,random440_expressivespeech_241::1,35,False,5.4121294021606445,7.688453197479248,13.092555465176702
3,2,9,2,random440_expressivespeech_241::2,27,False,4.260753154754639,5.88390326499939,10.278335796669126
3,2,9,3,random440_expressivespeech_241::3,25,False,3.743269205093384,14.9968843460083,18.712966863065958
3,2,10,0,random440_expressivespeech_253::0,27,False,4.301647186279297,5.9156224727630615,10.19865045323968
3,2,10,1,random440_expressivespeech_253::1,32,False,4.8003249168396,7.0251264572143555,11.813319951295853
3,2,10,2,random440_expressivespeech_253::2,25,False,4.045674800872803,5.460161209106445,9.614922838285565
3,2,10,3,random440_expressivespeech_253::3,23,False,3.4293935298919678,9.237993717193604,12.648611307144165
3,2,11,0,random440_expressivespeech_324::0,80,False,12.470322370529175,17.865057229995728,30.31657614558935
3,2,11,1,random440_expressivespeech_324::1,95,False,14.787443399429321,21.737563371658325,36.841307083144784
3,2,11,2,random440_expressivespeech_324::2,103,False,15.904739618301392,23.447184801101685,39.75149584747851
3,2,11,3,random440_expressivespeech_324::3,111,False,17.91385507583618,55.62558174133301,73.91084120981395
3,2,12,0,random440_expressivespeech_159::0,13,False,2.023286819458008,2.832160711288452,4.838966656476259
3,2,12,1,random440_expressivespeech_159::1,12,False,1.883439540863037,2.614581823348999,4.483915699645877
3,2,12,2,random440_expressivespeech_159::2,11,False,1.6846904754638672,2.4173383712768555,4.087391283363104
3,2,12,3,random440_expressivespeech_159::3,10,False,1.5086901187896729,8.763703107833862,10.254091493785381
3,2,13,0,random440_expressivespeech_207::0,40,False,6.4520423412323,8.838582515716553,15.270904835313559
3,2,13,1,random440_expressivespeech_207::1,40,False,6.080041408538818,8.81916880607605,14.888006407767534
3,2,13,2,random440_expressivespeech_207::2,46,False,7.303747892379761,10.157514810562134,17.60341045074165
3,2,13,3,random440_expressivespeech_207::3,59,False,9.147578716278076,25.038055181503296,34.33872976899147
3,2,14,0,random440_deear_028::0,18,False,2.7426059246063232,3.923163890838623,6.6494687255471945
3,2,14,1,random440_deear_028::1,26,False,4.278255224227905,5.749223709106445,10.01632652245462
3,2,14,2,random440_deear_028::2,19,False,2.8810713291168213,4.120133876800537,6.9894909504801035
3,2,14,3,random440_deear_028::3,25,False,3.777592658996582,6.973703384399414,10.734168069437146
3,2,15,0,random440_expressivespeech_242::0,66,False,10.492759943008423,14.762298107147217,25.237464206293225
3,2,15,1,random440_expressivespeech_242::1,49,False,7.386082410812378,11.050135135650635,18.689888475462794
3,2,15,2,random440_expressivespeech_242::2,56,False,8.739407777786255,12.323450088500977,21.050721960142255
3,2,15,3,random440_expressivespeech_242::3,53,False,8.262620687484741,16.650424242019653,25.130840875208378
3,2,16,0,random440_expressivespeech_001::0,135,False,21.61202907562256,31.12493896484375,52.717884646728635
3,2,16,1,random440_expressivespeech_001::1,118,False,18.69096064567566,27.25772786140442,45.93240693025291
3,2,16,2,random440_expressivespeech_001::2,100,False,15.478245973587036,23.050650119781494,38.5211734790355
3,2,16,3,random440_expressivespeech_001::3,124,False,19.317070245742798,32.79124855995178,52.0954322014004
3,2,17,0,random440_expressivespeech_189::0,104,False,16.38271975517273,23.865850687026978,40.22911840863526
3,2,17,1,random440_expressivespeech_189::1,73,False,11.781646013259888,16.386545419692993,28.161138366907835
3,2,17,2,random440_expressivespeech_189::2,90,False,14.243510961532593,20.33318281173706,34.56776333600283
3,2,17,3,random440_expressivespeech_189::3,94,False,14.858948469161987,39.247334480285645,54.092620991170406
3,2,18,0,random440_expressivespeech_274::0,178,False,29.475800037384033,41.82134199142456,70.27043136581779
3,2,18,1,random440_expressivespeech_274::1,145,False,22.6784086227417,33.68922448158264,56.35678726807237
3,2,18,2,random440_expressivespeech_274::2,179,False,27.903391361236572,42.32544159889221,69.44064664654434
3,2,18,3,random440_expressivespeech_274::3,155,False,24.2773859500885,91.11807227134705,115.34030716493726
3,2,19,0,random440_expressivespeech_250::0,355,False,63.79349899291992,85.54005098342896,147.2003187648952
3,2,19,1,random440_expressivespeech_250::1,278,False,44.17013382911682,66.48692536354065,112.12052860297263
3,2,19,2,random440_expressivespeech_250::2,271,False,42.646970987319946,64.5619912147522,107.21082044765353
3,2,19,3,random440_expressivespeech_250::3,283,False,45.4310998916626,369.9443919658661,415.32034957781434
3,2,20,0,random440_expressivespeech_173::0,11,True,1.7056779861450195,2.4353702068328857,4.124229397624731
3,2,20,1,random440_expressivespeech_173::1,11,True,1.6814067363739014,2.449312925338745,4.119925331324339
3,2,20,2,random440_expressivespeech_173::2,9,True,1.3744189739227295,1.974104881286621,3.3483580127358437
3,2,20,3,random440_expressivespeech_173::3,8,True,1.2451527118682861,3.601858615875244,4.828158836811781
3,2,21,0,random440_expressivespeech_302::0,20,False,3.0429134368896484,4.394136905670166,7.422021124511957
3,2,21,1,random440_expressivespeech_302::1,23,False,4.064239025115967,5.2198920249938965,9.28216895274818
3,2,21,2,random440_expressivespeech_302::2,23,False,3.457543134689331,5.205825567245483,8.653242567554116
3,2,21,3,random440_expressivespeech_302::3,24,False,3.655337333679199,12.341053009033203,16.07040338218212
3,2,22,0,random440_expressivespeech_330::0,196,False,31.097092866897583,46.324140787124634,77.40102113224566
3,2,22,1,random440_expressivespeech_330::1,248,False,39.33384418487549,58.631014823913574,97.971290839836
3,2,22,2,random440_expressivespeech_330::2,245,False,38.62835454940796,57.95922899246216,96.59225231036544
3,2,22,3,random440_expressivespeech_330::3,238,False,37.3964319229126,56.329615116119385,93.72891248576343
3,2,23,0,random440_expressivespeech_289::0,150,False,23.72122573852539,34.84185290336609,58.54451907239854
3,2,23,1,random440_expressivespeech_289::1,178,False,27.799912929534912,42.0936233997345,69.91492811590433
3,2,23,2,random440_expressivespeech_289::2,140,False,22.047749042510986,32.31420302391052,54.370676562190056
3,2,23,3,random440_expressivespeech_289::3,137,False,21.430487155914307,40.018993616104126,61.46766083687544
3,2,24,0,random440_expressivespeech_336::0,43,False,6.960634469985962,9.689769268035889,16.630314188078046
3,2,24,1,random440_expressivespeech_336::1,34,False,5.115372180938721,7.6341352462768555,12.740587618201971
3,2,24,2,random440_expressivespeech_336::2,45,False,7.2056190967559814,10.126471996307373,17.320125192403793
3,2,24,3,random440_expressivespeech_336::3,31,False,4.9470906257629395,8.705771684646606,13.83198238350451
3,3,0,0,random440_deear_007::0,52,False,10.728306293487549,12.066223621368408,22.77543823607266
3,3,0,1,random440_deear_007::1,49,False,7.822058200836182,10.876548290252686,18.890019830316305
3,3,0,2,random440_deear_007::2,46,False,7.524583101272583,10.349428653717041,18.04593296162784
3,3,0,3,random440_deear_007::3,35,False,5.287592172622681,14.535608530044556,19.97685170173645
3,3,1,0,random440_expressivespeech_133::0,131,False,23.595847845077515,31.764402389526367,55.33990709669888
3,3,1,1,random440_expressivespeech_133::1,105,False,16.607107162475586,24.97162914276123,41.54795058630407
3,3,1,2,random440_expressivespeech_133::2,157,False,26.07971215248108,37.22208595275879,63.290948785841465
3,3,1,3,random440_expressivespeech_133::3,129,False,20.452735662460327,58.64484524726868,79.69949798099697
3,3,2,0,random440_expressivespeech_119::0,17,False,2.619952917098999,3.776926040649414,6.3789480570703745
3,3,2,1,random440_expressivespeech_119::1,17,False,2.8639163970947266,3.772273540496826,6.623018877580762
3,3,2,2,random440_expressivespeech_119::2,12,False,1.82993745803833,2.656784772872925,4.473510380834341
3,3,2,3,random440_expressivespeech_119::3,19,False,2.916018486022949,10.467250347137451,13.35924094170332
3,3,3,0,random440_expressivespeech_234::0,45,False,7.167983531951904,10.194261074066162,17.344824070110917
3,3,3,1,random440_expressivespeech_234::1,34,False,5.269969463348389,7.578494548797607,13.008576694875956
3,3,3,2,random440_expressivespeech_234::2,38,False,6.054530382156372,8.629699468612671,14.672965724021196
3,3,3,3,random440_expressivespeech_234::3,45,False,7.548781871795654,18.930489540100098,26.607148183509707
3,3,4,0,random440_expressivespeech_191::0,78,False,12.462116003036499,17.947818517684937,30.391094643622637
3,3,4,1,random440_expressivespeech_191::1,100,False,16.06799054145813,23.354085683822632,39.72118826769292
3,3,4,2,random440_expressivespeech_191::2,80,False,12.668786764144897,18.459152460098267,31.516358088701963
3,3,4,3,random440_expressivespeech_191::3,57,False,9.180833578109741,30.504467487335205,39.66844284534454
3,3,5,0,random440_deear_041::0,83,False,13.070971012115479,19.479873657226562,32.53379248827696
3,3,5,1,random440_deear_041::1,85,False,13.591555118560791,19.38510298728943,33.31871150061488
3,3,5,2,random440_deear_041::2,73,False,11.686432123184204,16.661226272583008,28.68171443231404
3,3,5,3,random440_deear_041::3,74,False,11.667449474334717,22.899900197982788,34.55499249137938
3,3,6,0,random440_expressivespeech_134::0,70,False,11.554625272750854,16.035694360733032,27.566017938777804
3,3,6,1,random440_expressivespeech_134::1,56,False,9.123706340789795,12.631514549255371,21.74421094916761
3,3,6,2,random440_expressivespeech_134::2,56,False,8.815702199935913,13.051784753799438,21.857995519414544
3,3,6,3,random440_expressivespeech_134::3,51,False,7.829862594604492,15.64054822921753,23.45333276130259
3,3,7,0,random440_deear_043::0,72,False,11.545677900314331,16.87322235107422,28.402583554387093
3,3,7,1,random440_deear_043::1,69,False,10.835257291793823,15.94883418083191,27.058743523433805
3,3,7,2,random440_deear_043::2,78,False,12.161016941070557,18.10828471183777,30.255450954660773
3,3,7,3,random440_deear_043::3,68,False,10.637982368469238,18.741809606552124,29.712490677833557
3,3,8,0,random440_expressivespeech_196::0,58,False,9.125508069992065,13.224418878555298,22.32989682815969
3,3,8,1,random440_expressivespeech_196::1,76,False,12.457899808883667,17.234375476837158,29.680814592167735
3,3,8,2,random440_expressivespeech_196::2,61,False,9.54448127746582,13.873291254043579,23.703315887600183
3,3,8,3,random440_expressivespeech_196::3,61,False,10.122872352600098,15.006575107574463,25.114776827394962
3,3,9,0,random440_expressivespeech_339::0,48,False,7.248361825942993,10.939121961593628,18.172767892479897
3,3,9,1,random440_expressivespeech_339::1,21,False,3.194978952407837,4.741563081741333,7.922874657437205
3,3,9,2,random440_expressivespeech_339::2,18,False,3.005845069885254,4.000712871551514,6.993600936606526
3,3,9,3,random440_expressivespeech_339::3,30,False,4.5848283767700195,16.838321685791016,21.39253457635641
3,3,10,0,random440_expressivespeech_278::0,26,False,4.219503402709961,5.88706636428833,10.087597150355577
3,3,10,1,random440_expressivespeech_278::1,33,False,5.018877983093262,7.669868230819702,12.674199551343918
3,3,10,2,random440_expressivespeech_278::2,22,False,3.64103627204895,4.940217733383179,8.702681876718998
3,3,10,3,random440_expressivespeech_278::3,25,False,3.8095827102661133,9.097060918807983,12.88219422660768
3,3,11,0,random440_expressivespeech_012::0,101,False,16.655322790145874,23.571327447891235,40.20754435285926
3,3,11,1,random440_expressivespeech_012::1,103,False,16.10447382926941,24.189353942871094,40.69160035252571
3,3,11,2,random440_expressivespeech_012::2,100,False,15.711476564407349,23.62644934654236,39.73471395671368
3,3,11,3,random440_expressivespeech_012::3,83,False,13.435302734375,46.17504644393921,60.025919299572706
3,3,12,0,random440_expressivespeech_316::0,12,False,1.929689884185791,2.664353847503662,4.580432470887899
3,3,12,1,random440_expressivespeech_316::1,8,False,1.2400007247924805,1.7573425769805908,2.9891902897506952
3,3,12,2,random440_expressivespeech_316::2,13,False,1.9884629249572754,2.877976894378662,4.855028312653303
3,3,12,3,random440_expressivespeech_316::3,11,False,1.6956610679626465,9.583939790725708,11.265330128371716
3,3,13,0,random440_expressivespeech_177::0,50,False,8.203139543533325,11.415617227554321,19.599847815930843
3,3,13,1,random440_expressivespeech_177::1,64,False,10.086134433746338,14.866300582885742,24.94268698990345
3,3,13,2,random440_expressivespeech_177::2,41,False,6.583449840545654,9.225383758544922,16.053120652213693
3,3,13,3,random440_expressivespeech_177::3,49,False,7.754749774932861,13.479281663894653,21.21818321570754
3,3,14,0,random440_deear_099::0,21,False,3.4483156204223633,4.735416889190674,8.162260569632053
3,3,14,1,random440_deear_099::1,25,False,4.2834718227386475,5.5931618213653564,9.86363223940134
3,3,14,2,random440_deear_099::2,19,False,2.945800542831421,4.219459772109985,7.248826831579208
3,3,14,3,random440_deear_099::3,23,False,3.818380117416382,5.370153903961182,9.173029834404588
3,3,15,0,random440_expressivespeech_262::0,57,False,9.176392078399658,13.014174938201904,22.17224731296301
3,3,15,1,random440_expressivespeech_262::1,63,False,9.932614088058472,14.878874778747559,25.025503991171718
3,3,15,2,random440_expressivespeech_262::2,61,False,9.316553354263306,14.099381685256958,23.66610986739397
3,3,15,3,random440_expressivespeech_262::3,41,False,6.59720778465271,12.557645559310913,19.380707221105695
3,3,16,0,random440_expressivespeech_139::0,130,False,21.352604866027832,30.54445457458496,51.880698746070266
3,3,16,1,random440_expressivespeech_139::1,114,False,18.596721172332764,26.612630367279053,45.19484557211399
3,3,16,2,random440_expressivespeech_139::2,115,False,18.40948224067688,26.96449899673462,45.35993144661188
3,3,16,3,random440_expressivespeech_139::3,117,False,18.677798748016357,27.935587644577026,46.598937798291445
3,3,17,0,random440_expressivespeech_029::0,85,False,13.406941413879395,19.644691228866577,33.03075262904167
3,3,17,1,random440_expressivespeech_029::1,84,False,13.437203407287598,19.6256742477417,33.05004656687379
3,3,17,2,random440_expressivespeech_029::2,77,False,12.373912572860718,17.58030366897583,30.28449685126543
3,3,17,3,random440_expressivespeech_029::3,113,False,18.192362308502197,42.93400835990906,61.1158286947757
3,3,18,0,random440_expressivespeech_075::0,188,False,32.4867959022522,45.670777797698975,77.17873734794557
3,3,18,1,random440_expressivespeech_075::1,143,False,22.693794012069702,34.02680492401123,56.71352219581604
3,3,18,2,random440_expressivespeech_075::2,142,False,22.515022039413452,33.70015597343445,56.205821964889765
3,3,18,3,random440_expressivespeech_075::3,170,False,26.778884172439575,95.88925290107727,122.61210041120648
3,3,19,0,random440_expressivespeech_108::0,252,False,43.24785089492798,60.75861930847168,102.64946025237441
3,3,19,1,random440_expressivespeech_108::1,292,False,48.20748209953308,70.71620655059814,117.25933407992125
3,3,19,2,random440_expressivespeech_108::2,292,False,46.494011640548706,71.65453505516052,118.14715959876776
3,3,19,3,random440_expressivespeech_108::3,232,False,36.97901177406311,404.24257493019104,441.17396962456405
3,3,20,0,random440_expressivespeech_173::0,11,True,2.016406774520874,2.4711575508117676,4.470873653888702
3,3,20,1,random440_expressivespeech_173::1,11,True,1.7124450206756592,2.4673376083374023,4.170631166547537
3,3,20,2,random440_expressivespeech_173::2,9,True,1.4058351516723633,1.9994392395019531,3.396666379645467
3,3,20,3,random440_expressivespeech_173::3,8,True,1.2571864128112793,3.147465944290161,4.414176519960165
3,3,21,0,random440_expressivespeech_033::0,26,False,4.0623862743377686,6.040272951126099,10.086399180814624
3,3,21,1,random440_expressivespeech_033::1,26,False,4.487069606781006,5.889902114868164,10.366911949589849
3,3,21,2,random440_expressivespeech_033::2,24,False,3.7055463790893555,5.414299249649048,9.20561621710658
3,3,21,3,random440_expressivespeech_033::3,26,False,4.295239210128784,7.372115612030029,11.65376870892942
3,3,22,0,random440_expressivespeech_077::0,257,False,41.90300512313843,62.42777633666992,104.3118740208447
3,3,22,1,random440_expressivespeech_077::1,223,False,35.87156820297241,53.79928541183472,89.66613855212927
3,3,22,2,random440_expressivespeech_077::2,184,False,29.32923698425293,44.40549421310425,73.75166346505284
3,3,22,3,random440_expressivespeech_077::3,187,False,30.431071996688843,66.36035633087158,96.8021639790386
3,3,23,0,random440_expressivespeech_151::0,137,False,22.08504819869995,32.23311710357666,54.298405738547444
3,3,23,1,random440_expressivespeech_151::1,157,False,25.359445810317993,36.98684525489807,62.36599078960717
3,3,23,2,random440_expressivespeech_151::2,140,False,23.018877506256104,32.85038709640503,55.87314558774233
3,3,23,3,random440_expressivespeech_151::3,159,False,25.272177696228027,46.7965521812439,72.07027219608426
3,3,24,0,random440_expressivespeech_297::0,41,False,6.847961902618408,9.215173721313477,16.04575887694955
3,3,24,1,random440_expressivespeech_297::1,30,False,4.801187753677368,6.769892692565918,11.568974036723375
3,3,24,2,random440_expressivespeech_297::2,34,False,5.487310409545898,7.630998611450195,13.104459898546338
3,3,24,3,random440_expressivespeech_297::3,46,False,7.276286602020264,12.584245681762695,19.973236175253987
3,4,0,0,random440_expressivespeech_337::0,39,False,8.323405504226685,8.637267589569092,16.940435422584414
3,4,0,1,random440_expressivespeech_337::1,49,False,8.369529485702515,10.940541505813599,19.448222938925028
3,4,0,2,random440_expressivespeech_337::2,53,False,8.76886773109436,12.487035274505615,21.417940782383084
3,4,0,3,random440_expressivespeech_337::3,40,False,6.23801064491272,15.459719896316528,21.887419948354363
3,4,1,0,random440_deear_098::0,129,False,24.121018171310425,31.23406481742859,55.33317298069596
3,4,1,1,random440_deear_098::1,122,False,19.756004095077515,29.04339838027954,48.78636323660612
3,4,1,2,random440_deear_098::2,126,False,20.50365424156189,29.722345113754272,50.21321080811322
3,4,1,3,random440_deear_098::3,134,False,21.65085768699646,63.46529817581177,85.61634778417647
3,4,2,0,random440_expressivespeech_170::0,16,False,2.791827917098999,3.5251972675323486,6.3011274337768555
3,4,2,1,random440_expressivespeech_170::1,15,False,2.3544609546661377,3.298490285873413,5.637574058026075
3,4,2,2,random440_expressivespeech_170::2,17,False,2.6592912673950195,3.7574281692504883,6.401621676981449
3,4,2,3,random440_expressivespeech_170::3,14,False,2.2349157333374023,10.274949550628662,12.484879778698087
3,4,3,0,random440_deear_075::0,48,False,7.774613618850708,10.827339172363281,18.585942056030035
3,4,3,1,random440_deear_075::1,36,False,6.169517517089844,7.965531826019287,14.122974809259176
3,4,3,2,random440_deear_075::2,44,False,7.072323560714722,9.997941732406616,17.05435961857438
3,4,3,3,random440_deear_075::3,31,False,5.031049013137817,16.35301923751831,21.569993808865547
3,4,4,0,random440_deear_025::0,84,False,13.517706155776978,19.36877131462097,32.86693989671767
3,4,4,1,random440_deear_025::1,90,False,14.824804306030273,20.85882043838501,36.01661857031286
3,4,4,2,random440_deear_025::2,95,False,15.200000286102295,22.515558004379272,38.065734865143895
3,4,4,3,random440_deear_025::3,79,False,12.604238748550415,21.537047147750854,34.514849200844765
3,4,5,0,random440_deear_100::0,88,False,14.668079376220703,20.305709838867188,34.955648666247725
3,4,5,1,random440_deear_100::1,80,False,13.198817729949951,18.134897232055664,31.3211527466774
3,4,5,2,random440_deear_100::2,74,False,12.227910280227661,16.552265882492065,28.77166437357664
3,4,5,3,random440_deear_100::3,71,False,11.490195035934448,21.9920916557312,33.46962871402502
3,4,6,0,random440_expressivespeech_066::0,57,False,9.428466081619263,12.803075075149536,22.210221230983734
3,4,6,1,random440_expressivespeech_066::1,61,False,9.875924587249756,13.76481008529663,23.629266491159797
3,4,6,2,random440_expressivespeech_066::2,54,False,8.425885200500488,12.24326205253601,20.894543770700693
3,4,6,3,random440_expressivespeech_066::3,60,False,9.609485864639282,18.64241862297058,28.235711120069027
3,4,7,0,random440_expressivespeech_224::0,78,False,12.729137659072876,17.871230602264404,30.584271255880594
3,4,7,1,random440_expressivespeech_224::1,59,False,9.476615905761719,13.405836582183838,23.19022280909121
3,4,7,2,random440_expressivespeech_224::2,78,False,12.666184425354004,17.636624336242676,30.283598084002733
3,4,7,3,random440_expressivespeech_224::3,71,False,11.494912385940552,19.699100255966187,31.528432780876756
3,4,8,0,random440_expressivespeech_258::0,56,False,9.076745510101318,12.596889019012451,21.655125247314572
3,4,8,1,random440_expressivespeech_258::1,64,False,10.478425025939941,14.605353593826294,25.073544094339013
3,4,8,2,random440_expressivespeech_258::2,71,False,11.624043464660645,15.869337320327759,27.733457427471876
3,4,8,3,random440_expressivespeech_258::3,56,False,8.870245218276978,17.474199295043945,26.609306525439024
3,4,9,0,random440_expressivespeech_156::0,26,False,4.288069248199463,5.743274450302124,10.01476307027042
3,4,9,1,random440_expressivespeech_156::1,35,False,5.755774259567261,7.742537260055542,13.486438240855932
3,4,9,2,random440_expressivespeech_156::2,30,False,4.951016426086426,6.690190076828003,11.625681875273585
3,4,9,3,random440_expressivespeech_156::3,24,False,3.736006736755371,15.577619075775146,19.282714888453484
3,4,10,0,random440_expressivespeech_332::0,22,False,3.6706221103668213,4.878509521484375,8.53185112029314
3,4,10,1,random440_expressivespeech_332::1,25,False,3.9095964431762695,5.727538108825684,9.623268174007535
3,4,10,2,random440_expressivespeech_332::2,27,False,4.227200984954834,6.051935195922852,10.267360227182508
3,4,10,3,random440_expressivespeech_332::3,31,False,5.114952802658081,10.757233619689941,15.952630568295717
3,4,11,0,random440_expressivespeech_042::0,99,False,16.33575940132141,23.223664045333862,39.54006833396852
3,4,11,1,random440_expressivespeech_042::1,110,False,17.653563976287842,25.87242078781128,43.92360848002136
3,4,11,2,random440_expressivespeech_042::2,89,False,14.725207090377808,20.40225625038147,35.109812108799815
3,4,11,3,random440_expressivespeech_042::3,88,False,14.535179615020752,46.91018486022949,61.390448367223144
3,4,12,0,random440_expressivespeech_232::0,11,False,1.8101654052734375,2.4083104133605957,4.2040319964289665
3,4,12,1,random440_expressivespeech_232::1,21,False,3.281714677810669,4.670544862747192,7.934554357081652
3,4,12,2,random440_expressivespeech_232::2,14,False,2.204463481903076,3.0487093925476074,5.240961410105228
3,4,12,3,random440_expressivespeech_232::3,13,False,2.0412187576293945,4.1758763790130615,6.202558498829603
3,4,13,0,random440_expressivespeech_059::0,41,False,6.985144138336182,9.205560207366943,16.17167512886226
3,4,13,1,random440_expressivespeech_059::1,57,False,9.170773983001709,13.166293144226074,22.32420182786882
3,4,13,2,random440_expressivespeech_059::2,56,False,9.053221940994263,12.54088306427002,21.807286355644464
3,4,13,3,random440_expressivespeech_059::3,50,False,8.383334875106812,13.110147476196289,21.708744635805488
3,4,14,0,random440_deear_097::0,23,False,3.6273913383483887,5.14896035194397,8.752313811331987
3,4,14,1,random440_deear_097::1,23,False,4.075108051300049,5.072866916656494,9.136603372171521
3,4,14,2,random440_deear_097::2,21,False,3.4599413871765137,4.648170471191406,8.185689540579915
3,4,14,3,random440_deear_097::3,21,False,3.2841758728027344,5.0752246379852295,8.343221195042133
3,4,15,0,random440_expressivespeech_328::0,50,False,8.230088233947754,11.137569904327393,19.350657664239407
3,4,15,1,random440_expressivespeech_328::1,54,False,8.645729541778564,12.61945104598999,21.446061668917537
3,4,15,2,random440_expressivespeech_328::2,52,False,8.553406000137329,11.62946105003357,20.379950903356075
3,4,15,3,random440_expressivespeech_328::3,65,False,10.551581859588623,18.451349020004272,28.977151008322835
3,4,16,0,random440_deear_091::0,114,False,18.786335229873657,26.136798858642578,44.913743402808905
3,4,16,1,random440_deear_091::1,96,False,15.689324378967285,22.24571132659912,37.91975275799632
3,4,16,2,random440_deear_091::2,149,False,24.82643699645996,34.91147422790527,60.10964817926288
3,4,16,3,random440_deear_091::3,107,False,17.25839638710022,29.300482511520386,46.54022997431457
3,4,17,0,random440_expressivespeech_091::0,113,False,18.314186334609985,26.212908267974854,44.50767896510661
3,4,17,1,random440_expressivespeech_091::1,78,False,12.861389398574829,17.647021055221558,30.494786677882075
3,4,17,2,random440_expressivespeech_091::2,82,False,13.392235279083252,18.689883708953857,32.071562169119716
3,4,17,3,random440_expressivespeech_091::3,81,False,13.055623292922974,36.68159008026123,49.72483618929982
3,4,18,0,random440_expressivespeech_268::0,181,False,31.63195013999939,42.993443727493286,73.82157124020159
3,4,18,1,random440_expressivespeech_268::1,138,False,22.677640676498413,32.27326989173889,54.94211085140705
3,4,18,2,random440_expressivespeech_268::2,154,False,25.04171872138977,36.36098909378052,61.39171250537038
3,4,18,3,random440_expressivespeech_268::3,164,False,26.678754329681396,96.04662156105042,122.6736587304622
3,4,19,0,random440_expressivespeech_141::0,238,False,41.24328422546387,57.106409788131714,97.22386963106692
3,4,19,1,random440_expressivespeech_141::1,262,False,44.80123949050903,62.94621682167053,106.50560826808214
3,4,19,2,random440_expressivespeech_141::2,292,False,49.46225070953369,69.90895748138428,119.02913548797369
3,4,19,3,random440_expressivespeech_141::3,253,False,42.23937392234802,415.8699905872345,458.0698074903339
3,4,20,0,random440_deear_067::0,15,False,2.4064033031463623,3.3195769786834717,5.709513142704964
3,4,20,1,random440_deear_067::1,9,False,1.4389817714691162,1.988215446472168,3.417461108416319
3,4,20,2,random440_deear_067::2,9,False,1.4369912147521973,1.976651668548584,3.405104072764516
3,4,20,3,random440_deear_067::3,9,False,1.4425928592681885,2.438015937805176,3.896422201767564
3,4,21,0,random440_deear_045::0,25,False,3.940429210662842,5.83797025680542,9.760747864842415
3,4,21,1,random440_deear_045::1,34,False,5.668852090835571,7.65027642250061,13.318293014541268
3,4,21,2,random440_deear_045::2,22,False,3.7142324447631836,4.910354137420654,8.614494986832142
3,4,21,3,random440_deear_045::3,21,False,3.301281690597534,6.216753244400024,9.504007425159216
3,4,22,0,random440_expressivespeech_130::0,187,False,31.12630581855774,44.424402952194214,74.67691905982792
3,4,22,1,random440_expressivespeech_130::1,188,False,30.930580854415894,45.33850860595703,75.40109355002642
3,4,22,2,random440_expressivespeech_130::2,237,False,38.445777893066406,57.203699350357056,94.48851978220046
3,4,22,3,random440_expressivespeech_130::3,226,False,36.9033842086792,81.95698499679565,117.43014155887067
3,4,23,0,random440_expressivespeech_174::0,151,False,24.868083953857422,35.42035174369812,60.26970676332712
3,4,23,1,random440_expressivespeech_174::1,152,False,25.39730143547058,35.48526096343994,60.9065572693944
3,4,23,2,random440_expressivespeech_174::2,134,False,21.956406593322754,31.302340030670166,53.283182580024004
3,4,23,3,random440_expressivespeech_174::3,155,False,26.083687782287598,44.190240144729614,70.28013597242534
3,4,24,0,random440_expressivespeech_143::0,34,False,5.756653547286987,7.664281368255615,13.403611676767468
3,4,24,1,random440_expressivespeech_143::1,44,False,7.272063493728638,10.225212812423706,17.48642405308783
3,4,24,2,random440_expressivespeech_143::2,31,False,4.905379056930542,6.9370245933532715,11.837903277948499
3,4,24,3,random440_expressivespeech_143::3,42,False,6.935364723205566,10.811131954193115,17.7331374399364
3,5,0,0,random440_expressivespeech_273::0,56,False,12.519790649414062,14.494292736053467,26.99261025711894
3,5,0,1,random440_expressivespeech_273::1,49,False,8.49321985244751,12.476946115493774,21.173042383044958
3,5,0,2,random440_expressivespeech_273::2,37,False,6.630849838256836,9.126142740249634,15.73835744522512
3,5,0,3,random440_expressivespeech_273::3,37,False,6.045545816421509,9.454609870910645,15.474698945879936
3,5,1,0,random440_expressivespeech_206::0,129,False,25.478678226470947,32.4650239944458,57.922492664307356
3,5,1,1,random440_expressivespeech_206::1,135,False,23.21276092529297,33.908387660980225,57.107482163235545
3,5,1,2,random440_expressivespeech_206::2,109,False,18.59203553199768,27.22239851951599,45.798888467252254
3,5,1,3,random440_expressivespeech_206::3,125,False,21.2790367603302,57.25278854370117,78.91688271611929
3,5,2,0,random440_deear_094::0,16,False,2.934255838394165,3.752638101577759,6.6682354509830475
3,5,2,1,random440_deear_094::1,14,False,2.2871551513671875,3.2729053497314453,5.545920500531793
3,5,2,2,random440_deear_094::2,17,False,2.7901980876922607,3.9875802993774414,6.762719327583909
3,5,2,3,random440_deear_094::3,13,False,2.148256540298462,9.708243608474731,11.840631389990449
3,5,3,0,random440_expressivespeech_239::0,37,False,6.2830212116241455,8.83793330192566,15.103774510324001
3,5,3,1,random440_expressivespeech_239::1,43,False,7.413029909133911,10.440451622009277,17.83960960060358
3,5,3,2,random440_expressivespeech_239::2,46,False,7.496708393096924,11.162147998809814,18.81518349610269
3,5,3,3,random440_expressivespeech_239::3,48,False,8.1520357131958,11.558952808380127,19.89702199958265
3,5,4,0,random440_expressivespeech_049::0,79,False,13.563401222229004,19.160043001174927,32.70413759723306
3,5,4,1,random440_expressivespeech_049::1,95,False,16.05050802230835,23.589195013046265,39.62778941728175
3,5,4,2,random440_expressivespeech_049::2,91,False,15.191186428070068,22.61355185508728,38.194250747561455
3,5,4,3,random440_expressivespeech_049::3,75,False,12.530554056167603,18.095526218414307,31.001712523400784
3,5,5,0,random440_deear_018::0,67,False,11.458928108215332,16.740453004837036,28.181524250656366
3,5,5,1,random440_deear_018::1,76,False,12.78864073753357,18.66640877723694,31.444462021812797
3,5,5,2,random440_deear_018::2,85,False,14.803949117660522,20.894689321517944,35.99993876926601
3,5,5,3,random440_deear_018::3,82,False,13.857471704483032,19.79406189918518,33.985574040561914
3,5,6,0,random440_expressivespeech_335::0,55,False,9.726625204086304,13.228857517242432,22.93317772820592
3,5,6,1,random440_expressivespeech_335::1,61,False,10.20052981376648,14.617798089981079,24.805245518684387
3,5,6,2,random440_expressivespeech_335::2,54,False,9.128134727478027,13.378925085067749,22.739157738164067
3,5,6,3,random440_expressivespeech_335::3,59,False,9.849349975585938,14.627835512161255,24.463282126933336
3,5,7,0,random440_expressivespeech_100::0,61,False,10.3283851146698,14.885613679885864,25.18609930574894
3,5,7,1,random440_expressivespeech_100::1,66,False,11.593621969223022,15.918294429779053,27.505161944776773
3,5,7,2,random440_expressivespeech_100::2,57,False,9.418632984161377,13.81976842880249,23.49792903289199
3,5,7,3,random440_expressivespeech_100::3,94,False,16.40400004386902,23.514474153518677,39.90550482645631
3,5,8,0,random440_expressivespeech_214::0,59,False,9.932316780090332,14.255467653274536,24.1697604842484
3,5,8,1,random440_expressivespeech_214::1,51,False,8.593564748764038,12.221786499023438,20.802578376606107
3,5,8,2,random440_expressivespeech_214::2,42,False,7.153806209564209,10.169529438018799,17.31157138571143
3,5,8,3,random440_expressivespeech_214::3,92,False,15.420192003250122,23.193268299102783,38.59725323878229
3,5,9,0,random440_deear_017::0,30,False,5.170116901397705,7.152661323547363,12.30043026804924
3,5,9,1,random440_deear_017::1,29,False,4.848167657852173,6.920471429824829,11.754718335345387
3,5,9,2,random440_deear_017::2,31,False,5.260006666183472,7.354125738143921,12.601120186969638
3,5,9,3,random440_deear_017::3,24,False,3.9259932041168213,13.81116008758545,17.84767641313374
3,5,10,0,random440_expressivespeech_194::0,34,False,5.869220495223999,8.123862266540527,13.974704824388027
3,5,10,1,random440_expressivespeech_194::1,19,False,3.1785669326782227,4.535341262817383,7.700483191758394
3,5,10,2,random440_expressivespeech_194::2,23,False,3.984595537185669,5.464548110961914,9.439370570704341
3,5,10,3,random440_expressivespeech_194::3,27,False,4.499547243118286,8.717398881912231,13.200238842517138
3,5,11,0,random440_deear_065::0,124,False,21.50212049484253,30.84671950340271,52.32975883036852
3,5,11,1,random440_deear_065::1,125,False,20.93008542060852,30.8639132976532,51.77701733633876
3,5,11,2,random440_deear_065::2,100,False,16.700326919555664,24.97610878944397,41.66087680310011
3,5,11,3,random440_deear_065::3,82,False,13.646888732910156,19.877300024032593,33.508921317756176
3,5,12,0,random440_deear_021::0,12,False,1.9989311695098877,2.8174774646759033,4.797052197158337
3,5,12,1,random440_deear_021::1,9,False,1.7288362979888916,2.1052353382110596,3.821378918364644
3,5,12,2,random440_deear_021::2,8,False,1.32293701171875,1.8615844249725342,3.171629248186946
3,5,12,3,random440_deear_021::3,30,False,4.881486177444458,7.1409032344818115,12.003697669133544
3,5,13,0,random440_expressivespeech_145::0,45,False,7.600749969482422,10.801818370819092,18.381542248651385
3,5,13,1,random440_expressivespeech_145::1,56,False,9.42507028579712,13.670737743377686,23.082448814064264
3,5,13,2,random440_expressivespeech_145::2,40,False,6.518305063247681,9.604310989379883,16.33213436231017
3,5,13,3,random440_expressivespeech_145::3,57,False,9.57339596748352,14.538589477539062,24.09590415842831
3,5,14,0,random440_expressivespeech_142::0,22,False,3.8548476696014404,5.223779201507568,9.058961372822523
3,5,14,1,random440_expressivespeech_142::1,22,False,3.8805582523345947,5.22674298286438,9.093023246154189
3,5,14,2,random440_expressivespeech_142::2,22,False,3.7803971767425537,5.2616424560546875,9.026211351156235
3,5,14,3,random440_expressivespeech_142::3,18,False,2.9633591175079346,4.2332444190979,7.265604009851813
3,5,15,0,random440_expressivespeech_060::0,53,False,9.019049167633057,12.70341968536377,21.704304061830044
3,5,15,1,random440_expressivespeech_060::1,54,False,9.0919828414917,13.069786310195923,22.35782926157117
3,5,15,2,random440_expressivespeech_060::2,64,False,10.480616331100464,15.514662981033325,26.207043999806046
3,5,15,3,random440_expressivespeech_060::3,49,False,8.217408418655396,11.652286052703857,20.117622891440988
3,5,16,0,random440_expressivespeech_052::0,85,False,14.873184442520142,20.8930606842041,35.748011860996485
3,5,16,1,random440_expressivespeech_052::1,117,False,19.5111083984375,29.167900323867798,49.01203705556691
3,5,16,2,random440_expressivespeech_052::2,117,False,19.803516626358032,29.072999954223633,48.85944516956806
3,5,16,3,random440_expressivespeech_052::3,114,False,19.315521717071533,36.86221146583557,56.14954400807619
3,5,17,0,random440_expressivespeech_136::0,84,False,14.000792980194092,20.49956202507019,34.48110422305763
3,5,17,1,random440_expressivespeech_136::1,88,False,15.225571155548096,21.724947452545166,36.93560838513076
3,5,17,2,random440_expressivespeech_136::2,109,False,18.28852415084839,27.066231966018677,45.70883165113628
3,5,17,3,random440_expressivespeech_136::3,73,False,12.133388042449951,27.843222856521606,40.398378640413284
3,5,18,0,random440_expressivespeech_117::0,172,False,31.841551065444946,43.18012499809265,75.00177792459726
3,5,18,1,random440_expressivespeech_117::1,156,False,26.07730507850647,38.878299713134766,64.94618929550052
3,5,18,2,random440_expressivespeech_117::2,162,False,27.7166645526886,40.86893129348755,68.57268241979182
3,5,18,3,random440_expressivespeech_117::3,143,False,24.06339430809021,80.91762804985046,104.93577621504664
3,5,19,0,random440_expressivespeech_018::0,397,False,76.97989010810852,103.01227760314941,177.3985767327249
3,5,19,1,random440_expressivespeech_018::1,423,False,73.1518166065216,111.34829235076904,181.8984632808715
3,5,19,2,random440_expressivespeech_018::2,499,False,87.57432818412781,130.39970874786377,216.3716490995139
3,5,19,3,random440_expressivespeech_018::3,462,False,78.90038228034973,120.83117747306824,199.83173961564898
3,5,20,0,random440_expressivespeech_186::0,15,False,2.76951003074646,3.583956718444824,6.334193788468838
3,5,20,1,random440_expressivespeech_186::1,9,False,1.525758981704712,2.125897169113159,3.645264610648155
3,5,20,2,random440_expressivespeech_186::2,9,False,1.4923124313354492,2.1325104236602783,3.6109222564846277
3,5,20,3,random440_expressivespeech_186::3,7,False,1.1737682819366455,1.645313024520874,2.8393738716840744
3,5,21,0,random440_expressivespeech_034::0,25,False,4.116298675537109,6.010239601135254,10.101887993514538
3,5,21,1,random440_expressivespeech_034::1,21,False,4.017964839935303,5.0212578773498535,9.031002163887024
3,5,21,2,random440_expressivespeech_034::2,24,False,3.9445085525512695,5.771176338195801,9.707063857465982
3,5,21,3,random440_expressivespeech_034::3,30,False,5.214779853820801,7.339654207229614,12.630599424242973
3,5,22,0,random440_expressivespeech_247::0,211,False,36.049882888793945,53.93594527244568,88.75921400077641
3,5,22,1,random440_expressivespeech_247::1,192,False,32.50875210762024,48.79819130897522,80.49557222053409
3,5,22,2,random440_expressivespeech_247::2,176,False,30.126142978668213,45.15825057029724,74.41084883920848
3,5,22,3,random440_expressivespeech_247::3,205,False,34.7151312828064,85.13322234153748,118.48199583776295
3,5,23,0,random440_expressivespeech_299::0,137,False,23.32389545440674,34.1471471786499,57.447631411254406
3,5,23,1,random440_expressivespeech_299::1,110,False,18.371195554733276,27.28365468978882,45.70458170771599
3,5,23,2,random440_expressivespeech_299::2,152,False,25.546636819839478,38.331419467926025,63.89890876598656
3,5,23,3,random440_expressivespeech_299::3,185,False,31.789021492004395,47.22155404090881,78.19157798029482
3,5,24,0,random440_deear_059::0,35,False,6.053717136383057,8.397923946380615,14.430674728006124
3,5,24,1,random440_deear_059::1,31,False,5.391517877578735,7.462780952453613,12.844410290941596
3,5,24,2,random440_deear_059::2,35,False,5.8309478759765625,8.3551926612854,14.177670130506158
3,5,24,3,random440_deear_059::3,40,False,6.762184381484985,12.324841737747192,19.07294657640159
3,6,0,0,random440_expressivespeech_015::0,39,False,8.37876033782959,8.863073110580444,17.222302995622158
3,6,0,1,random440_expressivespeech_015::1,37,False,5.978532791137695,8.273842334747314,14.392222126945853
3,6,0,2,random440_expressivespeech_015::2,58,False,9.646954536437988,13.338292598724365,23.11231392249465
3,6,0,3,random440_expressivespeech_015::3,45,False,6.794055700302124,18.170968055725098,25.186086114495993
3,6,1,0,random440_expressivespeech_039::0,105,False,18.89550232887268,25.42123794555664,44.2973744161427
3,6,1,1,random440_expressivespeech_039::1,137,False,22.82603168487549,32.75097322463989,56.02576888538897
3,6,1,2,random440_expressivespeech_039::2,123,False,19.02518630027771,29.68570566177368,48.695543337613344
3,6,1,3,random440_expressivespeech_039::3,130,False,20.202402591705322,70.72854518890381,90.87865481339395
3,6,2,0,random440_expressivespeech_166::0,16,False,2.4633994102478027,3.5341813564300537,5.980693727731705
3,6,2,1,random440_expressivespeech_166::1,16,False,2.4192607402801514,3.5209131240844727,5.925374208018184
3,6,2,2,random440_expressivespeech_166::2,20,False,3.31020450592041,4.449683904647827,7.748508736491203
3,6,2,3,random440_expressivespeech_166::3,24,False,3.7313687801361084,7.40284538269043,11.188857005909085
3,6,3,0,random440_expressivespeech_104::0,38,False,5.976573467254639,8.562372922897339,14.518540766090155
3,6,3,1,random440_expressivespeech_104::1,52,False,8.50306248664856,11.649921178817749,20.13990835286677
3,6,3,2,random440_expressivespeech_104::2,42,False,6.338457822799683,9.506407260894775,15.830075269564986
3,6,3,3,random440_expressivespeech_104::3,37,False,6.039213180541992,14.636859893798828,20.652236318215728
3,6,4,0,random440_deear_089::0,91,False,14.200206518173218,21.08723282814026,35.26823538541794
3,6,4,1,random440_deear_089::1,68,False,10.610161304473877,15.377531290054321,26.35259768553078
3,6,4,2,random440_deear_089::2,95,False,14.936788558959961,22.185600996017456,37.10926421545446
3,6,4,3,random440_deear_089::3,83,False,12.8908531665802,29.28547167778015,42.54771821945906
3,6,5,0,random440_expressivespeech_209::0,71,False,11.082107543945312,16.312411785125732,27.375181324779987
3,6,5,1,random440_expressivespeech_209::1,72,False,11.29146122932434,16.43049454689026,27.713374199345708
3,6,5,2,random440_expressivespeech_209::2,71,False,11.067729949951172,16.295263051986694,27.642871344462037
3,6,5,3,random440_expressivespeech_209::3,92,False,14.24095606803894,31.940558671951294,46.45925985276699
3,6,6,0,random440_expressivespeech_023::0,53,False,8.713375806808472,12.045670747756958,20.740182692185044
3,6,6,1,random440_expressivespeech_023::1,60,False,9.347996711730957,13.809696674346924,23.145191725343466
3,6,6,2,random440_expressivespeech_023::2,69,False,10.556395292282104,16.027114868164062,26.809939006343484
3,6,6,3,random440_expressivespeech_023::3,46,False,7.213070869445801,16.927703142166138,24.411863325163722
3,6,7,0,random440_expressivespeech_081::0,75,False,11.889686822891235,17.522821187973022,29.39477967657149
3,6,7,1,random440_expressivespeech_081::1,66,False,9.972092628479004,15.184895992279053,25.446821220219135
3,6,7,2,random440_expressivespeech_081::2,69,False,10.962052345275879,15.554712295532227,26.50581356883049
3,6,7,3,random440_expressivespeech_081::3,64,False,9.995227098464966,24.047678470611572,34.02720977924764
3,6,8,0,random440_expressivespeech_248::0,73,False,11.523565769195557,16.816178798675537,28.321268316358328
3,6,8,1,random440_expressivespeech_248::1,61,False,9.49868655204773,13.780375242233276,23.590927124023438
3,6,8,2,random440_expressivespeech_248::2,57,False,8.59010624885559,12.860069274902344,21.437424439936876
3,6,8,3,random440_expressivespeech_248::3,52,False,8.082348346710205,19.3022940158844,27.601815344765782
3,6,9,0,random440_deear_058::0,39,False,6.148038148880005,8.935166835784912,15.066131943836808
3,6,9,1,random440_deear_058::1,22,False,3.30979061126709,4.89618992805481,8.191661078482866
3,6,9,2,random440_deear_058::2,23,False,3.7531065940856934,5.130735874176025,8.867657767608762
3,6,9,3,random440_deear_058::3,28,False,4.2165844440460205,18.141955375671387,22.417764987796545
3,6,10,0,random440_deear_073::0,26,False,3.9445881843566895,5.840482950210571,9.766198467463255
3,6,10,1,random440_deear_073::1,23,False,3.687471628189087,5.154464960098267,8.828815532848239
3,6,10,2,random440_deear_073::2,30,False,4.54447078704834,6.69701361656189,11.23021231032908
3,6,10,3,random440_deear_073::3,32,False,5.094915866851807,9.347332239151001,14.538457801565528
3,6,11,0,random440_expressivespeech_084::0,99,False,15.447328805923462,22.9488525390625,38.37557227164507
3,6,11,1,random440_expressivespeech_084::1,98,False,15.289950370788574,22.776309967041016,38.45878581143916
3,6,11,2,random440_expressivespeech_084::2,128,False,20.080431938171387,30.005566835403442,50.47727574408054
3,6,11,3,random440_expressivespeech_084::3,99,False,15.187533617019653,37.63522911071777,52.78007259592414
3,6,12,0,random440_expressivespeech_213::0,15,False,2.3673434257507324,3.3073949813842773,5.656259838491678
3,6,12,1,random440_expressivespeech_213::1,13,False,2.258340835571289,2.870466947555542,5.11596511490643
3,6,12,2,random440_expressivespeech_213::2,15,False,2.2706844806671143,3.2867238521575928,5.543724963441491
3,6,12,3,random440_expressivespeech_213::3,14,False,2.127788543701172,5.165425539016724,7.329885778948665
3,6,13,0,random440_expressivespeech_201::0,47,False,7.3727381229400635,10.621328592300415,17.97516032680869
3,6,13,1,random440_expressivespeech_201::1,58,False,9.060965061187744,13.41288423538208,22.461288888007402
3,6,13,2,random440_expressivespeech_201::2,46,False,7.4408769607543945,10.38968825340271,18.050753716379404
3,6,13,3,random440_expressivespeech_201::3,47,False,7.172776222229004,16.19003915786743,23.336443008854985
3,6,14,0,random440_expressivespeech_149::0,20,False,3.2534384727478027,4.442899465560913,7.678553659468889
3,6,14,1,random440_expressivespeech_149::1,20,False,3.286498785018921,4.5939695835113525,7.86938307993114
3,6,14,2,random440_expressivespeech_149::2,22,False,3.3375821113586426,4.917670726776123,8.308381570503116
3,6,14,3,random440_expressivespeech_149::3,21,False,3.4728119373321533,7.13900351524353,10.676473079249263
3,6,15,0,random440_expressivespeech_002::0,63,False,9.849467992782593,14.27721619606018,24.108233762905
3,6,15,1,random440_expressivespeech_002::1,53,False,8.063665390014648,12.363478660583496,20.668526804074645
3,6,15,2,random440_expressivespeech_002::2,38,False,6.0424604415893555,8.514468669891357,14.542502181604505
3,6,15,3,random440_expressivespeech_002::3,58,False,9.005206823348999,21.780784368515015,30.762878768146038
3,6,16,0,random440_expressivespeech_161::0,115,False,18.707217693328857,26.46768617630005,45.15540350228548
3,6,16,1,random440_expressivespeech_161::1,99,False,15.389160871505737,22.898826122283936,38.27300622873008
3,6,16,2,random440_expressivespeech_161::2,101,False,15.785083055496216,23.54914093017578,39.3146853428334
3,6,16,3,random440_expressivespeech_161::3,117,False,18.305633306503296,48.36428952217102,67.07778649777174
3,6,17,0,random440_expressivespeech_164::0,92,False,14.250982999801636,21.83096718788147,36.06264818459749
3,6,17,1,random440_expressivespeech_164::1,86,False,13.912038326263428,20.013141632080078,33.915325136855245
3,6,17,2,random440_expressivespeech_164::2,83,False,12.956254005432129,18.963215112686157,31.91132646612823
3,6,17,3,random440_expressivespeech_164::3,93,False,14.672733783721924,40.56214499473572,55.220611253753304
3,6,18,0,random440_expressivespeech_172::0,166,False,27.73943853378296,39.09550714492798,66.81749298796058
3,6,18,1,random440_expressivespeech_172::1,159,False,25.35011577606201,37.44460129737854,62.784942446276546
3,6,18,2,random440_expressivespeech_172::2,212,False,35.06861400604248,50.69964599609375,84.78956870175898
3,6,18,3,random440_expressivespeech_172::3,211,False,33.75029730796814,64.92493319511414,97.55441678315401
3,6,19,0,random440_deear_004::0,388,False,69.06033062934875,95.53242206573486,162.35188849642873
3,6,19,1,random440_deear_004::1,354,False,57.04654669761658,88.76212000846863,147.50802652724087
3,6,19,2,random440_deear_004::2,353,False,56.14915704727173,87.91006398200989,141.89713947847486
3,6,19,3,random440_deear_004::3,397,False,63.78405952453613,264.5215723514557,325.49400707893074
3,6,20,0,random440_expressivespeech_048::0,9,False,1.436518907546997,2.0023772716522217,3.4223858416080475
3,6,20,1,random440_expressivespeech_048::1,12,False,1.8707833290100098,2.6801295280456543,4.540565378963947
3,6,20,2,random440_expressivespeech_048::2,11,False,1.7043297290802002,2.475822687149048,4.170277342200279
3,6,20,3,random440_expressivespeech_048::3,8,False,1.2543723583221436,3.0401241779327393,4.279786275699735
3,6,21,0,random440_deear_060::0,23,False,3.511265277862549,5.2057883739471436,8.700797028839588
3,6,21,1,random440_deear_060::1,25,False,4.300340175628662,5.636680364608765,9.94432363472879
3,6,21,2,random440_deear_060::2,29,False,4.6808552742004395,6.566279888153076,11.33450698852539
3,6,21,3,random440_deear_060::3,22,False,3.3479912281036377,8.020753622055054,11.468253353610635
3,6,22,0,random440_expressivespeech_276::0,193,False,31.301872968673706,46.468666553497314,76.90018675290048
3,6,22,1,random440_expressivespeech_276::1,188,False,29.796265840530396,45.20080614089966,74.12054787762463
3,6,22,2,random440_expressivespeech_276::2,198,False,31.372573137283325,47.41170692443848,77.91977487318218
3,6,22,3,random440_expressivespeech_276::3,193,False,30.13919758796692,104.67595934867859,133.53448658064008
3,6,23,0,random440_deear_088::0,120,False,19.091657638549805,28.16958498954773,47.24051265977323
3,6,23,1,random440_deear_088::1,167,False,26.900062561035156,39.851083755493164,66.76704296842217
3,6,23,2,random440_deear_088::2,142,False,22.43100643157959,33.3018696308136,55.787068381905556
3,6,23,3,random440_deear_088::3,145,False,23.545119762420654,51.42923831939697,74.98636299185455
3,6,24,0,random440_expressivespeech_106::0,27,False,4.463174819946289,6.09584903717041,10.542639510706067
3,6,24,1,random440_expressivespeech_106::1,36,False,5.502652645111084,8.140634298324585,13.635914577171206
3,6,24,2,random440_expressivespeech_106::2,39,False,6.336723566055298,8.86148476600647,15.185539280995727
3,6,24,3,random440_expressivespeech_106::3,34,False,5.172544240951538,15.98711371421814,21.30385997891426
3,7,0,0,random440_expressivespeech_062::0,48,False,11.084193706512451,11.723384380340576,22.78452988155186
3,7,0,1,random440_expressivespeech_062::1,41,False,7.528257608413696,9.816255331039429,17.524260722100735
3,7,0,2,random440_expressivespeech_062::2,45,False,8.480987310409546,10.975460529327393,19.439746724441648
3,7,0,3,random440_expressivespeech_062::3,41,False,7.132443428039551,12.636709213256836,19.930790834128857
3,7,1,0,random440_expressivespeech_125::0,131,False,27.597822666168213,33.5158212184906,61.094111735001206
3,7,1,1,random440_expressivespeech_125::1,144,False,25.925803661346436,36.37859654426575,62.29215958714485
3,7,1,2,random440_expressivespeech_125::2,145,False,25.79122495651245,36.534406661987305,62.91689444705844
3,7,1,3,random440_expressivespeech_125::3,128,False,21.83581233024597,31.69290590286255,53.5130395963788
3,7,2,0,random440_expressivespeech_061::0,26,False,4.352110147476196,6.2117760181427,10.548277590423822
3,7,2,1,random440_expressivespeech_061::1,18,False,3.290006637573242,4.247253656387329,7.525800157338381
3,7,2,2,random440_expressivespeech_061::2,14,False,2.43984317779541,3.628019332885742,6.052718307822943
3,7,2,3,random440_expressivespeech_061::3,16,False,2.7130298614501953,3.920738935470581,6.6192356534302235
3,7,3,0,random440_expressivespeech_203::0,43,False,7.505244016647339,10.317155838012695,17.80649759992957
3,7,3,1,random440_expressivespeech_203::1,42,False,7.156016826629639,10.106633186340332,17.24956789240241
3,7,3,2,random440_expressivespeech_203::2,44,False,7.616307258605957,10.857331037521362,18.459019485861063
3,7,3,3,random440_expressivespeech_203::3,40,False,6.911856651306152,10.796324014663696,17.690574875101447
3,7,4,0,random440_deear_079::0,80,False,13.83720850944519,19.60247302055359,33.41909281350672
3,7,4,1,random440_deear_079::1,94,False,16.495460271835327,23.13904571533203,39.9497038051486
3,7,4,2,random440_deear_079::2,75,False,12.923322677612305,18.527575492858887,31.82659961283207
3,7,4,3,random440_deear_079::3,86,False,14.777325630187988,21.34176516532898,36.10897379182279
3,7,5,0,random440_expressivespeech_300::0,61,False,10.523584604263306,14.873377799987793,25.37674881517887
3,7,5,1,random440_expressivespeech_300::1,80,False,13.912236213684082,19.561189651489258,33.46170247904956
3,7,5,2,random440_expressivespeech_300::2,71,False,12.413347244262695,17.47007131576538,30.21048227697611
3,7,5,3,random440_expressivespeech_300::3,91,False,16.043681621551514,23.89712643623352,39.92448233999312
3,7,6,0,random440_expressivespeech_288::0,53,False,9.584166765213013,12.788075685501099,22.35085936821997
3,7,6,1,random440_expressivespeech_288::1,60,False,10.547529935836792,14.507756471633911,25.041182646527886
3,7,6,2,random440_expressivespeech_288::2,58,False,9.921645164489746,14.425076007843018,24.332983691245317
3,7,6,3,random440_expressivespeech_288::3,56,False,9.600805282592773,13.564211368560791,23.150405805557966
3,7,7,0,random440_expressivespeech_006::0,61,False,10.484800338745117,14.856724977493286,25.3229553475976
3,7,7,1,random440_expressivespeech_006::1,75,False,12.95430040359497,18.330421209335327,31.55291805230081
3,7,7,2,random440_expressivespeech_006::2,77,False,13.07798719406128,18.964983224868774,32.333572240546346
3,7,7,3,random440_expressivespeech_006::3,59,False,9.848801374435425,16.4717755317688,26.620519606396556
3,7,8,0,random440_deear_066::0,59,False,10.083208560943604,14.302671194076538,24.365322273224592
3,7,8,1,random440_deear_066::1,59,False,10.500102758407593,14.229641199111938,24.96842648088932
3,7,8,2,random440_deear_066::2,56,False,9.658135414123535,13.326528310775757,23.20845426246524
3,7,8,3,random440_deear_066::3,67,False,11.67248821258545,16.915016412734985,28.573242278769612
3,7,9,0,random440_expressivespeech_275::0,58,False,9.622524499893188,13.951097965240479,23.553278412669897
3,7,9,1,random440_expressivespeech_275::1,21,False,3.795387029647827,4.989259958267212,8.774353796616197
3,7,9,2,random440_expressivespeech_275::2,29,False,4.822955846786499,7.255427837371826,12.062026614323258
3,7,9,3,random440_expressivespeech_275::3,24,False,4.227005958557129,5.688458681106567,10.016609765589237
3,7,10,0,random440_expressivespeech_131::0,28,False,4.671340465545654,6.67957329750061,11.331217089667916
3,7,10,1,random440_expressivespeech_131::1,34,False,5.973913908004761,8.10159969329834,14.06334893591702
3,7,10,2,random440_expressivespeech_131::2,19,False,3.1770663261413574,4.473247289657593,7.770619779825211
3,7,10,3,random440_expressivespeech_131::3,28,False,4.656461477279663,6.624797821044922,11.266011891886592
3,7,11,0,random440_expressivespeech_331::0,110,False,19.145195484161377,27.16478157043457,46.29072022810578
3,7,11,1,random440_expressivespeech_331::1,105,False,17.842464923858643,25.995177030563354,43.823027063161135
3,7,11,2,random440_expressivespeech_331::2,93,False,15.993871688842773,23.383636713027954,39.36726645939052
3,7,11,3,random440_expressivespeech_331::3,111,False,19.084755182266235,30.99437117576599,50.048813704401255
3,7,12,0,random440_expressivespeech_190::0,11,False,1.8869950771331787,2.612618923187256,4.481749912723899
3,7,12,1,random440_expressivespeech_190::1,14,False,2.3569741249084473,3.30951189994812,5.653067849576473
3,7,12,2,random440_expressivespeech_190::2,13,False,2.186457633972168,3.061727523803711,5.280863255262375
3,7,12,3,random440_expressivespeech_190::3,13,False,2.188433885574341,6.089128255844116,8.307728819549084
3,7,13,0,random440_expressivespeech_269::0,45,False,7.8315041065216064,10.807629823684692,18.62165905535221
3,7,13,1,random440_expressivespeech_269::1,43,False,7.149185419082642,10.806346416473389,17.944406239315867
3,7,13,2,random440_expressivespeech_269::2,57,False,9.703629493713379,13.773564577102661,23.63268450461328
3,7,13,3,random440_expressivespeech_269::3,53,False,9.112041473388672,12.60292363166809,21.925055446103215
3,7,14,0,random440_expressivespeech_306::0,34,False,5.889161586761475,8.362324953079224,14.231297867372632
3,7,14,1,random440_expressivespeech_306::1,11,False,1.8630561828613281,2.5854058265686035,4.441323548555374
3,7,14,2,random440_expressivespeech_306::2,19,False,3.172255754470825,4.513503313064575,7.673729436472058
3,7,14,3,random440_expressivespeech_306::3,16,False,2.930018901824951,5.1249730587005615,8.042895123362541
3,7,15,0,random440_deear_027::0,68,False,11.844542741775513,16.281081438064575,28.106962824240327
3,7,15,1,random440_deear_027::1,50,False,8.620988845825195,12.03386378288269,20.914680624380708
3,7,15,2,random440_deear_027::2,47,False,8.054272174835205,11.386595249176025,19.430046064779162
3,7,15,3,random440_deear_027::3,45,False,7.69272255897522,13.878688097000122,21.557264948263764
3,7,16,0,random440_expressivespeech_240::0,113,False,20.057682037353516,27.84358048439026,47.88260413520038
3,7,16,1,random440_expressivespeech_240::1,118,False,20.36896538734436,29.14748740196228,49.501384258270264
3,7,16,2,random440_expressivespeech_240::2,112,False,19.34100079536438,27.70702838897705,47.029202280566096
3,7,16,3,random440_expressivespeech_240::3,89,False,15.61485242843628,29.252422332763672,44.85253256931901
3,7,17,0,random440_deear_052::0,100,False,17.0534405708313,24.878867149353027,41.91303965821862
3,7,17,1,random440_deear_052::1,94,False,16.421552658081055,23.369768142700195,40.18749164044857
3,7,17,2,random440_deear_052::2,93,False,16.007076025009155,23.064841270446777,39.06292247027159
3,7,17,3,random440_deear_052::3,87,False,14.834084033966064,21.47141695022583,36.67242334410548
3,7,18,0,random440_expressivespeech_116::0,154,False,26.9078152179718,38.302144289016724,65.19309422001243
3,7,18,1,random440_expressivespeech_116::1,181,False,33.08135390281677,45.57842183113098,77.71858953684568
3,7,18,2,random440_expressivespeech_116::2,173,False,30.954656839370728,44.00279641151428,74.22749325633049
3,7,18,3,random440_expressivespeech_116::3,216,False,41.20840859413147,54.692626953125,94.85015941597521
3,7,19,0,random440_deear_050::0,364,False,73.79968500137329,95.36417508125305,166.89579880982637
3,7,19,1,random440_deear_050::1,352,False,65.21850323677063,93.15485763549805,158.39050227217376
3,7,19,2,random440_deear_050::2,307,False,53.670894145965576,79.48614692687988,133.14656611531973
3,7,19,3,random440_deear_050::3,335,False,58.94000196456909,261.71793842315674,320.64024970680475
3,7,20,0,random440_expressivespeech_173::0,11,False,1.8978447914123535,2.6255407333374023,4.508014416322112
3,7,20,1,random440_expressivespeech_173::1,11,False,1.869957447052002,2.631272792816162,4.490030769258738
3,7,20,2,random440_expressivespeech_173::2,9,False,1.524683952331543,2.1223175525665283,3.6496140137314796
3,7,20,3,random440_expressivespeech_173::3,8,False,1.3758502006530762,2.425420045852661,3.811735548079014
3,7,21,0,random440_expressivespeech_097::0,29,False,4.860980033874512,7.31127405166626,12.15454244799912
3,7,21,1,random440_expressivespeech_097::1,25,False,4.231344699859619,5.996054172515869,10.229563660919666
3,7,21,2,random440_expressivespeech_097::2,24,False,4.157878160476685,5.752973794937134,9.90157363936305
3,7,21,3,random440_expressivespeech_097::3,21,False,3.5491089820861816,5.394339084625244,9.022477719932795
3,7,22,0,random440_expressivespeech_318::0,186,False,32.65245771408081,47.171546459198,79.80610110983253
3,7,22,1,random440_expressivespeech_318::1,200,False,35.31582832336426,50.67952489852905,86.00679738074541
3,7,22,2,random440_expressivespeech_318::2,205,False,35.05925011634827,52.0349907875061,87.10551081970334
3,7,22,3,random440_expressivespeech_318::3,180,False,31.303056955337524,80.80585217475891,112.09314269013703
3,7,23,0,random440_expressivespeech_193::0,124,False,21.592592000961304,30.569456577301025,52.14058727771044
3,7,23,1,random440_expressivespeech_193::1,144,False,25.052460432052612,35.72010374069214,60.7845847196877
3,7,23,2,random440_expressivespeech_193::2,166,False,28.80051827430725,41.43845248222351,70.2504026349634
3,7,23,3,random440_expressivespeech_193::3,126,False,22.19940209388733,39.125651359558105,61.33855540305376
3,7,24,0,random440_expressivespeech_047::0,29,False,5.222734451293945,6.893190860748291,12.097250586375594
3,7,24,1,random440_expressivespeech_047::1,38,False,6.8060302734375,9.155515670776367,15.953132355585694
3,7,24,2,random440_expressivespeech_047::2,28,False,4.777215003967285,6.667654514312744,11.434396412223577
3,7,24,3,random440_expressivespeech_047::3,39,False,6.825340270996094,14.322229862213135,21.136476892977953
4,0,0,0,random440_deear_022::0,38,False,8.067393779754639,8.792945146560669,16.84166801907122
4,0,0,1,random440_deear_022::1,46,False,7.378902912139893,10.136488914489746,17.644193740561604
4,0,0,2,random440_deear_022::2,49,False,7.847403526306152,10.926939725875854,18.944366086274385
4,0,0,3,random440_deear_022::3,46,False,7.114359140396118,13.469249963760376,20.565634043887258
4,0,1,0,random440_deear_098::0,138,False,24.393893480300903,32.8261604309082,57.20051802508533
4,0,1,1,random440_deear_098::1,146,False,23.285853147506714,34.2426221370697,58.0662801656872
4,0,1,2,random440_deear_098::2,135,False,20.484619617462158,31.384743452072144,51.8562793135643
4,0,1,3,random440_deear_098::3,139,False,21.679354190826416,40.69934892654419,62.36226408742368
4,0,2,0,random440_expressivespeech_040::0,16,False,2.5292274951934814,3.4749298095703125,5.987643940374255
4,0,2,1,random440_expressivespeech_040::1,19,False,2.829777240753174,4.144732236862183,6.960840787738562
4,0,2,2,random440_expressivespeech_040::2,16,False,2.6423702239990234,3.469029188156128,6.096673466265202
4,0,2,3,random440_expressivespeech_040::3,21,False,3.133777141571045,10.03876543045044,13.144385619089007
4,0,3,0,random440_deear_075::0,42,False,6.513622045516968,9.305563688278198,15.800998089835048
4,0,3,1,random440_deear_075::1,38,False,5.665156126022339,8.670953273773193,14.31897323206067
4,0,3,2,random440_deear_075::2,38,False,5.917893171310425,8.335836410522461,14.241514600813389
4,0,3,3,random440_deear_075::3,50,False,7.71743631362915,15.510387420654297,23.361599372699857
4,0,4,0,random440_expressivespeech_049::0,81,False,12.383182048797607,17.99998903274536,30.364257007837296
4,0,4,1,random440_expressivespeech_049::1,82,False,12.442403554916382,18.71158242225647,31.46999324299395
4,0,4,2,random440_expressivespeech_049::2,71,False,10.815719842910767,15.985496759414673,27.123621875420213
4,0,4,3,random440_expressivespeech_049::3,90,False,13.849724531173706,35.728848934173584,49.56281044334173
4,0,5,0,random440_expressivespeech_198::0,77,False,11.75975489616394,17.634100914001465,29.376046810299158
4,0,5,1,random440_expressivespeech_198::1,62,False,9.515279769897461,13.689594507217407,23.19512763246894
4,0,5,2,random440_expressivespeech_198::2,67,False,10.433211326599121,14.894552230834961,25.317458488047123
4,0,5,3,random440_expressivespeech_198::3,81,False,12.872907876968384,32.878544092178345,46.009772600606084
4,0,6,0,random440_expressivespeech_328::0,62,False,9.417457103729248,14.064252614974976,23.46151684038341
4,0,6,1,random440_expressivespeech_328::1,54,False,8.262379884719849,11.912204504013062,20.162018856033683
4,0,6,2,random440_expressivespeech_328::2,54,False,8.708202600479126,11.88954782485962,20.58869931101799
4,0,6,3,random440_expressivespeech_328::3,55,False,8.438763856887817,22.46214485168457,31.097962809726596
4,0,7,0,random440_expressivespeech_300::0,63,False,9.750835418701172,14.239500284194946,23.971336990594864
4,0,7,1,random440_expressivespeech_300::1,66,False,10.142834901809692,15.43306589126587,25.82400312833488
4,0,7,2,random440_expressivespeech_300::2,71,False,10.80858325958252,15.898443222045898,26.961424941197038
4,0,7,3,random440_expressivespeech_300::3,64,False,9.735098123550415,24.883156776428223,34.88225255347788
4,0,8,0,random440_expressivespeech_032::0,65,False,9.937628269195557,14.728150367736816,24.64832037128508
4,0,8,1,random440_expressivespeech_032::1,56,False,8.262188196182251,12.477538824081421,20.72840384207666
4,0,8,2,random440_expressivespeech_032::2,71,False,11.854796648025513,15.770366668701172,27.61434038542211
4,0,8,3,random440_expressivespeech_032::3,70,False,10.769288301467896,21.046674728393555,32.08118127845228
4,0,9,0,random440_expressivespeech_306::0,18,False,3.2479519844055176,3.936540126800537,7.166445231065154
4,0,9,1,random440_expressivespeech_306::1,40,False,5.9509663581848145,8.7511625289917,14.68809095211327
4,0,9,2,random440_expressivespeech_306::2,25,False,3.975515604019165,5.870282411575317,9.82531131990254
4,0,9,3,random440_expressivespeech_306::3,45,False,6.645013093948364,10.364012479782104,16.99242546968162
4,0,10,0,random440_expressivespeech_332::0,29,False,4.497348308563232,6.762977361679077,11.241315204650164
4,0,10,1,random440_expressivespeech_332::1,27,False,4.36460542678833,5.976287364959717,10.32584741897881
4,0,10,2,random440_expressivespeech_332::2,31,False,4.77152943611145,6.794257164001465,11.550347868353128
4,0,10,3,random440_expressivespeech_332::3,26,False,3.8535008430480957,8.716834306716919,12.55467595346272
4,0,11,0,random440_deear_091::0,110,False,17.166621446609497,25.459381580352783,42.60679576545954
4,0,11,1,random440_deear_091::1,98,False,15.262321472167969,22.09521198272705,37.343623431399465
4,0,11,2,random440_deear_091::2,105,False,16.53662943840027,23.956998586654663,40.904209641739726
4,0,11,3,random440_deear_091::3,101,False,15.406399965286255,36.323081493377686,52.140460358932614
4,0,12,0,random440_expressivespeech_140::0,10,False,1.767259120941162,2.156491756439209,3.907615043222904
4,0,12,1,random440_expressivespeech_140::1,14,False,2.0792691707611084,3.0392062664031982,5.104011297225952
4,0,12,2,random440_expressivespeech_140::2,12,False,1.789086103439331,2.608372449874878,4.383523643016815
4,0,12,3,random440_expressivespeech_140::3,13,False,1.9411251544952393,9.152052164077759,11.072735976427794
4,0,13,0,random440_expressivespeech_059::0,45,False,7.379316806793213,10.047550916671753,17.407270833849907
4,0,13,1,random440_expressivespeech_059::1,46,False,7.074231147766113,10.203130960464478,17.266398975625634
4,0,13,2,random440_expressivespeech_059::2,47,False,6.97643780708313,10.359901189804077,17.504216991364956
4,0,13,3,random440_expressivespeech_059::3,47,False,7.338710069656372,19.75812315940857,27.26272715628147
4,0,14,0,random440_expressivespeech_278::0,31,False,4.822282791137695,6.893236875534058,11.694085704162717
4,0,14,1,random440_expressivespeech_278::1,16,False,2.46175479888916,3.501903533935547,5.952756568789482
4,0,14,2,random440_expressivespeech_278::2,17,False,2.5339977741241455,3.697021245956421,6.216263212263584
4,0,14,3,random440_expressivespeech_278::3,21,False,3.391838312149048,8.283026933670044,11.657018143683672
4,0,15,0,random440_expressivespeech_269::0,54,False,8.802786111831665,12.012007474899292,20.79687130637467
4,0,15,1,random440_expressivespeech_269::1,47,False,6.9466712474823,10.8378005027771,17.985450953245163
4,0,15,2,random440_expressivespeech_269::2,49,False,7.523904085159302,10.77020525932312,18.280978299677372
4,0,15,3,random440_expressivespeech_269::3,45,False,7.3103978633880615,19.67368984222412,26.952343985438347
4,0,16,0,random440_expressivespeech_121::0,111,False,17.713024616241455,25.61662268638611,43.311228938400745
4,0,16,1,random440_expressivespeech_121::1,123,False,18.693641662597656,28.10695481300354,46.7862837985158
4,0,16,2,random440_expressivespeech_121::2,155,False,24.771967887878418,35.541858196258545,60.3005834389478
4,0,16,3,random440_expressivespeech_121::3,106,False,17.29582929611206,29.789602994918823,47.065596679225564
4,0,17,0,random440_expressivespeech_257::0,92,False,14.011269807815552,21.407744884490967,35.40043070539832
4,0,17,1,random440_expressivespeech_257::1,86,False,13.194055318832397,19.51012420654297,32.6902339681983
4,0,17,2,random440_expressivespeech_257::2,103,False,16.582338094711304,23.57525086402893,40.147559920325875
4,0,17,3,random440_expressivespeech_257::3,79,False,11.962987661361694,22.74825954437256,35.111434526741505
4,0,18,0,random440_expressivespeech_116::0,206,False,34.386285066604614,48.83107042312622,82.18431821465492
4,0,18,1,random440_expressivespeech_116::1,173,False,26.822486877441406,40.928415060043335,67.74227806739509
4,0,18,2,random440_expressivespeech_116::2,150,False,23.583481073379517,35.062599182128906,58.64353163726628
4,0,18,3,random440_expressivespeech_116::3,187,False,29.13259983062744,68.769935131073,96.67096313275397
4,0,19,0,random440_deear_050::0,366,False,63.62191319465637,89.57825016975403,151.04249494709074
4,0,19,1,random440_deear_050::1,339,False,53.038442850112915,82.39914631843567,137.12478809431195
4,0,19,2,random440_deear_050::2,308,False,47.84312605857849,74.56845617294312,122.40663757361472
4,0,19,3,random440_deear_050::3,336,False,52.60274410247803,292.7886528968811,345.3661099392921
4,0,20,0,random440_deear_067::0,7,True,1.0988373756408691,1.5117266178131104,2.596625844016671
4,0,20,1,random440_deear_067::1,9,True,1.3785276412963867,1.958918809890747,3.3237674813717604
4,0,20,2,random440_deear_067::2,8,True,1.4888246059417725,1.759028434753418,3.233521915972233
4,0,20,3,random440_deear_067::3,6,True,0.9404287338256836,5.263671159744263,6.187662001699209
4,0,21,0,random440_deear_099::0,21,False,3.1788861751556396,4.657520294189453,7.821804689243436
4,0,21,1,random440_deear_099::1,21,False,3.146617889404297,4.678183078765869,7.8295185305178165
4,0,21,2,random440_deear_099::2,26,False,4.109487771987915,6.18704080581665,10.358932096511126
4,0,21,3,random440_deear_099::3,27,False,4.034060955047607,9.766335010528564,13.784716175869107
4,0,22,0,random440_expressivespeech_274::0,169,False,26.69877791404724,39.594526529312134,66.27250171639025
4,0,22,1,random440_expressivespeech_274::1,206,False,31.843971490859985,49.04878234863281,80.9009156897664
4,0,22,2,random440_expressivespeech_274::2,147,False,22.73363208770752,33.74223232269287,56.48237187601626
4,0,22,3,random440_expressivespeech_274::3,230,False,36.10592269897461,125.91763353347778,162.00225312262774
4,0,23,0,random440_expressivespeech_212::0,168,False,26.247422218322754,39.72786569595337,65.95858668722212
4,0,23,1,random440_expressivespeech_212::1,117,False,17.81737518310547,26.93191623687744,44.77196702733636
4,0,23,2,random440_expressivespeech_212::2,154,False,23.87724280357361,35.666208267211914,59.55431701242924
4,0,23,3,random440_expressivespeech_212::3,131,False,20.287369966506958,65.25932121276855,85.53485945425928
4,0,24,0,random440_expressivespeech_058::0,35,False,5.604137897491455,8.221782684326172,13.809359749779105
4,0,24,1,random440_expressivespeech_058::1,39,False,5.815640211105347,8.576326608657837,14.379854906350374
4,0,24,2,random440_expressivespeech_058::2,39,False,6.124318599700928,8.689920425415039,14.796902371570468
4,0,24,3,random440_expressivespeech_058::3,41,False,6.109404563903809,9.049493074417114,15.305856330320239
4,1,0,0,random440_expressivespeech_207::0,46,False,9.52997875213623,10.373869180679321,19.884946823120117
4,1,0,1,random440_expressivespeech_207::1,39,False,6.174939393997192,8.469173908233643,14.814273437485099
4,1,0,2,random440_expressivespeech_207::2,37,False,5.6671037673950195,8.419849395751953,14.070318441838026
4,1,0,3,random440_expressivespeech_207::3,57,False,9.276002883911133,15.986355781555176,25.384444814175367
4,1,1,0,random440_expressivespeech_132::0,161,False,30.892828464508057,37.69198822975159,68.56462239287794
4,1,1,1,random440_expressivespeech_132::1,146,False,24.01460313796997,33.91314125061035,58.598033256828785
4,1,1,2,random440_expressivespeech_132::2,129,False,20.465448141098022,29.981592655181885,50.43476343154907
4,1,1,3,random440_expressivespeech_132::3,121,False,19.08461618423462,32.994813203811646,52.06878403946757
4,1,2,0,random440_expressivespeech_173::0,27,False,4.344674348831177,5.96889328956604,10.292521994560957
4,1,2,1,random440_expressivespeech_173::1,11,False,1.970942497253418,2.411818027496338,4.373150968924165
4,1,2,2,random440_expressivespeech_173::2,17,False,2.6099064350128174,3.7250335216522217,6.320038111880422
4,1,2,3,random440_expressivespeech_173::3,15,False,2.3105075359344482,8.883440494537354,11.172892704606056
4,1,3,0,random440_expressivespeech_145::0,34,False,5.475937604904175,7.56617283821106,13.02378560602665
4,1,3,1,random440_expressivespeech_145::1,48,False,7.655790567398071,11.127106666564941,18.77011774852872
4,1,3,2,random440_expressivespeech_145::2,42,False,6.36967396736145,9.400635242462158,15.954028336331248
4,1,3,3,random440_expressivespeech_145::3,41,False,6.614703416824341,13.569692850112915,20.169375620782375
4,1,4,0,random440_expressivespeech_189::0,86,False,13.509103536605835,19.793282508850098,33.28443104028702
4,1,4,1,random440_expressivespeech_189::1,84,False,13.746712446212769,19.256322145462036,33.3442940376699
4,1,4,2,random440_expressivespeech_189::2,79,False,12.686015605926514,17.920175313949585,30.594388654455543
4,1,4,3,random440_expressivespeech_189::3,72,False,11.569931745529175,29.261945486068726,41.133207719773054
4,1,5,0,random440_expressivespeech_006::0,92,False,14.384965658187866,21.653295755386353,36.020520616322756
4,1,5,1,random440_expressivespeech_006::1,71,False,11.10603642463684,16.282091856002808,27.763681108132005
4,1,5,2,random440_expressivespeech_006::2,60,False,9.385595560073853,13.63892412185669,23.01645526662469
4,1,5,3,random440_expressivespeech_006::3,64,False,10.031290769577026,26.93238091468811,36.948473459109664
4,1,6,0,random440_expressivespeech_242::0,54,False,8.532501935958862,12.31585168838501,20.826557083055377
4,1,6,1,random440_expressivespeech_242::1,46,False,7.35459566116333,10.263721227645874,17.607812102884054
4,1,6,2,random440_expressivespeech_242::2,59,False,9.02846884727478,13.522650718688965,22.538654807955027
4,1,6,3,random440_expressivespeech_242::3,63,False,10.140662431716919,23.996432065963745,34.35350478067994
4,1,7,0,random440_expressivespeech_243::0,68,False,10.384039878845215,15.615611553192139,25.979581858962774
4,1,7,1,random440_expressivespeech_243::1,77,False,12.264359951019287,17.874770879745483,30.12627360969782
4,1,7,2,random440_expressivespeech_243::2,73,False,11.406299829483032,16.509776830673218,28.2194433119148
4,1,7,3,random440_expressivespeech_243::3,63,False,9.858689308166504,16.846890926361084,26.693015540018678
4,1,8,0,random440_expressivespeech_308::0,60,False,9.181236267089844,13.396109342575073,22.557011717930436
4,1,8,1,random440_expressivespeech_308::1,54,False,8.51711392402649,11.974365234375,20.478495504707098
4,1,8,2,random440_expressivespeech_308::2,60,False,10.249945640563965,13.399515151977539,23.63848731853068
4,1,8,3,random440_expressivespeech_308::3,87,False,13.820788145065308,24.557137966156006,38.603601809591055
4,1,9,0,random440_deear_028::0,27,False,4.408852577209473,5.990411281585693,10.378605872392654
4,1,9,1,random440_deear_028::1,31,False,4.892135858535767,6.824049711227417,11.701517768204212
4,1,9,2,random440_deear_028::2,23,False,3.4718613624572754,5.170324802398682,8.748881731182337
4,1,9,3,random440_deear_028::3,39,False,6.258961200714111,11.71022367477417,17.952623154968023
4,1,10,0,random440_deear_036::0,42,False,6.425885200500488,9.844255208969116,16.253478607162833
4,1,10,1,random440_deear_036::1,23,False,3.6999151706695557,5.0700201988220215,8.757012395188212
4,1,10,2,random440_deear_036::2,21,False,3.167539119720459,4.608625173568726,7.76126254349947
4,1,10,3,random440_deear_036::3,26,False,3.92857027053833,9.035441160202026,12.947401575744152
4,1,11,0,random440_expressivespeech_042::0,117,False,18.33533763885498,27.36759305000305,45.68390296399593
4,1,11,1,random440_expressivespeech_042::1,93,False,14.923651456832886,21.57701539993286,36.48600557819009
4,1,11,2,random440_expressivespeech_042::2,94,False,14.916033506393433,21.527345180511475,36.43009920604527
4,1,11,3,random440_expressivespeech_042::3,94,False,14.6110680103302,38.859374046325684,53.850649408996105
4,1,12,0,random440_deear_053::0,18,False,2.7164385318756104,3.9502546787261963,6.650074066594243
4,1,12,1,random440_deear_053::1,12,False,2.0860321521759033,2.6344351768493652,4.707382807508111
4,1,12,2,random440_deear_053::2,9,False,1.380640983581543,1.9613573551177979,3.3292708303779364
4,1,12,3,random440_deear_053::3,9,False,1.3711528778076172,8.412798404693604,9.757584173232317
4,1,13,0,random440_deear_007::0,42,False,7.407061815261841,9.389522790908813,16.78062000311911
4,1,13,1,random440_deear_007::1,45,False,6.784914493560791,10.323747634887695,17.095617113634944
4,1,13,2,random440_deear_007::2,52,False,8.08462381362915,11.550816059112549,19.80473598651588
4,1,13,3,random440_deear_007::3,41,False,6.714568376541138,18.764533758163452,25.71882490441203
4,1,14,0,random440_expressivespeech_275::0,18,False,2.7172353267669678,3.921144485473633,6.621310379356146
4,1,14,1,random440_expressivespeech_275::1,21,False,3.340582847595215,4.8469977378845215,8.173143742606044
4,1,14,2,random440_expressivespeech_275::2,26,False,4.178602695465088,5.72991681098938,9.894746374338865
4,1,14,3,random440_expressivespeech_275::3,19,False,2.8979029655456543,7.97704291343689,10.853293454274535
4,1,15,0,random440_expressivespeech_036::0,49,False,8.307311773300171,10.866915225982666,19.155336055904627
4,1,15,1,random440_expressivespeech_036::1,74,False,11.437320709228516,17.1192843914032,28.737035172060132
4,1,15,2,random440_expressivespeech_036::2,39,False,6.105397701263428,9.035343647003174,15.429397761821747
4,1,15,3,random440_expressivespeech_036::3,51,False,8.533490896224976,12.272680282592773,20.7994730938226
4,1,16,0,random440_expressivespeech_039::0,107,False,16.84431791305542,24.7593777179718,41.58321516215801
4,1,16,1,random440_expressivespeech_039::1,141,False,21.987382411956787,32.94600701332092,55.36000356823206
4,1,16,2,random440_expressivespeech_039::2,126,False,19.94264268875122,29.38353657722473,49.311677442863584
4,1,16,3,random440_expressivespeech_039::3,120,False,19.411958932876587,32.251280069351196,51.65090402960777
4,1,17,0,random440_expressivespeech_091::0,81,False,12.58041000366211,19.03203511238098,31.590604918077588
4,1,17,1,random440_expressivespeech_091::1,92,False,14.491414546966553,20.824414253234863,35.30657143704593
4,1,17,2,random440_expressivespeech_091::2,85,False,13.67024302482605,19.059048414230347,33.09233268350363
4,1,17,3,random440_expressivespeech_091::3,101,False,15.970924615859985,27.634488105773926,43.59455106034875
4,1,18,0,random440_expressivespeech_151::0,172,False,27.165571212768555,40.39274477958679,67.54057662375271
4,1,18,1,random440_expressivespeech_151::1,156,False,24.57267189025879,36.16494584083557,60.72476314753294
4,1,18,2,random440_expressivespeech_151::2,182,False,29.733152627944946,43.02546525001526,71.85066331736743
4,1,18,3,random440_expressivespeech_151::3,190,False,30.808815956115723,75.75020003318787,105.37293492630124
4,1,19,0,random440_expressivespeech_250::0,367,False,67.76203465461731,89.38490438461304,154.8848401028663
4,1,19,1,random440_expressivespeech_250::1,331,False,53.1751492023468,80.17382764816284,134.91309883631766
4,1,19,2,random440_expressivespeech_250::2,356,False,56.874327182769775,86.98766255378723,141.90753424353898
4,1,19,3,random440_expressivespeech_250::3,286,False,46.42550253868103,275.42076444625854,321.7909053787589
4,1,20,0,random440_deear_067::0,7,True,1.1386535167694092,1.5265021324157715,2.649146046489477
4,1,20,1,random440_deear_067::1,9,True,1.416379451751709,1.9712438583374023,3.372239015996456
4,1,20,2,random440_deear_067::2,8,True,1.2693569660186768,1.7579987049102783,3.0153880938887596
4,1,20,3,random440_deear_067::3,6,True,1.0067367553710938,5.311995267868042,6.302880872040987
4,1,21,0,random440_deear_097::0,25,False,3.8930795192718506,5.523448467254639,9.400876313447952
4,1,21,1,random440_deear_097::1,24,False,3.7408905029296875,5.326286792755127,9.064133513718843
4,1,21,2,random440_deear_097::2,24,False,4.089688539505005,5.730169773101807,9.895823379978538
4,1,21,3,random440_deear_097::3,22,False,3.421684741973877,7.99052882194519,11.481514440849423
4,1,22,0,random440_expressivespeech_172::0,166,False,27.239307641983032,38.76732039451599,65.98859094828367
4,1,22,1,random440_expressivespeech_172::1,186,False,29.67610454559326,43.97031569480896,72.87540727853775
4,1,22,2,random440_expressivespeech_172::2,211,False,33.63727951049805,50.19070315361023,82.77868886850774
4,1,22,3,random440_expressivespeech_172::3,174,False,27.44010639190674,114.7946093082428,141.6291345562786
4,1,23,0,random440_expressivespeech_118::0,185,False,29.37308096885681,43.880881547927856,73.23421554453671
4,1,23,1,random440_expressivespeech_118::1,155,False,24.655935764312744,35.924424171447754,60.588600689545274
4,1,23,2,random440_expressivespeech_118::2,168,False,26.926616191864014,38.94825482368469,65.90093774907291
4,1,23,3,random440_expressivespeech_118::3,134,False,21.75894522666931,33.50389790534973,55.26890436001122
4,1,24,0,random440_deear_059::0,38,False,5.875266790390015,8.788419008255005,14.644742364063859
4,1,24,1,random440_deear_059::1,39,False,5.974933862686157,8.624945640563965,14.587965330109
4,1,24,2,random440_deear_059::2,35,False,5.673390626907349,7.997349262237549,13.81778353266418
4,1,24,3,random440_deear_059::3,34,False,5.421002149581909,9.754409790039062,15.157052479684353
4,2,0,0,random440_expressivespeech_281::0,41,False,8.920023679733276,9.26116394996643,18.16239578090608
4,2,0,1,random440_expressivespeech_281::1,54,False,9.28906512260437,12.105457305908203,21.541731387376785
4,2,0,2,random440_expressivespeech_281::2,39,False,6.7451159954071045,8.504210233688354,15.231772094964981
4,2,0,3,random440_expressivespeech_281::3,42,False,6.901258945465088,11.809017896652222,18.69124217890203
4,2,1,0,random440_deear_088::0,120,False,22.77299928665161,29.85294532775879,52.60573709383607
4,2,1,1,random440_deear_088::1,143,False,23.59592032432556,35.32285141944885,58.90474899485707
4,2,1,2,random440_deear_088::2,142,False,22.08877205848694,35.088364601135254,57.77186402492225
4,2,1,3,random440_deear_088::3,152,False,24.348811388015747,37.31753420829773,62.24060431867838
4,2,2,0,random440_expressivespeech_061::0,13,False,2.166118860244751,2.9691195487976074,5.11920896731317
4,2,2,1,random440_expressivespeech_061::1,20,False,3.0068492889404297,4.539140462875366,7.526882950216532
4,2,2,2,random440_expressivespeech_061::2,18,False,2.7076785564422607,4.040519952774048,6.740079183131456
4,2,2,3,random440_expressivespeech_061::3,17,False,2.539076328277588,10.277350664138794,12.795244827866554
4,2,3,0,random440_expressivespeech_030::0,33,False,5.284929513931274,7.546028137207031,12.813995094969869
4,2,3,1,random440_expressivespeech_030::1,43,False,6.780116319656372,9.876126766204834,16.641349164769053
4,2,3,2,random440_expressivespeech_030::2,51,False,7.63556694984436,11.416000366210938,19.212335923686624
4,2,3,3,random440_expressivespeech_030::3,34,False,5.329953670501709,13.831165552139282,19.344371609389782
4,2,4,0,random440_expressivespeech_081::0,75,False,11.731373310089111,17.235228538513184,28.947324752807617
4,2,4,1,random440_expressivespeech_081::1,74,False,11.267908334732056,16.960140466690063,28.51904421299696
4,2,4,2,random440_expressivespeech_081::2,70,False,10.99599289894104,15.762321710586548,27.044087605550885
4,2,4,3,random440_expressivespeech_081::3,100,False,15.292125940322876,38.81585884094238,54.071458242833614
4,2,5,0,random440_deear_100::0,68,False,10.37955117225647,15.205326080322266,25.564451564103365
4,2,5,1,random440_deear_100::1,75,False,11.826526403427124,16.95325517654419,28.765432668849826
4,2,5,2,random440_deear_100::2,75,False,11.46168828010559,16.737097024917603,28.18443143926561
4,2,5,3,random440_deear_100::3,64,False,10.345299482345581,30.406371355056763,41.078987173736095
4,2,6,0,random440_expressivespeech_134::0,53,False,8.090123176574707,12.05853796005249,20.128022707998753
4,2,6,1,random440_expressivespeech_134::1,63,False,9.733714818954468,13.877549409866333,23.59976647235453
4,2,6,2,random440_expressivespeech_134::2,60,False,9.309919834136963,13.335513353347778,22.89421292580664
4,2,6,3,random440_expressivespeech_134::3,60,False,9.074000358581543,19.5096595287323,28.56845890916884
4,2,7,0,random440_deear_034::0,69,False,10.42058777809143,15.77930736541748,26.180445950478315
4,2,7,1,random440_deear_034::1,63,False,9.440998077392578,14.642802476882935,24.357133263722062
4,2,7,2,random440_deear_034::2,78,False,11.641361951828003,18.064509391784668,29.696047719568014
4,2,7,3,random440_deear_034::3,68,False,10.28548264503479,20.557660818099976,31.14164575561881
4,2,8,0,random440_deear_001::0,64,False,9.640123844146729,14.285385131835938,23.907003238797188
4,2,8,1,random440_deear_001::1,62,False,9.333079814910889,13.842421531677246,23.16323710232973
4,2,8,2,random440_deear_001::2,66,False,10.519029378890991,14.715160369873047,25.225497286766768
4,2,8,3,random440_deear_001::3,69,False,10.25378942489624,22.211683988571167,32.72540209442377
4,2,9,0,random440_expressivespeech_297::0,28,False,4.642922639846802,6.124877452850342,10.748740207403898
4,2,9,1,random440_expressivespeech_297::1,26,False,3.7868223190307617,5.667646646499634,9.443068645894527
4,2,9,2,random440_expressivespeech_297::2,33,False,5.03145956993103,7.3827064037323,12.397778689861298
4,2,9,3,random440_expressivespeech_297::3,31,False,4.52410364151001,11.57569694519043,16.084926642477512
4,2,10,0,random440_deear_058::0,26,False,4.047123670578003,5.697089910507202,9.72617905959487
4,2,10,1,random440_deear_058::1,21,False,3.7277045249938965,4.583645582199097,8.412362076342106
4,2,10,2,random440_deear_058::2,37,False,5.670562744140625,8.179192304611206,13.836490554735065
4,2,10,3,random440_deear_058::3,27,False,3.9723727703094482,9.844406604766846,13.953876726329327
4,2,11,0,random440_deear_065::0,93,False,14.35971450805664,21.6711642742157,36.01233736425638
4,2,11,1,random440_deear_065::1,98,False,14.73412036895752,22.163485527038574,37.29152428358793
4,2,11,2,random440_deear_065::2,85,False,13.471924304962158,19.04078245162964,32.908170932903886
4,2,11,3,random440_deear_065::3,102,False,15.752620935440063,51.42118000984192,67.15805079974234
4,2,12,0,random440_expressivespeech_186::0,7,False,1.0691478252410889,1.5137362480163574,2.5702045932412148
4,2,12,1,random440_expressivespeech_186::1,14,False,2.077282190322876,3.022636651992798,5.087261777371168
4,2,12,2,random440_expressivespeech_186::2,15,False,2.21760630607605,3.2795069217681885,5.481840118765831
4,2,12,3,random440_expressivespeech_186::3,11,False,1.6361708641052246,9.704180717468262,11.315638342872262
4,2,13,0,random440_expressivespeech_062::0,50,False,8.443310976028442,11.089130163192749,19.512867514044046
4,2,13,1,random440_expressivespeech_062::1,38,False,5.836783409118652,8.395308494567871,14.22022344917059
4,2,13,2,random440_expressivespeech_062::2,42,False,6.405511379241943,9.289662837982178,15.685949487611651
4,2,13,3,random440_expressivespeech_062::3,49,False,7.238280296325684,22.51144528388977,29.899688713252544
4,2,14,0,random440_deear_073::0,24,False,3.8209445476531982,5.220729112625122,9.023638043552637
4,2,14,1,random440_deear_073::1,25,False,3.890892505645752,5.507119178771973,9.386724092066288
4,2,14,2,random440_deear_073::2,23,False,3.5749263763427734,5.043663501739502,8.60381281375885
4,2,14,3,random440_deear_073::3,21,False,3.0809950828552246,5.391369104385376,8.45803963020444
4,2,15,0,random440_deear_026::0,59,False,9.990465879440308,13.024035453796387,22.99921030551195
4,2,15,1,random440_deear_026::1,52,False,7.827512264251709,12.002819538116455,20.060060372576118
4,2,15,2,random440_deear_026::2,47,False,6.919374942779541,10.345407962799072,17.252762449905276
4,2,15,3,random440_deear_026::3,53,False,8.681360960006714,15.003173828125,23.670864313840866
4,2,16,0,random440_deear_020::0,144,False,22.239608764648438,33.20128107070923,55.41981679201126
4,2,16,1,random440_deear_020::1,114,False,17.507659435272217,26.245784759521484,43.73716250061989
4,2,16,2,random440_deear_020::2,95,False,14.508722305297852,21.780129432678223,36.279290491715074
4,2,16,3,random440_deear_020::3,135,False,20.252577781677246,42.067301511764526,62.30771872214973
4,2,17,0,random440_expressivespeech_136::0,91,False,13.750656366348267,21.232227325439453,34.961104871705174
4,2,17,1,random440_expressivespeech_136::1,89,False,13.5626540184021,20.060364723205566,33.6153574809432
4,2,17,2,random440_expressivespeech_136::2,72,False,11.202768325805664,15.867645263671875,27.058520931750536
4,2,17,3,random440_expressivespeech_136::3,105,False,15.978151321411133,31.659671545028687,47.62717149592936
4,2,18,0,random440_deear_061::0,170,False,26.42354154586792,39.436989545822144,65.84153465554118
4,2,18,1,random440_deear_061::1,179,False,27.697253465652466,41.44101881980896,68.275176031515
4,2,18,2,random440_deear_061::2,166,False,25.49720048904419,38.546833992004395,64.03260475583375
4,2,18,3,random440_deear_061::3,178,False,27.65618920326233,80.45425534248352,107.01724372431636
4,2,19,0,random440_expressivespeech_236::0,314,False,54.94462752342224,73.76175928115845,127.02912729047239
4,2,19,1,random440_expressivespeech_236::1,308,False,47.52435374259949,73.00808072090149,121.80230667628348
4,2,19,2,random440_expressivespeech_236::2,354,False,55.96296691894531,85.27030801773071,138.93664325028658
4,2,19,3,random440_expressivespeech_236::3,311,False,48.128703117370605,318.9327771663666,367.0571708846837
4,2,20,0,random440_deear_067::0,7,True,1.1167688369750977,1.5000402927398682,2.6026306115090847
4,2,20,1,random440_deear_067::1,9,True,1.368494987487793,1.932410478591919,3.2897075805813074
4,2,20,2,random440_deear_067::2,8,True,1.2328662872314453,1.80277419090271,3.037170197814703
4,2,20,3,random440_deear_067::3,6,True,0.9892134666442871,5.4553117752075195,6.4349205903708935
4,2,21,0,random440_expressivespeech_194::0,38,False,5.975446939468384,8.410739660263062,14.365638503804803
4,2,21,1,random440_expressivespeech_194::1,19,False,2.87164306640625,4.167093515396118,7.043273648247123
4,2,21,2,random440_expressivespeech_194::2,20,False,3.6170525550842285,4.404419898986816,8.008794518187642
4,2,21,3,random440_expressivespeech_194::3,17,False,2.509660005569458,7.718117713928223,10.214535638689995
4,2,22,0,random440_expressivespeech_330::0,227,False,35.187894105911255,53.005011796951294,88.17564259655774
4,2,22,1,random440_expressivespeech_330::1,206,False,31.821025133132935,47.74653673171997,79.57750985585153
4,2,22,2,random440_expressivespeech_330::2,251,False,38.354905128479004,58.65980553627014,97.05437293462455
4,2,22,3,random440_expressivespeech_330::3,239,False,36.54440140724182,62.81557631492615,99.36066999472678
4,2,23,0,random440_expressivespeech_289::0,190,False,29.16375994682312,44.42252826690674,73.56072095036507
4,2,23,1,random440_expressivespeech_289::1,132,False,20.685232400894165,29.590388536453247,50.31434663571417
4,2,23,2,random440_expressivespeech_289::2,147,False,22.24672555923462,33.65203332901001,55.91716416366398
4,2,23,3,random440_expressivespeech_289::3,169,False,26.126097679138184,49.67198729515076,75.78946009464562
4,2,24,0,random440_expressivespeech_218::0,43,False,6.385174512863159,9.937966108322144,16.303189227357507
4,2,24,1,random440_expressivespeech_218::1,28,False,4.5155029296875,6.082118988037109,10.588098937645555
4,2,24,2,random440_expressivespeech_218::2,33,False,4.8499085903167725,7.2451300621032715,12.087122932076454
4,2,24,3,random440_expressivespeech_218::3,40,False,6.123753070831299,13.095332384109497,19.204481644555926
4,3,0,0,random440_expressivespeech_015::0,53,False,11.787217140197754,12.553752183914185,24.321706196293235
4,3,0,1,random440_expressivespeech_015::1,37,False,6.312668800354004,8.388997793197632,14.681105252355337
4,3,0,2,random440_expressivespeech_015::2,45,False,7.961600303649902,10.265305042266846,18.2136796079576
4,3,0,3,random440_expressivespeech_015::3,40,False,6.7586610317230225,9.501183271408081,16.4189067017287
4,3,1,0,random440_deear_051::0,153,False,31.40101385116577,36.90840244293213,68.29091439954937
4,3,1,1,random440_deear_051::1,116,False,20.19380259513855,27.97129726409912,48.150547448545694
4,3,1,2,random440_deear_051::2,122,False,20.472139596939087,29.526939630508423,49.98575040511787
4,3,1,3,random440_deear_051::3,151,False,26.43987488746643,36.58742570877075,63.01451491750777
4,3,2,0,random440_deear_068::0,16,False,2.891082525253296,3.6328938007354736,6.506431540474296
4,3,2,1,random440_deear_068::1,17,False,2.7941572666168213,3.840902328491211,6.626011045649648
4,3,2,2,random440_deear_068::2,17,False,2.770752429962158,3.819913625717163,6.575302114710212
4,3,2,3,random440_deear_068::3,17,False,3.075326681137085,9.440238237380981,12.497646726667881
4,3,3,0,random440_expressivespeech_143::0,39,False,6.403670787811279,8.863492012023926,15.248951038345695
4,3,3,1,random440_expressivespeech_143::1,37,False,6.2832252979278564,8.979502201080322,15.402739960700274
4,3,3,2,random440_expressivespeech_143::2,48,False,8.068430423736572,11.001902103424072,19.198142290115356
4,3,3,3,random440_expressivespeech_143::3,34,False,5.817445755004883,12.32080888748169,18.316345578059554
4,3,4,0,random440_expressivespeech_224::0,76,False,12.693642616271973,18.166375875473022,30.84145819209516
4,3,4,1,random440_expressivespeech_224::1,83,False,14.137682676315308,19.79439926147461,34.22479325905442
4,3,4,2,random440_expressivespeech_224::2,70,False,12.188493967056274,16.368083477020264,28.898257983848453
4,3,4,3,random440_expressivespeech_224::3,80,False,14.087468385696411,30.546541690826416,44.61021633632481
4,3,5,0,random440_deear_043::0,75,False,12.578125715255737,17.9202241897583,30.47979629971087
4,3,5,1,random440_deear_043::1,87,False,14.588126182556152,20.680217027664185,35.25934176705778
4,3,5,2,random440_deear_043::2,69,False,11.493415832519531,16.878543853759766,28.71128325909376
4,3,5,3,random440_deear_043::3,73,False,12.1985445022583,17.30394697189331,29.49040119536221
4,3,6,0,random440_expressivespeech_325::0,56,False,9.379712581634521,13.548008680343628,22.9099138379097
4,3,6,1,random440_expressivespeech_325::1,52,False,8.40216326713562,11.868293285369873,20.258552161976695
4,3,6,2,random440_expressivespeech_325::2,61,False,10.582730531692505,14.075459003448486,24.646641122177243
4,3,6,3,random440_expressivespeech_325::3,67,False,11.915752649307251,15.665841341018677,27.812987564131618
4,3,7,0,random440_expressivespeech_100::0,69,False,11.754613876342773,16.203446626663208,27.93972028233111
4,3,7,1,random440_expressivespeech_100::1,65,False,10.57560110092163,15.720765113830566,26.559376599267125
4,3,7,2,random440_expressivespeech_100::2,62,False,10.571797609329224,14.53551721572876,25.094937052577734
4,3,7,3,random440_expressivespeech_100::3,79,False,13.180012464523315,18.77661418914795,32.18777543306351
4,3,8,0,random440_expressivespeech_248::0,57,False,9.246771812438965,13.644568681716919,22.87140765786171
4,3,8,1,random440_expressivespeech_248::1,92,False,15.621447324752808,22.14707851409912,37.75704392418265
4,3,8,2,random440_expressivespeech_248::2,60,False,10.066895484924316,14.176364660263062,24.602776492014527
4,3,8,3,random440_expressivespeech_248::3,51,False,8.254554271697998,11.775071859359741,20.016413221135736
4,3,9,0,random440_expressivespeech_253::0,26,False,5.1081085205078125,5.922367572784424,11.010386446490884
4,3,9,1,random440_expressivespeech_253::1,33,False,5.362267732620239,7.577497959136963,12.927953884005547
4,3,9,2,random440_expressivespeech_253::2,36,False,6.374690294265747,8.455695629119873,14.817721590399742
4,3,9,3,random440_expressivespeech_253::3,22,False,3.5727274417877197,6.2335638999938965,9.942634090781212
4,3,10,0,random440_expressivespeech_156::0,25,False,4.316198348999023,5.930404901504517,10.22243233770132
4,3,10,1,random440_expressivespeech_156::1,26,False,4.814066648483276,5.891363859176636,10.695401905104518
4,3,10,2,random440_expressivespeech_156::2,34,False,5.734423637390137,7.793236494064331,13.615408750250936
4,3,10,3,random440_expressivespeech_156::3,25,False,4.159569263458252,7.119817018508911,11.392659027129412
4,3,11,0,random440_deear_076::0,105,False,17.84686851501465,25.36006999015808,43.187160052359104
4,3,11,1,random440_deear_076::1,94,False,16.111024379730225,22.248486757278442,38.78438797965646
4,3,11,2,random440_deear_076::2,97,False,16.679247856140137,23.35081648826599,40.01721039228141
4,3,11,3,random440_deear_076::3,73,False,12.153218507766724,38.492082357406616,51.018140664324164
4,3,12,0,random440_expressivespeech_064::0,10,False,1.6493401527404785,2.2458953857421875,3.8779987264424562
4,3,12,1,random440_expressivespeech_064::1,14,False,2.546414375305176,3.1484298706054688,5.6839600186795
4,3,12,2,random440_expressivespeech_064::2,9,False,1.47178053855896,2.015411853790283,3.4774563014507294
4,3,12,3,random440_expressivespeech_064::3,14,False,2.312150239944458,9.171448945999146,11.463358061388135
4,3,13,0,random440_deear_027::0,52,False,9.593492984771729,11.968073844909668,21.541387017816305
4,3,13,1,random440_deear_027::1,64,False,11.013054609298706,14.882492780685425,25.88598600588739
4,3,13,2,random440_deear_027::2,46,False,7.6702001094818115,11.392439365386963,19.308929905295372
4,3,13,3,random440_deear_027::3,32,False,5.20473575592041,7.254548788070679,12.445941518992186
4,3,14,0,random440_expressivespeech_302::0,26,False,4.229302167892456,5.952134132385254,10.161151276901364
4,3,14,1,random440_expressivespeech_302::1,20,False,3.772197723388672,4.517550706863403,8.27687600813806
4,3,14,2,random440_expressivespeech_302::2,25,False,4.050567150115967,5.662119150161743,9.701513536274433
4,3,14,3,random440_expressivespeech_302::3,19,False,3.1099941730499268,4.252899885177612,7.44342297129333
4,3,15,0,random440_expressivespeech_288::0,50,False,9.083252668380737,11.511872291564941,20.577176872640848
4,3,15,1,random440_expressivespeech_288::1,55,False,9.165010929107666,12.981419563293457,22.33748703636229
4,3,15,2,random440_expressivespeech_288::2,48,False,8.040034532546997,11.123562335968018,19.368687579408288
4,3,15,3,random440_expressivespeech_288::3,54,False,9.726553916931152,12.291577577590942,22.006240958347917
4,3,16,0,random440_expressivespeech_133::0,130,False,22.272965908050537,31.469571113586426,53.726205276325345
4,3,16,1,random440_expressivespeech_133::1,127,False,21.62381601333618,30.84936547279358,52.46068658679724
4,3,16,2,random440_expressivespeech_133::2,113,False,18.764271020889282,27.015204906463623,45.76365673169494
4,3,16,3,random440_expressivespeech_133::3,112,False,19.673768281936646,26.668590784072876,46.33146038278937
4,3,17,0,random440_deear_018::0,97,False,16.52870273590088,23.388856887817383,39.89518763870001
4,3,17,1,random440_deear_018::1,78,False,13.33740758895874,17.939655780792236,31.268695732578635
4,3,17,2,random440_deear_018::2,80,False,14.553437948226929,18.76165008544922,33.30632031336427
4,3,17,3,random440_deear_018::3,95,False,15.878350734710693,23.33345627784729,39.58066199161112
4,3,18,0,random440_expressivespeech_152::0,147,False,25.020662307739258,35.98162126541138,60.983781499788165
4,3,18,1,random440_expressivespeech_152::1,163,False,28.17751979827881,39.20368671417236,67.36779938265681
4,3,18,2,random440_expressivespeech_152::2,202,False,35.492396116256714,49.67765188217163,84.16965581662953
4,3,18,3,random440_expressivespeech_152::3,167,False,28.91135859489441,63.96074318885803,92.85207981802523
4,3,19,0,random440_expressivespeech_108::0,311,False,58.59078788757324,77.03589630126953,133.90577734448016
4,3,19,1,random440_expressivespeech_108::1,233,False,40.33098578453064,57.10385584831238,97.43539303168654
4,3,19,2,random440_expressivespeech_108::2,258,False,43.65134358406067,63.82417416572571,107.47524207830429
4,3,19,3,random440_expressivespeech_108::3,336,False,59.279378175735474,361.16563272476196,418.2051105722785
4,3,20,0,random440_deear_067::0,7,True,1.2118446826934814,1.5857772827148438,2.784752894192934
4,3,20,1,random440_deear_067::1,9,True,1.4936585426330566,2.049100875854492,3.5296575780957937
4,3,20,2,random440_deear_067::2,8,True,1.3529870510101318,1.911902666091919,3.2642623223364353
4,3,20,3,random440_deear_067::3,6,True,1.0733907222747803,4.729981899261475,5.793464811518788
4,3,21,0,random440_expressivespeech_033::0,26,False,4.585235834121704,5.951450347900391,10.516063896939158
4,3,21,1,random440_expressivespeech_033::1,25,False,4.070859670639038,5.721102237701416,9.782655220478773
4,3,21,2,random440_expressivespeech_033::2,22,False,4.074466228485107,5.288804531097412,9.44315148703754
4,3,21,3,random440_expressivespeech_033::3,25,False,4.411527156829834,5.72092604637146,10.119790276512504
4,3,22,0,random440_expressivespeech_077::0,234,False,39.875611782073975,57.853110790252686,96.54142752476037
4,3,22,1,random440_expressivespeech_077::1,200,False,34.61253023147583,49.1924512386322,82.95609090849757
4,3,22,2,random440_expressivespeech_077::2,237,False,40.58246207237244,58.48375868797302,97.64843655191362
4,3,22,3,random440_expressivespeech_077::3,202,False,34.412102699279785,49.697871685028076,83.8201505895704
4,3,23,0,random440_deear_085::0,140,False,23.545695781707764,33.86567735671997,57.38569862395525
4,3,23,1,random440_deear_085::1,164,False,27.69887089729309,40.17461895942688,67.90077979676425
4,3,23,2,random440_deear_085::2,168,False,28.345037698745728,40.679163217544556,69.03173509426415
4,3,23,3,random440_deear_085::3,150,False,25.267961978912354,36.07273030281067,61.34738328307867
4,3,24,0,random440_deear_017::0,21,False,3.671114444732666,5.27106785774231,8.922383775934577
4,3,24,1,random440_deear_017::1,38,False,6.179464101791382,8.855380296707153,15.020670594647527
4,3,24,2,random440_deear_017::2,29,False,4.903508901596069,6.7791430950164795,11.672168800607324
4,3,24,3,random440_deear_017::3,52,False,8.919818878173828,13.710442066192627,22.614540599286556
4,4,0,0,random440_expressivespeech_262::0,43,False,9.622698783874512,10.593480587005615,20.197138035669923
4,4,0,1,random440_expressivespeech_262::1,46,False,7.823546886444092,10.612956523895264,18.62769266217947
4,4,0,2,random440_expressivespeech_262::2,41,False,6.950308322906494,9.340946912765503,16.470747601240873
4,4,0,3,random440_expressivespeech_262::3,44,False,7.143884181976318,11.645154237747192,18.76919859275222
4,4,1,0,random440_expressivespeech_206::0,121,False,22.57673454284668,29.005661010742188,51.56310678459704
4,4,1,1,random440_expressivespeech_206::1,141,False,23.35529899597168,33.77619242668152,57.61938558332622
4,4,1,2,random440_expressivespeech_206::2,119,False,19.637512922286987,28.435827493667603,48.64131458103657
4,4,1,3,random440_expressivespeech_206::3,138,False,22.05203413963318,50.753238916397095,72.78841545805335
4,4,2,0,random440_expressivespeech_232::0,12,False,2.27437686920166,2.712416648864746,4.96962807700038
4,4,2,1,random440_expressivespeech_232::1,19,False,2.9125401973724365,4.297741651535034,7.192771598696709
4,4,2,2,random440_expressivespeech_232::2,16,False,2.4528794288635254,3.5895025730133057,6.032698867842555
4,4,2,3,random440_expressivespeech_232::3,19,False,2.8878517150878906,11.167943239212036,14.074241790920496
4,4,3,0,random440_expressivespeech_320::0,53,False,8.293589115142822,12.18979811668396,20.46147063188255
4,4,3,1,random440_expressivespeech_320::1,36,False,5.890920162200928,8.331263780593872,14.208708917722106
4,4,3,2,random440_expressivespeech_320::2,32,False,5.128404855728149,7.219660758972168,12.337435999885201
4,4,3,3,random440_expressivespeech_320::3,35,False,5.394033193588257,15.381042718887329,20.7571977712214
4,4,4,0,random440_expressivespeech_164::0,92,False,14.794770240783691,21.90759015083313,36.68218627758324
4,4,4,1,random440_expressivespeech_164::1,69,False,10.900301456451416,16.08881640434265,27.358618011698127
4,4,4,2,random440_expressivespeech_164::2,90,False,14.83699655532837,21.28971242904663,36.114642744883895
4,4,4,3,random440_expressivespeech_164::3,92,False,15.177638530731201,22.776293992996216,38.31398947350681
4,4,5,0,random440_expressivespeech_221::0,69,False,10.818075895309448,16.07966375350952,26.86602041684091
4,4,5,1,random440_expressivespeech_221::1,75,False,12.227575540542603,17.619425058364868,29.83546024374664
4,4,5,2,random440_expressivespeech_221::2,67,False,10.603830814361572,15.369600772857666,26.267272245138884
4,4,5,3,random440_expressivespeech_221::3,91,False,14.822093963623047,25.82460904121399,40.629838448017836
4,4,6,0,random440_expressivespeech_277::0,64,False,10.071369171142578,15.21324872970581,25.26386607065797
4,4,6,1,random440_expressivespeech_277::1,57,False,8.95154595375061,13.10241150856018,22.04069253243506
4,4,6,2,random440_expressivespeech_277::2,61,False,9.81230092048645,13.910604238510132,23.709174558520317
4,4,6,3,random440_expressivespeech_277::3,53,False,8.48417615890503,15.46736192703247,24.177385084331036
4,4,7,0,random440_deear_089::0,62,False,9.79591703414917,14.576448917388916,24.352442299947143
4,4,7,1,random440_deear_089::1,67,False,10.494861364364624,15.800667762756348,26.2818246986717
4,4,7,2,random440_deear_089::2,59,False,9.221413373947144,13.703679084777832,23.182591123506427
4,4,7,3,random440_deear_089::3,86,False,13.69800853729248,23.766894340515137,37.449370585381985
4,4,8,0,random440_expressivespeech_335::0,63,False,9.958452224731445,14.48481822013855,24.424379628151655
4,4,8,1,random440_expressivespeech_335::1,72,False,11.312896013259888,17.000315189361572,28.304506361484528
4,4,8,2,random440_expressivespeech_335::2,58,False,9.153522968292236,13.251199960708618,22.68666755221784
4,4,8,3,random440_expressivespeech_335::3,59,False,9.405651569366455,20.35456132888794,29.737079789862037
4,4,9,0,random440_deear_029::0,32,False,5.252618789672852,7.224414348602295,12.457175940275192
4,4,9,1,random440_deear_029::1,27,False,4.115935802459717,6.045696496963501,10.146287312731147
4,4,9,2,random440_deear_029::2,23,False,3.744725465774536,5.380638122558594,9.109525460749865
4,4,9,3,random440_deear_029::3,35,False,5.334705114364624,11.61914324760437,17.03711831010878
4,4,10,0,random440_deear_060::0,22,False,3.6374764442443848,4.96384596824646,8.582390321418643
4,4,10,1,random440_deear_060::1,25,False,4.416398763656616,5.676325082778931,10.080950748175383
4,4,10,2,random440_deear_060::2,33,False,5.3120810985565186,7.455466032028198,12.845985932275653
4,4,10,3,random440_deear_060::3,24,False,3.6724853515625,10.65624713897705,14.444863051176071
4,4,11,0,random440_deear_025::0,93,False,15.112507820129395,22.571276664733887,37.66273153014481
4,4,11,1,random440_deear_025::1,99,False,15.683365821838379,23.09174394607544,39.148164154961705
4,4,11,2,random440_deear_025::2,89,False,14.630247354507446,20.839596033096313,35.85154567286372
4,4,11,3,random440_deear_025::3,87,False,13.976803541183472,46.570406913757324,60.526706939563155
4,4,12,0,random440_expressivespeech_322::0,18,False,2.7765798568725586,4.029516935348511,6.786100214347243
4,4,12,1,random440_expressivespeech_322::1,15,False,2.2935538291931152,3.340959072113037,5.620595263317227
4,4,12,2,random440_expressivespeech_322::2,18,False,2.7632625102996826,4.008996248245239,6.754788568243384
4,4,12,3,random440_expressivespeech_322::3,14,False,2.138899087905884,3.0702788829803467,5.258088909089565
4,4,13,0,random440_expressivespeech_337::0,46,False,8.060978889465332,10.529959917068481,18.572187343612313
4,4,13,1,random440_expressivespeech_337::1,70,False,11.01125717163086,16.137484788894653,27.315519269555807
4,4,13,2,random440_expressivespeech_337::2,39,False,6.1503448486328125,9.232659578323364,15.649742709472775
4,4,13,3,random440_expressivespeech_337::3,39,False,6.566612482070923,11.2042977809906,17.753349846228957
4,4,14,0,random440_expressivespeech_213::0,21,False,3.204209089279175,4.7060980796813965,7.890850272029638
4,4,14,1,random440_expressivespeech_213::1,13,False,2.011108636856079,3.134375810623169,5.131552763283253
4,4,14,2,random440_expressivespeech_213::2,19,False,3.17311692237854,4.317010164260864,7.4772647600620985
4,4,14,3,random440_expressivespeech_213::3,36,False,5.496468544006348,9.68036961555481,15.222070720046759
4,4,15,0,random440_expressivespeech_153::0,45,False,7.681046485900879,10.3347806930542,17.998610150069
4,4,15,1,random440_expressivespeech_153::1,50,False,7.918791055679321,11.797291994094849,19.876062616705894
4,4,15,2,random440_expressivespeech_153::2,70,False,11.078790664672852,16.753284454345703,28.008955869823694
4,4,15,3,random440_expressivespeech_153::3,37,False,5.700979709625244,12.285643100738525,18.308001909404993
4,4,16,0,random440_expressivespeech_084::0,166,False,28.171180963516235,39.79428315162659,67.94255914352834
4,4,16,1,random440_expressivespeech_084::1,94,False,14.947487831115723,22.722951412200928,37.655204771086574
4,4,16,2,random440_expressivespeech_084::2,83,False,12.998801231384277,19.644280672073364,32.634737653657794
4,4,16,3,random440_expressivespeech_084::3,130,False,21.189466953277588,38.365713119506836,59.53456471301615
4,4,17,0,random440_expressivespeech_324::0,70,False,11.06530499458313,16.486626148223877,27.53214688040316
4,4,17,1,random440_expressivespeech_324::1,78,False,12.258700370788574,18.319936990737915,30.567687518894672
4,4,17,2,random440_expressivespeech_324::2,97,False,15.571519613265991,23.210439443588257,38.77008264884353
4,4,17,3,random440_expressivespeech_324::3,101,False,16.110414505004883,30.25030827522278,46.745850725099444
4,4,18,0,random440_expressivespeech_075::0,166,False,27.660495042800903,39.54612731933594,67.18701459281147
4,4,18,1,random440_expressivespeech_075::1,165,False,26.50038504600525,39.34851336479187,65.83573765680194
4,4,18,2,random440_expressivespeech_075::2,191,False,31.73788833618164,46.692171812057495,77.572913877666
4,4,18,3,random440_expressivespeech_075::3,149,False,24.306085348129272,70.47518515586853,94.74061450175941
4,4,19,0,random440_expressivespeech_141::0,254,False,44.24140810966492,61.74755668640137,104.60890055820346
4,4,19,1,random440_expressivespeech_141::1,260,False,41.45693778991699,63.20075964927673,103.09205060638487
4,4,19,2,random440_expressivespeech_141::2,295,False,47.958584785461426,71.8094003200531,119.0039069596678
4,4,19,3,random440_expressivespeech_141::3,279,False,44.11898970603943,383.7192244529724,429.0375919044018
4,4,20,0,random440_expressivespeech_159::0,8,False,1.2868857383728027,1.7789649963378906,3.050199907273054
4,4,20,1,random440_expressivespeech_159::1,12,False,1.818199872970581,2.6874184608459473,4.492267809808254
4,4,20,2,random440_expressivespeech_159::2,10,False,1.5353705883026123,2.2482352256774902,3.7840025387704372
4,4,20,3,random440_expressivespeech_159::3,10,False,1.5283172130584717,2.4636807441711426,4.007670009508729
4,4,21,0,random440_expressivespeech_142::0,29,False,4.359317779541016,6.5190722942352295,10.860847717151046
4,4,21,1,random440_expressivespeech_142::1,21,False,3.409473180770874,4.762073040008545,8.171265367418528
4,4,21,2,random440_expressivespeech_142::2,27,False,4.315891742706299,6.250500202178955,10.55594570748508
4,4,21,3,random440_expressivespeech_142::3,20,False,3.0475707054138184,7.027690649032593,10.05923891812563
4,4,22,0,random440_expressivespeech_130::0,213,False,34.05126214027405,51.40660381317139,84.28578167036176
4,4,22,1,random440_expressivespeech_130::1,197,False,31.11840796470642,47.35804009437561,77.56626273319125
4,4,22,2,random440_expressivespeech_130::2,204,False,31.735803842544556,48.90692114830017,79.60546647012234
4,4,22,3,random440_expressivespeech_130::3,228,False,35.61609125137329,86.11497116088867,120.17610395886004
4,4,23,0,random440_expressivespeech_125::0,162,False,24.620748043060303,38.48316478729248,63.084674371406436
4,4,23,1,random440_expressivespeech_125::1,133,False,20.692456483840942,31.42699694633484,52.14141830429435
4,4,23,2,random440_expressivespeech_125::2,162,False,25.82222270965576,37.792346239089966,63.63320359773934
4,4,23,3,random440_expressivespeech_125::3,154,False,23.917972564697266,52.75250697135925,76.66249102167785
4,4,24,0,random440_expressivespeech_234::0,32,False,4.826909065246582,7.406497240066528,12.212185757234693
4,4,24,1,random440_expressivespeech_234::1,38,False,5.9932544231414795,8.529399633407593,14.511323323473334
4,4,24,2,random440_expressivespeech_234::2,35,False,5.275011777877808,8.009243965148926,13.274596342816949
4,4,24,3,random440_expressivespeech_234::3,34,False,5.3340818881988525,12.819783926010132,18.138914110139012
4,5,0,0,random440_expressivespeech_072::0,44,False,9.18251895904541,10.143110513687134,19.306885089725256
4,5,0,1,random440_expressivespeech_072::1,45,False,6.965884447097778,9.81355333328247,16.943077754229307
4,5,0,2,random440_expressivespeech_072::2,42,False,7.007054090499878,9.246485948562622,16.41227362304926
4,5,0,3,random440_expressivespeech_072::3,42,False,6.458374738693237,14.886102676391602,21.326099894940853
4,5,1,0,random440_expressivespeech_139::0,117,False,20.767619132995605,28.15951704978943,48.90874954685569
4,5,1,1,random440_expressivespeech_139::1,156,False,25.824181079864502,37.144811153411865,62.95256377570331
4,5,1,2,random440_expressivespeech_139::2,125,False,19.43187379837036,29.506664752960205,49.6106271520257
4,5,1,3,random440_expressivespeech_139::3,117,False,18.240662336349487,50.413249015808105,68.64035325869918
4,5,2,0,random440_deear_094::0,19,False,3.3411800861358643,4.128080368041992,7.451409405097365
4,5,2,1,random440_deear_094::1,23,False,3.3854236602783203,5.053508520126343,8.422852275893092
4,5,2,2,random440_deear_094::2,11,False,1.6421856880187988,2.365654230117798,4.000116294249892
4,5,2,3,random440_deear_094::3,13,False,1.9406201839447021,10.372748851776123,12.29659448005259
4,5,3,0,random440_expressivespeech_284::0,42,False,6.553279638290405,9.286056518554688,15.822083519771695
4,5,3,1,random440_expressivespeech_284::1,51,False,7.7251646518707275,11.584556818008423,19.297376323491335
4,5,3,2,random440_expressivespeech_284::2,38,False,5.8643951416015625,8.324528217315674,14.39534654468298
4,5,3,3,random440_expressivespeech_284::3,39,False,5.997640132904053,12.366214752197266,18.3506892118603
4,5,4,0,random440_expressivespeech_171::0,86,False,13.37958025932312,19.786193132400513,33.14740369655192
4,5,4,1,random440_expressivespeech_171::1,79,False,12.17803406715393,18.044918298721313,30.5677987113595
4,5,4,2,random440_expressivespeech_171::2,96,False,14.790079593658447,21.553153038024902,36.33430481888354
4,5,4,3,random440_expressivespeech_171::3,79,False,12.85419511795044,25.183911561965942,38.0257018879056
4,5,5,0,random440_expressivespeech_196::0,77,False,11.64630913734436,17.831157207489014,29.458345802500844
4,5,5,1,random440_expressivespeech_196::1,65,False,9.858339786529541,14.611277103424072,24.774470211938024
4,5,5,2,random440_expressivespeech_196::2,66,False,10.282690525054932,14.57155466079712,24.844814781099558
4,5,5,3,random440_expressivespeech_196::3,93,False,15.093018770217896,29.72473430633545,44.80381434597075
4,5,6,0,random440_expressivespeech_092::0,69,False,10.165362119674683,16.158104419708252,26.30183382704854
4,5,6,1,random440_expressivespeech_092::1,51,False,7.79369044303894,11.185945272445679,18.968212570995092
4,5,6,2,random440_expressivespeech_092::2,57,False,9.120528221130371,12.557523488998413,21.66553625278175
4,5,6,3,random440_expressivespeech_092::3,56,False,8.519272089004517,19.604763984680176,28.338276010006666
4,5,7,0,random440_expressivespeech_258::0,86,False,13.725813150405884,19.385823011398315,33.09293971210718
4,5,7,1,random440_expressivespeech_258::1,69,False,11.393028974533081,15.319387912750244,27.04783127270639
4,5,7,2,random440_expressivespeech_258::2,61,False,9.395639181137085,13.758511543273926,23.143493192270398
4,5,7,3,random440_expressivespeech_258::3,53,False,7.865970611572266,19.990896940231323,27.841399434953928
4,5,8,0,random440_expressivespeech_066::0,57,False,8.691104173660278,12.885309934616089,21.557599736377597
4,5,8,1,random440_expressivespeech_066::1,64,False,9.74773359298706,14.28377628326416,24.013417771086097
4,5,8,2,random440_expressivespeech_066::2,61,False,10.034838676452637,13.406270265579224,23.43219401501119
4,5,8,3,random440_expressivespeech_066::3,67,False,10.466484308242798,25.437055587768555,35.87559469975531
4,5,9,0,random440_expressivespeech_226::0,29,False,5.3106255531311035,6.353153944015503,11.643461445346475
4,5,9,1,random440_expressivespeech_226::1,31,False,4.626279354095459,6.766868591308594,11.378688344731927
4,5,9,2,random440_expressivespeech_226::2,30,False,4.629115104675293,7.076228857040405,11.694450087845325
4,5,9,3,random440_expressivespeech_226::3,26,False,3.8529603481292725,10.086806774139404,14.028176547959447
4,5,10,0,random440_expressivespeech_339::0,25,False,3.879054546356201,5.620067358016968,9.47362820059061
4,5,10,1,random440_expressivespeech_339::1,20,False,3.4670231342315674,4.398282289505005,7.852298848330975
4,5,10,2,random440_expressivespeech_339::2,34,False,5.384077548980713,7.445439100265503,12.815221581608057
4,5,10,3,random440_expressivespeech_339::3,24,False,3.5366318225860596,12.076420307159424,15.725403530523181
4,5,11,0,random440_expressivespeech_051::0,121,False,18.68446707725525,28.036263465881348,46.70096498541534
4,5,11,1,random440_expressivespeech_051::1,135,False,21.241477966308594,30.802865743637085,52.02941975928843
4,5,11,2,random440_expressivespeech_051::2,79,False,12.416884183883667,17.943556785583496,30.343540834262967
4,5,11,3,random440_expressivespeech_051::3,93,False,14.947173357009888,28.044559717178345,42.96719000674784
4,5,12,0,random440_expressivespeech_048::0,24,False,3.5570359230041504,5.302927732467651,8.842659456655383
4,5,12,1,random440_expressivespeech_048::1,14,False,2.0879194736480713,3.0835089683532715,5.161352768540382
4,5,12,2,random440_expressivespeech_048::2,11,False,1.899834156036377,2.388519763946533,4.277506390586495
4,5,12,3,random440_expressivespeech_048::3,14,False,2.0714967250823975,4.035536050796509,6.08871304243803
4,5,13,0,random440_expressivespeech_104::0,48,False,8.158782482147217,10.527549028396606,18.670728463679552
4,5,13,1,random440_expressivespeech_104::1,38,False,5.583076238632202,8.893243789672852,14.463336791843176
4,5,13,2,random440_expressivespeech_104::2,52,False,7.93030047416687,11.434925317764282,19.35220728069544
4,5,13,3,random440_expressivespeech_104::3,48,False,7.467866897583008,19.095231533050537,26.539788665249944
4,5,14,0,random440_expressivespeech_149::0,17,False,2.5091419219970703,3.6858248710632324,6.1814938224852085
4,5,14,1,random440_expressivespeech_149::1,20,False,2.9699137210845947,4.8024303913116455,7.757439384236932
4,5,14,2,random440_expressivespeech_149::2,22,False,3.412252426147461,4.771915435791016,8.172779681161046
4,5,14,3,random440_expressivespeech_149::3,29,False,4.26664662361145,9.249897718429565,13.573247348889709
4,5,15,0,random440_expressivespeech_002::0,53,False,8.899333000183105,11.666882514953613,20.547275664284825
4,5,15,1,random440_expressivespeech_002::1,47,False,7.129961729049683,10.93842625617981,18.272315442562103
4,5,15,2,random440_expressivespeech_002::2,48,False,7.32088828086853,10.579883575439453,17.889826625585556
4,5,15,3,random440_expressivespeech_002::3,51,False,8.669816493988037,18.665489196777344,27.506694328039885
4,5,16,0,random440_expressivespeech_001::0,107,False,16.668986797332764,24.678239107131958,41.32786291092634
4,5,16,1,random440_expressivespeech_001::1,102,False,15.680217027664185,23.56928324699402,39.67449635639787
4,5,16,2,random440_expressivespeech_001::2,127,False,19.813174724578857,29.63440251350403,49.84825146757066
4,5,16,3,random440_expressivespeech_001::3,107,False,16.214906454086304,51.69263029098511,67.88892629556358
4,5,17,0,random440_deear_052::0,85,False,12.861077547073364,20.011147260665894,32.853755382820964
4,5,17,1,random440_deear_052::1,90,False,14.168190002441406,20.27672052383423,34.43857327662408
4,5,17,2,random440_deear_052::2,82,False,13.294271469116211,18.20304012298584,31.847811833024025
4,5,17,3,random440_deear_052::3,89,False,13.825986862182617,30.626899003982544,44.442197270691395
4,5,18,0,random440_expressivespeech_117::0,156,False,24.619969367980957,36.74617791175842,61.34820223227143
4,5,18,1,random440_expressivespeech_117::1,181,False,28.98473024368286,42.70665764808655,71.64338830858469
4,5,18,2,random440_expressivespeech_117::2,155,False,24.0191388130188,35.683133602142334,59.69098543189466
4,5,18,3,random440_expressivespeech_117::3,156,False,24.031679391860962,89.59545636177063,113.57219141535461
4,5,19,0,random440_expressivespeech_018::0,497,False,89.5789053440094,121.33036684989929,207.89457881450653
4,5,19,1,random440_expressivespeech_018::1,425,False,66.12831521034241,104.58344674110413,170.7476219702512
4,5,19,2,random440_expressivespeech_018::2,474,False,75.06356525421143,115.96902847290039,191.1281858291477
4,5,19,3,random440_expressivespeech_018::3,459,False,72.10447764396667,111.68157744407654,180.99653531983495
4,5,20,0,random440_expressivespeech_316::0,13,False,1.9894392490386963,2.844338893890381,4.8187090661376715
4,5,20,1,random440_expressivespeech_316::1,8,False,1.2081298828125,1.7682373523712158,2.968906883150339
4,5,20,2,random440_expressivespeech_316::2,9,False,1.4632360935211182,2.1797409057617188,3.6310026831924915
4,5,20,3,random440_expressivespeech_316::3,8,False,1.2184934616088867,2.677993059158325,3.8824946004897356
4,5,21,0,random440_deear_005::0,22,False,3.550295114517212,4.845425605773926,8.382645370438695
4,5,21,1,random440_deear_005::1,29,False,4.332623481750488,6.413634538650513,10.813744928687811
4,5,21,2,random440_deear_005::2,23,False,4.054847955703735,5.542933702468872,9.588630655780435
4,5,21,3,random440_deear_005::3,23,False,3.407585859298706,7.588145017623901,10.980614375323057
4,5,22,0,random440_expressivespeech_276::0,207,False,32.377111196517944,49.13777995109558,81.49525203183293
4,5,22,1,random440_expressivespeech_276::1,229,False,35.66338872909546,54.51992869377136,90.25879523716867
4,5,22,2,random440_expressivespeech_276::2,197,False,30.51517653465271,46.81629133224487,77.39048111625016
4,5,22,3,random440_expressivespeech_276::3,208,False,32.64935326576233,82.71371817588806,115.41749620623887
4,5,23,0,random440_expressivespeech_268::0,154,False,23.389962911605835,35.782155990600586,59.15335711836815
4,5,23,1,random440_expressivespeech_268::1,140,False,21.5491840839386,32.48508620262146,54.1118058282882
4,5,23,2,random440_expressivespeech_268::2,146,False,22.738224506378174,33.66378355026245,56.45816083997488
4,5,23,3,random440_expressivespeech_268::3,157,False,24.712971687316895,61.32840371131897,86.058717276901
4,5,24,0,random440_expressivespeech_047::0,28,False,4.20146632194519,6.924544095993042,11.104326775297523
4,5,24,1,random440_expressivespeech_047::1,39,False,6.0467917919158936,8.532219171524048,14.572760544717312
4,5,24,2,random440_expressivespeech_047::2,45,False,6.628952741622925,10.303527593612671,16.9221669472754
4,5,24,3,random440_expressivespeech_047::3,27,False,4.2920241355896,11.158808946609497,15.625388564541936
4,6,0,0,random440_expressivespeech_239::0,47,False,10.12742805480957,11.14235544204712,21.251278899610043
4,6,0,1,random440_expressivespeech_239::1,46,False,7.634454727172852,10.683599710464478,18.484021231532097
4,6,0,2,random440_expressivespeech_239::2,39,False,6.569396734237671,8.952830076217651,15.71334621310234
4,6,0,3,random440_expressivespeech_239::3,40,False,6.525333404541016,11.977021932601929,18.48350532539189
4,6,1,0,random440_expressivespeech_182::0,118,False,22.40289306640625,29.483137369155884,51.86565792001784
4,6,1,1,random440_expressivespeech_182::1,132,False,22.61931848526001,32.24501323699951,54.8520418163389
4,6,1,2,random440_expressivespeech_182::2,119,False,19.444331169128418,29.468600749969482,48.89864145964384
4,6,1,3,random440_expressivespeech_182::3,135,False,22.16995930671692,51.84199810028076,73.99552965722978
4,6,2,0,random440_expressivespeech_119::0,14,False,2.4161908626556396,3.229154586791992,5.628721067681909
4,6,2,1,random440_expressivespeech_119::1,13,False,2.311166524887085,3.0179803371429443,5.320090981200337
4,6,2,2,random440_expressivespeech_119::2,17,False,2.6804840564727783,3.9272255897521973,6.589750116690993
4,6,2,3,random440_expressivespeech_119::3,36,False,5.905588626861572,8.908802509307861,14.798092473298311
4,6,3,0,random440_expressivespeech_203::0,43,False,6.774017810821533,10.000853776931763,16.75616324879229
4,6,3,1,random440_expressivespeech_203::1,39,False,6.542774438858032,9.238645792007446,15.768571997061372
4,6,3,2,random440_expressivespeech_203::2,42,False,6.872286558151245,9.877342462539673,16.736857688054442
4,6,3,3,random440_expressivespeech_203::3,46,False,7.750338554382324,10.843178510665894,18.7484947796911
4,6,4,0,random440_deear_079::0,90,False,14.848918199539185,21.908034801483154,36.7367160897702
4,6,4,1,random440_deear_079::1,90,False,15.28517198562622,21.39359736442566,37.03650311939418
4,6,4,2,random440_deear_079::2,69,False,11.533605337142944,16.28026056289673,28.16457625478506
4,6,4,3,random440_deear_079::3,89,False,15.23829960823059,21.829800844192505,37.05454352684319
4,6,5,0,random440_expressivespeech_191::0,61,False,9.854708194732666,14.230273008346558,24.065729938447475
4,6,5,1,random440_expressivespeech_191::1,60,False,10.342173337936401,14.063091278076172,24.395358910784125
4,6,5,2,random440_expressivespeech_191::2,92,False,14.983311176300049,22.2797372341156,37.48713458701968
4,6,5,3,random440_expressivespeech_191::3,79,False,13.091124057769775,24.546360969543457,38.061221703886986
4,6,6,0,random440_expressivespeech_201::0,51,False,7.99181866645813,12.037401676177979,20.011581791564822
4,6,6,1,random440_expressivespeech_201::1,51,False,8.464467763900757,11.945539236068726,20.39901036210358
4,6,6,2,random440_expressivespeech_201::2,68,False,11.235519409179688,15.909549474716187,27.13102923333645
4,6,6,3,random440_expressivespeech_201::3,56,False,9.168056964874268,18.328684329986572,27.749196941033006
4,6,7,0,random440_expressivespeech_094::0,66,False,10.686954736709595,15.758497714996338,26.423804318532348
4,6,7,1,random440_expressivespeech_094::1,71,False,11.425848722457886,17.189231157302856,28.875874768942595
4,6,7,2,random440_expressivespeech_094::2,61,False,9.795149803161621,14.410414457321167,24.475893076509237
4,6,7,3,random440_expressivespeech_094::3,69,False,11.04166555404663,20.676234245300293,31.700173147022724
4,6,8,0,random440_expressivespeech_244::0,76,False,12.190894603729248,17.899693727493286,30.0721594132483
4,6,8,1,random440_expressivespeech_244::1,54,False,8.704254150390625,13.104133605957031,22.102787483483553
4,6,8,2,random440_expressivespeech_244::2,57,False,9.186104774475098,13.315564393997192,22.489175260066986
4,6,8,3,random440_expressivespeech_244::3,60,False,9.704889297485352,20.857171773910522,30.773204499855638
4,6,9,0,random440_expressivespeech_097::0,26,False,4.574222564697266,6.110687255859375,10.665808707475662
4,6,9,1,random440_expressivespeech_097::1,23,False,3.88102126121521,5.307724475860596,9.177583023905754
4,6,9,2,random440_expressivespeech_097::2,35,False,5.4984729290008545,8.368573427200317,13.852731326594949
4,6,9,3,random440_expressivespeech_097::3,32,False,5.232380151748657,9.784755945205688,14.997034383937716
4,6,10,0,random440_expressivespeech_106::0,22,False,3.4898886680603027,5.143136501312256,8.61245279200375
4,6,10,1,random440_expressivespeech_106::1,25,False,4.676067352294922,5.824059247970581,10.487851478159428
4,6,10,2,random440_expressivespeech_106::2,33,False,5.194205045700073,7.660266876220703,12.84026169590652
4,6,10,3,random440_expressivespeech_106::3,34,False,5.636200666427612,8.252338409423828,14.004017785191536
4,6,11,0,random440_expressivespeech_240::0,93,False,15.020237445831299,22.966052293777466,37.966237431392074
4,6,11,1,random440_expressivespeech_240::1,89,False,14.699755668640137,21.670201063156128,36.73632203601301
4,6,11,2,random440_expressivespeech_240::2,132,False,22.120134830474854,32.42715883255005,54.5361122880131
4,6,11,3,random440_expressivespeech_240::3,106,False,18.025354862213135,25.707191228866577,43.71280749514699
4,6,12,0,random440_expressivespeech_170::0,21,False,3.3492074012756348,4.894637107849121,8.227183664217591
4,6,12,1,random440_expressivespeech_170::1,14,False,2.2409446239471436,3.2262868881225586,5.455090571194887
4,6,12,2,random440_expressivespeech_170::2,10,False,1.5956151485443115,2.2655375003814697,3.8475147914141417
4,6,12,3,random440_expressivespeech_170::3,12,False,2.104957103729248,4.780561685562134,6.869717525318265
4,6,13,0,random440_expressivespeech_177::0,49,False,8.645724296569824,11.422852039337158,20.04963058233261
4,6,13,1,random440_expressivespeech_177::1,45,False,7.1195924282073975,10.782666206359863,18.082304816693068
4,6,13,2,random440_expressivespeech_177::2,41,False,6.772501707077026,9.627958536148071,16.389123229309916
4,6,13,3,random440_expressivespeech_177::3,51,False,9.130420207977295,15.629215002059937,24.74452410452068
4,6,14,0,random440_expressivespeech_034::0,19,False,2.999382972717285,4.3396079540252686,7.324058823287487
4,6,14,1,random440_expressivespeech_034::1,26,False,4.328496217727661,6.077856540679932,10.39183852262795
4,6,14,2,random440_expressivespeech_034::2,19,False,3.0179765224456787,4.354795455932617,7.357601942494512
4,6,14,3,random440_expressivespeech_034::3,23,False,3.866785764694214,6.620562314987183,10.467281384393573
4,6,15,0,random440_expressivespeech_060::0,50,False,8.78180980682373,11.70345950126648,20.467517727985978
4,6,15,1,random440_expressivespeech_060::1,47,False,7.42673921585083,11.46027660369873,19.083226209506392
4,6,15,2,random440_expressivespeech_060::2,46,False,7.6153693199157715,10.901238918304443,18.688719717785716
4,6,15,3,random440_expressivespeech_060::3,55,False,9.52791976928711,16.46357798576355,25.975619465112686
4,6,16,0,random440_expressivespeech_331::0,111,False,18.711968898773193,26.941073417663574,45.63440960459411
4,6,16,1,random440_expressivespeech_331::1,106,False,17.180508136749268,25.818345069885254,42.98420115374029
4,6,16,2,random440_expressivespeech_331::2,119,False,20.046468257904053,29.13109827041626,49.16620796173811
4,6,16,3,random440_expressivespeech_331::3,103,False,17.117867946624756,43.11158204078674,60.20907319523394
4,6,17,0,random440_expressivespeech_029::0,78,False,12.692879915237427,19.490782737731934,32.16159675270319
4,6,17,1,random440_expressivespeech_029::1,95,False,15.79188871383667,22.79840111732483,38.58044038526714
4,6,17,2,random440_expressivespeech_029::2,88,False,15.124207019805908,21.31853199005127,36.43340753391385
4,6,17,3,random440_expressivespeech_029::3,84,False,13.640702247619629,22.382742166519165,36.006517900153995
4,6,18,0,random440_expressivespeech_299::0,139,False,23.558105945587158,34.20326066017151,57.74376989528537
4,6,18,1,random440_expressivespeech_299::1,181,False,31.89452576637268,44.51179027557373,76.20751021429896
4,6,18,2,random440_expressivespeech_299::2,189,False,31.928211450576782,47.130483865737915,78.0358375031501
4,6,18,3,random440_expressivespeech_299::3,225,False,39.041077852249146,55.58999967575073,93.4212375767529
4,6,19,0,random440_deear_004::0,352,False,64.4429395198822,89.76602482795715,151.98717149347067
4,6,19,1,random440_deear_004::1,345,False,57.69745707511902,87.15217757225037,144.90370662137866
4,6,19,2,random440_deear_004::2,374,False,62.832390785217285,95.62265276908875,156.2412673216313
4,6,19,3,random440_deear_004::3,389,False,63.933130741119385,237.14927101135254,298.3694699779153
4,6,20,0,random440_deear_021::0,10,False,1.6386594772338867,2.3140709400177,3.9355198349803686
4,6,20,1,random440_deear_021::1,8,False,1.5640833377838135,1.8617734909057617,3.4140138030052185
4,6,20,2,random440_deear_021::2,11,False,1.8413825035095215,2.6517574787139893,4.490146851167083
4,6,20,3,random440_deear_021::3,9,False,1.4371094703674316,2.0642967224121094,3.4899887405335903
4,6,21,0,random440_deear_045::0,21,False,3.36103892326355,4.924842357635498,8.272005883976817
4,6,21,1,random440_deear_045::1,22,False,3.71014666557312,5.167805433273315,8.938629660755396
4,6,21,2,random440_deear_045::2,33,False,5.383732795715332,8.222182989120483,13.596411844715476
4,6,21,3,random440_deear_045::3,21,False,3.3369033336639404,5.5900702476501465,8.91449918039143
4,6,22,0,random440_expressivespeech_247::0,195,False,32.42128658294678,48.32550048828125,79.79475725628436
4,6,22,1,random440_expressivespeech_247::1,195,False,32.215123891830444,48.855196952819824,80.13439208082855
4,6,22,2,random440_expressivespeech_247::2,219,False,35.6092963218689,54.88776421546936,89.39151686243713
4,6,22,3,random440_expressivespeech_247::3,190,False,31.244333028793335,81.46468925476074,112.16167875565588
4,6,23,0,random440_expressivespeech_174::0,162,False,26.21966242790222,40.62953495979309,66.82848623022437
4,6,23,1,random440_expressivespeech_174::1,141,False,23.22725224494934,34.635172843933105,57.919258227571845
4,6,23,2,random440_expressivespeech_174::2,144,False,23.6117582321167,35.28165364265442,58.93216892145574
4,6,23,3,random440_expressivespeech_174::3,147,False,24.51784658432007,47.57510280609131,72.10558109916747
4,6,24,0,random440_expressivespeech_044::0,44,False,7.043984889984131,10.77713680267334,17.797865614295006
4,6,24,1,random440_expressivespeech_044::1,33,False,5.174047231674194,7.7226786613464355,12.897044651210308
4,6,24,2,random440_expressivespeech_044::2,28,False,4.770533800125122,6.555569887161255,11.320399548858404
4,6,24,3,random440_expressivespeech_044::3,33,False,5.514611482620239,10.661703109741211,16.157239712774754
4,7,0,0,random440_expressivespeech_273::0,45,False,9.487689971923828,10.21345329284668,19.682227117940784
4,7,0,1,random440_expressivespeech_273::1,45,False,7.146002769470215,9.85363221168518,17.15753191895783
4,7,0,2,random440_expressivespeech_273::2,34,False,5.601670503616333,7.509080648422241,13.266455819830298
4,7,0,3,random440_expressivespeech_273::3,48,False,7.478906154632568,16.5253484249115,23.988294506445527
4,7,1,0,random440_expressivespeech_193::0,141,False,25.625664472579956,33.11251735687256,58.7197676114738
4,7,1,1,random440_expressivespeech_193::1,130,False,20.519492149353027,30.497621297836304,51.568094512447715
4,7,1,2,random440_expressivespeech_193::2,145,False,22.931216716766357,33.740562200546265,57.20136656798422
4,7,1,3,random440_expressivespeech_193::3,148,False,23.428447246551514,39.44238066673279,63.46349368803203
4,7,2,0,random440_deear_046::0,19,False,3.123615264892578,4.115616321563721,7.221634097397327
4,7,2,1,random440_deear_046::1,18,False,2.969633102416992,3.9009058475494385,6.85478962957859
4,7,2,2,random440_deear_046::2,17,False,2.552950620651245,3.6609199047088623,6.263083280995488
4,7,2,3,random440_deear_046::3,21,False,3.162632465362549,8.710329294204712,11.90062858350575
4,7,3,0,random440_expressivespeech_114::0,44,False,6.92921257019043,9.681906938552856,16.594668021425605
4,7,3,1,random440_expressivespeech_114::1,43,False,6.722412824630737,9.681175231933594,16.388669269159436
4,7,3,2,random440_expressivespeech_114::2,40,False,6.033222436904907,8.875235080718994,15.0649799015373
4,7,3,3,random440_expressivespeech_114::3,41,False,6.460118770599365,13.379270792007446,19.82133824750781
4,7,4,0,random440_deear_041::0,89,False,13.684508323669434,20.520450115203857,34.18715399876237
4,7,4,1,random440_deear_041::1,86,False,14.056021928787231,19.614654779434204,34.023957788944244
4,7,4,2,random440_deear_041::2,79,False,12.433079481124878,17.727493047714233,30.14855015464127
4,7,4,3,random440_deear_041::3,71,False,11.768873453140259,27.97113537788391,39.72661377303302
4,7,5,0,random440_deear_019::0,71,False,11.061888456344604,15.975090742111206,27.01552332751453
4,7,5,1,random440_deear_019::1,79,False,12.391847848892212,17.92806911468506,30.30835639871657
4,7,5,2,random440_deear_019::2,73,False,11.166189432144165,16.613046646118164,28.083269527181983
4,7,5,3,random440_deear_019::3,68,False,10.768550157546997,27.323009252548218,38.06645940057933
4,7,6,0,random440_deear_066::0,53,False,7.89232611656189,11.973636388778687,19.845467623323202
4,7,6,1,random440_deear_066::1,46,False,7.453535556793213,10.093503713607788,17.532954016700387
4,7,6,2,random440_deear_066::2,70,False,10.880141735076904,15.747715473175049,26.615074567496777
4,7,6,3,random440_deear_066::3,57,False,8.89395546913147,22.12050461769104,31.27592800371349
4,7,7,0,random440_expressivespeech_209::0,60,False,9.2310311794281,13.554630756378174,22.76903541572392
4,7,7,1,random440_expressivespeech_209::1,80,False,12.244948863983154,18.131134510040283,30.60252538509667
4,7,7,2,random440_expressivespeech_209::2,67,False,10.27167797088623,15.075543403625488,25.65198171697557
4,7,7,3,random440_expressivespeech_209::3,58,False,8.946513414382935,23.448074340820312,32.36919980682433
4,7,8,0,random440_expressivespeech_305::0,44,False,6.820603847503662,9.83534049987793,16.630034802481532
4,7,8,1,random440_expressivespeech_305::1,75,False,11.859979152679443,16.585525274276733,28.43273575231433
4,7,8,2,random440_expressivespeech_305::2,57,False,9.409177541732788,12.602578163146973,22.344295259565115
4,7,8,3,random440_expressivespeech_305::3,67,False,10.545581340789795,27.33937668800354,37.8709139097482
4,7,9,0,random440_expressivespeech_241::0,36,False,5.856744289398193,7.905823469161987,13.74176892451942
4,7,9,1,random440_expressivespeech_241::1,35,False,5.466578483581543,7.658582448959351,13.11347072198987
4,7,9,2,random440_expressivespeech_241::2,31,False,4.941608428955078,6.889890909194946,11.950497208163142
4,7,9,3,random440_expressivespeech_241::3,27,False,4.005259037017822,5.882324695587158,9.997714322060347
4,7,10,0,random440_deear_081::0,27,False,4.277407646179199,6.208491563796997,10.457914728671312
4,7,10,1,random440_deear_081::1,25,False,4.219412803649902,5.492297410964966,9.69830302707851
4,7,10,2,random440_deear_081::2,26,False,4.107371091842651,5.693683862686157,9.787632880732417
4,7,10,3,random440_deear_081::3,36,False,5.449815273284912,10.338872909545898,15.877273885533214
4,7,11,0,random440_expressivespeech_012::0,111,False,17.393504858016968,25.997352123260498,43.37186952494085
4,7,11,1,random440_expressivespeech_012::1,113,False,17.909401893615723,26.34162712097168,44.236387895420194
4,7,11,2,random440_expressivespeech_012::2,92,False,14.131393909454346,21.108245372772217,35.221987104043365
4,7,11,3,random440_expressivespeech_012::3,99,False,15.267546892166138,34.096625089645386,49.35106820426881
4,7,12,0,random440_expressivespeech_190::0,13,False,1.9592866897583008,2.792924165725708,4.738329844549298
4,7,12,1,random440_expressivespeech_190::1,11,False,1.9136805534362793,2.3611536026000977,4.261742865666747
4,7,12,2,random440_expressivespeech_190::2,15,False,2.2470436096191406,3.227095365524292,5.459520656615496
4,7,12,3,random440_expressivespeech_190::3,10,False,1.5146615505218506,8.47267770767212,10.022605750709772
4,7,13,0,random440_expressivespeech_214::0,50,False,8.635731935501099,11.014235258102417,19.630938889458776
4,7,13,1,random440_expressivespeech_214::1,45,False,7.031975030899048,10.308511734008789,17.326472483575344
4,7,13,2,random440_expressivespeech_214::2,42,False,6.284229516983032,9.309442281723022,15.58090134523809
4,7,13,3,random440_expressivespeech_214::3,49,False,7.927760362625122,18.680649280548096,26.592127859592438
4,7,14,0,random440_expressivespeech_166::0,26,False,3.873826503753662,5.682338237762451,9.539761213585734
4,7,14,1,random440_expressivespeech_166::1,19,False,3.377392053604126,4.078433513641357,7.443657323718071
4,7,14,2,random440_expressivespeech_166::2,18,False,2.6971285343170166,3.8568100929260254,6.544152896851301
4,7,14,3,random440_expressivespeech_166::3,24,False,3.592975616455078,8.447732210159302,12.077155619859695
4,7,15,0,random440_expressivespeech_023::0,47,False,8.263899803161621,10.362812042236328,18.609569031745195
4,7,15,1,random440_expressivespeech_023::1,50,False,7.702402114868164,11.232905387878418,18.922757390886545
4,7,15,2,random440_expressivespeech_023::2,48,False,7.381094217300415,10.58151626586914,18.145228940993547
4,7,15,3,random440_expressivespeech_023::3,51,False,8.252369165420532,20.1318576335907,28.559484776109457
4,7,16,0,random440_expressivespeech_052::0,87,False,13.676220178604126,19.654990673065186,33.312601840123534
4,7,16,1,random440_expressivespeech_052::1,156,False,25.17581558227539,35.98157286643982,61.49520014412701
4,7,16,2,random440_expressivespeech_052::2,99,False,15.912315368652344,22.763216972351074,39.34991787187755
4,7,16,3,random440_expressivespeech_052::3,95,False,14.733839511871338,50.069005727767944,64.75258911773562
4,7,17,0,random440_expressivespeech_161::0,97,False,14.964838743209839,22.580482482910156,37.52560752443969
4,7,17,1,random440_expressivespeech_161::1,108,False,17.06173038482666,24.923359870910645,42.36722710728645
4,7,17,2,random440_expressivespeech_161::2,87,False,13.332682132720947,20.118775129318237,33.87640915811062
4,7,17,3,random440_expressivespeech_161::3,75,False,11.662407398223877,18.24257731437683,29.891104636713862
4,7,18,0,random440_expressivespeech_184::0,184,False,30.19368624687195,43.52802562713623,72.85920058377087
4,7,18,1,random440_expressivespeech_184::1,179,False,28.06509232521057,42.166927099227905,69.5456529930234
4,7,18,2,random440_expressivespeech_184::2,189,False,30.347173929214478,44.07728099822998,73.44138253107667
4,7,18,3,random440_expressivespeech_184::3,173,False,27.015762329101562,60.511353731155396,87.5040989369154
4,7,19,0,random440_expressivespeech_229::0,381,False,70.00846552848816,92.25383520126343,160.13449951820076
4,7,19,1,random440_expressivespeech_229::1,369,False,59.24243903160095,89.96627473831177,149.22040757536888
4,7,19,2,random440_expressivespeech_229::2,303,False,47.86091661453247,72.2023332118988,120.05544648319483
4,7,19,3,random440_expressivespeech_229::3,323,False,51.69950747489929,273.38508915901184,325.06532070972025
4,7,20,0,random440_deear_067::0,7,False,1.104628324508667,1.5037245750427246,2.5950515903532505
4,7,20,1,random440_deear_067::1,9,False,1.391596794128418,1.9467060565948486,3.326760459691286
4,7,20,2,random440_deear_067::2,8,False,1.229325532913208,1.880361795425415,3.0913452841341496
4,7,20,3,random440_deear_067::3,6,False,1.0366389751434326,5.309260129928589,6.340775243937969
4,7,21,0,random440_expressivespeech_131::0,26,False,4.203608512878418,5.725255727767944,9.912933841347694
4,7,21,1,random440_expressivespeech_131::1,24,False,3.5994691848754883,5.30350136756897,8.902916073799133
4,7,21,2,random440_expressivespeech_131::2,22,False,3.4635860919952393,5.462783098220825,8.9174824655056
4,7,21,3,random440_expressivespeech_131::3,24,False,3.834359645843506,8.127964496612549,12.023577041924
4,7,22,0,random440_expressivespeech_318::0,195,False,31.188565731048584,45.96509051322937,77.13317503966391
4,7,22,1,random440_expressivespeech_318::1,171,False,27.499205827713013,39.64416313171387,67.15542086027563
4,7,22,2,random440_expressivespeech_318::2,191,False,30.44459581375122,45.02114224433899,75.4944535959512
4,7,22,3,random440_expressivespeech_318::3,201,False,31.22370409965515,114.01145195960999,145.18967548757792
4,7,23,0,random440_expressivespeech_327::0,138,False,21.379110097885132,32.03664994239807,53.39674428105354
4,7,23,1,random440_expressivespeech_327::1,173,False,27.76428747177124,41.171130418777466,68.95825705118477
4,7,23,2,random440_expressivespeech_327::2,127,False,19.829848766326904,29.307289123535156,49.15016342140734
4,7,23,3,random440_expressivespeech_327::3,133,False,21.2623507976532,63.022762060165405,84.28699486516416
4,7,24,0,random440_expressivespeech_336::0,29,False,4.473157644271851,6.828111171722412,11.282838184386492
4,7,24,1,random440_expressivespeech_336::1,33,False,5.264585971832275,7.311151504516602,12.563683459535241
4,7,24,2,random440_expressivespeech_336::2,37,False,5.581951856613159,8.442925691604614,14.01105528511107
4,7,24,3,random440_expressivespeech_336::3,30,False,4.754939079284668,15.594759225845337,20.323103230446577
5,0,0,0,random440_expressivespeech_062::0,44,False,9.559006690979004,10.218125104904175,19.758305426687002
5,0,0,1,random440_expressivespeech_062::1,57,False,10.194613218307495,13.799209356307983,24.1518215239048
5,0,0,2,random440_expressivespeech_062::2,42,False,7.027263402938843,9.972967863082886,17.213155884295702
5,0,0,3,random440_expressivespeech_062::3,43,False,6.889145851135254,12.935947895050049,19.808580527082086
5,0,1,0,random440_expressivespeech_125::0,127,False,24.551806449890137,31.352271795272827,55.88255690038204
5,0,1,1,random440_expressivespeech_125::1,143,False,24.957451105117798,34.85087752342224,60.31074687279761
5,0,1,2,random440_expressivespeech_125::2,143,False,24.490091562271118,34.93971824645996,60.01638890057802
5,0,1,3,random440_expressivespeech_125::3,138,False,23.37952947616577,33.67931008338928,57.63480517268181
5,0,2,0,random440_expressivespeech_166::0,24,False,4.164581775665283,5.66520881652832,9.809307288378477
5,0,2,1,random440_expressivespeech_166::1,17,False,3.1226370334625244,3.9340219497680664,7.042990854009986
5,0,2,2,random440_expressivespeech_166::2,15,False,2.41949725151062,3.4299440383911133,5.838489823043346
5,0,2,3,random440_expressivespeech_166::3,14,False,2.270228385925293,4.8047709465026855,7.059166984632611
5,0,3,0,random440_expressivespeech_234::0,43,False,7.184843063354492,10.262158632278442,17.4291959553957
5,0,3,1,random440_expressivespeech_234::1,28,False,4.7740278244018555,6.50136661529541,11.427920501679182
5,0,3,2,random440_expressivespeech_234::2,46,False,7.406373500823975,11.051309823989868,18.447022657841444
5,0,3,3,random440_expressivespeech_234::3,44,False,7.331188440322876,11.904837608337402,19.405756974592805
5,0,4,0,random440_expressivespeech_189::0,78,False,13.042450189590454,18.479543924331665,31.501545809209347
5,0,4,1,random440_expressivespeech_189::1,92,False,15.778626918792725,22.26201581954956,38.37302005290985
5,0,4,2,random440_expressivespeech_189::2,87,False,14.44170069694519,21.697101593017578,36.50353064201772
5,0,4,3,random440_expressivespeech_189::3,73,False,12.038784742355347,20.525372743606567,32.54927394166589
5,0,5,0,random440_expressivespeech_221::0,83,False,14.290348052978516,19.855669498443604,34.127145543694496
5,0,5,1,random440_expressivespeech_221::1,77,False,13.057082653045654,18.47101879119873,31.514991987496614
5,0,5,2,random440_expressivespeech_221::2,60,False,10.785749435424805,14.218335628509521,24.991979582235217
5,0,5,3,random440_expressivespeech_221::3,79,False,13.142406702041626,26.318058490753174,39.43017907626927
5,0,6,0,random440_expressivespeech_242::0,61,False,10.373396396636963,14.626606225967407,24.979873687028885
5,0,6,1,random440_expressivespeech_242::1,58,False,9.524949073791504,13.894829988479614,23.406454741954803
5,0,6,2,random440_expressivespeech_242::2,51,False,8.838960409164429,12.312532186508179,21.137926016002893
5,0,6,3,random440_expressivespeech_242::3,52,False,8.590539932250977,17.73737597465515,26.30647169239819
5,0,7,0,random440_expressivespeech_100::0,69,False,11.312848091125488,17.076859951019287,28.37077511101961
5,0,7,1,random440_expressivespeech_100::1,78,False,12.79149079322815,18.73102569580078,31.791755141690373
5,0,7,2,random440_expressivespeech_100::2,62,False,10.189707279205322,15.28950810432434,25.778166508302093
5,0,7,3,random440_expressivespeech_100::3,65,False,10.960291147232056,25.946563482284546,36.89033133722842
5,0,8,0,random440_deear_089::0,66,False,10.638555765151978,16.487189769744873,27.10837621614337
5,0,8,1,random440_deear_089::1,70,False,11.765909671783447,16.884616374969482,28.639984941110015
5,0,8,2,random440_deear_089::2,58,False,9.279144287109375,14.632967948913574,24.18497758731246
5,0,8,3,random440_deear_089::3,73,False,12.21112847328186,17.545916318893433,29.74383714981377
5,0,9,0,random440_expressivespeech_044::0,27,False,4.314792633056641,6.363604545593262,10.659146383404732
5,0,9,1,random440_expressivespeech_044::1,37,False,5.907280683517456,9.247601747512817,15.139706820249557
5,0,9,2,random440_expressivespeech_044::2,30,False,5.061472177505493,7.088715553283691,12.289764180779457
5,0,9,3,random440_expressivespeech_044::3,33,False,5.510284185409546,8.00632357597351,13.489700224250555
5,0,10,0,random440_expressivespeech_241::0,25,False,4.093761920928955,5.899439096450806,9.973742581903934
5,0,10,1,random440_expressivespeech_241::1,27,False,4.3629748821258545,6.330567121505737,10.679762087762356
5,0,10,2,random440_expressivespeech_241::2,25,False,4.325631380081177,6.301569223403931,10.614050460979342
5,0,10,3,random440_expressivespeech_241::3,27,False,4.358877897262573,6.821354866027832,11.16292411647737
5,0,11,0,random440_expressivespeech_331::0,104,False,17.78395438194275,25.359477519989014,43.12409583106637
5,0,11,1,random440_expressivespeech_331::1,93,False,15.962568283081055,22.8851900100708,39.304483937099576
5,0,11,2,random440_expressivespeech_331::2,106,False,17.72445774078369,25.976110219955444,44.08133742213249
5,0,11,3,random440_expressivespeech_331::3,96,False,16.361937522888184,28.66595959663391,45.44631179049611
5,0,12,0,random440_expressivespeech_316::0,8,False,1.3410091400146484,1.8348302841186523,3.1615705266594887
5,0,12,1,random440_expressivespeech_316::1,21,False,3.6791176795959473,4.874413013458252,8.536394154652953
5,0,12,2,random440_expressivespeech_316::2,11,False,1.8135037422180176,2.5430729389190674,4.342723276466131
5,0,12,3,random440_expressivespeech_316::3,12,False,2.0240724086761475,5.710352897644043,7.718119835481048
5,0,13,0,random440_expressivespeech_059::0,52,False,8.69095778465271,12.217257499694824,20.886637495830655
5,0,13,1,random440_expressivespeech_059::1,45,False,8.06942105293274,10.522156000137329,18.580684071406722
5,0,13,2,random440_expressivespeech_059::2,50,False,8.267140626907349,12.077237367630005,20.333124523982406
5,0,13,3,random440_expressivespeech_059::3,44,False,7.2652809619903564,12.846442222595215,20.29867768101394
5,0,14,0,random440_expressivespeech_142::0,17,False,3.044071674346924,4.35614538192749,7.38262833841145
5,0,14,1,random440_expressivespeech_142::1,22,False,3.736539840698242,5.123885869979858,8.843868765980005
5,0,14,2,random440_expressivespeech_142::2,19,False,3.0394229888916016,4.419574737548828,7.449999630451202
5,0,14,3,random440_expressivespeech_142::3,21,False,3.366744041442871,12.918980836868286,16.26873403415084
5,0,15,0,random440_expressivespeech_134::0,47,False,7.904639959335327,10.972236394882202,18.859548224136233
5,0,15,1,random440_expressivespeech_134::1,45,False,8.227908372879028,10.586987972259521,18.996010348200798
5,0,15,2,random440_expressivespeech_134::2,49,False,8.080311059951782,11.683614015579224,19.748797450214624
5,0,15,3,random440_expressivespeech_134::3,57,False,9.125875234603882,20.594977140426636,29.890994500368834
5,0,16,0,random440_expressivespeech_206::0,118,False,19.719561338424683,28.431070566177368,48.132330352440476
5,0,16,1,random440_expressivespeech_206::1,120,False,20.689587831497192,29.20927858352661,49.883848464116454
5,0,16,2,random440_expressivespeech_206::2,122,False,20.655866384506226,29.765384674072266,50.40584315545857
5,0,16,3,random440_expressivespeech_206::3,116,False,18.865377187728882,28.25892663002014,47.10658208839595
5,0,17,0,random440_deear_076::0,94,False,15.694947719573975,23.06621026992798,38.74073559604585
5,0,17,1,random440_deear_076::1,85,False,13.934160709381104,20.672184944152832,34.59401656128466
5,0,17,2,random440_deear_076::2,101,False,16.88226556777954,24.995948791503906,41.86277894489467
5,0,17,3,random440_deear_076::3,89,False,14.878068447113037,23.007819414138794,38.286721324548125
5,0,18,0,random440_expressivespeech_299::0,145,False,24.144027709960938,36.251248359680176,60.37580711208284
5,0,18,1,random440_expressivespeech_299::1,163,False,28.44552755355835,40.356722831726074,68.78623475134373
5,0,18,2,random440_expressivespeech_299::2,180,False,30.789804697036743,45.18978571891785,75.66144532337785
5,0,18,3,random440_expressivespeech_299::3,211,False,36.74017810821533,56.02734851837158,91.82077714055777
5,0,19,0,random440_deear_050::0,339,False,63.878533601760864,85.99711227416992,147.95175165496767
5,0,19,1,random440_deear_050::1,357,False,60.98133087158203,93.39181327819824,152.3005919083953
5,0,19,2,random440_deear_050::2,328,False,55.57742357254028,83.11993408203125,138.69352289661765
5,0,19,3,random440_deear_050::3,326,False,55.47524571418762,285.88088965415955,341.3377093859017
5,0,20,0,random440_deear_067::0,9,True,1.8000271320343018,2.0936527252197266,3.8772991579025984
5,0,20,1,random440_deear_067::1,7,True,1.1670951843261719,1.6148784160614014,2.7715747132897377
5,0,20,2,random440_deear_067::2,7,True,1.1619648933410645,1.6137216091156006,2.7637283466756344
5,0,20,3,random440_deear_067::3,9,True,1.502138376235962,4.32667350769043,5.815385553985834
5,0,21,0,random440_deear_081::0,21,False,3.412951946258545,4.978532075881958,8.37827043235302
5,0,21,1,random440_deear_081::1,30,False,5.821761846542358,7.2528393268585205,13.075340447947383
5,0,21,2,random440_deear_081::2,23,False,3.7407889366149902,5.420587539672852,9.149795588105917
5,0,21,3,random440_deear_081::3,22,False,3.580519676208496,6.8492515087127686,10.416964404284954
5,0,22,0,random440_deear_061::0,211,False,36.562228202819824,52.73854088783264,88.9118827469647
5,0,22,1,random440_deear_061::1,174,False,29.706280946731567,43.9342999458313,72.82776893861592
5,0,22,2,random440_deear_061::2,207,False,34.66596055030823,52.61203932762146,86.4807074163109
5,0,22,3,random440_deear_061::3,188,False,32.33205032348633,97.96164536476135,129.0799960065633
5,0,23,0,random440_expressivespeech_212::0,131,False,22.425694227218628,31.95344638824463,54.35908807069063
5,0,23,1,random440_expressivespeech_212::1,139,False,24.078307390213013,34.26518225669861,58.36346401646733
5,0,23,2,random440_expressivespeech_212::2,175,False,29.75715184211731,44.66857147216797,73.65728818811476
5,0,23,3,random440_expressivespeech_212::3,123,False,20.610575914382935,56.86017417907715,77.47257239744067
5,0,24,0,random440_expressivespeech_218::0,43,False,7.366664171218872,10.229816436767578,17.577172461897135
5,0,24,1,random440_expressivespeech_218::1,50,False,8.46725869178772,12.64815068244934,21.106079529970884
5,0,24,2,random440_expressivespeech_218::2,32,False,5.516924142837524,7.473289966583252,12.985633401200175
5,0,24,3,random440_expressivespeech_218::3,30,False,5.07831597328186,7.219515562057495,12.287275288254023
5,1,0,0,random440_expressivespeech_214::0,47,False,10.120707035064697,10.846036672592163,20.948660045862198
5,1,0,1,random440_expressivespeech_214::1,43,False,6.96811580657959,10.555821895599365,17.68312146142125
5,1,0,2,random440_expressivespeech_214::2,58,False,9.425092220306396,13.424288272857666,22.831083610653877
5,1,0,3,random440_expressivespeech_214::3,38,False,5.714432001113892,13.518466472625732,19.425103401765227
5,1,1,0,random440_expressivespeech_121::0,126,False,23.118444204330444,29.8787043094635,52.97670217230916
5,1,1,1,random440_expressivespeech_121::1,141,False,23.105632781982422,33.02353644371033,56.65586592070758
5,1,1,2,random440_expressivespeech_121::2,148,False,24.141557931900024,34.50572466850281,59.21934489905834
5,1,1,3,random440_expressivespeech_121::3,133,False,21.56412124633789,42.015239000320435,63.55934624373913
5,1,2,0,random440_expressivespeech_061::0,18,False,2.734368085861206,3.9415066242218018,6.656554171815515
5,1,2,1,random440_expressivespeech_061::1,15,False,2.2807905673980713,3.710947036743164,5.978323999792337
5,1,2,2,random440_expressivespeech_061::2,20,False,3.3047311305999756,4.391067028045654,7.676464583724737
5,1,2,3,random440_expressivespeech_061::3,15,False,2.2606770992279053,7.218441486358643,9.534233659505844
5,1,3,0,random440_deear_059::0,37,False,5.937302827835083,8.270321130752563,14.190667446702719
5,1,3,1,random440_deear_059::1,36,False,5.425184011459351,7.942532539367676,13.50145335868001
5,1,3,2,random440_deear_059::2,35,False,5.482611179351807,7.934229612350464,13.54145029745996
5,1,3,3,random440_deear_059::3,53,False,8.092469692230225,17.342880487442017,25.419232523068786
5,1,4,0,random440_deear_019::0,89,False,14.382361650466919,20.625776052474976,34.98812660947442
5,1,4,1,random440_deear_019::1,82,False,12.586059808731079,18.588817358016968,31.534983022138476
5,1,4,2,random440_deear_019::2,87,False,13.34899091720581,20.143349170684814,33.48280245997012
5,1,4,3,random440_deear_019::3,71,False,10.888143062591553,27.721803665161133,38.94052552804351
5,1,5,0,random440_expressivespeech_191::0,86,False,13.94109034538269,19.522717714309692,33.443432457745075
5,1,5,1,random440_expressivespeech_191::1,73,False,11.448041915893555,16.327316284179688,28.125971561297774
5,1,5,2,random440_expressivespeech_191::2,76,False,12.143685579299927,17.012794971466064,29.143391421064734
5,1,5,3,random440_expressivespeech_191::3,64,False,10.029547929763794,29.476489305496216,39.7956620156765
5,1,6,0,random440_expressivespeech_207::0,52,False,8.113819122314453,11.623260736465454,19.716195471584797
5,1,6,1,random440_expressivespeech_207::1,51,False,8.179378747940063,11.341328620910645,19.508725881576538
5,1,6,2,random440_expressivespeech_207::2,57,False,8.837639331817627,13.067805767059326,21.89482773654163
5,1,6,3,random440_expressivespeech_207::3,57,False,8.616147518157959,26.213354110717773,35.039365239441395
5,1,7,0,random440_expressivespeech_198::0,71,False,10.972649097442627,16.4706711769104,27.423053758218884
5,1,7,1,random440_expressivespeech_198::1,68,False,10.700006008148193,15.641299486160278,26.616828488186002
5,1,7,2,random440_expressivespeech_198::2,81,False,12.497745275497437,18.90895700454712,31.67083308659494
5,1,7,3,random440_expressivespeech_198::3,76,False,11.687027215957642,25.205249547958374,37.21695158444345
5,1,8,0,random440_deear_034::0,68,False,10.488754987716675,15.732946634292603,26.2032216116786
5,1,8,1,random440_deear_034::1,65,False,10.036919355392456,14.72644853591919,24.755812471732497
5,1,8,2,random440_deear_034::2,61,False,9.40935730934143,14.033028841018677,23.414704225957394
5,1,8,3,random440_deear_034::3,72,False,11.11954927444458,23.560868501663208,34.668112659826875
5,1,9,0,random440_expressivespeech_106::0,29,False,4.335033416748047,6.358731269836426,10.671414066106081
5,1,9,1,random440_expressivespeech_106::1,28,False,4.432291507720947,6.4648964405059814,10.869086088612676
5,1,9,2,random440_expressivespeech_106::2,37,False,6.007277727127075,8.273965120315552,14.269976515322924
5,1,9,3,random440_expressivespeech_106::3,31,False,4.923012971878052,10.507200241088867,15.414943410083652
5,1,10,0,random440_deear_028::0,23,False,3.5231897830963135,5.121700763702393,8.625355711206794
5,1,10,1,random440_deear_028::1,22,False,3.5852439403533936,4.880418062210083,8.457646246999502
5,1,10,2,random440_deear_028::2,33,False,4.985959053039551,8.011737823486328,12.985291192308068
5,1,10,3,random440_deear_028::3,25,False,4.157152891159058,8.112523078918457,12.400549886748195
5,1,11,0,random440_deear_065::0,106,False,16.92244529724121,24.243321895599365,41.1454942766577
5,1,11,1,random440_deear_065::1,96,False,15.974371194839478,22.565067052841187,38.962883584201336
5,1,11,2,random440_deear_065::2,96,False,14.747907876968384,22.845667362213135,37.585472075268626
5,1,11,3,random440_deear_065::3,101,False,16.24396538734436,37.427231788635254,54.02348751574755
5,1,12,0,random440_expressivespeech_064::0,15,False,2.284208297729492,3.319014072418213,5.585968188941479
5,1,12,1,random440_expressivespeech_064::1,9,False,1.3752427101135254,1.9731812477111816,3.3354942351579666
5,1,12,2,random440_expressivespeech_064::2,14,False,2.116041660308838,3.092294692993164,5.19334801658988
5,1,12,3,random440_expressivespeech_064::3,14,False,2.1132073402404785,7.544866561889648,9.638976881280541
5,1,13,0,random440_expressivespeech_015::0,61,False,9.592925310134888,13.861789464950562,23.42358112707734
5,1,13,1,random440_expressivespeech_015::1,42,False,7.171948194503784,9.530149936676025,16.68977091833949
5,1,13,2,random440_expressivespeech_015::2,45,False,6.976266860961914,10.421277523040771,17.384563272818923
5,1,13,3,random440_expressivespeech_015::3,42,False,6.299655199050903,16.090311765670776,22.364356523379683
5,1,14,0,random440_deear_036::0,17,False,3.199125289916992,4.324629783630371,7.504355745390058
5,1,14,1,random440_deear_036::1,15,False,2.274899959564209,3.2936794757843018,5.559504434466362
5,1,14,2,random440_deear_036::2,25,False,3.7924857139587402,5.585853815078735,9.359075577929616
5,1,14,3,random440_deear_036::3,20,False,3.2432749271392822,14.285179376602173,17.51345444098115
5,1,15,0,random440_deear_026::0,59,False,9.389978170394897,13.749274492263794,23.118916161358356
5,1,15,1,random440_deear_026::1,45,False,7.00787615776062,10.206206798553467,17.52113175019622
5,1,15,2,random440_deear_026::2,54,False,8.349163293838501,12.400042533874512,20.739370414987206
5,1,15,3,random440_deear_026::3,52,False,8.097886800765991,17.7180597782135,25.78661208972335
5,1,16,0,random440_expressivespeech_052::0,110,False,17.375749826431274,25.413845539093018,42.771223463118076
5,1,16,1,random440_expressivespeech_052::1,98,False,15.900067567825317,22.844796180725098,38.727926379069686
5,1,16,2,random440_expressivespeech_052::2,146,False,22.69136381149292,34.8323917388916,57.511803828179836
5,1,16,3,random440_expressivespeech_052::3,118,False,18.663053274154663,36.95133829116821,55.59421480074525
5,1,17,0,random440_expressivespeech_091::0,100,False,15.504576206207275,23.720736503601074,39.20577509701252
5,1,17,1,random440_expressivespeech_091::1,84,False,12.820575475692749,19.37946605682373,32.18877908401191
5,1,17,2,random440_expressivespeech_091::2,94,False,14.76008677482605,22.304524898529053,37.05426497198641
5,1,17,3,random440_expressivespeech_091::3,89,False,14.074381113052368,30.73405957221985,44.77848489023745
5,1,18,0,random440_expressivespeech_174::0,195,False,33.08623456954956,46.43293380737305,78.61761682853103
5,1,18,1,random440_expressivespeech_174::1,162,False,25.825531005859375,38.127280473709106,63.94421579502523
5,1,18,2,random440_expressivespeech_174::2,164,False,25.849467992782593,39.01968216896057,64.85650024190545
5,1,18,3,random440_expressivespeech_174::3,160,False,25.95734429359436,62.18553924560547,88.11485890299082
5,1,19,0,random440_expressivespeech_229::0,316,False,57.31087374687195,75.0239474773407,130.52873807027936
5,1,19,1,random440_expressivespeech_229::1,326,False,52.61224818229675,78.52020072937012,130.60841730423272
5,1,19,2,random440_expressivespeech_229::2,305,False,48.799797773361206,73.54420351982117,122.33964962698519
5,1,19,3,random440_expressivespeech_229::3,394,False,64.93414425849915,336.8340618610382,398.8904973939061
5,1,20,0,random440_deear_067::0,9,True,1.440807819366455,1.9981944561004639,3.4226024001836777
5,1,20,1,random440_deear_067::1,7,True,1.0992257595062256,1.5434749126434326,2.632805570960045
5,1,20,2,random440_deear_067::2,7,True,1.087416172027588,1.5497305393218994,2.6451911441981792
5,1,20,3,random440_deear_067::3,9,True,1.3887953758239746,5.166703701019287,6.557866808027029
5,1,21,0,random440_expressivespeech_302::0,16,False,2.424894332885742,3.542539119720459,5.955013023689389
5,1,21,1,random440_expressivespeech_302::1,19,False,2.874662399291992,4.7450456619262695,7.61018818244338
5,1,21,2,random440_expressivespeech_302::2,23,False,3.8059473037719727,5.143091678619385,8.94130278751254
5,1,21,3,random440_expressivespeech_302::3,37,False,5.623492479324341,12.994956254959106,18.594930743798614
5,1,22,0,random440_expressivespeech_184::0,187,False,30.249025344848633,45.42690825462341,74.83016626536846
5,1,22,1,random440_expressivespeech_184::1,179,False,28.7900390625,42.99959087371826,70.93922282382846
5,1,22,2,random440_expressivespeech_184::2,175,False,27.94316077232361,42.65795588493347,69.75674212910235
5,1,22,3,random440_expressivespeech_184::3,221,False,35.01712083816528,128.20140266418457,161.6593755390495
5,1,23,0,random440_expressivespeech_117::0,181,False,29.1391921043396,43.98220086097717,72.84670814871788
5,1,23,1,random440_expressivespeech_117::1,153,False,24.12152123451233,36.67351531982422,60.844285272061825
5,1,23,2,random440_expressivespeech_117::2,164,False,25.563016653060913,39.28204703330994,64.88203916326165
5,1,23,3,random440_expressivespeech_117::3,140,False,22.192710399627686,43.12021589279175,65.32995547167957
5,1,24,0,random440_expressivespeech_320::0,37,False,5.718255519866943,8.31164264678955,14.011808892711997
5,1,24,1,random440_expressivespeech_320::1,35,False,5.285298824310303,8.200949430465698,13.476262362673879
5,1,24,2,random440_expressivespeech_320::2,35,False,6.039197206497192,7.862990140914917,13.893026312813163
5,1,24,3,random440_expressivespeech_320::3,48,False,7.478064060211182,15.08770227432251,22.687706677243114
5,2,0,0,random440_expressivespeech_030::0,57,False,12.492730140686035,13.99770712852478,26.47117218002677
5,2,0,1,random440_expressivespeech_030::1,54,False,10.028763771057129,13.132713079452515,23.364060571417212
5,2,0,2,random440_expressivespeech_030::2,44,False,7.4783103466033936,10.88261866569519,18.343884197995067
5,2,0,3,random440_expressivespeech_030::3,30,False,4.867830514907837,7.540722608566284,12.387619202956557
5,2,1,0,random440_expressivespeech_327::0,118,False,23.524327039718628,29.649283409118652,53.15461385436356
5,2,1,1,random440_expressivespeech_327::1,140,False,24.853175401687622,34.73642039299011,59.573984291404486
5,2,1,2,random440_expressivespeech_327::2,129,False,22.426084280014038,31.877742767333984,54.87587541900575
5,2,1,3,random440_expressivespeech_327::3,151,False,26.044607639312744,38.584452867507935,64.61064090393484
5,2,2,0,random440_expressivespeech_232::0,13,False,2.4051196575164795,3.0504791736602783,5.4388169553130865
5,2,2,1,random440_expressivespeech_232::1,18,False,2.9367663860321045,4.342098951339722,7.262284880504012
5,2,2,2,random440_expressivespeech_232::2,17,False,2.7881429195404053,4.022936820983887,6.795738274231553
5,2,2,3,random440_expressivespeech_232::3,16,False,2.59733247756958,7.749492168426514,10.325783792883158
5,2,3,0,random440_expressivespeech_281::0,44,False,7.501922369003296,10.660984516143799,18.143730910494924
5,2,3,1,random440_expressivespeech_281::1,37,False,6.289805889129639,8.743768692016602,15.194474745541811
5,2,3,2,random440_expressivespeech_281::2,42,False,7.183408975601196,10.334186553955078,17.50507707335055
5,2,3,3,random440_expressivespeech_281::3,38,False,6.470255136489868,9.25871753692627,15.887272972613573
5,2,4,0,random440_deear_018::0,72,False,12.301907300949097,17.122626066207886,29.403461635112762
5,2,4,1,random440_deear_018::1,80,False,13.794786930084229,19.503981113433838,33.28832141496241
5,2,4,2,random440_deear_018::2,84,False,13.83716607093811,20.9494206905365,35.100336572155356
5,2,4,3,random440_deear_018::3,91,False,15.017622470855713,25.890069484710693,41.227049527689815
5,2,5,0,random440_expressivespeech_081::0,80,False,13.779550790786743,19.421473503112793,33.18023829907179
5,2,5,1,random440_expressivespeech_081::1,77,False,12.773641347885132,18.618274211883545,31.38382445834577
5,2,5,2,random440_expressivespeech_081::2,69,False,12.222639560699463,16.36588406562805,28.893666522577405
5,2,5,3,random440_expressivespeech_081::3,72,False,12.051280975341797,24.838584899902344,36.854592280462384
5,2,6,0,random440_expressivespeech_328::0,57,False,9.192536115646362,13.57544755935669,22.75706235691905
5,2,6,1,random440_expressivespeech_328::1,54,False,9.227154016494751,12.953200101852417,22.178584488108754
5,2,6,2,random440_expressivespeech_328::2,49,False,8.029659271240234,12.42201280593872,20.657922307029366
5,2,6,3,random440_expressivespeech_328::3,74,False,12.546650171279907,18.499204397201538,31.03256999142468
5,2,7,0,random440_expressivespeech_006::0,88,False,14.54992413520813,22.02686643600464,36.557483956217766
5,2,7,1,random440_expressivespeech_006::1,62,False,10.523282527923584,15.168948888778687,26.07831335812807
5,2,7,2,random440_expressivespeech_006::2,77,False,12.840737342834473,19.27030897140503,32.101616103202105
5,2,7,3,random440_expressivespeech_006::3,68,False,11.414130926132202,16.43107295036316,28.14722258411348
5,2,8,0,random440_expressivespeech_305::0,49,False,7.897054433822632,12.39155626296997,20.269278602674603
5,2,8,1,random440_expressivespeech_305::1,88,False,14.918942213058472,21.7848482131958,36.69979971833527
5,2,8,2,random440_expressivespeech_305::2,65,False,10.41310453414917,16.445116758346558,27.214047577232122
5,2,8,3,random440_expressivespeech_305::3,61,False,10.119174718856812,15.080683469772339,25.186330318450928
5,2,9,0,random440_expressivespeech_033::0,38,False,6.370672702789307,9.005627870559692,15.357997667044401
5,2,9,1,random440_expressivespeech_033::1,24,False,3.980823040008545,6.266752243041992,10.236910777166486
5,2,9,2,random440_expressivespeech_033::2,25,False,4.289395332336426,5.918779611587524,10.194364892318845
5,2,9,3,random440_expressivespeech_033::3,35,False,5.7315638065338135,9.925579309463501,15.745445430278778
5,2,10,0,random440_expressivespeech_131::0,21,False,3.6409802436828613,4.96636700630188,8.585526099428535
5,2,10,1,random440_expressivespeech_131::1,26,False,4.184360980987549,6.112615585327148,10.280191455036402
5,2,10,2,random440_expressivespeech_131::2,17,False,3.0080080032348633,4.047167778015137,7.1372004225850105
5,2,10,3,random440_expressivespeech_131::3,38,False,6.667158126831055,9.908046960830688,16.552885746583343
5,2,11,0,random440_expressivespeech_257::0,97,False,16.77640390396118,23.684955596923828,40.44265988655388
5,2,11,1,random440_expressivespeech_257::1,89,False,15.817623138427734,22.21547245979309,38.430267091840506
5,2,11,2,random440_expressivespeech_257::2,98,False,16.218283891677856,24.896056413650513,41.10187928751111
5,2,11,3,random440_expressivespeech_257::3,91,False,15.716071605682373,35.69720387458801,51.78040691651404
5,2,12,0,random440_expressivespeech_173::0,20,False,3.283092975616455,4.718069076538086,7.981992062181234
5,2,12,1,random440_expressivespeech_173::1,9,False,1.4814317226409912,2.102400779724121,3.571389192715287
5,2,12,2,random440_expressivespeech_173::2,12,False,2.0029830932617188,2.8201241493225098,4.80986169539392
5,2,12,3,random440_expressivespeech_173::3,11,False,1.9849421977996826,5.405656576156616,7.371836246922612
5,2,13,0,random440_deear_027::0,48,False,8.140023708343506,11.563998937606812,19.68462979979813
5,2,13,1,random440_deear_027::1,56,False,10.20313549041748,13.555316925048828,23.745859999209642
5,2,13,2,random440_deear_027::2,40,False,6.786891222000122,9.736242532730103,16.739012856036425
5,2,13,3,random440_deear_027::3,42,False,6.813534498214722,13.149462461471558,19.94359496422112
5,2,14,0,random440_expressivespeech_170::0,38,False,7.526847839355469,9.094691753387451,16.60306896828115
5,2,14,1,random440_expressivespeech_170::1,20,False,3.2373294830322266,4.775822162628174,8.001122483983636
5,2,14,2,random440_expressivespeech_170::2,20,False,3.500291585922241,4.830646991729736,8.315992347896099
5,2,14,3,random440_expressivespeech_170::3,17,False,2.88470196723938,3.96380877494812,6.83581137098372
5,2,15,0,random440_expressivespeech_337::0,54,False,9.103753805160522,13.279341697692871,22.364704756066203
5,2,15,1,random440_expressivespeech_337::1,63,False,10.935255527496338,15.111960411071777,26.309037933126092
5,2,15,2,random440_expressivespeech_337::2,52,False,9.111142873764038,12.515243530273438,21.870003128424287
5,2,15,3,random440_expressivespeech_337::3,40,False,6.518985986709595,10.263309478759766,16.76873396895826
5,2,16,0,random440_expressivespeech_084::0,119,False,20.367923974990845,29.637704610824585,49.995572021231055
5,2,16,1,random440_expressivespeech_084::1,108,False,18.98742389678955,26.659700632095337,45.6420088801533
5,2,16,2,random440_expressivespeech_084::2,138,False,23.816895723342896,34.25000834465027,58.50779415294528
5,2,16,3,random440_expressivespeech_084::3,98,False,16.826700687408447,24.21139693260193,41.03071588277817
5,2,17,0,random440_deear_052::0,98,False,16.670566082000732,24.335158824920654,40.9871550668031
5,2,17,1,random440_deear_052::1,83,False,14.142044067382812,20.540480852127075,35.08156800828874
5,2,17,2,random440_deear_052::2,92,False,15.436419248580933,22.96094536781311,38.38785010762513
5,2,17,3,random440_deear_052::3,94,False,15.982301712036133,23.718915700912476,40.080963687971234
5,2,18,0,random440_expressivespeech_118::0,154,False,26.461292505264282,38.60894823074341,65.05295404791832
5,2,18,1,random440_expressivespeech_118::1,163,False,28.263612747192383,41.07704973220825,69.3331000842154
5,2,18,2,random440_expressivespeech_118::2,180,False,31.202813148498535,45.83438682556152,76.85597237199545
5,2,18,3,random440_expressivespeech_118::3,179,False,31.10264801979065,55.433587312698364,85.48961025476456
5,2,19,0,random440_expressivespeech_250::0,337,False,65.80032444000244,86.6044864654541,150.4978252016008
5,2,19,1,random440_expressivespeech_250::1,337,False,58.029494762420654,87.43977427482605,146.87644483335316
5,2,19,2,random440_expressivespeech_250::2,301,False,51.82169532775879,77.33829188346863,129.15180435590446
5,2,19,3,random440_expressivespeech_250::3,358,False,62.860122203826904,297.3922426700592,357.5974340196699
5,2,20,0,random440_deear_067::0,9,True,1.526270866394043,2.1359548568725586,3.6459314189851284
5,2,20,1,random440_deear_067::1,7,True,1.1694211959838867,1.634873628616333,2.797237316146493
5,2,20,2,random440_deear_067::2,7,True,1.180884838104248,1.643219232559204,2.8341358974575996
5,2,20,3,random440_deear_067::3,9,True,1.5227110385894775,4.453608751296997,5.9734613839536905
5,2,21,0,random440_deear_073::0,28,False,4.581840991973877,6.837620735168457,11.4021539054811
5,2,21,1,random440_deear_073::1,23,False,4.658656120300293,5.440487384796143,10.09653865173459
5,2,21,2,random440_deear_073::2,24,False,3.9077117443084717,5.695676565170288,9.59459938108921
5,2,21,3,random440_deear_073::3,20,False,3.285625696182251,6.577551364898682,9.8483314383775
5,2,22,0,random440_expressivespeech_330::0,222,False,38.58611822128296,57.1773521900177,94.76516895927489
5,2,22,1,random440_expressivespeech_330::1,191,False,32.820793867111206,48.734376192092896,80.40008415281773
5,2,22,2,random440_expressivespeech_330::2,192,False,32.929914474487305,48.59355092048645,81.27712875045836
5,2,22,3,random440_expressivespeech_330::3,285,False,50.019301652908325,72.58474946022034,121.09157307446003
5,2,23,0,random440_expressivespeech_268::0,153,False,25.749129056930542,39.207905769348145,64.94022736884654
5,2,23,1,random440_expressivespeech_268::1,157,False,26.714309215545654,39.54265856742859,66.28360895998776
5,2,23,2,random440_expressivespeech_268::2,156,False,26.540177583694458,39.47511053085327,66.04300918616354
5,2,23,3,random440_expressivespeech_268::3,158,False,27.03454852104187,40.717313051223755,67.74255418404937
5,2,24,0,random440_expressivespeech_114::0,44,False,7.515257835388184,10.58999490737915,18.085585607215762
5,2,24,1,random440_expressivespeech_114::1,38,False,6.396538019180298,9.822418212890625,16.210822571069002
5,2,24,2,random440_expressivespeech_114::2,37,False,6.049027919769287,8.930288553237915,14.9652935359627
5,2,24,3,random440_expressivespeech_114::3,34,False,5.8073766231536865,8.8146333694458,14.774326648563147
5,3,0,0,random440_expressivespeech_145::0,45,False,9.929303884506226,10.371684789657593,20.282292967662215
5,3,0,1,random440_expressivespeech_145::1,47,False,8.001294374465942,11.644714593887329,19.803110959008336
5,3,0,2,random440_expressivespeech_145::2,41,False,6.804171085357666,9.293663501739502,16.26859557069838
5,3,0,3,random440_expressivespeech_145::3,49,False,8.665527105331421,15.927769422531128,24.574198115617037
5,3,1,0,random440_expressivespeech_132::0,135,False,27.24974513053894,33.38634490966797,60.61714659258723
5,3,1,1,random440_expressivespeech_132::1,134,False,23.5043785572052,32.94955134391785,56.441257923841476
5,3,1,2,random440_expressivespeech_132::2,127,False,22.29957103729248,31.378275632858276,53.66110900789499
5,3,1,3,random440_expressivespeech_132::3,139,False,24.747118711471558,36.14830279350281,60.8818144146353
5,3,2,0,random440_deear_046::0,15,False,2.47823429107666,3.4297680854797363,5.8897629007697105
5,3,2,1,random440_deear_046::1,19,False,3.29046368598938,4.973221778869629,8.250517783686519
5,3,2,2,random440_deear_046::2,12,False,1.9512982368469238,2.706475257873535,4.71353817731142
5,3,2,3,random440_deear_046::3,18,False,2.925403356552124,8.130497694015503,11.04061015881598
5,3,3,0,random440_deear_007::0,44,False,7.461427211761475,10.61527395248413,18.057377172634006
5,3,3,1,random440_deear_007::1,41,False,6.626854658126831,9.363340854644775,15.97796288318932
5,3,3,2,random440_deear_007::2,39,False,7.282699346542358,9.168407440185547,16.43640011176467
5,3,3,3,random440_deear_007::3,36,False,6.236638069152832,9.663419246673584,15.88245172612369
5,3,4,0,random440_expressivespeech_049::0,78,False,13.29045033454895,18.675528526306152,31.945074032992125
5,3,4,1,random440_expressivespeech_049::1,76,False,13.080446004867554,18.414913415908813,31.876195643097162
5,3,4,2,random440_expressivespeech_049::2,93,False,15.319124221801758,23.003446578979492,38.61195213533938
5,3,4,3,random440_expressivespeech_049::3,71,False,11.947294473648071,24.506362915039062,36.81232928857207
5,3,5,0,random440_deear_100::0,65,False,10.903412342071533,15.605499505996704,26.48603574745357
5,3,5,1,random440_deear_100::1,70,False,11.95476222038269,16.827760457992554,28.772823436185718
5,3,5,2,random440_deear_100::2,88,False,15.12132453918457,21.120219707489014,36.226721443235874
5,3,5,3,random440_deear_100::3,94,False,15.93696665763855,23.22739291191101,39.508116617798805
5,3,6,0,random440_expressivespeech_262::0,64,False,10.524125099182129,14.890328884124756,25.39425171352923
5,3,6,1,random440_expressivespeech_262::1,64,False,10.809271812438965,14.912121772766113,25.711281964555383
5,3,6,2,random440_expressivespeech_262::2,47,False,8.81948447227478,10.871017456054688,19.93159040249884
5,3,6,3,random440_expressivespeech_262::3,56,False,9.28691840171814,15.727330684661865,24.986681260168552
5,3,7,0,random440_expressivespeech_244::0,66,False,10.910560369491577,16.16764807701111,27.05690590105951
5,3,7,1,random440_expressivespeech_244::1,78,False,12.842132329940796,18.78219199180603,31.613878374919295
5,3,7,2,random440_expressivespeech_244::2,66,False,10.87312626838684,15.999492883682251,27.16825083643198
5,3,7,3,random440_expressivespeech_244::3,78,False,12.825872659683228,23.96221923828125,36.77470254898071
5,3,8,0,random440_deear_066::0,68,False,11.291423320770264,16.536731243133545,27.810837488621473
5,3,8,1,random440_deear_066::1,57,False,9.529508352279663,13.66566801071167,23.184931633993983
5,3,8,2,random440_deear_066::2,68,False,11.40303373336792,16.631061553955078,28.021830277517438
5,3,8,3,random440_deear_066::3,66,False,11.307472467422485,18.77092170715332,30.061721513047814
5,3,9,0,random440_expressivespeech_226::0,29,False,4.7245893478393555,6.704456806182861,11.410902250558138
5,3,9,1,random440_expressivespeech_226::1,33,False,5.374482870101929,8.370647430419922,13.730218451470137
5,3,9,2,random440_expressivespeech_226::2,28,False,4.856287717819214,6.455957412719727,11.43174397945404
5,3,9,3,random440_expressivespeech_226::3,31,False,5.06500244140625,9.895596981048584,15.051212843507528
5,3,10,0,random440_expressivespeech_278::0,32,False,5.472768306732178,7.3401453495025635,12.793098341673613
5,3,10,1,random440_expressivespeech_278::1,30,False,4.85886812210083,6.887794256210327,11.733313601464033
5,3,10,2,random440_expressivespeech_278::2,19,False,3.693730354309082,4.77402138710022,8.567125489935279
5,3,10,3,random440_expressivespeech_278::3,21,False,3.3960940837860107,5.988274097442627,9.368440669029951
5,3,11,0,random440_deear_091::0,85,False,14.59471869468689,20.09210181236267,34.66921728104353
5,3,11,1,random440_deear_091::1,99,False,17.284362077713013,24.07512903213501,41.686267064884305
5,3,11,2,random440_deear_091::2,102,False,16.916650772094727,25.288304090499878,42.59799757413566
5,3,11,3,random440_deear_091::3,89,False,15.578511714935303,37.19866156578064,53.16086136363447
5,3,12,0,random440_expressivespeech_186::0,11,False,1.8227989673614502,2.476628541946411,4.2857577335089445
5,3,12,1,random440_expressivespeech_186::1,8,False,1.331946849822998,1.804741382598877,3.1231661569327116
5,3,12,2,random440_expressivespeech_186::2,11,False,1.8066589832305908,2.481011152267456,4.272821286693215
5,3,12,3,random440_expressivespeech_186::3,12,False,1.983874797821045,10.19748830795288,12.163143230602145
5,3,13,0,random440_expressivespeech_072::0,42,False,7.2601447105407715,9.772667407989502,17.013559503480792
5,3,13,1,random440_expressivespeech_072::1,51,False,9.321646451950073,12.090445280075073,21.399202462285757
5,3,13,2,random440_expressivespeech_072::2,47,False,7.6931774616241455,11.220266103744507,18.89669245108962
5,3,13,3,random440_expressivespeech_072::3,57,False,9.55038857460022,13.21661639213562,22.750713808462024
5,3,14,0,random440_expressivespeech_275::0,21,False,3.9802803993225098,5.25587010383606,9.21761779114604
5,3,14,1,random440_expressivespeech_275::1,24,False,4.106628179550171,5.50592041015625,9.595516731962562
5,3,14,2,random440_expressivespeech_275::2,25,False,4.075455665588379,5.7967376708984375,9.85596794448793
5,3,14,3,random440_expressivespeech_275::3,22,False,4.2405924797058105,6.91512131690979,11.137155808508396
5,3,15,0,random440_expressivespeech_060::0,43,False,7.034857988357544,9.982037782669067,16.9980061147362
5,3,15,1,random440_expressivespeech_060::1,56,False,10.211398601531982,12.95610761642456,23.33158141374588
5,3,15,2,random440_expressivespeech_060::2,49,False,8.264540433883667,11.750909566879272,20.22695528715849
5,3,15,3,random440_expressivespeech_060::3,61,False,10.209891557693481,16.69315242767334,26.88823632337153
5,3,16,0,random440_expressivespeech_240::0,114,False,19.419273614883423,27.540282249450684,46.94110571593046
5,3,16,1,random440_expressivespeech_240::1,116,False,20.224833965301514,27.81613802909851,48.02613397501409
5,3,16,2,random440_expressivespeech_240::2,131,False,23.198812246322632,31.432873010635376,54.61541440151632
5,3,16,3,random440_expressivespeech_240::3,102,False,17.578317403793335,27.604475736618042,45.162109944969416
5,3,17,0,random440_expressivespeech_042::0,70,False,12.009920835494995,16.30214524269104,28.291224028915167
5,3,17,1,random440_expressivespeech_042::1,106,False,18.888975620269775,25.791539430618286,44.66752206906676
5,3,17,2,random440_expressivespeech_042::2,108,False,18.67222261428833,26.24043917655945,45.33642612025142
5,3,17,3,random440_expressivespeech_042::3,70,False,11.864360094070435,23.380106687545776,35.67005808465183
5,3,18,0,random440_expressivespeech_075::0,180,False,32.63190197944641,44.72039270401001,76.42189482040703
5,3,18,1,random440_expressivespeech_075::1,162,False,27.384812355041504,40.00912022590637,67.37889629416168
5,3,18,2,random440_expressivespeech_075::2,175,False,30.283576011657715,43.01291346549988,72.59525305964053
5,3,18,3,random440_expressivespeech_075::3,152,False,26.594620943069458,51.742873668670654,78.31064549833536
5,3,19,0,random440_expressivespeech_108::0,297,False,57.50529479980469,74.25590515136719,130.21950763463974
5,3,19,1,random440_expressivespeech_108::1,294,False,51.1269428730011,73.85666108131409,126.18286569416523
5,3,19,2,random440_expressivespeech_108::2,306,False,52.87300944328308,77.3214807510376,129.93155483342707
5,3,19,3,random440_expressivespeech_108::3,245,False,41.80693793296814,356.1272826194763,397.87956025637686
5,3,20,0,random440_deear_067::0,9,True,1.5214872360229492,2.0429880619049072,3.5473528001457453
5,3,20,1,random440_deear_067::1,7,True,1.164294719696045,1.576474666595459,2.7333845272660255
5,3,20,2,random440_deear_067::2,7,True,1.1830060482025146,1.5859057903289795,2.7789269872009754
5,3,20,3,random440_deear_067::3,9,True,1.5017192363739014,4.7159764766693115,6.202916152775288
5,3,21,0,random440_deear_060::0,24,False,3.93302321434021,5.5136659145355225,9.433506758883595
5,3,21,1,random440_deear_060::1,22,False,4.113429546356201,5.461989879608154,9.577490104362369
5,3,21,2,random440_deear_060::2,22,False,3.592860460281372,5.139362812042236,8.799956422299147
5,3,21,3,random440_deear_060::3,33,False,5.700044631958008,7.812203645706177,13.575675697997212
5,3,22,0,random440_expressivespeech_130::0,222,False,38.73733305931091,55.470070600509644,94.18677799217403
5,3,22,1,random440_expressivespeech_130::1,225,False,37.905938148498535,55.87688374519348,93.777941159904
5,3,22,2,random440_expressivespeech_130::2,202,False,35.025938510894775,50.74985313415527,85.7727239318192
5,3,22,3,random440_expressivespeech_130::3,223,False,37.868192195892334,67.65207433700562,105.49055306985974
5,3,23,0,random440_expressivespeech_193::0,147,False,24.852923154830933,36.143027782440186,60.97711338289082
5,3,23,1,random440_expressivespeech_193::1,149,False,24.52865505218506,36.82460594177246,61.362878339365125
5,3,23,2,random440_expressivespeech_193::2,167,False,28.858787059783936,40.86617350578308,69.73899951204658
5,3,23,3,random440_expressivespeech_193::3,152,False,26.22185468673706,45.9269163608551,72.141841346398
5,3,24,0,random440_expressivespeech_336::0,42,False,6.931940317153931,9.844770193099976,16.75799909979105
5,3,24,1,random440_expressivespeech_336::1,32,False,5.212467432022095,8.044046878814697,13.248405443504453
5,3,24,2,random440_expressivespeech_336::2,44,False,7.506675481796265,10.328503131866455,17.823492236435413
5,3,24,3,random440_expressivespeech_336::3,30,False,4.884683609008789,11.177261590957642,16.04913716390729
5,4,0,0,random440_expressivespeech_104::0,41,False,9.394163608551025,9.447524070739746,18.825264723971486
5,4,0,1,random440_expressivespeech_104::1,48,False,8.519717454910278,11.732285737991333,20.395112404599786
5,4,0,2,random440_expressivespeech_104::2,46,False,7.438328504562378,10.640794277191162,18.25374624878168
5,4,0,3,random440_expressivespeech_104::3,46,False,7.942078590393066,15.385581731796265,23.55751421675086
5,4,1,0,random440_deear_098::0,125,False,24.77843689918518,31.021265745162964,55.78025679662824
5,4,1,1,random440_deear_098::1,121,False,20.69475817680359,29.58463430404663,50.773801965638995
5,4,1,2,random440_deear_098::2,123,False,20.551178693771362,30.101492643356323,51.14382813312113
5,4,1,3,random440_deear_098::3,144,False,24.539438247680664,50.48947048187256,74.97441586479545
5,4,2,0,random440_deear_094::0,17,False,2.7517619132995605,3.829901695251465,6.562106225639582
5,4,2,1,random440_deear_094::1,13,False,2.176581621170044,3.0306758880615234,5.196808524429798
5,4,2,2,random440_deear_094::2,19,False,3.043680191040039,4.290869951248169,7.322188900783658
5,4,2,3,random440_deear_094::3,13,False,2.1083030700683594,8.631812572479248,10.790598340332508
5,4,3,0,random440_expressivespeech_143::0,41,False,6.927065134048462,9.47971224784851,16.390756795182824
5,4,3,1,random440_expressivespeech_143::1,35,False,5.590449094772339,7.963562726974487,13.541704677045345
5,4,3,2,random440_expressivespeech_143::2,39,False,6.4587624073028564,9.297293901443481,15.745329052209854
5,4,3,3,random440_expressivespeech_143::3,41,False,6.8360326290130615,13.931058168411255,20.902878193184733
5,4,4,0,random440_expressivespeech_171::0,86,False,14.329211711883545,20.95853304862976,35.267679918557405
5,4,4,1,random440_expressivespeech_171::1,89,False,14.928111791610718,20.968706369400024,36.244702814146876
5,4,4,2,random440_expressivespeech_171::2,90,False,14.78217339515686,21.821470260620117,36.95489643141627
5,4,4,3,random440_expressivespeech_171::3,76,False,12.891802549362183,17.675103902816772,30.919147688895464
5,4,5,0,random440_deear_041::0,76,False,13.301480054855347,17.646331310272217,30.927026987075806
5,4,5,1,random440_deear_041::1,72,False,12.0920569896698,16.616002559661865,28.70035004429519
5,4,5,2,random440_deear_041::2,80,False,13.718732118606567,18.672073125839233,32.672715965658426
5,4,5,3,random440_deear_041::3,85,False,14.133533000946045,23.823461055755615,38.25185327604413
5,4,6,0,random440_expressivespeech_177::0,57,False,9.366761684417725,13.15741491317749,22.50703999772668
5,4,6,1,random440_expressivespeech_177::1,64,False,11.009764671325684,14.845963954925537,25.842866394668818
5,4,6,2,random440_expressivespeech_177::2,58,False,10.448277235031128,13.409137964248657,24.114549797028303
5,4,6,3,random440_expressivespeech_177::3,51,False,8.549468517303467,15.037003993988037,23.56040820851922
5,4,7,0,random440_expressivespeech_300::0,79,False,13.120522260665894,18.98716950416565,32.08946608938277
5,4,7,1,random440_expressivespeech_300::1,76,False,12.53900694847107,17.930273056030273,30.782068818807602
5,4,7,2,random440_expressivespeech_300::2,63,False,10.413290977478027,15.386243343353271,26.101333936676383
5,4,7,3,random440_expressivespeech_300::3,70,False,11.589318990707397,22.225006818771362,33.78931396082044
5,4,8,0,random440_expressivespeech_243::0,75,False,12.537970542907715,18.05665421485901,30.57624646835029
5,4,8,1,random440_expressivespeech_243::1,68,False,11.385226011276245,16.12240171432495,27.801319643855095
5,4,8,2,random440_expressivespeech_243::2,53,False,8.78806209564209,12.993919372558594,21.77237499691546
5,4,8,3,random440_expressivespeech_243::3,58,False,9.66020917892456,19.557950496673584,29.188617220148444
5,4,9,0,random440_expressivespeech_097::0,28,False,4.506282567977905,6.3957483768463135,10.878423672169447
5,4,9,1,random440_expressivespeech_097::1,29,False,4.688145637512207,7.162291049957275,11.835435004904866
5,4,9,2,random440_expressivespeech_097::2,20,False,3.608433246612549,4.570884704589844,8.168813588097692
5,4,9,3,random440_expressivespeech_097::3,42,False,6.801732063293457,13.796460151672363,20.5830547939986
5,4,10,0,random440_deear_058::0,28,False,4.8224334716796875,6.406717300415039,11.208300519734621
5,4,10,1,random440_deear_058::1,22,False,3.5439419746398926,5.0430967807769775,8.572927726432681
5,4,10,2,random440_deear_058::2,31,False,5.227880001068115,8.001297235488892,13.291436219587922
5,4,10,3,random440_deear_058::3,21,False,3.396631956100464,5.994657278060913,9.377914914861321
5,4,11,0,random440_expressivespeech_324::0,88,False,15.249773740768433,21.158297777175903,36.3899682816118
5,4,11,1,random440_expressivespeech_324::1,105,False,18.075142860412598,25.14658284187317,43.5676705557853
5,4,11,2,random440_expressivespeech_324::2,79,False,13.141673803329468,19.218584299087524,32.7885444778949
5,4,11,3,random440_expressivespeech_324::3,102,False,17.11564326286316,42.08249092102051,59.16223627515137
5,4,12,0,random440_expressivespeech_322::0,15,False,2.4550604820251465,3.3818442821502686,5.820117086172104
5,4,12,1,random440_expressivespeech_322::1,13,False,2.107867479324341,2.927929162979126,5.021242488175631
5,4,12,2,random440_expressivespeech_322::2,16,False,2.597642183303833,3.6299514770507812,6.203870337456465
5,4,12,3,random440_expressivespeech_322::3,16,False,2.90537428855896,3.7802977561950684,6.671942560002208
5,4,13,0,random440_expressivespeech_036::0,43,False,7.288289308547974,10.004719734191895,17.274141788482666
5,4,13,1,random440_expressivespeech_036::1,48,False,8.33023452758789,11.527837991714478,19.847269469872117
5,4,13,2,random440_expressivespeech_036::2,62,False,10.027655363082886,14.601484060287476,24.806484073400497
5,4,13,3,random440_expressivespeech_036::3,42,False,7.07178521156311,11.009381532669067,18.31677384674549
5,4,14,0,random440_expressivespeech_339::0,24,False,4.747760057449341,5.738268136978149,10.46433993242681
5,4,14,1,random440_expressivespeech_339::1,22,False,3.5572314262390137,5.002321243286133,8.546830238774419
5,4,14,2,random440_expressivespeech_339::2,19,False,3.094615936279297,4.328601598739624,7.48719272762537
5,4,14,3,random440_expressivespeech_339::3,25,False,4.398979187011719,9.035363674163818,13.415454916656017
5,4,15,0,random440_expressivespeech_153::0,47,False,7.625377178192139,11.014218091964722,18.61868843063712
5,4,15,1,random440_expressivespeech_153::1,62,False,11.229858875274658,14.584143161773682,25.99667826294899
5,4,15,2,random440_expressivespeech_153::2,46,False,7.864510536193848,10.701066970825195,18.80665590800345
5,4,15,3,random440_expressivespeech_153::3,51,False,8.498929738998413,15.522412300109863,24.003439161926508
5,4,16,0,random440_expressivespeech_139::0,98,False,16.56780457496643,23.41647505760193,39.96584065631032
5,4,16,1,random440_expressivespeech_139::1,103,False,17.67684531211853,24.453879594802856,42.53555426746607
5,4,16,2,random440_expressivespeech_139::2,149,False,25.473775625228882,35.90256452560425,61.82593556679785
5,4,16,3,random440_expressivespeech_139::3,107,False,17.840192794799805,33.4787335395813,51.29978146404028
5,4,17,0,random440_expressivespeech_094::0,64,False,10.83315134048462,14.864191055297852,25.676120756193995
5,4,17,1,random440_expressivespeech_094::1,150,False,25.654163599014282,36.090136766433716,61.73470843397081
5,4,17,2,random440_expressivespeech_094::2,77,False,13.652627229690552,17.791733503341675,31.428723223507404
5,4,17,3,random440_expressivespeech_094::3,61,False,10.168228387832642,24.01286792755127,34.17579368688166
5,4,18,0,random440_expressivespeech_116::0,149,False,25.269243955612183,36.296218156814575,61.547857370227575
5,4,18,1,random440_expressivespeech_116::1,211,False,37.516337394714355,51.9912633895874,88.48005140200257
5,4,18,2,random440_expressivespeech_116::2,165,False,28.204026460647583,39.64685559272766,67.84396853297949
5,4,18,3,random440_expressivespeech_116::3,139,False,23.789302825927734,53.97642493247986,77.76395530439913
5,4,19,0,random440_expressivespeech_141::0,259,False,46.32242202758789,63.48269963264465,108.46214738674462
5,4,19,1,random440_expressivespeech_141::1,296,False,51.12877035140991,73.60582566261292,123.10436389967799
5,4,19,2,random440_expressivespeech_141::2,264,False,44.60761308670044,65.83942198753357,111.74503503367305
5,4,19,3,random440_expressivespeech_141::3,249,False,41.386629819869995,398.54415345191956,439.88513033650815
5,4,20,0,random440_expressivespeech_048::0,9,False,1.5436866283416748,2.0297577381134033,3.5570531971752644
5,4,20,1,random440_expressivespeech_048::1,8,False,1.3101072311401367,1.8086371421813965,3.1059166863560677
5,4,20,2,random440_expressivespeech_048::2,11,False,1.7865397930145264,2.505683660507202,4.277318065986037
5,4,20,3,random440_expressivespeech_048::3,11,False,1.7763967514038086,2.4935617446899414,4.259055757895112
5,4,21,0,random440_expressivespeech_213::0,19,False,3.079629421234131,4.3403661251068115,7.404716689139605
5,4,21,1,random440_expressivespeech_213::1,15,False,2.6957080364227295,3.912341356277466,6.608271533623338
5,4,21,2,random440_expressivespeech_213::2,41,False,6.801220893859863,9.491573333740234,16.27963577210903
5,4,21,3,random440_expressivespeech_213::3,25,False,4.193026065826416,6.4767820835113525,10.665850261226296
5,4,22,0,random440_expressivespeech_077::0,236,False,40.90676164627075,58.71742844581604,99.60693270340562
5,4,22,1,random440_expressivespeech_077::1,210,False,35.42207670211792,51.83460521697998,87.25672607123852
5,4,22,2,random440_expressivespeech_077::2,199,False,33.964598655700684,48.887659788131714,82.8780587296933
5,4,22,3,random440_expressivespeech_077::3,213,False,35.27332043647766,74.48351454734802,109.76177299953997
5,4,23,0,random440_expressivespeech_289::0,176,False,29.719199657440186,43.79342269897461,73.49153912998736
5,4,23,1,random440_expressivespeech_289::1,170,False,28.950064182281494,41.11500024795532,70.09212183207273
5,4,23,2,random440_expressivespeech_289::2,135,False,22.805395126342773,32.41450023651123,55.21766547113657
5,4,23,3,random440_expressivespeech_289::3,127,False,21.47382140159607,44.08888864517212,65.54252936504781
5,4,24,0,random440_expressivespeech_047::0,24,False,4.253613471984863,5.496048212051392,9.730086963623762
5,4,24,1,random440_expressivespeech_047::1,32,False,5.1491265296936035,7.302241086959839,12.436114795506
5,4,24,2,random440_expressivespeech_047::2,44,False,8.134781122207642,10.269015789031982,18.389273542910814
5,4,24,3,random440_expressivespeech_047::3,40,False,6.4282708168029785,17.0803542137146,23.684756483882666
5,5,0,0,random440_expressivespeech_269::0,42,False,9.046606540679932,9.234718799591064,18.26194933243096
5,5,0,1,random440_expressivespeech_269::1,39,False,6.176168203353882,9.178810358047485,15.498997386544943
5,5,0,2,random440_expressivespeech_269::2,49,False,7.5413031578063965,10.748311042785645,18.423601673915982
5,5,0,3,random440_expressivespeech_269::3,44,False,7.0686256885528564,21.739607334136963,28.981565218418837
5,5,1,0,random440_deear_051::0,118,False,22.02488684654236,27.815889835357666,49.82065899297595
5,5,1,1,random440_deear_051::1,135,False,22.671573877334595,31.573603630065918,54.23144822195172
5,5,1,2,random440_deear_051::2,127,False,19.88870882987976,30.198643445968628,50.07003683038056
5,5,1,3,random440_deear_051::3,116,False,18.010003566741943,59.39846706390381,77.34566766396165
5,5,2,0,random440_expressivespeech_159::0,10,False,1.5606467723846436,2.152602195739746,3.6979210916906595
5,5,2,1,random440_expressivespeech_159::1,12,False,1.8198823928833008,2.6037275791168213,4.401766614988446
5,5,2,2,random440_expressivespeech_159::2,28,False,4.967056035995483,6.1277756690979,11.07533655129373
5,5,2,3,random440_expressivespeech_159::3,12,False,2.0597033500671387,8.573739528656006,10.614834828302264
5,5,3,0,random440_deear_075::0,43,False,6.506865739822388,9.781410932540894,16.269138583913445
5,5,3,1,random440_deear_075::1,32,False,5.060759544372559,6.969983339309692,12.181700745597482
5,5,3,2,random440_deear_075::2,42,False,6.44064736366272,10.157799243927002,16.586902095004916
5,5,3,3,random440_deear_075::3,48,False,7.2047789096832275,14.310726881027222,21.66010851226747
5,5,4,0,random440_deear_079::0,74,False,11.934364795684814,16.39532780647278,28.312422446906567
5,5,4,1,random440_deear_079::1,103,False,16.512776374816895,23.67906403541565,40.473174907267094
5,5,4,2,random440_deear_079::2,76,False,11.650176048278809,17.590002059936523,29.65012826025486
5,5,4,3,random440_deear_079::3,85,False,13.13573408126831,27.526183605194092,40.63959173671901
5,5,5,0,random440_deear_043::0,69,False,10.98588228225708,15.596927404403687,26.56779967993498
5,5,5,1,random440_deear_043::1,75,False,11.469566106796265,17.11368441581726,28.572030778974295
5,5,5,2,random440_deear_043::2,92,False,14.459853649139404,21.257683753967285,35.70411312021315
5,5,5,3,random440_deear_043::3,75,False,11.878000020980835,27.192668199539185,39.4140934497118
5,5,6,0,random440_expressivespeech_335::0,54,False,8.345511674880981,11.931072473526001,20.255057759582996
5,5,6,1,random440_expressivespeech_335::1,63,False,10.225104808807373,13.878674745559692,24.0940362829715
5,5,6,2,random440_expressivespeech_335::2,59,False,8.971933603286743,14.052762269973755,23.26745481044054
5,5,6,3,random440_expressivespeech_335::3,54,False,8.324276685714722,20.146186590194702,28.450746970251203
5,5,7,0,random440_expressivespeech_032::0,81,False,12.370593309402466,18.819413661956787,31.171570021659136
5,5,7,1,random440_expressivespeech_032::1,60,False,9.194715738296509,13.543966054916382,23.049857107922435
5,5,7,2,random440_expressivespeech_032::2,77,False,12.034476280212402,17.99266004562378,30.016297863796353
5,5,7,3,random440_expressivespeech_032::3,66,False,10.149566411972046,28.12699031829834,38.55609656125307
5,5,8,0,random440_expressivespeech_258::0,58,False,8.968599081039429,13.65830945968628,22.605926416814327
5,5,8,1,random440_expressivespeech_258::1,82,False,12.605708360671997,18.95816707611084,31.552386205643415
5,5,8,2,random440_expressivespeech_258::2,50,False,7.452942609786987,11.592635869979858,19.344501797109842
5,5,8,3,random440_expressivespeech_258::3,61,False,9.521563053131104,26.32468819618225,35.828278958797455
5,5,9,0,random440_deear_045::0,34,False,5.347403526306152,7.419647932052612,12.749271785840392
5,5,9,1,random440_deear_045::1,35,False,5.443288564682007,8.43097734451294,13.861394494771957
5,5,9,2,random440_deear_045::2,23,False,3.5725650787353516,5.0093958377838135,8.573262514546514
5,5,9,3,random440_deear_045::3,21,False,3.151827335357666,13.108026027679443,16.238584024831653
5,5,10,0,random440_expressivespeech_306::0,34,False,5.414271831512451,7.443587779998779,12.838933551684022
5,5,10,1,random440_expressivespeech_306::1,27,False,4.017990350723267,5.887677907943726,9.896200088784099
5,5,10,2,random440_expressivespeech_306::2,27,False,4.488294839859009,6.6203694343566895,11.098082626238465
5,5,10,3,random440_expressivespeech_306::3,13,False,1.9464213848114014,6.554920196533203,8.58393370360136
5,5,11,0,random440_deear_020::0,123,False,19.75102686882019,28.92853021621704,48.658670181408525
5,5,11,1,random440_deear_020::1,101,False,15.556069612503052,23.193376302719116,38.73462854512036
5,5,11,2,random440_deear_020::2,98,False,15.263983488082886,23.005767822265625,38.25495398789644
5,5,11,3,random440_deear_020::3,111,False,17.71493911743164,27.306434154510498,45.40082336962223
5,5,12,0,random440_expressivespeech_190::0,10,False,1.5305168628692627,2.1444904804229736,3.659511774778366
5,5,12,1,random440_expressivespeech_190::1,23,False,3.448617458343506,5.0217976570129395,8.453063812106848
5,5,12,2,random440_expressivespeech_190::2,15,False,2.519645929336548,3.2792394161224365,5.788660423830152
5,5,12,3,random440_expressivespeech_190::3,11,False,1.9233736991882324,3.846390962600708,5.757379369810224
5,5,13,0,random440_deear_022::0,43,False,6.693623781204224,9.580738544464111,16.26397742703557
5,5,13,1,random440_deear_022::1,45,False,6.897966384887695,10.499168872833252,17.39165017567575
5,5,13,2,random440_deear_022::2,56,False,8.636966228485107,12.476150512695312,21.283252749592066
5,5,13,3,random440_deear_022::3,50,False,8.017641544342041,17.06926417350769,25.325326643884182
5,5,14,0,random440_expressivespeech_034::0,18,False,3.0800235271453857,4.298022747039795,7.362052718177438
5,5,14,1,random440_expressivespeech_034::1,24,False,3.8905181884765625,5.228038549423218,9.10278645157814
5,5,14,2,random440_expressivespeech_034::2,20,False,3.0035626888275146,4.3015265464782715,7.291512267664075
5,5,14,3,random440_expressivespeech_034::3,26,False,3.9023663997650146,12.259132385253906,16.143800718709826
5,5,15,0,random440_expressivespeech_277::0,46,False,7.141575336456299,10.198069334030151,17.32294738292694
5,5,15,1,random440_expressivespeech_277::1,44,False,7.8843629360198975,9.637383460998535,17.695814315229654
5,5,15,2,random440_expressivespeech_277::2,66,False,10.26856517791748,14.961839437484741,25.21780846454203
5,5,15,3,random440_expressivespeech_277::3,48,False,7.491854667663574,19.43789029121399,27.188681442290545
5,5,16,0,random440_expressivespeech_001::0,98,False,15.207370281219482,22.692540407180786,37.88082629069686
5,5,16,1,random440_expressivespeech_001::1,120,False,19.725711584091187,27.649378299713135,47.75795702263713
5,5,16,2,random440_expressivespeech_001::2,131,False,20.563352823257446,30.450068950653076,50.99780502170324
5,5,16,3,random440_expressivespeech_001::3,108,False,17.413222312927246,41.29469347000122,58.65453342348337
5,5,17,0,random440_expressivespeech_029::0,92,False,14.66561508178711,21.581215381622314,36.21084865927696
5,5,17,1,random440_expressivespeech_029::1,88,False,13.580441236495972,20.208720207214355,33.77739171497524
5,5,17,2,random440_expressivespeech_029::2,82,False,12.639026403427124,19.242342233657837,32.22777449898422
5,5,17,3,random440_expressivespeech_029::3,85,False,13.335796117782593,38.169549226760864,51.466860296204686
5,5,18,0,random440_expressivespeech_274::0,169,False,28.662734270095825,39.57281994819641,68.21554755419493
5,5,18,1,random440_expressivespeech_274::1,149,False,23.752089500427246,34.909364223480225,58.650762820616364
5,5,18,2,random440_expressivespeech_274::2,164,False,26.410701036453247,38.605199337005615,65.00205015577376
5,5,18,3,random440_expressivespeech_274::3,178,False,28.488836765289307,77.66710424423218,105.1046449560672
5,5,19,0,random440_expressivespeech_018::0,511,False,94.47100925445557,125.937335729599,217.14707926288247
5,5,19,1,random440_expressivespeech_018::1,459,False,75.6131477355957,114.05813503265381,191.9733589142561
5,5,19,2,random440_expressivespeech_018::2,406,False,65.3915023803711,100.2590970993042,165.75104257836938
5,5,19,3,random440_expressivespeech_018::3,511,False,82.99075269699097,126.36685061454773,206.31240146793425
5,5,20,0,random440_deear_021::0,10,False,1.5436134338378906,2.1689207553863525,3.697550043463707
5,5,20,1,random440_deear_021::1,11,False,1.6834747791290283,2.4257047176361084,4.096465086564422
5,5,20,2,random440_deear_021::2,7,False,1.0815227031707764,1.5275588035583496,2.5978386010974646
5,5,20,3,random440_deear_021::3,10,False,1.540006399154663,3.260380744934082,4.802195681259036
5,5,21,0,random440_deear_029::0,29,False,4.41206169128418,6.531658411026001,10.927806604653597
5,5,21,1,random440_deear_029::1,21,False,4.158802032470703,4.696197032928467,8.85909915715456
5,5,21,2,random440_deear_029::2,30,False,4.5945143699646,6.679338216781616,11.261080898344517
5,5,21,3,random440_deear_029::3,20,False,3.055232286453247,6.799597263336182,9.841258121654391
5,5,22,0,random440_expressivespeech_276::0,212,False,34.935795307159424,50.28638792037964,85.20344116725028
5,5,22,1,random440_expressivespeech_276::1,207,False,33.92320919036865,49.46032667160034,83.46221922151744
5,5,22,2,random440_expressivespeech_276::2,218,False,34.74049091339111,52.87501573562622,87.69220808707178
5,5,22,3,random440_expressivespeech_276::3,209,False,33.80845808982849,88.96938610076904,122.83401497267187
5,5,23,0,random440_deear_085::0,151,False,23.915528059005737,36.09588170051575,59.992465768009424
5,5,23,1,random440_deear_085::1,156,False,24.268813610076904,37.40610384941101,61.748665783554316
5,5,23,2,random440_deear_085::2,143,False,22.58362054824829,33.91652059555054,56.55617154762149
5,5,23,3,random440_deear_085::3,155,False,23.502931594848633,62.328550577163696,85.87388551421463
5,5,24,0,random440_expressivespeech_332::0,55,False,8.596223831176758,12.302584648132324,20.880963396281004
5,5,24,1,random440_expressivespeech_332::1,27,False,4.217006683349609,6.920512437820435,11.152433350682259
5,5,24,2,random440_expressivespeech_332::2,26,False,3.902924060821533,5.7127685546875,9.612613007426262
5,5,24,3,random440_expressivespeech_332::3,30,False,4.761235952377319,17.688850164413452,22.435808459296823
5,6,0,0,random440_expressivespeech_203::0,41,False,9.511237859725952,9.608304977416992,19.097974495962262
5,6,0,1,random440_expressivespeech_203::1,55,False,10.32482624053955,13.361825942993164,23.66972240060568
5,6,0,2,random440_expressivespeech_203::2,38,False,6.370092868804932,8.82990050315857,15.395498657599092
5,6,0,3,random440_expressivespeech_203::3,38,False,6.716171026229858,15.851739406585693,22.545704754069448
5,6,1,0,random440_expressivespeech_182::0,119,False,23.74033284187317,29.423152923583984,53.14492118731141
5,6,1,1,random440_expressivespeech_182::1,115,False,19.621588468551636,27.825952529907227,47.43096642754972
5,6,1,2,random440_expressivespeech_182::2,115,False,18.71218752861023,28.268951892852783,46.96382749080658
5,6,1,3,random440_expressivespeech_182::3,129,False,21.596237659454346,62.819722414016724,84.35443055257201
5,6,2,0,random440_expressivespeech_194::0,25,False,4.2185516357421875,5.846837759017944,10.045691173523664
5,6,2,1,random440_expressivespeech_194::1,15,False,2.475475788116455,3.544719934463501,6.012315958738327
5,6,2,2,random440_expressivespeech_194::2,19,False,2.998142957687378,4.282959699630737,7.314360665157437
5,6,2,3,random440_expressivespeech_194::3,17,False,2.6501424312591553,3.779677152633667,6.4855111837387085
5,6,3,0,random440_expressivespeech_239::0,38,False,6.204110383987427,8.765873193740845,14.950879184529185
5,6,3,1,random440_expressivespeech_239::1,40,False,6.504863023757935,9.092312574386597,15.583058072254062
5,6,3,2,random440_expressivespeech_239::2,40,False,6.113863468170166,9.784480094909668,15.882122311741114
5,6,3,3,random440_expressivespeech_239::3,45,False,7.293670892715454,12.670334339141846,20.10475447587669
5,6,4,0,random440_expressivespeech_136::0,85,False,13.863419771194458,20.136882543563843,33.974955236539245
5,6,4,1,random440_expressivespeech_136::1,85,False,13.469112873077393,19.92059850692749,33.75323726050556
5,6,4,2,random440_expressivespeech_136::2,78,False,12.428666830062866,18.510416984558105,31.532444467768073
5,6,4,3,random440_expressivespeech_136::3,83,False,13.147770881652832,26.60471224784851,39.722659492865205
5,6,5,0,random440_expressivespeech_196::0,76,False,12.773152589797974,17.49234628677368,30.246340326964855
5,6,5,1,random440_expressivespeech_196::1,85,False,13.761290311813354,19.887670278549194,33.63779994659126
5,6,5,2,random440_expressivespeech_196::2,78,False,13.355628728866577,17.91249942779541,31.61172990128398
5,6,5,3,random440_expressivespeech_196::3,66,False,10.754194021224976,23.96864128112793,34.68901214376092
5,6,6,0,random440_expressivespeech_325::0,64,False,10.231531858444214,14.88532543182373,25.09570376574993
5,6,6,1,random440_expressivespeech_325::1,54,False,8.545766592025757,12.422995805740356,20.957039007917047
5,6,6,2,random440_expressivespeech_325::2,50,False,8.018352031707764,12.192199230194092,20.197166815400124
5,6,6,3,random440_expressivespeech_325::3,57,False,9.132821798324585,20.51685070991516,29.624174267053604
5,6,7,0,random440_deear_001::0,65,False,10.349607944488525,15.433146476745605,25.765000445768237
5,6,7,1,random440_deear_001::1,82,False,13.304911613464355,19.611634731292725,33.16583692096174
5,6,7,2,random440_deear_001::2,63,False,9.774245738983154,15.215927124023438,25.308695213869214
5,6,7,3,random440_deear_001::3,71,False,11.66554856300354,26.938356399536133,38.575497103855014
5,6,8,0,random440_expressivespeech_092::0,64,False,9.889552116394043,15.161685943603516,25.032019644975662
5,6,8,1,random440_expressivespeech_092::1,57,False,9.159882307052612,13.670034408569336,22.814240293577313
5,6,8,2,random440_expressivespeech_092::2,67,False,10.968029975891113,15.996773481369019,26.950786847621202
5,6,8,3,random440_expressivespeech_092::3,59,False,9.186254978179932,25.12544846534729,34.282372223213315
5,6,9,0,random440_expressivespeech_156::0,27,False,4.405675411224365,6.121238470077515,10.512481588870287
5,6,9,1,random440_expressivespeech_156::1,29,False,4.502657175064087,6.765009880065918,11.238293595612049
5,6,9,2,random440_expressivespeech_156::2,29,False,5.201178312301636,6.562724590301514,11.74843823723495
5,6,9,3,random440_expressivespeech_156::3,24,False,3.7454965114593506,14.162543296813965,17.991527695208788
5,6,10,0,random440_expressivespeech_040::0,24,False,4.002413034439087,5.546804666519165,9.532962381839752
5,6,10,1,random440_expressivespeech_040::1,44,False,6.846373081207275,10.141417264938354,16.974405424669385
5,6,10,2,random440_expressivespeech_040::2,22,False,4.371156454086304,4.9708685874938965,9.324547590687871
5,6,10,3,random440_expressivespeech_040::3,17,False,2.640629768371582,3.793642044067383,6.422290505841374
5,6,11,0,random440_expressivespeech_161::0,81,False,12.885900020599365,19.18490171432495,32.05140011571348
5,6,11,1,random440_expressivespeech_161::1,92,False,15.419358730316162,21.575295209884644,37.30902092345059
5,6,11,2,random440_expressivespeech_161::2,133,False,21.48014807701111,31.369977235794067,53.207948580384254
5,6,11,3,random440_expressivespeech_161::3,123,False,20.177349090576172,29.31633496284485,49.47539984062314
5,6,12,0,random440_expressivespeech_119::0,16,False,2.7626025676727295,3.595155954360962,6.339518159627914
5,6,12,1,random440_expressivespeech_119::1,12,False,1.8790948390960693,2.6797637939453125,4.543943252414465
5,6,12,2,random440_expressivespeech_119::2,14,False,2.1908090114593506,3.126466989517212,5.3015827760100365
5,6,12,3,random440_expressivespeech_119::3,16,False,2.600342035293579,4.9617369174957275,7.5898473262786865
5,6,13,0,random440_expressivespeech_002::0,46,False,7.465037822723389,10.57463264465332,18.02204772643745
5,6,13,1,random440_expressivespeech_002::1,45,False,7.823589086532593,10.677228212356567,18.489799976348877
5,6,13,2,random440_expressivespeech_002::2,47,False,7.28904914855957,11.125704526901245,18.578930588439107
5,6,13,3,random440_expressivespeech_002::3,55,False,8.831024169921875,16.171921014785767,25.193276217207313
5,6,14,0,random440_deear_099::0,26,False,4.86692214012146,6.124875783920288,10.971163848415017
5,6,14,1,random440_deear_099::1,22,False,3.388648271560669,5.0034661293029785,8.377022165805101
5,6,14,2,random440_deear_099::2,20,False,3.3089401721954346,4.517065048217773,7.812927020713687
5,6,14,3,random440_deear_099::3,20,False,3.081084966659546,9.609097242355347,12.667333064600825
5,6,15,0,random440_expressivespeech_201::0,54,False,8.669502019882202,12.566097497940063,21.215598037466407
5,6,15,1,random440_expressivespeech_201::1,55,False,9.460001230239868,12.574771404266357,22.286453548818827
5,6,15,2,random440_expressivespeech_201::2,41,False,6.42740273475647,9.60403299331665,16.236675491556525
5,6,15,3,random440_expressivespeech_201::3,50,False,7.976310968399048,19.721250772476196,27.680179549381137
5,6,16,0,random440_expressivespeech_051::0,130,False,20.989994764328003,31.41001009941101,52.3786840364337
5,6,16,1,random440_expressivespeech_051::1,109,False,17.83900260925293,26.08218765258789,43.90333556570113
5,6,16,2,random440_expressivespeech_051::2,100,False,16.40398859977722,23.61297082901001,40.00411777198315
5,6,16,3,random440_expressivespeech_051::3,112,False,17.941410303115845,40.716986656188965,59.02873192541301
5,6,17,0,random440_expressivespeech_164::0,79,False,13.117107391357422,18.115906715393066,31.21225283294916
5,6,17,1,random440_expressivespeech_164::1,81,False,13.452683687210083,19.080918550491333,32.519425420090556
5,6,17,2,random440_expressivespeech_164::2,87,False,13.736855506896973,21.174890756607056,35.270552299916744
5,6,17,3,random440_expressivespeech_164::3,98,False,15.508330345153809,39.118964195251465,54.967514269053936
5,6,18,0,random440_expressivespeech_152::0,187,False,32.943671226501465,46.005144119262695,77.97943897172809
5,6,18,1,random440_expressivespeech_152::1,200,False,32.96980810165405,49.49639701843262,81.55777294002473
5,6,18,2,random440_expressivespeech_152::2,160,False,26.04922604560852,38.19087791442871,64.23128343187273
5,6,18,3,random440_expressivespeech_152::3,173,False,28.810294151306152,43.18578267097473,71.98297910392284
5,6,19,0,random440_deear_004::0,345,False,63.33756875991821,85.3983325958252,146.90732980892062
5,6,19,1,random440_deear_004::1,378,False,62.79810833930969,96.08444571495056,156.70201262645423
5,6,19,2,random440_deear_004::2,390,False,64.21133613586426,99.35008430480957,161.2476403079927
5,6,19,3,random440_deear_004::3,379,False,62.71843242645264,249.4782679080963,312.20536793768406
5,6,20,0,random440_deear_053::0,10,False,1.6266989707946777,2.2669694423675537,3.8776781540364027
5,6,20,1,random440_deear_053::1,7,False,1.116905689239502,1.5909769535064697,2.6974707636982203
5,6,20,2,random440_deear_053::2,9,False,1.4381256103515625,2.023871898651123,3.4582724142819643
5,6,20,3,random440_deear_053::3,7,False,1.1356728076934814,4.06246018409729,5.185831135138869
5,6,21,0,random440_deear_005::0,29,False,4.5837109088897705,6.951951742172241,11.520830541849136
5,6,21,1,random440_deear_005::1,24,False,4.420454263687134,5.490308046340942,10.033854324370623
5,6,21,2,random440_deear_005::2,22,False,3.480660915374756,5.044328212738037,8.511694563552737
5,6,21,3,random440_deear_005::3,22,False,3.4706101417541504,7.528774738311768,10.983231637626886
5,6,22,0,random440_expressivespeech_247::0,187,False,31.437192916870117,46.168752670288086,76.6051922608167
5,6,22,1,random440_expressivespeech_247::1,231,False,38.43342447280884,57.36322236061096,94.79528424888849
5,6,22,2,random440_expressivespeech_247::2,197,False,32.52045202255249,48.60557842254639,80.86788122355938
5,6,22,3,random440_expressivespeech_247::3,187,False,30.752928495407104,94.91133880615234,125.03936111554503
5,6,23,0,random440_expressivespeech_039::0,127,False,20.956549406051636,30.404423475265503,51.19841410405934
5,6,23,1,random440_expressivespeech_039::1,156,False,25.88242268562317,37.805474281311035,63.72191087156534
5,6,23,2,random440_expressivespeech_039::2,142,False,23.388884782791138,34.12433934211731,57.54578271135688
5,6,23,3,random440_expressivespeech_039::3,166,False,27.784350395202637,64.39484977722168,92.18279352225363
5,6,24,0,random440_expressivespeech_058::0,36,False,5.674947261810303,8.20616602897644,13.861036792397499
5,6,24,1,random440_expressivespeech_058::1,33,False,5.4663848876953125,7.810518980026245,13.268876558169723
5,6,24,2,random440_expressivespeech_058::2,34,False,5.796847820281982,7.753270626068115,13.539911156520247
5,6,24,3,random440_expressivespeech_058::3,31,False,5.064902305603027,18.185059785842896,23.3616911098361
5,7,0,0,random440_expressivespeech_273::0,38,False,8.53782868385315,8.469069719314575,16.989680571481586
5,7,0,1,random440_expressivespeech_273::1,39,False,6.628171682357788,9.133822202682495,15.887687928974628
5,7,0,2,random440_expressivespeech_273::2,44,False,6.923330545425415,9.88158917427063,16.93926002085209
5,7,0,3,random440_expressivespeech_273::3,46,False,7.508065462112427,23.600534439086914,31.256663186475635
5,7,1,0,random440_expressivespeech_151::0,143,False,27.802744388580322,34.675326108932495,62.46186700835824
5,7,1,1,random440_expressivespeech_151::1,143,False,24.010050296783447,34.357383728027344,58.93017339706421
5,7,1,2,random440_expressivespeech_151::2,135,False,22.324461936950684,32.27371072769165,54.58219698630273
5,7,1,3,random440_expressivespeech_151::3,138,False,22.9030122756958,33.168164014816284,56.05969396419823
5,7,2,0,random440_deear_068::0,16,False,2.5190513134002686,3.5422661304473877,6.043679432943463
5,7,2,1,random440_deear_068::1,20,False,3.251697540283203,5.0783209800720215,8.312121776863933
5,7,2,2,random440_deear_068::2,19,False,2.9557719230651855,4.232403039932251,7.171755755320191
5,7,2,3,random440_deear_068::3,16,False,2.7686798572540283,5.487751722335815,8.309452814981341
5,7,3,0,random440_expressivespeech_284::0,44,False,7.197018384933472,10.25914978981018,17.437667693942785
5,7,3,1,random440_expressivespeech_284::1,40,False,6.200338840484619,8.822633266448975,15.01019393466413
5,7,3,2,random440_expressivespeech_284::2,36,False,6.093716382980347,8.57835841178894,14.652665119618177
5,7,3,3,random440_expressivespeech_284::3,41,False,6.476298570632935,12.812716960906982,19.27054887637496
5,7,4,0,random440_expressivespeech_209::0,89,False,14.981378316879272,21.30542516708374,36.2679453715682
5,7,4,1,random440_expressivespeech_209::1,79,False,12.680901527404785,18.245306730270386,31.280188476666808
5,7,4,2,random440_expressivespeech_209::2,63,False,10.049619436264038,14.868536949157715,24.904036335647106
5,7,4,3,random440_expressivespeech_209::3,99,False,15.830766439437866,30.523711681365967,46.33460694551468
5,7,5,0,random440_expressivespeech_224::0,76,False,12.773861408233643,17.102275848388672,29.857900327071548
5,7,5,1,random440_expressivespeech_224::1,76,False,12.668999910354614,17.270607948303223,29.92923777550459
5,7,5,2,random440_expressivespeech_224::2,87,False,14.711629629135132,20.06818962097168,35.07097374461591
5,7,5,3,random440_expressivespeech_224::3,63,False,10.467717409133911,24.867080211639404,35.65575402416289
5,7,6,0,random440_expressivespeech_248::0,59,False,9.143362045288086,13.374342918395996,22.4961939714849
5,7,6,1,random440_expressivespeech_248::1,56,False,9.596823453903198,12.56807541847229,22.153812354430556
5,7,6,2,random440_expressivespeech_248::2,58,False,9.30777883529663,13.756730794906616,23.051513260230422
5,7,6,3,random440_expressivespeech_248::3,52,False,8.335824012756348,19.805437803268433,28.351028103381395
5,7,7,0,random440_expressivespeech_308::0,70,False,11.126322269439697,16.884727478027344,27.993106393143535
5,7,7,1,random440_expressivespeech_308::1,74,False,11.92639946937561,17.246557474136353,29.440733183175325
5,7,7,2,random440_expressivespeech_308::2,60,False,9.60822606086731,14.422905206680298,24.315126167610288
5,7,7,3,random440_expressivespeech_308::3,73,False,11.65312147140503,29.456369400024414,41.0933667588979
5,7,8,0,random440_expressivespeech_066::0,60,False,9.282135963439941,14.231853008270264,23.49289961718023
5,7,8,1,random440_expressivespeech_066::1,73,False,11.866058826446533,16.73966693878174,28.595577508211136
5,7,8,2,random440_expressivespeech_066::2,53,False,8.215708494186401,12.230761528015137,20.72535488381982
5,7,8,3,random440_expressivespeech_066::3,55,False,9.149723529815674,27.36946439743042,36.503105115145445
5,7,9,0,random440_deear_017::0,26,False,4.32167911529541,5.7890801429748535,10.092421118170023
5,7,9,1,random440_deear_017::1,30,False,4.684536457061768,7.270229339599609,11.941737424582243
5,7,9,2,random440_deear_017::2,45,False,7.546283006668091,10.097591400146484,17.63028191961348
5,7,9,3,random440_deear_017::3,28,False,4.321828842163086,7.305621147155762,11.613741202279925
5,7,10,0,random440_expressivespeech_253::0,27,False,4.508574724197388,6.031419277191162,10.521482659503818
5,7,10,1,random440_expressivespeech_253::1,26,False,4.046643972396851,5.790729761123657,9.822712313383818
5,7,10,2,random440_expressivespeech_253::2,30,False,4.887799501419067,7.560867786407471,12.53457361087203
5,7,10,3,random440_expressivespeech_253::3,24,False,3.72880220413208,5.879692792892456,9.594686096534133
5,7,11,0,random440_expressivespeech_012::0,99,False,16.476139545440674,22.89508295059204,39.351194551214576
5,7,11,1,random440_expressivespeech_012::1,98,False,16.43162775039673,22.81633996963501,39.65962182357907
5,7,11,2,random440_expressivespeech_012::2,91,False,14.564493656158447,21.91490602493286,36.85860407911241
5,7,11,3,random440_expressivespeech_012::3,122,False,20.09595823287964,35.820144176483154,56.26741962134838
5,7,12,0,random440_expressivespeech_140::0,22,False,3.4237406253814697,4.881624460220337,8.286980461329222
5,7,12,1,random440_expressivespeech_140::1,10,False,1.5683813095092773,2.2071847915649414,3.7640091069042683
5,7,12,2,random440_expressivespeech_140::2,11,False,1.7424039840698242,2.419802188873291,4.149738471955061
5,7,12,3,random440_expressivespeech_140::3,15,False,2.4994847774505615,5.054542779922485,7.536469709128141
5,7,13,0,random440_expressivespeech_288::0,51,False,8.408039331436157,11.456998348236084,19.843497328460217
5,7,13,1,random440_expressivespeech_288::1,42,False,7.493166446685791,9.441107511520386,16.924152862280607
5,7,13,2,random440_expressivespeech_288::2,45,False,7.210110187530518,10.185854434967041,17.38211422227323
5,7,13,3,random440_expressivespeech_288::3,53,False,8.637889385223389,17.130834102630615,25.977628068998456
5,7,14,0,random440_expressivespeech_149::0,23,False,4.076817512512207,5.523937463760376,9.583066064864397
5,7,14,1,random440_expressivespeech_149::1,18,False,2.8086421489715576,3.9584786891937256,6.752854198217392
5,7,14,2,random440_expressivespeech_149::2,18,False,2.807814598083496,3.953415870666504,6.747979376465082
5,7,14,3,random440_expressivespeech_149::3,23,False,3.826366424560547,13.031311988830566,16.891468219459057
5,7,15,0,random440_expressivespeech_023::0,46,False,7.460259914398193,10.395142555236816,17.837766651064157
5,7,15,1,random440_expressivespeech_023::1,49,False,8.714755296707153,10.984834909439087,19.868006652221084
5,7,15,2,random440_expressivespeech_023::2,60,False,9.66575837135315,14.063077449798584,23.911212785169482
5,7,15,3,random440_expressivespeech_023::3,45,False,7.2889509201049805,18.454567670822144,25.96872696094215
5,7,16,0,random440_expressivespeech_133::0,131,False,21.2304425239563,31.053794622421265,52.26698845997453
5,7,16,1,random440_expressivespeech_133::1,102,False,17.031678915023804,24.023876190185547,41.039667438715696
5,7,16,2,random440_expressivespeech_133::2,112,False,18.23009490966797,26.71259570121765,44.93204560689628
5,7,16,3,random440_expressivespeech_133::3,105,False,16.981460571289062,39.47129225730896,56.43420556746423
5,7,17,0,random440_deear_025::0,96,False,15.874635457992554,23.07333755493164,38.92911707982421
5,7,17,1,random440_deear_025::1,84,False,13.316439151763916,19.57197332382202,33.27202409505844
5,7,17,2,random440_deear_025::2,107,False,17.289701461791992,25.661420345306396,42.937708066776395
5,7,17,3,random440_deear_025::3,86,False,14.181528329849243,24.1309974193573,38.7277154866606
5,7,18,0,random440_expressivespeech_172::0,192,False,33.749431848526,46.215524673461914,79.16961184516549
5,7,18,1,random440_expressivespeech_172::1,184,False,30.067997932434082,45.295698165893555,74.40815137699246
5,7,18,2,random440_expressivespeech_172::2,163,False,26.97497320175171,38.9790153503418,65.94122700206935
5,7,18,3,random440_expressivespeech_172::3,170,False,28.113198280334473,47.25811505317688,75.35219451971352
5,7,19,0,random440_expressivespeech_236::0,382,False,73.5796389579773,95.11697030067444,166.55622099153697
5,7,19,1,random440_expressivespeech_236::1,310,False,51.29850363731384,77.36950707435608,128.67450666055083
5,7,19,2,random440_expressivespeech_236::2,370,False,61.36170434951782,92.73685598373413,151.8816601280123
5,7,19,3,random440_expressivespeech_236::3,400,False,67.16777443885803,266.86613869667053,331.25513040833175
5,7,20,0,random440_deear_067::0,9,False,1.4721574783325195,2.0070297718048096,3.463899403810501
5,7,20,1,random440_deear_067::1,7,False,1.1363155841827393,1.556278944015503,2.6822544895112514
5,7,20,2,random440_deear_067::2,7,False,1.128627061843872,1.5637941360473633,2.68356466665864
5,7,20,3,random440_deear_067::3,9,False,1.4486675262451172,4.976093292236328,6.423484185710549
5,7,21,0,random440_deear_097::0,30,False,5.041371822357178,7.108980178833008,12.133675327524543
5,7,21,1,random440_deear_097::1,20,False,3.6756861209869385,4.510646343231201,8.188267342746258
5,7,21,2,random440_deear_097::2,24,False,3.976829767227173,5.437718152999878,9.400669012218714
5,7,21,3,random440_deear_097::3,23,False,3.625866174697876,7.607715129852295,11.219151804223657
5,7,22,0,random440_expressivespeech_318::0,227,False,38.393659591674805,55.8554253578186,94.22732786647975
5,7,22,1,random440_expressivespeech_318::1,187,False,30.770891427993774,45.484569787979126,76.26777969487011
5,7,22,2,random440_expressivespeech_318::2,176,False,28.897027730941772,43.154135942459106,72.09046278521419
5,7,22,3,random440_expressivespeech_318::3,208,False,34.339980125427246,103.01667356491089,137.34425722807646
5,7,23,0,random440_deear_088::0,147,False,24.013851165771484,35.373748779296875,59.36897634714842
5,7,23,1,random440_deear_088::1,131,False,21.270585775375366,30.747928857803345,52.0575799793005
5,7,23,2,random440_deear_088::2,121,False,20.530039310455322,28.57402515411377,49.12973434664309
5,7,23,3,random440_deear_088::3,173,False,28.62413787841797,75.75354671478271,104.34897078573704
5,7,24,0,random440_expressivespeech_297::0,39,False,6.465681791305542,8.814111948013306,15.262174673378468
5,7,24,1,random440_expressivespeech_297::1,35,False,5.717480421066284,8.35914397239685,14.065062407404184
5,7,24,2,random440_expressivespeech_297::2,26,False,4.270622253417969,5.868118524551392,10.12923251837492
5,7,24,3,random440_expressivespeech_297::3,33,False,5.399583339691162,19.13034415245056,24.51345264725387
6,0,0,0,random440_deear_027::0,46,False,9.746848821640015,11.008386611938477,20.73504263907671
6,0,0,1,random440_deear_027::1,56,False,9.43031620979309,13.625864267349243,23.22505940683186
6,0,0,2,random440_deear_027::2,53,False,9.256263256072998,12.65043830871582,22.179780941456556
6,0,0,3,random440_deear_027::3,30,False,4.891537427902222,7.535707712173462,12.615789307281375
6,0,1,0,random440_expressivespeech_212::0,162,False,32.44911980628967,39.72419023513794,72.15406569093466
6,0,1,1,random440_expressivespeech_212::1,116,False,19.848005056381226,28.353891849517822,48.84600810520351
6,0,1,2,random440_expressivespeech_212::2,139,False,23.899444580078125,34.29577398300171,58.18700633198023
6,0,1,3,random440_expressivespeech_212::3,130,False,21.675352811813354,43.81471538543701,65.47308454103768
6,0,2,0,random440_expressivespeech_040::0,22,False,3.8319857120513916,5.143949270248413,8.956867180764675
6,0,2,1,random440_expressivespeech_040::1,18,False,3.1996946334838867,4.71197509765625,7.897535599768162
6,0,2,2,random440_expressivespeech_040::2,17,False,2.738623857498169,3.913789987564087,6.635790780186653
6,0,2,3,random440_expressivespeech_040::3,20,False,3.4263484477996826,4.7655510902404785,8.239026328548789
6,0,3,0,random440_expressivespeech_015::0,46,False,7.487580299377441,11.159260988235474,18.628174524754286
6,0,3,1,random440_expressivespeech_015::1,48,False,8.0038743019104,11.31278133392334,19.30233938805759
6,0,3,2,random440_expressivespeech_015::2,38,False,7.181807518005371,8.913228988647461,16.311751240864396
6,0,3,3,random440_expressivespeech_015::3,38,False,6.085252046585083,9.07363748550415,15.130103375762701
6,0,4,0,random440_deear_043::0,61,False,10.105376720428467,14.363166093826294,24.450601149350405
6,0,4,1,random440_deear_043::1,91,False,15.778930425643921,22.426223039627075,38.43574502505362
6,0,4,2,random440_deear_043::2,77,False,12.66785740852356,18.959060192108154,31.99417499639094
6,0,4,3,random440_deear_043::3,90,False,14.754591703414917,31.744847059249878,46.48180363327265
6,0,5,0,random440_deear_089::0,80,False,14.061741828918457,19.192521810531616,33.23412485793233
6,0,5,1,random440_deear_089::1,75,False,12.557048320770264,17.890801429748535,30.437365924939513
6,0,5,2,random440_deear_089::2,72,False,12.60303521156311,17.229397535324097,29.82212250120938
6,0,5,3,random440_deear_089::3,72,False,12.07035517692566,22.791807651519775,35.18084708414972
6,0,6,0,random440_expressivespeech_269::0,44,False,7.039135217666626,10.434531211853027,17.453288631513715
6,0,6,1,random440_expressivespeech_269::1,53,False,9.11322283744812,12.434076309204102,21.532967491075397
6,0,6,2,random440_expressivespeech_269::2,82,False,13.77207088470459,20.062371253967285,33.8194917999208
6,0,6,3,random440_expressivespeech_269::3,41,False,6.868418455123901,14.77664065361023,21.966464495286345
6,0,7,0,random440_expressivespeech_196::0,80,False,13.080543994903564,19.636369228363037,32.69818591699004
6,0,7,1,random440_expressivespeech_196::1,55,False,9.045016050338745,13.06991696357727,22.43778308108449
6,0,7,2,random440_expressivespeech_196::2,62,False,10.199902057647705,14.934286832809448,25.12241323851049
6,0,7,3,random440_expressivespeech_196::3,67,False,10.986217260360718,25.290865659713745,36.25720590353012
6,0,8,0,random440_expressivespeech_244::0,57,False,9.407084703445435,14.109872102737427,23.498700397089124
6,0,8,1,random440_expressivespeech_244::1,65,False,10.658277750015259,15.982567548751831,26.63034805096686
6,0,8,2,random440_expressivespeech_244::2,68,False,11.18407940864563,17.23591923713684,28.40838699415326
6,0,8,3,random440_expressivespeech_244::3,68,False,11.4422767162323,16.91986584663391,28.35130856744945
6,0,9,0,random440_expressivespeech_156::0,31,False,4.985766172409058,7.276779890060425,12.242214389145374
6,0,9,1,random440_expressivespeech_156::1,34,False,5.757686614990234,8.318724632263184,14.062162106856704
6,0,9,2,random440_expressivespeech_156::2,25,False,4.894543170928955,5.898341655731201,10.7745222710073
6,0,9,3,random440_expressivespeech_156::3,33,False,5.282985210418701,10.712894201278687,16.069070735946298
6,0,10,0,random440_deear_073::0,24,False,4.634779214859009,5.706226348876953,10.325711557641625
6,0,10,1,random440_deear_073::1,28,False,4.4796462059021,6.572057008743286,11.037273855879903
6,0,10,2,random440_deear_073::2,26,False,4.46347451210022,6.567019701004028,11.132974978536367
6,0,10,3,random440_deear_073::3,31,False,5.699735403060913,7.271697282791138,13.083431536331773
6,0,11,0,random440_deear_091::0,112,False,19.159424781799316,27.71919059753418,46.85844668932259
6,0,11,1,random440_deear_091::1,88,False,14.674140453338623,22.14370584487915,36.80054287798703
6,0,11,2,random440_deear_091::2,116,False,19.44577670097351,29.768362998962402,49.20442403666675
6,0,11,3,random440_deear_091::3,99,False,16.611016511917114,25.198358058929443,41.792258912697434
6,0,12,0,random440_expressivespeech_159::0,10,False,1.6529686450958252,2.3217885494232178,3.9591950327157974
6,0,12,1,random440_expressivespeech_159::1,25,False,4.241863250732422,5.912846326828003,10.135997120290995
6,0,12,2,random440_expressivespeech_159::2,9,False,1.612900733947754,2.4750797748565674,4.075824160128832
6,0,12,3,random440_expressivespeech_159::3,11,False,1.9299335479736328,8.978689193725586,10.891913643106818
6,0,13,0,random440_expressivespeech_218::0,42,False,7.079275369644165,10.602425575256348,17.637979920953512
6,0,13,1,random440_expressivespeech_218::1,38,False,7.0586998462677,8.917216777801514,15.964161263778806
6,0,13,2,random440_expressivespeech_218::2,62,False,10.131603479385376,15.546717643737793,25.817529823631048
6,0,13,3,random440_expressivespeech_218::3,48,False,7.650538206100464,15.493924140930176,23.381458517163992
6,0,14,0,random440_expressivespeech_306::0,18,False,2.8803536891937256,4.1910107135772705,7.054193126037717
6,0,14,1,random440_expressivespeech_306::1,18,False,3.1410536766052246,4.1939332485198975,7.320286583155394
6,0,14,2,random440_expressivespeech_306::2,12,False,1.9327900409698486,2.782426118850708,4.702990405261517
6,0,14,3,random440_expressivespeech_306::3,31,False,5.540741920471191,9.894615888595581,15.409327311441302
6,0,15,0,random440_expressivespeech_060::0,57,False,9.431723356246948,14.959524393081665,24.37107034958899
6,0,15,1,random440_expressivespeech_060::1,53,False,8.715254545211792,12.633461713790894,21.57338797301054
6,0,15,2,random440_expressivespeech_060::2,49,False,8.429153442382812,11.618408679962158,20.037202017381787
6,0,15,3,random440_expressivespeech_060::3,45,False,7.375992774963379,13.56870985031128,20.930641036480665
6,0,16,0,random440_expressivespeech_182::0,124,False,21.1377010345459,31.327959775924683,52.447588220238686
6,0,16,1,random440_expressivespeech_182::1,105,False,17.03186869621277,26.120803117752075,43.13622396811843
6,0,16,2,random440_expressivespeech_182::2,139,False,24.06392216682434,34.65757608413696,58.708564372733235
6,0,16,3,random440_expressivespeech_182::3,140,False,24.15234684944153,34.85259962081909,58.98989703692496
6,0,17,0,random440_deear_041::0,107,False,18.710691690444946,26.391099452972412,45.08008433319628
6,0,17,1,random440_deear_041::1,83,False,13.77177882194519,21.103509664535522,34.86807628162205
6,0,17,2,random440_deear_041::2,75,False,12.507383823394775,18.515364170074463,31.012566143646836
6,0,17,3,random440_deear_041::3,89,False,14.443687438964844,22.760777711868286,37.203532384708524
6,0,18,0,random440_expressivespeech_118::0,212,False,38.03862428665161,54.46734046936035,91.48506958782673
6,0,18,1,random440_expressivespeech_118::1,206,False,35.984987020492554,52.80580139160156,87.83550459891558
6,0,18,2,random440_expressivespeech_118::2,165,False,27.7492995262146,42.31143569946289,70.058120906353
6,0,18,3,random440_expressivespeech_118::3,142,False,24.51735258102417,35.494850635528564,60.01032508909702
6,0,19,0,random440_expressivespeech_250::0,354,False,66.74378943443298,93.00333857536316,157.6412028260529
6,0,19,1,random440_expressivespeech_250::1,346,False,59.7335102558136,89.90830636024475,151.13052899576724
6,0,19,2,random440_expressivespeech_250::2,301,False,51.895564556121826,79.3304135799408,131.21672749891877
6,0,19,3,random440_expressivespeech_250::3,306,False,52.7110390663147,304.0309989452362,356.7116423919797
6,0,20,0,random440_deear_067::0,8,True,1.3512511253356934,1.901146411895752,3.2352460846304893
6,0,20,1,random440_deear_067::1,9,True,1.491455316543579,2.12451434135437,3.6018974762409925
6,0,20,2,random440_deear_067::2,8,True,1.3150031566619873,1.881981372833252,3.1935370210558176
6,0,20,3,random440_deear_067::3,7,True,1.1614458560943604,8.053417444229126,9.194067977368832
6,0,21,0,random440_expressivespeech_302::0,28,False,4.651580095291138,6.623711585998535,11.253621991723776
6,0,21,1,random440_expressivespeech_302::1,20,False,3.2318308353424072,4.7383644580841064,7.970840668305755
6,0,21,2,random440_expressivespeech_302::2,22,False,3.9101569652557373,5.876729249954224,9.772195782512426
6,0,21,3,random440_expressivespeech_302::3,21,False,3.368309497833252,6.664085149765015,10.105297669768333
6,0,22,0,random440_expressivespeech_075::0,218,False,37.16374897956848,56.60074734687805,93.74503817223012
6,0,22,1,random440_expressivespeech_075::1,206,False,35.18076419830322,53.29802227020264,88.48314438946545
6,0,22,2,random440_expressivespeech_075::2,164,False,28.067668199539185,41.90772008895874,69.97683648392558
6,0,22,3,random440_expressivespeech_075::3,169,False,28.586341857910156,111.00319147109985,139.5658261720091
6,0,23,0,random440_expressivespeech_132::0,186,False,32.309388637542725,47.89805841445923,80.18565261177719
6,0,23,1,random440_expressivespeech_132::1,161,False,27.37365221977234,40.87650179862976,68.25520650669932
6,0,23,2,random440_expressivespeech_132::2,115,False,19.29586148262024,29.207381010055542,48.52707369066775
6,0,23,3,random440_expressivespeech_132::3,131,False,21.905678510665894,41.48866868019104,63.39482333883643
6,0,24,0,random440_expressivespeech_234::0,38,False,6.893584251403809,9.092559099197388,15.966204421594739
6,0,24,1,random440_expressivespeech_234::1,41,False,7.130959510803223,9.798563718795776,16.916831146925688
6,0,24,2,random440_expressivespeech_234::2,34,False,6.889676570892334,8.151211261749268,15.029532104730606
6,0,24,3,random440_expressivespeech_234::3,42,False,7.366214990615845,10.732155084609985,18.08119298517704
6,1,0,0,random440_expressivespeech_337::0,49,False,10.014427661895752,10.889685153961182,20.885032050311565
6,1,0,1,random440_expressivespeech_337::1,41,False,6.440608263015747,8.803114891052246,15.422387387603521
6,1,0,2,random440_expressivespeech_337::2,46,False,7.493628740310669,10.339329719543457,17.81770665384829
6,1,0,3,random440_expressivespeech_337::3,49,False,7.63431453704834,17.09751033782959,24.89852419309318
6,1,1,0,random440_expressivespeech_121::0,132,False,24.58069109916687,31.3375027179718,55.89752513170242
6,1,1,1,random440_expressivespeech_121::1,113,False,17.422918558120728,26.608052015304565,44.01285927183926
6,1,1,2,random440_expressivespeech_121::2,139,False,22.212125301361084,32.66726231575012,54.86268845945597
6,1,1,3,random440_expressivespeech_121::3,161,False,26.381702423095703,63.044087171554565,89.97830397635698
6,1,2,0,random440_expressivespeech_166::0,12,False,1.8493304252624512,2.5816099643707275,4.414994530379772
6,1,2,1,random440_expressivespeech_166::1,18,False,2.710649013519287,4.007371664047241,6.702210359275341
6,1,2,2,random440_expressivespeech_166::2,25,False,4.464623928070068,5.494701147079468,9.945293815806508
6,1,2,3,random440_expressivespeech_166::3,21,False,3.1449007987976074,7.455121278762817,10.683572983369231
6,1,3,0,random440_expressivespeech_273::0,40,False,6.271120071411133,9.262300729751587,15.513013128191233
6,1,3,1,random440_expressivespeech_273::1,43,False,6.748692750930786,9.559951543807983,16.2965291403234
6,1,3,2,random440_expressivespeech_273::2,44,False,6.7654125690460205,10.499635696411133,17.253772666677833
6,1,3,3,random440_expressivespeech_273::3,41,False,6.41118049621582,13.742259740829468,20.3177293241024
6,1,4,0,random440_expressivespeech_029::0,75,False,11.6012601852417,16.810667991638184,28.3918289039284
6,1,4,1,random440_expressivespeech_029::1,72,False,11.621806859970093,15.990717887878418,27.94952499307692
6,1,4,2,random440_expressivespeech_029::2,85,False,13.58249044418335,19.53498363494873,33.10630048252642
6,1,4,3,random440_expressivespeech_029::3,84,False,12.914661884307861,38.42084836959839,51.72681994177401
6,1,5,0,random440_expressivespeech_248::0,86,False,13.908166408538818,19.6829617023468,33.57270272821188
6,1,5,1,random440_expressivespeech_248::1,65,False,10.170641660690308,14.493016958236694,25.029163302853703
6,1,5,2,random440_expressivespeech_248::2,57,False,9.446631669998169,12.653298139572144,22.08830825984478
6,1,5,3,random440_expressivespeech_248::3,87,False,13.833559513092041,34.55564212799072,48.35700908303261
6,1,6,0,random440_expressivespeech_177::0,47,False,7.282498121261597,10.460531949996948,17.725723827257752
6,1,6,1,random440_expressivespeech_177::1,75,False,11.864603519439697,16.60222625732422,28.453673128038645
6,1,6,2,random440_expressivespeech_177::2,51,False,8.200725555419922,11.486907482147217,19.9821670409292
6,1,6,3,random440_expressivespeech_177::3,45,False,6.9723968505859375,21.71826148033142,28.675717804580927
6,1,7,0,random440_expressivespeech_094::0,76,False,11.657374620437622,17.472312211990356,29.110409492626786
6,1,7,1,random440_expressivespeech_094::1,65,False,9.953381299972534,14.535689115524292,24.482398983091116
6,1,7,2,random440_expressivespeech_094::2,80,False,12.417516708374023,18.222997426986694,30.631790755316615
6,1,7,3,random440_expressivespeech_094::3,73,False,11.152132749557495,20.677394151687622,32.1372922193259
6,1,8,0,random440_expressivespeech_335::0,56,False,8.628643989562988,13.005088806152344,21.61479214951396
6,1,8,1,random440_expressivespeech_335::1,64,False,9.546095371246338,14.354000568389893,23.890258464962244
6,1,8,2,random440_expressivespeech_335::2,70,False,11.347841262817383,15.646379470825195,27.273911584168673
6,1,8,3,random440_expressivespeech_335::3,67,False,11.476426601409912,22.59390091896057,34.35091541521251
6,1,9,0,random440_expressivespeech_241::0,27,False,4.045823097229004,5.953669548034668,9.980649076402187
6,1,9,1,random440_expressivespeech_241::1,31,False,4.615367412567139,6.7806878089904785,11.381368480622768
6,1,9,2,random440_expressivespeech_241::2,25,False,4.208381652832031,6.471787452697754,10.669302888214588
6,1,9,3,random440_expressivespeech_241::3,39,False,5.832521677017212,15.389318943023682,21.19478102773428
6,1,10,0,random440_expressivespeech_033::0,27,False,4.843907356262207,5.960073947906494,10.786258110776544
6,1,10,1,random440_expressivespeech_033::1,23,False,3.4545485973358154,4.9965198040008545,8.442256385460496
6,1,10,2,random440_expressivespeech_033::2,31,False,4.886113405227661,6.9153149127960205,11.767055824398994
6,1,10,3,random440_expressivespeech_033::3,25,False,4.7855095863342285,9.42400860786438,14.360139461234212
6,1,11,0,random440_deear_025::0,95,False,14.83100152015686,22.290674448013306,37.101638212800026
6,1,11,1,random440_deear_025::1,102,False,16.689733505249023,24.01824450492859,41.09134164266288
6,1,11,2,random440_deear_025::2,101,False,15.604001998901367,23.777225971221924,39.794733591377735
6,1,11,3,random440_deear_025::3,98,False,15.041713237762451,42.56377959251404,57.97813449986279
6,1,12,0,random440_expressivespeech_316::0,16,False,2.41963267326355,3.4815876483917236,5.883315529674292
6,1,12,1,random440_expressivespeech_316::1,13,False,1.952484369277954,2.839601516723633,4.778382617980242
6,1,12,2,random440_expressivespeech_316::2,10,False,1.5009775161743164,2.171600580215454,3.658669199794531
6,1,12,3,random440_expressivespeech_316::3,13,False,2.556431293487549,12.28109622001648,14.819264626130462
6,1,13,0,random440_expressivespeech_023::0,46,False,6.866894960403442,10.67866063117981,17.500258004292846
6,1,13,1,random440_expressivespeech_023::1,39,False,6.8133440017700195,8.637598514556885,15.440961556509137
6,1,13,2,random440_expressivespeech_023::2,51,False,7.86846661567688,11.90130352973938,19.759297240525484
6,1,13,3,random440_expressivespeech_023::3,54,False,8.415535926818848,21.444061279296875,29.828979831188917
6,1,14,0,random440_expressivespeech_213::0,14,False,2.14333438873291,3.0414164066314697,5.169434275478125
6,1,14,1,random440_expressivespeech_213::1,25,False,3.761901378631592,5.477488279342651,9.223975099623203
6,1,14,2,random440_expressivespeech_213::2,24,False,3.8361101150512695,5.846690654754639,9.669951098039746
6,1,14,3,random440_expressivespeech_213::3,16,False,2.5125598907470703,7.700875282287598,10.311403447762132
6,1,15,0,random440_expressivespeech_328::0,52,False,8.08529806137085,12.631016969680786,20.69738417863846
6,1,15,1,random440_expressivespeech_328::1,47,False,7.365569114685059,10.421427249908447,18.039199160411954
6,1,15,2,random440_expressivespeech_328::2,61,False,10.126725673675537,13.518105268478394,23.82334110699594
6,1,15,3,random440_expressivespeech_328::3,58,False,8.919968366622925,15.528732299804688,24.69267620332539
6,1,16,0,random440_expressivespeech_133::0,124,False,19.594433069229126,28.926912784576416,48.50165242142975
6,1,16,1,random440_expressivespeech_133::1,112,False,17.81088900566101,26.02023220062256,43.818151239305735
6,1,16,2,random440_expressivespeech_133::2,139,False,22.806296825408936,32.09777545928955,54.90045019239187
6,1,16,3,random440_expressivespeech_133::3,113,False,17.607745885849,47.28863596916199,64.8546077478677
6,1,17,0,random440_expressivespeech_049::0,81,False,14.020660161972046,18.310104370117188,32.30574288032949
6,1,17,1,random440_expressivespeech_049::1,88,False,14.170521020889282,19.881319284439087,34.04458659514785
6,1,17,2,random440_expressivespeech_049::2,102,False,17.31421661376953,23.832244873046875,41.13905795477331
6,1,17,3,random440_expressivespeech_049::3,82,False,12.571554183959961,27.918586492538452,40.89293142221868
6,1,18,0,random440_expressivespeech_116::0,179,False,29.319329977035522,43.48155379295349,72.04878983646631
6,1,18,1,random440_expressivespeech_116::1,176,False,28.283425331115723,41.63643503189087,69.16688705980778
6,1,18,2,random440_expressivespeech_116::2,188,False,30.641780376434326,45.40298008918762,74.76752873510122
6,1,18,3,random440_expressivespeech_116::3,180,False,28.38919758796692,64.75737071037292,92.08259460516274
6,1,19,0,random440_expressivespeech_229::0,334,False,61.01685929298401,80.8374183177948,139.4830084051937
6,1,19,1,random440_expressivespeech_229::1,348,False,55.74354577064514,84.21769118309021,139.36729992181063
6,1,19,2,random440_expressivespeech_229::2,271,False,43.40623950958252,65.167062997818,108.57065963931382
6,1,19,3,random440_expressivespeech_229::3,325,False,52.35069751739502,354.7219407558441,407.0483077261597
6,1,20,0,random440_deear_067::0,8,True,1.2648024559020996,1.7328405380249023,2.9813813623040915
6,1,20,1,random440_deear_067::1,9,True,1.400468111038208,1.95926833152771,3.347469812259078
6,1,20,2,random440_deear_067::2,8,True,1.2306065559387207,1.7332379817962646,2.9648446943610907
6,1,20,3,random440_deear_067::3,7,True,1.087449073791504,8.85753083229065,9.929209161549807
6,1,21,0,random440_deear_028::0,21,False,3.2289211750030518,4.712653875350952,7.924389746040106
6,1,21,1,random440_deear_028::1,19,False,2.869349956512451,4.158890962600708,7.026485621929169
6,1,21,2,random440_deear_028::2,24,False,3.6175551414489746,5.937366485595703,9.524713300168514
6,1,21,3,random440_deear_028::3,26,False,4.600872278213501,9.962286233901978,14.54784032329917
6,1,22,0,random440_expressivespeech_299::0,219,False,35.30255699157715,52.33502435684204,87.61766573973
6,1,22,1,random440_expressivespeech_299::1,168,False,27.22440481185913,38.829479932785034,66.06247830949724
6,1,22,2,random440_expressivespeech_299::2,156,False,24.995853900909424,36.31049060821533,61.33595114201307
6,1,22,3,random440_expressivespeech_299::3,204,False,33.25412392616272,144.05843377113342,177.29975360445678
6,1,23,0,random440_expressivespeech_274::0,154,False,24.94072985649109,35.9476318359375,60.84972930140793
6,1,23,1,random440_expressivespeech_274::1,190,False,30.807559728622437,45.59007716178894,76.43269382230937
6,1,23,2,random440_expressivespeech_274::2,165,False,26.333320140838623,38.99563646316528,65.33418649621308
6,1,23,3,random440_expressivespeech_274::3,142,False,22.675967931747437,34.75789260864258,57.45844506286085
6,1,24,0,random440_expressivespeech_297::0,35,False,5.677990674972534,7.986426591873169,13.64666242338717
6,1,24,1,random440_expressivespeech_297::1,45,False,7.092308521270752,10.09680700302124,17.179142789915204
6,1,24,2,random440_expressivespeech_297::2,35,False,6.550930976867676,7.8553431034088135,14.39876682497561
6,1,24,3,random440_expressivespeech_297::3,36,False,5.446686029434204,15.280186653137207,20.7155833914876
6,2,0,0,random440_expressivespeech_059::0,50,False,10.356393337249756,11.325508832931519,21.663335954770446
6,2,0,1,random440_expressivespeech_059::1,42,False,6.599078893661499,9.215136766433716,15.993117034435272
6,2,0,2,random440_expressivespeech_059::2,53,False,9.3198401927948,12.148732900619507,21.45139574073255
6,2,0,3,random440_expressivespeech_059::3,40,False,6.134691476821899,13.404464960098267,19.727115219458938
6,2,1,0,random440_expressivespeech_193::0,131,False,24.6076021194458,32.86603403091431,57.455550879240036
6,2,1,1,random440_expressivespeech_193::1,138,False,21.822800159454346,34.6650652885437,56.47494333051145
6,2,1,2,random440_expressivespeech_193::2,163,False,27.099040508270264,38.818562507629395,66.47720869630575
6,2,1,3,random440_expressivespeech_193::3,112,False,17.35995101928711,46.59847927093506,64.59355516172945
6,2,2,0,random440_expressivespeech_034::0,19,False,2.914841890335083,4.112018823623657,7.013448989018798
6,2,2,1,random440_expressivespeech_034::1,22,False,3.3387162685394287,5.242799282073975,8.547524306923151
6,2,2,2,random440_expressivespeech_034::2,15,False,2.566470146179199,3.2973012924194336,5.861983232200146
6,2,2,3,random440_expressivespeech_034::3,19,False,2.85479736328125,7.387476682662964,10.216148035600781
6,2,3,0,random440_expressivespeech_002::0,49,False,7.7301719188690186,11.339046001434326,19.05103180743754
6,2,3,1,random440_expressivespeech_002::1,44,False,6.615873575210571,9.82645559310913,16.432285748422146
6,2,3,2,random440_expressivespeech_002::2,33,False,6.010086297988892,7.570596694946289,13.744582895189524
6,2,3,3,random440_expressivespeech_002::3,39,False,6.119729518890381,14.065875053405762,20.172920111566782
6,2,4,0,random440_expressivespeech_224::0,69,False,10.68897533416748,15.369326829910278,26.041295928880572
6,2,4,1,random440_expressivespeech_224::1,84,False,13.34100890159607,18.830416440963745,32.43863068521023
6,2,4,2,random440_expressivespeech_224::2,82,False,12.666103839874268,19.190200090408325,32.22826415114105
6,2,4,3,random440_expressivespeech_224::3,74,False,11.304348468780518,39.19032096862793,50.46883127093315
6,2,5,0,random440_deear_019::0,74,False,12.272741317749023,16.47770380973816,28.732317315414548
6,2,5,1,random440_deear_019::1,74,False,11.625444412231445,16.595988512039185,28.509411482140422
6,2,5,2,random440_deear_019::2,74,False,12.082794189453125,16.39271593093872,28.761293383315206
6,2,5,3,random440_deear_019::3,72,False,11.405426502227783,31.764215230941772,43.44737936928868
6,2,6,0,random440_deear_001::0,53,False,8.101948976516724,11.902456283569336,19.98504538461566
6,2,6,1,random440_deear_001::1,57,False,9.00336217880249,12.625263929367065,21.61550199985504
6,2,6,2,random440_deear_001::2,60,False,9.304361343383789,13.985880851745605,23.281774036586285
6,2,6,3,random440_deear_001::3,65,False,9.90580129623413,19.845289945602417,29.97070076316595
6,2,7,0,random440_expressivespeech_209::0,75,False,11.692501306533813,17.532936573028564,29.20707093179226
6,2,7,1,random440_expressivespeech_209::1,74,False,11.02687668800354,16.605769157409668,27.930490085855126
6,2,7,2,random440_expressivespeech_209::2,76,False,11.84131908416748,17.407834768295288,29.239038702100515
6,2,7,3,random440_expressivespeech_209::3,68,False,10.423796653747559,19.43489718437195,30.149891518056393
6,2,8,0,random440_expressivespeech_221::0,64,False,9.82062292098999,14.764637470245361,24.56364751420915
6,2,8,1,random440_expressivespeech_221::1,59,False,8.802995920181274,13.346373558044434,22.123603427782655
6,2,8,2,random440_expressivespeech_221::2,49,False,7.6977763175964355,11.02676796913147,18.98758284561336
6,2,8,3,random440_expressivespeech_221::3,81,False,13.849611759185791,27.452642917633057,41.28739753738046
6,2,9,0,random440_expressivespeech_226::0,27,False,4.065934181213379,6.015161752700806,10.06193015910685
6,2,9,1,random440_expressivespeech_226::1,28,False,4.20334267616272,6.196164608001709,10.385419586673379
6,2,9,2,random440_expressivespeech_226::2,28,False,4.56633996963501,7.217585563659668,11.87624553963542
6,2,9,3,random440_expressivespeech_226::3,35,False,5.334305763244629,15.626235246658325,21.05337922461331
6,2,10,0,random440_expressivespeech_194::0,22,False,4.089476585388184,4.974454641342163,9.043789152055979
6,2,10,1,random440_expressivespeech_194::1,37,False,5.576097011566162,8.184932708740234,13.745847126469016
6,2,10,2,random440_expressivespeech_194::2,21,False,3.3882601261138916,4.75291895866394,8.278539577499032
6,2,10,3,random440_expressivespeech_194::3,26,False,5.033843517303467,9.276480436325073,14.293039701879025
6,2,11,0,random440_deear_065::0,94,False,14.858211755752563,22.37434411048889,37.21298042871058
6,2,11,1,random440_deear_065::1,96,False,15.826242208480835,22.230538606643677,38.43422547914088
6,2,11,2,random440_deear_065::2,99,False,15.758970499038696,23.69225764274597,39.924154283478856
6,2,11,3,random440_deear_065::3,105,False,16.11101484298706,43.87650990486145,60.359208200126886
6,2,12,0,random440_expressivespeech_190::0,15,False,2.2681379318237305,3.2779409885406494,5.528715513646603
6,2,12,1,random440_expressivespeech_190::1,13,False,1.9734928607940674,2.8500325679779053,4.812477519735694
6,2,12,2,random440_expressivespeech_190::2,12,False,1.8162081241607666,2.63968563079834,4.4426798559725285
6,2,12,3,random440_expressivespeech_190::3,11,False,1.9542243480682373,12.39701223373413,14.33546056598425
6,2,13,0,random440_expressivespeech_104::0,55,False,8.59805703163147,13.28236198425293,21.861111156642437
6,2,13,1,random440_expressivespeech_104::1,39,False,6.0402140617370605,8.696294784545898,14.724559096619487
6,2,13,2,random440_expressivespeech_104::2,39,False,6.107552766799927,9.307286024093628,15.404636425897479
6,2,13,3,random440_expressivespeech_104::3,53,False,7.994173049926758,22.715718746185303,30.83903119713068
6,2,14,0,random440_expressivespeech_275::0,23,False,3.7192752361297607,5.0793304443359375,8.778208481147885
6,2,14,1,random440_expressivespeech_275::1,23,False,3.436631679534912,5.08089542388916,8.501861318945885
6,2,14,2,random440_expressivespeech_275::2,19,False,3.0653815269470215,4.737867832183838,7.79196466691792
6,2,14,3,random440_expressivespeech_275::3,24,False,3.5993423461914062,5.678856611251831,9.265409257262945
6,2,15,0,random440_expressivespeech_066::0,62,False,9.646089792251587,14.848312854766846,24.47684431448579
6,2,15,1,random440_expressivespeech_066::1,50,False,7.759428024291992,11.181760311126709,18.930516315624118
6,2,15,2,random440_expressivespeech_066::2,48,False,7.921565771102905,10.67940878868103,18.58876764588058
6,2,15,3,random440_expressivespeech_066::3,55,False,8.48895788192749,16.313979864120483,24.78754941932857
6,2,16,0,random440_expressivespeech_206::0,123,False,19.64061427116394,28.800050020217896,48.42029491066933
6,2,16,1,random440_expressivespeech_206::1,125,False,19.95175814628601,29.21195149421692,49.150345193222165
6,2,16,2,random440_expressivespeech_206::2,131,False,21.901737689971924,30.68685793876648,52.57586191408336
6,2,16,3,random440_expressivespeech_206::3,106,False,17.125519514083862,44.80557298660278,61.87778361327946
6,2,17,0,random440_expressivespeech_189::0,95,False,16.12750244140625,21.67942762374878,37.78758845478296
6,2,17,1,random440_expressivespeech_189::1,69,False,10.892197370529175,15.332682371139526,26.215832022950053
6,2,17,2,random440_expressivespeech_189::2,109,False,17.98459792137146,25.889775276184082,43.86430228129029
6,2,17,3,random440_expressivespeech_189::3,77,False,11.82587742805481,28.285733461380005,40.54047861136496
6,2,18,0,random440_expressivespeech_318::0,181,False,29.477792978286743,44.284170150756836,72.93392221070826
6,2,18,1,random440_expressivespeech_318::1,185,False,30.17027759552002,44.26598572731018,73.52232904359698
6,2,18,2,random440_expressivespeech_318::2,180,False,29.514005184173584,44.09979510307312,72.78198016621172
6,2,18,3,random440_expressivespeech_318::3,170,False,26.848308324813843,62.31126284599304,89.12006382085383
6,2,19,0,random440_expressivespeech_236::0,320,False,58.22349762916565,77.4520092010498,133.9889023900032
6,2,19,1,random440_expressivespeech_236::1,280,False,45.753015756607056,67.37953472137451,113.133460637182
6,2,19,2,random440_expressivespeech_236::2,299,False,48.481056928634644,72.60643672943115,121.10754358023405
6,2,19,3,random440_expressivespeech_236::3,344,False,56.083611726760864,374.2745990753174,428.0025835521519
6,2,20,0,random440_deear_067::0,8,True,1.2708451747894287,1.7465095520019531,3.0040387585759163
6,2,20,1,random440_deear_067::1,9,True,1.692084550857544,1.970778465270996,3.6505223885178566
6,2,20,2,random440_deear_067::2,8,True,1.2434797286987305,1.7415425777435303,2.976700108498335
6,2,20,3,random440_deear_067::3,7,True,1.0901515483856201,8.51993703842163,9.599412748590112
6,2,21,0,random440_deear_097::0,22,False,3.37290358543396,4.848735570907593,8.208359399810433
6,2,21,1,random440_deear_097::1,21,False,3.636369228363037,4.648502349853516,8.28543428890407
6,2,21,2,random440_deear_097::2,23,False,3.5231635570526123,5.972379207611084,9.48191094957292
6,2,21,3,random440_deear_097::3,23,False,3.648444414138794,9.410681009292603,13.039586400613189
6,2,22,0,random440_expressivespeech_130::0,232,False,37.31493520736694,56.098188638687134,92.21452336758375
6,2,22,1,random440_expressivespeech_130::1,234,False,37.76542329788208,56.54045534133911,93.2723602745682
6,2,22,2,random440_expressivespeech_130::2,242,False,39.961055278778076,58.60128593444824,97.43548122793436
6,2,22,3,random440_expressivespeech_130::3,249,False,40.14096117019653,65.25107908248901,104.09088881313801
6,2,23,0,random440_expressivespeech_268::0,191,False,30.639243125915527,46.41836380958557,76.15064785443246
6,2,23,1,random440_expressivespeech_268::1,140,False,22.527941942214966,32.91587734222412,55.47344777546823
6,2,23,2,random440_expressivespeech_268::2,160,False,26.225590229034424,38.05208897590637,64.30064832791686
6,2,23,3,random440_expressivespeech_268::3,151,False,24.40486478805542,39.32421112060547,63.73573976568878
6,2,24,0,random440_expressivespeech_143::0,38,False,6.206033706665039,8.590763568878174,14.77728871628642
6,2,24,1,random440_expressivespeech_143::1,42,False,6.697263240814209,9.53177523612976,16.217147713527083
6,2,24,2,random440_expressivespeech_143::2,33,False,6.011718511581421,7.608212947845459,13.612480644136667
6,2,24,3,random440_expressivespeech_143::3,37,False,5.945988655090332,15.447185754776001,21.376375695690513
6,3,0,0,random440_expressivespeech_207::0,45,False,9.376157999038696,10.380756139755249,19.73935827985406
6,3,0,1,random440_expressivespeech_207::1,43,False,6.775768518447876,9.457827091217041,16.39381442219019
6,3,0,2,random440_expressivespeech_207::2,42,False,6.755992889404297,9.756669998168945,16.668520538136363
6,3,0,3,random440_expressivespeech_207::3,51,False,8.104886054992676,18.014615297317505,26.256413148716092
6,3,1,0,random440_expressivespeech_052::0,120,False,22.24288272857666,29.02288031578064,51.24510809592903
6,3,1,1,random440_expressivespeech_052::1,138,False,22.650407791137695,32.813514947891235,55.448552172631025
6,3,1,2,random440_expressivespeech_052::2,161,False,26.546982526779175,38.64895272254944,65.17906400747597
6,3,1,3,random440_expressivespeech_052::3,121,False,18.816646099090576,53.13908100128174,71.91190130263567
6,3,2,0,random440_deear_021::0,15,False,2.3232405185699463,3.2781853675842285,5.586656326428056
6,3,2,1,random440_deear_021::1,26,False,4.2328033447265625,6.5552146434783936,10.770919613540173
6,3,2,2,random440_deear_021::2,19,False,2.8929457664489746,4.169028282165527,7.046894667670131
6,3,2,3,random440_deear_021::3,15,False,2.2867519855499268,5.945879936218262,8.218376094475389
6,3,3,0,random440_expressivespeech_114::0,36,False,5.721225023269653,8.344162940979004,14.044872848317027
6,3,3,1,random440_expressivespeech_114::1,46,False,7.006764888763428,10.306623458862305,17.302801799029112
6,3,3,2,random440_expressivespeech_114::2,44,False,7.097628831863403,10.693575382232666,17.96637286245823
6,3,3,3,random440_expressivespeech_114::3,35,False,5.519072771072388,14.566883087158203,20.0623942296952
6,3,4,0,random440_expressivespeech_243::0,71,False,11.221445083618164,15.910598278045654,27.11492956057191
6,3,4,1,random440_expressivespeech_243::1,91,False,14.744237422943115,21.2313129901886,36.268896074965596
6,3,4,2,random440_expressivespeech_243::2,86,False,13.28983759880066,20.18714952468872,33.84512106701732
6,3,4,3,random440_expressivespeech_243::3,61,False,9.415611505508423,34.62660312652588,44.02874525077641
6,3,5,0,random440_expressivespeech_136::0,89,False,14.98413348197937,20.555594205856323,35.52121691592038
6,3,5,1,random440_expressivespeech_136::1,71,False,11.117226123809814,16.06679606437683,27.58539672009647
6,3,5,2,random440_expressivespeech_136::2,73,False,11.97983980178833,16.41423201560974,28.385482346639037
6,3,5,3,random440_expressivespeech_136::3,75,False,11.873727321624756,25.330610990524292,37.187236189842224
6,3,6,0,random440_expressivespeech_325::0,51,False,7.917412519454956,11.438147068023682,19.33833328448236
6,3,6,1,random440_expressivespeech_325::1,40,False,6.812532424926758,8.860000133514404,15.66039559431374
6,3,6,2,random440_expressivespeech_325::2,79,False,12.187018871307373,18.876152992248535,31.053051684051752
6,3,6,3,random440_expressivespeech_325::3,60,False,9.378077983856201,19.193098545074463,28.879257505759597
6,3,7,0,random440_deear_034::0,78,False,12.068635702133179,18.1762113571167,30.22712721861899
6,3,7,1,random440_deear_034::1,69,False,10.720906019210815,15.806962013244629,26.830693133175373
6,3,7,2,random440_deear_034::2,68,False,10.53543472290039,15.88908314704895,26.41758586280048
6,3,7,3,random440_deear_034::3,68,False,10.55223536491394,22.344785928726196,33.16221405752003
6,3,8,0,random440_expressivespeech_100::0,63,False,9.80469036102295,14.682429075241089,24.467449817806482
6,3,8,1,random440_expressivespeech_100::1,57,False,8.935747385025024,12.945060729980469,21.86644681915641
6,3,8,2,random440_expressivespeech_100::2,64,False,10.200822114944458,14.519381523132324,24.71106439642608
6,3,8,3,random440_expressivespeech_100::3,68,False,11.446349859237671,24.067983388900757,35.748444428667426
6,3,9,0,random440_expressivespeech_106::0,25,False,4.048680067062378,5.653945207595825,9.683285288512707
6,3,9,1,random440_expressivespeech_106::1,30,False,4.546666622161865,6.6917884349823,11.222630098462105
6,3,9,2,random440_expressivespeech_106::2,34,False,5.73203706741333,8.361575603485107,14.08105250634253
6,3,9,3,random440_expressivespeech_106::3,28,False,4.473122835159302,13.689128398895264,18.148321766406298
6,3,10,0,random440_expressivespeech_339::0,32,False,5.427571535110474,7.101869583129883,12.51078862696886
6,3,10,1,random440_expressivespeech_339::1,28,False,4.2199788093566895,6.210116863250732,10.420705005526543
6,3,10,2,random440_expressivespeech_339::2,20,False,3.2252702713012695,4.476358413696289,7.79768012650311
6,3,10,3,random440_expressivespeech_339::3,24,False,4.685831546783447,9.93552041053772,14.605817809700966
6,3,11,0,random440_expressivespeech_240::0,94,False,15.00434398651123,22.367431163787842,37.342510871589184
6,3,11,1,random440_expressivespeech_240::1,102,False,16.981257677078247,23.861728191375732,41.222004471346736
6,3,11,2,random440_expressivespeech_240::2,89,False,14.082962274551392,21.458803415298462,35.94660469517112
6,3,11,3,random440_expressivespeech_240::3,90,False,13.919875860214233,47.334609508514404,61.24094323627651
6,3,12,0,random440_deear_053::0,14,False,2.1395411491394043,3.050978899002075,5.174652663990855
6,3,12,1,random440_deear_053::1,11,False,1.677598476409912,2.413839817047119,4.080049738287926
6,3,12,2,random440_deear_053::2,10,False,1.5287344455718994,2.1704013347625732,3.6863677762448788
6,3,12,3,random440_deear_053::3,13,False,2.023231267929077,14.23770022392273,16.265732187777758
6,3,13,0,random440_expressivespeech_214::0,47,False,7.557323455810547,11.019547462463379,18.559739373624325
6,3,13,1,random440_expressivespeech_214::1,56,False,9.16660189628601,12.401927947998047,21.55869804881513
6,3,13,2,random440_expressivespeech_214::2,50,False,8.544759750366211,11.162280082702637,19.920670848339796
6,3,13,3,random440_expressivespeech_214::3,49,False,7.42165207862854,15.137109279632568,22.545048367232084
6,3,14,0,random440_expressivespeech_278::0,25,False,4.042749404907227,5.493427276611328,9.515940703451633
6,3,14,1,random440_expressivespeech_278::1,23,False,3.4514646530151367,5.051760196685791,8.494080107659101
6,3,14,2,random440_expressivespeech_278::2,21,False,3.3095524311065674,5.1602747440338135,8.540969513356686
6,3,14,3,random440_expressivespeech_278::3,17,False,2.7609035968780518,5.071755886077881,7.889907903969288
6,3,15,0,random440_expressivespeech_262::0,36,False,5.514139890670776,7.940483808517456,13.43808801472187
6,3,15,1,random440_expressivespeech_262::1,59,False,10.479531526565552,13.11281418800354,23.72234980762005
6,3,15,2,random440_expressivespeech_262::2,51,False,8.003213167190552,12.028736591339111,20.26053738221526
6,3,15,3,random440_expressivespeech_262::3,64,False,9.882779598236084,19.950774431228638,29.818201119080186
6,3,16,0,random440_deear_051::0,113,False,17.998761892318726,26.375091075897217,44.355574663728476
6,3,16,1,random440_deear_051::1,108,False,18.44075655937195,25.48402714729309,43.911596147343516
6,3,16,2,random440_deear_051::2,121,False,19.744884729385376,28.82775902748108,48.56485380977392
6,3,16,3,random440_deear_051::3,133,False,21.184446573257446,54.49182391166687,75.66108373552561
6,3,17,0,random440_expressivespeech_324::0,79,False,13.834975004196167,18.054190635681152,31.868355439975858
6,3,17,1,random440_expressivespeech_324::1,79,False,13.129905462265015,17.67591905593872,30.797730525955558
6,3,17,2,random440_expressivespeech_324::2,84,False,14.480995178222656,19.091397523880005,33.56678462959826
6,3,17,3,random440_expressivespeech_324::3,106,False,17.551238536834717,34.450110912323,52.36922134831548
6,3,18,0,random440_expressivespeech_117::0,178,False,30.339802742004395,43.37297987937927,72.92833404242992
6,3,18,1,random440_expressivespeech_117::1,178,False,29.926065683364868,42.43643236160278,71.4662829041481
6,3,18,2,random440_expressivespeech_117::2,177,False,28.98748254776001,43.276538610458374,71.27416332438588
6,3,18,3,random440_expressivespeech_117::3,175,False,28.450867176055908,65.03191804885864,92.39250671118498
6,3,19,0,random440_expressivespeech_108::0,256,False,45.2315194606781,61.6667959690094,105.63548507541418
6,3,19,1,random440_expressivespeech_108::1,306,False,52.256099700927734,74.14678263664246,124.72299248725176
6,3,19,2,random440_expressivespeech_108::2,251,False,41.363197326660156,60.81197905540466,102.20279976911843
6,3,19,3,random440_expressivespeech_108::3,247,False,40.801846742630005,423.3277506828308,463.2961738873273
6,3,20,0,random440_deear_067::0,8,True,1.276679277420044,1.7472777366638184,3.0091927144676447
6,3,20,1,random440_deear_067::1,9,True,1.4136955738067627,1.9558701515197754,3.3569214660674334
6,3,20,2,random440_deear_067::2,8,True,1.2529716491699219,1.7457468509674072,2.9971872232854366
6,3,20,3,random440_deear_067::3,7,True,1.103119134902954,8.773820638656616,9.864765962585807
6,3,21,0,random440_expressivespeech_173::0,39,False,6.309962272644043,8.753134489059448,15.041941056028008
6,3,21,1,random440_expressivespeech_173::1,23,False,3.5387699604034424,5.74436616897583,9.273303300142288
6,3,21,2,random440_expressivespeech_173::2,24,False,4.318982839584351,5.358330249786377,9.666818315163255
6,3,21,3,random440_expressivespeech_173::3,13,False,2.0264225006103516,2.824014663696289,4.840321894735098
6,3,22,0,random440_expressivespeech_184::0,238,False,38.5821328163147,57.6318473815918,94.9051624070853
6,3,22,1,random440_expressivespeech_184::1,210,False,34.28205490112305,51.06138467788696,84.27027294225991
6,3,22,2,random440_expressivespeech_184::2,243,False,40.12452054023743,59.0116183757782,97.71441537700593
6,3,22,3,random440_expressivespeech_184::3,239,False,38.773725509643555,72.20700740814209,109.65425333939493
6,3,23,0,random440_expressivespeech_125::0,156,False,25.554222345352173,37.25364923477173,62.78888856805861
6,3,23,1,random440_expressivespeech_125::1,140,False,22.753798246383667,34.53271746635437,57.31033408455551
6,3,23,2,random440_expressivespeech_125::2,134,False,21.518874883651733,32.96954584121704,54.51029419153929
6,3,23,3,random440_expressivespeech_125::3,203,False,33.713438749313354,52.71294140815735,86.09689392521977
6,3,24,0,random440_deear_059::0,35,False,5.687452554702759,8.069315433502197,13.736034713685513
6,3,24,1,random440_deear_059::1,34,False,5.485639810562134,7.591161727905273,13.066426798701286
6,3,24,2,random440_deear_059::2,37,False,5.743735313415527,9.320124387741089,15.05343564786017
6,3,24,3,random440_deear_059::3,43,False,6.852123022079468,17.294349193572998,24.271412391215563
6,4,0,0,random440_deear_007::0,37,False,8.857191801071167,9.106488466262817,17.9460284486413
6,4,0,1,random440_deear_007::1,44,False,8.031935930252075,10.382029294967651,18.53937423042953
6,4,0,2,random440_deear_007::2,43,False,7.640491008758545,10.442313432693481,18.239507138729095
6,4,0,3,random440_deear_007::3,51,False,9.123713493347168,15.210312128067017,24.489424934610724
6,4,1,0,random440_expressivespeech_327::0,136,False,28.18351173400879,34.44009184837341,62.60394929908216
6,4,1,1,random440_expressivespeech_327::1,142,False,25.270447254180908,35.69353747367859,60.951524406671524
6,4,1,2,random440_expressivespeech_327::2,115,False,20.58826732635498,28.69866394996643,49.89085810817778
6,4,1,3,random440_expressivespeech_327::3,131,False,22.06099510192871,49.24442481994629,71.27667376771569
6,4,2,0,random440_expressivespeech_322::0,27,False,4.475049734115601,6.4794275760650635,10.933784443885088
6,4,2,1,random440_expressivespeech_322::1,14,False,2.784797191619873,3.6751041412353516,6.448871156200767
6,4,2,2,random440_expressivespeech_322::2,16,False,2.62923526763916,3.687615156173706,6.302340690046549
6,4,2,3,random440_expressivespeech_322::3,18,False,2.9381680488586426,5.026642799377441,7.9976048693060875
6,4,3,0,random440_expressivespeech_320::0,45,False,7.666846990585327,11.232572555541992,18.880717784166336
6,4,3,1,random440_expressivespeech_320::1,38,False,6.463317155838013,8.862365007400513,15.311743002384901
6,4,3,2,random440_expressivespeech_320::2,36,False,6.594491481781006,8.879311084747314,15.459157835692167
6,4,3,3,random440_expressivespeech_320::3,40,False,6.821951389312744,12.838481903076172,19.787459371611476
6,4,4,0,random440_expressivespeech_091::0,96,False,16.616870880126953,23.957642316818237,40.55677628517151
6,4,4,1,random440_expressivespeech_091::1,83,False,14.117281913757324,20.42859196662903,34.92311189137399
6,4,4,2,random440_expressivespeech_091::2,70,False,12.050399780273438,17.443034648895264,29.81475312449038
6,4,4,3,random440_expressivespeech_091::3,88,False,15.315835237503052,21.204243659973145,36.50869422778487
6,4,5,0,random440_deear_079::0,82,False,14.860501766204834,19.615639686584473,34.45724110305309
6,4,5,1,random440_deear_079::1,65,False,11.303408145904541,15.582290410995483,27.25099214911461
6,4,5,2,random440_deear_079::2,70,False,12.790055513381958,16.460564136505127,29.237888688221574
6,4,5,3,random440_deear_079::3,89,False,15.828120946884155,22.493594646453857,38.305005360394716
6,4,6,0,random440_expressivespeech_305::0,61,False,9.98108959197998,14.880719184875488,24.841504698619246
6,4,6,1,random440_expressivespeech_305::1,56,False,9.470144987106323,13.221423625946045,22.67724510654807
6,4,6,2,random440_expressivespeech_305::2,51,False,9.629788875579834,12.008449077606201,21.62456983141601
6,4,6,3,random440_expressivespeech_305::3,62,False,10.411179780960083,15.201289653778076,25.594861261546612
6,4,7,0,random440_expressivespeech_006::0,61,False,10.182599544525146,15.300335884094238,25.465736359357834
6,4,7,1,random440_expressivespeech_006::1,76,False,12.997509002685547,18.629150867462158,31.61461534909904
6,4,7,2,random440_expressivespeech_006::2,60,False,9.817798852920532,14.868622779846191,24.976435223594308
6,4,7,3,random440_expressivespeech_006::3,84,False,14.389823913574219,20.521848440170288,34.899458944797516
6,4,8,0,random440_deear_066::0,45,False,7.40478253364563,11.360331535339355,18.744880879297853
6,4,8,1,random440_deear_066::1,55,False,9.386133193969727,12.965973377227783,22.338264087215066
6,4,8,2,random440_deear_066::2,89,False,15.947391510009766,22.561149835586548,38.7090119831264
6,4,8,3,random440_deear_066::3,59,False,9.761731147766113,17.21888780593872,27.32656524889171
6,4,9,0,random440_deear_017::0,28,False,4.887838840484619,6.531839609146118,11.402138564735651
6,4,9,1,random440_deear_017::1,25,False,4.08483624458313,5.833804607391357,9.905647752806544
6,4,9,2,random440_deear_017::2,28,False,4.7891833782196045,7.390617609024048,12.165309447795153
6,4,9,3,random440_deear_017::3,36,False,6.132078170776367,13.616286039352417,19.838103085756302
6,4,10,0,random440_expressivespeech_097::0,32,False,6.200629472732544,7.448765277862549,13.631408335641026
6,4,10,1,random440_expressivespeech_097::1,23,False,3.741122007369995,5.384526968002319,9.110687997192144
6,4,10,2,random440_expressivespeech_097::2,29,False,4.720687627792358,7.842497825622559,12.525473713874817
6,4,10,3,random440_expressivespeech_097::3,20,False,3.579101800918579,6.3274946212768555,10.035013718530536
6,4,11,0,random440_expressivespeech_257::0,102,False,17.865811347961426,24.652584552764893,42.4988273717463
6,4,11,1,random440_expressivespeech_257::1,99,False,18.21868324279785,24.449971914291382,43.06754235550761
6,4,11,2,random440_expressivespeech_257::2,82,False,13.721827983856201,20.845460653305054,34.95991052687168
6,4,11,3,random440_expressivespeech_257::3,76,False,12.826932907104492,42.49379634857178,55.28484107553959
6,4,12,0,random440_expressivespeech_170::0,17,False,3.0345847606658936,4.036131143569946,7.053495464846492
6,4,12,1,random440_expressivespeech_170::1,18,False,2.9275870323181152,4.160491943359375,7.0731459595263
6,4,12,2,random440_expressivespeech_170::2,23,False,4.148277997970581,5.443244457244873,9.579884871840477
6,4,12,3,random440_expressivespeech_170::3,13,False,2.295607566833496,2.9908554553985596,5.356345806270838
6,4,13,0,random440_deear_022::0,41,False,6.5981011390686035,9.785128831863403,16.36310188472271
6,4,13,1,random440_deear_022::1,60,False,10.905904769897461,14.264531135559082,25.15674308501184
6,4,13,2,random440_deear_022::2,49,False,8.841000318527222,11.532503604888916,20.606504783034325
6,4,13,3,random440_deear_022::3,48,False,8.075407028198242,12.586777210235596,20.65007466636598
6,4,14,0,random440_deear_099::0,25,False,4.050567626953125,5.828727722167969,9.85936107300222
6,4,14,1,random440_deear_099::1,18,False,2.913449764251709,4.22610068321228,7.125137293711305
6,4,14,2,random440_deear_099::2,23,False,4.069623708724976,5.909942626953125,9.968337720260024
6,4,14,3,random440_deear_099::3,19,False,3.060391426086426,4.3756372928619385,7.421523001044989
6,4,15,0,random440_expressivespeech_201::0,54,False,8.944701671600342,13.891649723052979,22.8199705183506
6,4,15,1,random440_expressivespeech_201::1,48,False,7.983612060546875,11.201949119567871,19.3866199683398
6,4,15,2,random440_expressivespeech_201::2,50,False,9.022858619689941,11.793873310089111,20.803938565775752
6,4,15,3,random440_expressivespeech_201::3,57,False,9.685163259506226,14.579901695251465,24.457760978490114
6,4,16,0,random440_expressivespeech_331::0,135,False,23.446134328842163,33.928600549697876,57.356160992756486
6,4,16,1,random440_expressivespeech_331::1,130,False,22.603386640548706,32.92039084434509,56.07515634782612
6,4,16,2,random440_expressivespeech_331::2,94,False,15.912600994110107,23.540210008621216,39.433559495955706
6,4,16,3,random440_expressivespeech_331::3,108,False,19.51012682914734,40.789308071136475,60.28500274568796
6,4,17,0,random440_expressivespeech_171::0,91,False,16.51429796218872,22.1357741355896,38.629257161170244
6,4,17,1,random440_expressivespeech_171::1,78,False,13.36018681526184,19.439027070999146,33.21642147563398
6,4,17,2,random440_expressivespeech_171::2,93,False,15.614448308944702,23.073537349700928,38.67810841836035
6,4,17,3,random440_expressivespeech_171::3,81,False,13.44872498512268,24.18033242225647,37.98748689889908
6,4,18,0,random440_expressivespeech_289::0,138,False,24.003477573394775,34.80951189994812,58.796817334368825
6,4,18,1,random440_expressivespeech_289::1,195,False,35.33955669403076,50.30987858772278,84.72578428685665
6,4,18,2,random440_expressivespeech_289::2,164,False,28.74113655090332,41.16987323760986,69.89956118538976
6,4,18,3,random440_expressivespeech_289::3,206,False,36.03836917877197,61.7240104675293,96.50281055830419
6,4,19,0,random440_expressivespeech_141::0,223,False,39.40400838851929,57.264689922332764,95.44118366390467
6,4,19,1,random440_expressivespeech_141::1,240,False,42.942431926727295,62.242653369903564,103.81100895814598
6,4,19,2,random440_expressivespeech_141::2,271,False,46.668280839920044,70.29709839820862,115.25656063482165
6,4,19,3,random440_expressivespeech_141::3,240,False,41.28490924835205,439.7310905456543,480.97531643137336
6,4,20,0,random440_expressivespeech_048::0,10,False,1.6696786880493164,2.310811996459961,3.9632467571645975
6,4,20,1,random440_expressivespeech_048::1,9,False,1.487365961074829,2.082418203353882,3.5581123176962137
6,4,20,2,random440_expressivespeech_048::2,14,False,2.28839373588562,3.5086312294006348,5.783325856551528
6,4,20,3,random440_expressivespeech_048::3,14,False,2.601992607116699,3.244784116744995,5.880833765491843
6,4,21,0,random440_deear_029::0,27,False,4.4042229652404785,6.299242258071899,10.687925292178988
6,4,21,1,random440_deear_029::1,18,False,2.9543421268463135,4.1833953857421875,7.1452293433249
6,4,21,2,random440_deear_029::2,25,False,4.5886454582214355,6.568819046020508,11.148825438693166
6,4,21,3,random440_deear_029::3,25,False,4.071130037307739,6.028252363204956,10.084674028679729
6,4,22,0,random440_expressivespeech_330::0,239,False,41.1034049987793,61.86632990837097,101.43707114085555
6,4,22,1,random440_expressivespeech_330::1,249,False,43.17154669761658,63.77119779586792,105.658417660743
6,4,22,2,random440_expressivespeech_330::2,209,False,35.980849504470825,53.76664710044861,88.76206265203655
6,4,22,3,random440_expressivespeech_330::3,213,False,37.25481677055359,54.44576168060303,90.76793667860329
6,4,23,0,random440_expressivespeech_174::0,168,False,29.607585906982422,42.7637574672699,72.3489232249558
6,4,23,1,random440_expressivespeech_174::1,140,False,23.950331211090088,35.27951240539551,59.24983733519912
6,4,23,2,random440_expressivespeech_174::2,134,False,23.4379403591156,33.58753323554993,57.043233804404736
6,4,23,3,random440_expressivespeech_174::3,172,False,29.39786458015442,43.540438175201416,72.93542568013072
6,4,24,0,random440_expressivespeech_058::0,36,False,6.613353729248047,8.69049882888794,15.287598034366965
6,4,24,1,random440_expressivespeech_058::1,31,False,5.28503155708313,7.332188367843628,12.60691249743104
6,4,24,2,random440_expressivespeech_058::2,31,False,5.262176036834717,8.18315052986145,13.434568429365754
6,4,24,3,random440_expressivespeech_058::3,43,False,7.408143997192383,17.396223783493042,24.788181526586413
6,5,0,0,random440_expressivespeech_203::0,44,False,9.251073122024536,10.16995644569397,19.40244554169476
6,5,0,1,random440_expressivespeech_203::1,45,False,7.170893669128418,9.972869873046875,17.306773278862238
6,5,0,2,random440_expressivespeech_203::2,48,False,7.99098801612854,10.89693284034729,19.046915862709284
6,5,0,3,random440_expressivespeech_203::3,38,False,6.004971265792847,17.00839638710022,22.993041781708598
6,5,1,0,random440_deear_098::0,119,False,21.208255290985107,29.281686782836914,50.46987839601934
6,5,1,1,random440_deear_098::1,131,False,21.358914852142334,31.59876012802124,52.94333444908261
6,5,1,2,random440_deear_098::2,125,False,20.230870008468628,29.889727115631104,50.10331603512168
6,5,1,3,random440_deear_098::3,140,False,22.408693313598633,68.165931224823,90.52083474770188
6,5,2,0,random440_expressivespeech_061::0,15,False,2.3003041744232178,3.3107872009277344,5.592336533591151
6,5,2,1,random440_expressivespeech_061::1,19,False,3.1206765174865723,4.58717942237854,7.690457955002785
6,5,2,2,random440_expressivespeech_061::2,19,False,3.327238082885742,4.18675422668457,7.59513365291059
6,5,2,3,random440_expressivespeech_061::3,19,False,2.8688626289367676,8.033304929733276,10.883849190548062
6,5,3,0,random440_expressivespeech_047::0,37,False,5.805604934692383,8.67599606513977,14.464224440976977
6,5,3,1,random440_expressivespeech_047::1,41,False,6.453739643096924,9.125001907348633,15.566287595778704
6,5,3,2,random440_expressivespeech_047::2,41,False,6.156739234924316,9.974786520004272,16.11908728815615
6,5,3,3,random440_expressivespeech_047::3,53,False,8.215281009674072,14.934275388717651,23.295480763539672
6,5,4,0,random440_deear_076::0,84,False,13.061168909072876,19.757253885269165,32.79958287999034
6,5,4,1,random440_deear_076::1,80,False,12.665104389190674,18.42416024208069,31.41935482993722
6,5,4,2,random440_deear_076::2,86,False,13.291085481643677,20.488510608673096,33.76703731715679
6,5,4,3,random440_deear_076::3,83,False,12.743491172790527,30.22649312019348,43.308771807700396
6,5,5,0,random440_deear_100::0,66,False,11.445013999938965,14.972261905670166,26.399396443739533
6,5,5,1,random440_deear_100::1,67,False,10.27402639389038,15.105705976486206,25.369693314656615
6,5,5,2,random440_deear_100::2,88,False,14.69696569442749,20.349581003189087,35.30457936599851
6,5,5,3,random440_deear_100::3,84,False,13.258989572525024,28.537639617919922,42.14093179628253
6,5,6,0,random440_expressivespeech_258::0,72,False,11.189773797988892,16.811774492263794,27.98102450929582
6,5,6,1,random440_expressivespeech_258::1,49,False,7.671688795089722,11.065500974655151,18.729204637929797
6,5,6,2,random440_expressivespeech_258::2,54,False,9.272397518157959,12.065172910690308,21.324078515172005
6,5,6,3,random440_expressivespeech_258::3,52,False,8.105095148086548,18.49621868133545,26.58328546397388
6,5,7,0,random440_expressivespeech_032::0,71,False,11.130808353424072,16.43509030342102,27.548020467162132
6,5,7,1,random440_expressivespeech_032::1,89,False,13.735031843185425,20.79026508331299,34.800003511831164
6,5,7,2,random440_expressivespeech_032::2,55,False,8.627690315246582,12.61510705947876,21.59376751817763
6,5,7,3,random440_expressivespeech_032::3,63,False,9.76400113105774,22.97356414794922,32.723100647330284
6,5,8,0,random440_deear_026::0,63,False,9.861028909683228,14.72687029838562,24.568445520475507
6,5,8,1,random440_deear_026::1,67,False,10.447697401046753,15.526294946670532,26.22404097020626
6,5,8,2,random440_deear_026::2,60,False,9.098283529281616,13.624569654464722,22.98135455697775
6,5,8,3,random440_deear_026::3,54,False,9.482386827468872,23.75405240058899,33.216657837852836
6,5,9,0,random440_expressivespeech_253::0,25,False,4.106685161590576,5.623337030410767,9.71012900210917
6,5,9,1,random440_expressivespeech_253::1,36,False,5.484077453613281,8.076180934906006,13.544037949293852
6,5,9,2,random440_expressivespeech_253::2,25,False,4.6609556674957275,6.010211706161499,10.662240801379085
6,5,9,3,random440_expressivespeech_253::3,30,False,4.600184679031372,14.688443899154663,19.258862167596817
6,5,10,0,random440_deear_060::0,29,False,5.226632356643677,6.459149122238159,11.66591283492744
6,5,10,1,random440_deear_060::1,26,False,3.9782350063323975,5.739753723144531,9.706204367801547
6,5,10,2,random440_deear_060::2,21,False,3.2220897674560547,4.648202180862427,7.963771438226104
6,5,10,3,random440_deear_060::3,24,False,4.642122268676758,11.45786428451538,16.07999270968139
6,5,11,0,random440_deear_020::0,98,False,15.535769701004028,23.029840230941772,38.54661738872528
6,5,11,1,random440_deear_020::1,102,False,17.440815687179565,23.99734091758728,41.82495781220496
6,5,11,2,random440_deear_020::2,113,False,17.533939838409424,27.441702365875244,45.38062998279929
6,5,11,3,random440_deear_020::3,108,False,17.59211277961731,32.133060932159424,49.703819850459695
6,5,12,0,random440_deear_068::0,16,False,2.4584693908691406,3.5264694690704346,5.966965364292264
6,5,12,1,random440_deear_068::1,17,False,2.5962612628936768,3.7318239212036133,6.314862474799156
6,5,12,2,random440_deear_068::2,17,False,2.9481053352355957,4.291916847229004,7.224441194906831
6,5,12,3,random440_deear_068::3,20,False,3.0110228061676025,6.530219793319702,9.585296409204602
6,5,13,0,random440_expressivespeech_036::0,46,False,7.173761367797852,11.01859736442566,18.17257498204708
6,5,13,1,random440_expressivespeech_036::1,43,False,7.140971660614014,9.651858568191528,16.782526711001992
6,5,13,2,random440_expressivespeech_036::2,54,False,8.389538764953613,12.734166145324707,21.11026189289987
6,5,13,3,random440_expressivespeech_036::3,50,False,7.755019426345825,18.604522466659546,26.563662564381957
6,5,14,0,random440_deear_094::0,22,False,3.6044843196868896,4.923738956451416,8.510500367730856
6,5,14,1,random440_deear_094::1,35,False,5.273299932479858,7.932759046554565,13.19197316840291
6,5,14,2,random440_deear_094::2,14,False,2.5323400497436523,3.1936826705932617,5.715478023514152
6,5,14,3,random440_deear_094::3,13,False,2.2073726654052734,4.61940860748291,6.8115506414324045
6,5,15,0,random440_expressivespeech_134::0,53,False,8.27238941192627,13.263646602630615,21.518628865480423
6,5,15,1,random440_expressivespeech_134::1,54,False,8.142802953720093,12.15248966217041,20.49478560499847
6,5,15,2,random440_expressivespeech_134::2,53,False,8.953720331192017,11.918728828430176,21.072953086346388
6,5,15,3,random440_expressivespeech_134::3,48,False,7.510260105133057,16.547272205352783,24.25503935292363
6,5,16,0,random440_expressivespeech_139::0,85,False,13.229862928390503,19.721900939941406,32.93377521075308
6,5,16,1,random440_expressivespeech_139::1,121,False,20.252509117126465,28.265291452407837,48.878312047570944
6,5,16,2,random440_expressivespeech_139::2,135,False,21.235167503356934,31.71098566055298,52.931927090510726
6,5,16,3,random440_expressivespeech_139::3,103,False,16.7990825176239,61.368736267089844,78.11153252236545
6,5,17,0,random440_deear_052::0,84,False,14.261554956436157,19.368921041488647,33.60891234688461
6,5,17,1,random440_deear_052::1,90,False,14.438975095748901,21.016497373580933,35.44473621249199
6,5,17,2,random440_deear_052::2,76,False,12.496223211288452,18.01708745956421,30.97803653217852
6,5,17,3,random440_deear_052::3,92,False,14.512548685073853,33.76720094680786,48.26424399390817
6,5,18,0,random440_expressivespeech_152::0,147,False,23.949310779571533,35.58239531517029,59.5153667870909
6,5,18,1,random440_expressivespeech_152::1,191,False,32.32641553878784,47.24948167800903,78.72149776667356
6,5,18,2,random440_expressivespeech_152::2,130,False,21.47712278366089,30.511579990386963,51.9778663571924
6,5,18,3,random440_expressivespeech_152::3,195,False,31.680747985839844,90.10565567016602,120.5386012326926
6,5,19,0,random440_expressivespeech_018::0,484,False,89.19621634483337,120.48918867111206,206.83909115195274
6,5,19,1,random440_expressivespeech_018::1,430,False,70.2199981212616,110.01958680152893,180.27571368776262
6,5,19,2,random440_expressivespeech_018::2,467,False,76.76407766342163,117.72528862953186,194.50160194188356
6,5,19,3,random440_expressivespeech_018::3,511,False,84.75004076957703,128.77098274230957,210.46930375136435
6,5,20,0,random440_expressivespeech_064::0,11,False,1.704897403717041,2.5538411140441895,4.246891358867288
6,5,20,1,random440_expressivespeech_064::1,11,False,1.6968939304351807,2.4644100666046143,4.152212284505367
6,5,20,2,random440_expressivespeech_064::2,10,False,1.5447912216186523,2.295118570327759,3.8295716419816017
6,5,20,3,random440_expressivespeech_064::3,11,False,1.8648576736450195,5.070939302444458,6.96131575666368
6,5,21,0,random440_expressivespeech_149::0,19,False,2.93235445022583,4.2526633739471436,7.171005139127374
6,5,21,1,random440_expressivespeech_149::1,28,False,4.2592058181762695,6.322931528091431,10.634253008291125
6,5,21,2,random440_expressivespeech_149::2,23,False,3.862884283065796,6.1280601024627686,9.980917323380709
6,5,21,3,random440_expressivespeech_149::3,23,False,3.5433027744293213,7.765408754348755,11.29256590642035
6,5,22,0,random440_expressivespeech_077::0,228,False,36.81032586097717,55.702407121658325,91.28826839849353
6,5,22,1,random440_expressivespeech_077::1,210,False,33.919256925582886,51.280272483825684,84.34687125869095
6,5,22,2,random440_expressivespeech_077::2,216,False,34.64180660247803,53.076279640197754,86.67076249234378
6,5,22,3,random440_expressivespeech_077::3,236,False,38.3731632232666,88.61209273338318,125.49777917563915
6,5,23,0,random440_expressivespeech_039::0,161,False,26.47543454170227,39.06185698509216,65.51770574599504
6,5,23,1,random440_expressivespeech_039::1,151,False,24.0741446018219,36.70596885681152,60.85904350690544
6,5,23,2,random440_expressivespeech_039::2,149,False,24.382110357284546,35.64634680747986,60.07266236655414
6,5,23,3,random440_expressivespeech_039::3,152,False,24.422625303268433,49.78690958023071,74.23285230249166
6,5,24,0,random440_expressivespeech_284::0,34,False,5.92931604385376,7.782030344009399,13.691191162914038
6,5,24,1,random440_expressivespeech_284::1,35,False,5.331949710845947,7.871860504150391,13.198925666511059
6,5,24,2,random440_expressivespeech_284::2,33,False,5.325462579727173,8.38529920578003,13.705336827784777
6,5,24,3,random440_expressivespeech_284::3,36,False,5.802379846572876,19.68949270248413,25.472899861633778
6,6,0,0,random440_expressivespeech_062::0,47,False,10.03417158126831,11.153025388717651,21.167002150788903
6,6,0,1,random440_expressivespeech_062::1,35,False,5.825857877731323,7.751672267913818,13.751492885872722
6,6,0,2,random440_expressivespeech_062::2,43,False,7.114105463027954,10.352903604507446,17.450502160936594
6,6,0,3,random440_expressivespeech_062::3,49,False,8.113166570663452,18.393781423568726,26.65758068114519
6,6,1,0,random440_expressivespeech_084::0,107,False,20.198395490646362,26.287234783172607,46.464405784383416
6,6,1,1,random440_expressivespeech_084::1,117,False,19.81989622116089,28.34928870201111,48.573686296120286
6,6,1,2,random440_expressivespeech_084::2,174,False,31.112109422683716,42.65781903266907,72.87521646916866
6,6,1,3,random440_expressivespeech_084::3,114,False,18.785464763641357,56.770052909851074,75.5178484544158
6,6,2,0,random440_deear_036::0,18,False,3.1417219638824463,3.9504592418670654,7.074740322306752
6,6,2,1,random440_deear_036::1,16,False,2.5378472805023193,4.06902551651001,6.592802299186587
6,6,2,2,random440_deear_036::2,21,False,3.8192803859710693,4.688103437423706,8.490543559193611
6,6,2,3,random440_deear_036::3,23,False,3.8635292053222656,5.6395041942596436,9.557486586272717
6,6,3,0,random440_expressivespeech_030::0,37,False,5.9182093143463135,8.636777400970459,14.536976043134928
6,6,3,1,random440_expressivespeech_030::1,52,False,8.506277084350586,11.675893783569336,20.313801668584347
6,6,3,2,random440_expressivespeech_030::2,36,False,6.7918267250061035,8.315908432006836,15.297709435224533
6,6,3,3,random440_expressivespeech_030::3,47,False,7.770613670349121,11.669562339782715,19.424184687435627
6,6,4,0,random440_expressivespeech_164::0,97,False,15.86782169342041,23.433488607406616,39.28354166448116
6,6,4,1,random440_expressivespeech_164::1,77,False,12.425107955932617,18.09172773361206,30.905478175729513
6,6,4,2,random440_expressivespeech_164::2,77,False,12.396563291549683,18.35285234451294,30.741778371855617
6,6,4,3,random440_expressivespeech_164::3,76,False,12.459457874298096,27.65443253517151,40.40328634530306
6,6,5,0,random440_expressivespeech_300::0,81,False,14.177213668823242,18.33471989631653,32.49320278316736
6,6,5,1,random440_expressivespeech_300::1,66,False,11.084959983825684,14.928679466247559,26.002584110945463
6,6,5,2,random440_expressivespeech_300::2,60,False,10.904738426208496,13.461441278457642,24.357864851132035
6,6,5,3,random440_expressivespeech_300::3,94,False,15.777486324310303,30.1597638130188,45.923151364549994
6,6,6,0,random440_expressivespeech_288::0,50,False,8.139096736907959,11.313952445983887,19.434955671429634
6,6,6,1,random440_expressivespeech_288::1,72,False,12.290923357009888,16.23820209503174,28.521978186443448
6,6,6,2,random440_expressivespeech_288::2,53,False,9.53961443901062,12.076342105865479,21.894890116527677
6,6,6,3,random440_expressivespeech_288::3,50,False,7.895456075668335,17.171736240386963,25.05737018212676
6,6,7,0,random440_expressivespeech_308::0,60,False,9.676674365997314,14.550693273544312,24.20945432409644
6,6,7,1,random440_expressivespeech_308::1,61,False,9.801565647125244,14.153934240341187,23.94236419349909
6,6,7,2,random440_expressivespeech_308::2,79,False,12.943935632705688,18.877495765686035,32.04902043379843
6,6,7,3,random440_expressivespeech_308::3,77,False,12.44775652885437,23.729448556900024,36.48270444944501
6,6,8,0,random440_expressivespeech_242::0,52,False,8.1773202419281,12.669840574264526,20.827686209231615
6,6,8,1,random440_expressivespeech_242::1,75,False,12.611567735671997,17.564597368240356,30.16804081015289
6,6,8,2,random440_expressivespeech_242::2,55,False,8.648025751113892,12.511033058166504,21.44789609313011
6,6,8,3,random440_expressivespeech_242::3,55,False,10.152000427246094,24.44544291496277,34.58003609068692
6,6,9,0,random440_expressivespeech_332::0,27,False,4.532863140106201,6.02243709564209,10.53810746781528
6,6,9,1,random440_expressivespeech_332::1,28,False,4.39734673500061,6.285905599594116,10.669677464291453
6,6,9,2,random440_expressivespeech_332::2,27,False,4.6597723960876465,6.965259075164795,11.726743344217539
6,6,9,3,random440_expressivespeech_332::3,32,False,5.064495801925659,15.338890075683594,20.385545955970883
6,6,10,0,random440_deear_058::0,23,False,4.533604621887207,5.200291156768799,9.719220768660307
6,6,10,1,random440_deear_058::1,28,False,4.433265924453735,6.20792293548584,10.629895338788629
6,6,10,2,random440_deear_058::2,28,False,4.650896072387695,6.365227937698364,11.099934922531247
6,6,10,3,random440_deear_058::3,33,False,6.270561218261719,7.602704763412476,14.006762335076928
6,6,11,0,random440_expressivespeech_161::0,94,False,15.633906602859497,22.274064540863037,37.890576334670186
6,6,11,1,random440_expressivespeech_161::1,115,False,19.768977642059326,27.341596364974976,47.4772014580667
6,6,11,2,random440_expressivespeech_161::2,103,False,16.68403673171997,24.929667472839355,41.60203329846263
6,6,11,3,random440_expressivespeech_161::3,108,False,17.978373527526855,30.14241123199463,48.100880494341254
6,6,12,0,random440_deear_046::0,16,False,2.786238193511963,3.539071798324585,6.308021260425448
6,6,12,1,random440_deear_046::1,17,False,2.709496021270752,3.712064504623413,6.412181910127401
6,6,12,2,random440_deear_046::2,16,False,2.5995137691497803,4.084223985671997,6.654188854619861
6,6,12,3,random440_deear_046::3,20,False,3.3859612941741943,6.301879405975342,9.67279045842588
6,6,13,0,random440_expressivespeech_145::0,50,False,7.87752890586853,12.091318845748901,19.949131712317467
6,6,13,1,random440_expressivespeech_145::1,47,False,7.754367351531982,10.673228740692139,18.41356259956956
6,6,13,2,random440_expressivespeech_145::2,51,False,8.700603008270264,11.729572772979736,20.41911787725985
6,6,13,3,random440_expressivespeech_145::3,44,False,7.160423040390015,16.46613383293152,23.798995418474078
6,6,14,0,random440_expressivespeech_131::0,17,False,2.6873905658721924,3.74249005317688,6.416415622457862
6,6,14,1,random440_expressivespeech_131::1,26,False,4.102684020996094,5.776427745819092,9.86606109701097
6,6,14,2,random440_expressivespeech_131::2,21,False,3.529888868331909,5.286911964416504,8.802300022915006
6,6,14,3,random440_expressivespeech_131::3,19,False,2.987098217010498,6.288273572921753,9.262602593749762
6,6,15,0,random440_expressivespeech_072::0,53,False,8.613089561462402,13.116010665893555,21.709909414872527
6,6,15,1,random440_expressivespeech_072::1,43,False,7.024231433868408,9.765273332595825,16.982304176315665
6,6,15,2,random440_expressivespeech_072::2,54,False,8.920716524124146,12.372349500656128,21.283028149977326
6,6,15,3,random440_expressivespeech_072::3,58,False,9.368306159973145,17.715531826019287,27.275724383071065
6,6,16,0,random440_expressivespeech_012::0,105,False,17.319432735443115,24.892329692840576,42.1927360650152
6,6,16,1,random440_expressivespeech_012::1,108,False,18.94981026649475,25.482773542404175,44.85909095779061
6,6,16,2,random440_expressivespeech_012::2,108,False,17.417227506637573,26.26222324371338,44.10095836780965
6,6,16,3,random440_expressivespeech_012::3,118,False,19.987708568572998,62.686171531677246,83.05225687660277
6,6,17,0,random440_deear_018::0,78,False,13.794520616531372,17.822908878326416,31.59591245651245
6,6,17,1,random440_deear_018::1,81,False,13.58733057975769,18.252361297607422,31.830014150589705
6,6,17,2,random440_deear_018::2,78,False,14.109204292297363,17.940582990646362,32.36297867447138
6,6,17,3,random440_deear_018::3,105,False,17.56210207939148,35.35024929046631,52.895176814869046
6,6,18,0,random440_deear_061::0,185,False,30.98390531539917,45.44254970550537,75.72179732099175
6,6,18,1,random440_deear_061::1,184,False,31.72780132293701,44.231520652770996,75.03441974148154
6,6,18,2,random440_deear_061::2,177,False,29.75239133834839,44.22589659690857,73.29390396364033
6,6,18,3,random440_deear_061::3,181,False,30.376611471176147,55.39042687416077,84.75816088914871
6,6,19,0,random440_deear_004::0,373,False,71.50811386108398,93.31818771362305,162.5107451863587
6,6,19,1,random440_deear_004::1,363,False,62.8540735244751,91.79535627365112,154.66507624089718
6,6,19,2,random440_deear_004::2,355,False,60.653294801712036,88.84844422340393,147.33341326750815
6,6,19,3,random440_deear_004::3,394,False,69.11116600036621,260.97060108184814,327.41131176799536
6,6,20,0,random440_expressivespeech_186::0,10,False,1.6566812992095947,2.2204675674438477,3.860891319811344
6,6,20,1,random440_expressivespeech_186::1,9,False,1.47804856300354,1.9808902740478516,3.45258423127234
6,6,20,2,random440_expressivespeech_186::2,13,False,2.109415292739868,3.1050631999969482,5.203304806724191
6,6,20,3,random440_expressivespeech_186::3,8,False,1.5672352313995361,5.087607383728027,6.657637940719724
6,6,21,0,random440_expressivespeech_142::0,23,False,3.7359001636505127,5.14148473739624,8.86253035441041
6,6,21,1,random440_expressivespeech_142::1,31,False,4.989986181259155,6.962308883666992,11.953558485955
6,6,21,2,random440_expressivespeech_142::2,20,False,3.856196880340576,4.924962997436523,8.891469961032271
6,6,21,3,random440_expressivespeech_142::3,18,False,2.896826982498169,6.530124187469482,9.413119250908494
6,6,22,0,random440_expressivespeech_276::0,243,False,41.53136706352234,59.65457081794739,100.03387493826449
6,6,22,1,random440_expressivespeech_276::1,153,False,25.597637176513672,36.859726905822754,62.476061103865504
6,6,22,2,random440_expressivespeech_276::2,212,False,35.98897576332092,51.92652106285095,86.76921184360981
6,6,22,3,random440_expressivespeech_276::3,216,False,36.26138401031494,104.45873308181763,139.29769204184413
6,6,23,0,random440_deear_085::0,137,False,24.31508994102478,32.590429067611694,56.88546914793551
6,6,23,1,random440_deear_085::1,145,False,24.923731803894043,34.493436336517334,59.45580366067588
6,6,23,2,random440_deear_085::2,175,False,30.579769372940063,43.236024141311646,73.07186918146908
6,6,23,3,random440_deear_085::3,148,False,24.50353717803955,46.28845167160034,70.83704270608723
6,6,24,0,random440_expressivespeech_044::0,32,False,5.6913299560546875,7.463011980056763,13.131648952141404
6,6,24,1,random440_expressivespeech_044::1,45,False,7.434659242630005,10.26220440864563,17.684900702908635
6,6,24,2,random440_expressivespeech_044::2,30,False,5.689296722412109,7.028578758239746,12.716770319268107
6,6,24,3,random440_expressivespeech_044::3,31,False,5.233841180801392,17.28307318687439,22.501582201570272
6,7,0,0,random440_deear_075::0,46,False,9.921421766281128,11.336688995361328,21.238796282559633
6,7,0,1,random440_deear_075::1,40,False,6.762422800064087,9.136560916900635,16.06726722419262
6,7,0,2,random440_deear_075::2,47,False,8.451148748397827,11.096254110336304,19.685366360470653
6,7,0,3,random440_deear_075::3,40,False,6.752364635467529,15.140597105026245,22.048284597694874
6,7,1,0,random440_deear_088::0,135,False,27.26419162750244,33.98129677772522,61.2268857434392
6,7,1,1,random440_deear_088::1,147,False,25.75726842880249,36.68063259124756,62.42423275858164
6,7,1,2,random440_deear_088::2,149,False,25.300498723983765,37.046142578125,62.33382202126086
6,7,1,3,random440_deear_088::3,139,False,24.235148668289185,33.892805337905884,58.735152423381805
6,7,2,0,random440_expressivespeech_119::0,13,False,2.0896151065826416,2.938979387283325,5.013162473216653
6,7,2,1,random440_expressivespeech_119::1,18,False,3.1190388202667236,4.483700275421143,7.586881449446082
6,7,2,2,random440_expressivespeech_119::2,14,False,2.8501839637756348,3.2688658237457275,6.106379458680749
6,7,2,3,random440_expressivespeech_119::3,33,False,5.537261724472046,7.583524942398071,13.10544729232788
6,7,3,0,random440_expressivespeech_239::0,54,False,9.021092414855957,13.110556602478027,22.11140913143754
6,7,3,1,random440_expressivespeech_239::1,36,False,5.712850093841553,8.275684356689453,13.97640884295106
6,7,3,2,random440_expressivespeech_239::2,40,False,7.793811082839966,9.27276611328125,17.050180362537503
6,7,3,3,random440_expressivespeech_239::3,40,False,6.330183982849121,9.72716212272644,16.199087431654334
6,7,4,0,random440_expressivespeech_081::0,74,False,12.16134238243103,17.98716139793396,30.108512233942747
6,7,4,1,random440_expressivespeech_081::1,81,False,13.576205730438232,19.356050729751587,32.91939959488809
6,7,4,2,random440_expressivespeech_081::2,85,False,13.788689374923706,20.84524631500244,34.95018549449742
6,7,4,3,random440_expressivespeech_081::3,84,False,13.598545551300049,29.137176752090454,43.066214237362146
6,7,5,0,random440_expressivespeech_191::0,75,False,13.176130533218384,17.675959825515747,30.831437684595585
6,7,5,1,random440_expressivespeech_191::1,86,False,14.694007396697998,21.228265285491943,35.9121203199029
6,7,5,2,random440_expressivespeech_191::2,67,False,10.897629976272583,15.824141263961792,27.073997363448143
6,7,5,3,random440_expressivespeech_191::3,72,False,11.87828779220581,23.043285608291626,34.90315508283675
6,7,6,0,random440_expressivespeech_153::0,56,False,9.107000350952148,13.185349464416504,22.275802802294493
6,7,6,1,random440_expressivespeech_153::1,51,False,8.215212106704712,11.821818113327026,20.0244930293411
6,7,6,2,random440_expressivespeech_153::2,63,False,10.8656907081604,15.097792387008667,25.952744625508785
6,7,6,3,random440_expressivespeech_153::3,55,False,8.878556251525879,17.443753480911255,26.555611228570342
6,7,7,0,random440_expressivespeech_198::0,59,False,9.504290103912354,14.635865688323975,24.121084114536643
6,7,7,1,random440_expressivespeech_198::1,65,False,10.465136766433716,15.542730569839478,25.998606288805604
6,7,7,2,random440_expressivespeech_198::2,81,False,13.088286399841309,19.81366515159607,33.15269286930561
6,7,7,3,random440_expressivespeech_198::3,65,False,10.682122230529785,22.456060647964478,33.441454442217946
6,7,8,0,random440_expressivespeech_092::0,52,False,8.177400827407837,13.054853677749634,21.21146512031555
6,7,8,1,random440_expressivespeech_092::1,40,False,6.572646379470825,9.220945119857788,15.781127411872149
6,7,8,2,random440_expressivespeech_092::2,85,False,14.247934103012085,20.075785636901855,34.31352374702692
6,7,8,3,random440_expressivespeech_092::3,59,False,10.875332832336426,24.63244318962097,35.82135096564889
6,7,9,0,random440_expressivespeech_336::0,38,False,6.330427646636963,8.772426128387451,15.082427952438593
6,7,9,1,random440_expressivespeech_336::1,29,False,4.634580612182617,7.000042676925659,11.621709126979113
6,7,9,2,random440_expressivespeech_336::2,36,False,6.817847967147827,8.289330959320068,15.089831246063113
6,7,9,3,random440_expressivespeech_336::3,29,False,4.578965902328491,6.624895095825195,11.328048326075077
6,7,10,0,random440_deear_081::0,21,False,3.7638096809387207,4.987886667251587,8.737212244421244
6,7,10,1,random440_deear_081::1,38,False,6.313624858856201,8.738789558410645,15.034272564575076
6,7,10,2,random440_deear_081::2,22,False,3.5062999725341797,5.49155330657959,8.987551275640726
6,7,10,3,random440_deear_081::3,29,False,5.571813583374023,6.870819568634033,12.42553648725152
6,7,11,0,random440_expressivespeech_051::0,100,False,16.3110032081604,24.24113416671753,40.53389388881624
6,7,11,1,random440_expressivespeech_051::1,106,False,18.357176065444946,25.92427349090576,44.672874143347144
6,7,11,2,random440_expressivespeech_051::2,108,False,17.562060356140137,26.902600288391113,44.89191612787545
6,7,11,3,random440_expressivespeech_051::3,104,False,17.344070196151733,28.05581760406494,45.81910961121321
6,7,12,0,random440_expressivespeech_140::0,21,False,3.3723697662353516,4.806204795837402,8.161475144326687
6,7,12,1,random440_expressivespeech_140::1,13,False,2.0704643726348877,2.9323580265045166,4.989952363073826
6,7,12,2,random440_expressivespeech_140::2,13,False,2.344914436340332,3.5295910835266113,5.840997036546469
6,7,12,3,random440_expressivespeech_140::3,15,False,2.3839540481567383,7.676229000091553,10.093758014962077
6,7,13,0,random440_expressivespeech_277::0,54,False,8.768515825271606,13.570091962814331,22.320198411121964
6,7,13,1,random440_expressivespeech_277::1,41,False,6.4259490966796875,9.529650926589966,15.94113108329475
6,7,13,2,random440_expressivespeech_277::2,46,False,7.662089109420776,11.09070086479187,18.7433714941144
6,7,13,3,random440_expressivespeech_277::3,49,False,7.946763038635254,17.650402069091797,25.758419515565038
6,7,14,0,random440_expressivespeech_232::0,15,False,2.365194320678711,3.4285600185394287,5.7790009919553995
6,7,14,1,random440_expressivespeech_232::1,15,False,2.3551011085510254,3.4090311527252197,5.75251548551023
6,7,14,2,random440_expressivespeech_232::2,29,False,4.740185976028442,7.091307878494263,11.817735884338617
6,7,14,3,random440_expressivespeech_232::3,21,False,3.5178024768829346,7.460128307342529,10.96361611969769
6,7,15,0,random440_expressivespeech_281::0,43,False,7.032947301864624,10.347940683364868,17.358884705230594
6,7,15,1,random440_expressivespeech_281::1,49,False,8.68876338005066,11.472378730773926,20.371543111279607
6,7,15,2,random440_expressivespeech_281::2,63,False,10.72358512878418,14.863250494003296,25.760753076523542
6,7,15,3,random440_expressivespeech_281::3,50,False,7.849294662475586,15.737372398376465,23.82169021293521
6,7,16,0,random440_expressivespeech_001::0,105,False,17.397472858428955,25.555209636688232,42.934674091637135
6,7,16,1,random440_expressivespeech_001::1,110,False,19.25140619277954,26.78747582435608,46.44865037128329
6,7,16,2,random440_expressivespeech_001::2,105,False,17.066019773483276,26.31656265258789,43.367857690900564
6,7,16,3,random440_expressivespeech_001::3,110,False,18.198116779327393,62.44799065589905,81.03716152720153
6,7,17,0,random440_expressivespeech_042::0,94,False,16.76968288421631,22.58836007118225,39.33785203658044
6,7,17,1,random440_expressivespeech_042::1,93,False,15.316276550292969,23.393569946289062,38.70228418894112
6,7,17,2,random440_expressivespeech_042::2,82,False,13.56374716758728,20.003938913345337,33.934154354035854
6,7,17,3,random440_expressivespeech_042::3,90,False,14.44320011138916,22.340150117874146,36.77489490620792
6,7,18,0,random440_expressivespeech_172::0,185,False,32.56481909751892,47.132160663604736,78.7390953861177
6,7,18,1,random440_expressivespeech_172::1,170,False,28.761681079864502,41.8203125,70.57362335920334
6,7,18,2,random440_expressivespeech_172::2,193,False,32.95077347755432,49.17654299736023,81.13987860828638
6,7,18,3,random440_expressivespeech_172::3,179,False,29.55203080177307,48.91618514060974,78.45455363951623
6,7,19,0,random440_deear_050::0,335,False,62.76876950263977,85.63405275344849,146.51074346713722
6,7,19,1,random440_deear_050::1,378,False,64.96598744392395,97.04154324531555,159.76720635965466
6,7,19,2,random440_deear_050::2,353,False,59.0791015625,92.74125385284424,151.8038515560329
6,7,19,3,random440_deear_050::3,339,False,57.45672559738159,277.0856795310974,334.5304088424891
6,7,20,0,random440_deear_067::0,8,False,1.311708688735962,1.8389167785644531,3.13668130710721
6,7,20,1,random440_deear_067::1,9,False,1.4508774280548096,2.0648419857025146,3.504599701613188
6,7,20,2,random440_deear_067::2,8,False,1.2804124355316162,1.8368792533874512,3.1069341264665127
6,7,20,3,random440_deear_067::3,7,False,1.1448571681976318,8.354815006256104,9.48861620388925
6,7,21,0,random440_deear_005::0,24,False,3.8131890296936035,5.529655694961548,9.32791993021965
6,7,21,1,random440_deear_005::1,23,False,3.6332342624664307,5.315221548080444,8.955463670194149
6,7,21,2,random440_deear_005::2,23,False,3.8073465824127197,6.313804626464844,10.113421399146318
6,7,21,3,random440_deear_005::3,21,False,3.3451898097991943,7.3391900062561035,10.75414777547121
6,7,22,0,random440_expressivespeech_247::0,188,False,31.559196710586548,47.66394782066345,79.20330440998077
6,7,22,1,random440_expressivespeech_247::1,212,False,35.5043158531189,53.86890530586243,89.38882661610842
6,7,22,2,random440_expressivespeech_247::2,215,False,35.475467920303345,54.27867770195007,89.76401995867491
6,7,22,3,random440_expressivespeech_247::3,166,False,27.96012854576111,105.17486238479614,133.1116919014603
6,7,23,0,random440_expressivespeech_151::0,132,False,22.689114570617676,32.2272732257843,54.898900389671326
6,7,23,1,random440_expressivespeech_151::1,145,False,24.755813360214233,35.204753398895264,59.98022295534611
6,7,23,2,random440_expressivespeech_151::2,147,False,25.24942660331726,36.058735370635986,61.323648096993566
6,7,23,3,random440_expressivespeech_151::3,178,False,30.584326028823853,54.36905097961426,84.9608448613435
6,7,24,0,random440_deear_045::0,22,False,3.6176750659942627,5.51365327835083,9.113126611337066
6,7,24,1,random440_deear_045::1,54,False,8.519890308380127,12.677060604095459,21.185236241668463
6,7,24,2,random440_deear_045::2,37,False,7.119267702102661,8.733266592025757,15.853475330397487
6,7,24,3,random440_deear_045::3,20,False,3.222482442855835,16.597665548324585,19.809776440262794
7,0,0,0,random440_expressivespeech_201::0,49,False,10.080772876739502,10.930010080337524,20.99208613857627
7,0,0,1,random440_expressivespeech_201::1,46,False,8.102123260498047,10.274420261383057,18.551749410107732
7,0,0,2,random440_expressivespeech_201::2,37,False,5.76755166053772,8.40709900856018,14.344803864136338
7,0,0,3,random440_expressivespeech_201::3,55,False,9.764548301696777,16.131569385528564,25.879460878670216
7,0,1,0,random440_deear_085::0,146,False,28.173445224761963,36.223472595214844,64.37687258794904
7,0,1,1,random440_deear_085::1,143,False,22.85235357284546,35.5881130695343,59.0604348462075
7,0,1,2,random440_deear_085::2,135,False,21.758814096450806,33.29199934005737,55.638322081416845
7,0,1,3,random440_deear_085::3,121,False,20.181939601898193,44.249982833862305,64.41116806864738
7,0,2,0,random440_expressivespeech_186::0,23,False,3.6571707725524902,5.202024936676025,8.83888503909111
7,0,2,1,random440_expressivespeech_186::1,8,False,1.2997066974639893,1.7597861289978027,3.052723664790392
7,0,2,2,random440_expressivespeech_186::2,33,False,5.645599842071533,8.364608526229858,13.990341698750854
7,0,2,3,random440_expressivespeech_186::3,11,False,1.9590966701507568,4.510926723480225,6.64573260769248
7,0,3,0,random440_expressivespeech_218::0,43,False,6.781992435455322,9.841516017913818,16.601945294067264
7,0,3,1,random440_expressivespeech_218::1,45,False,7.9924468994140625,10.309255599975586,18.288336496800184
7,0,3,2,random440_expressivespeech_218::2,40,False,6.462120056152344,9.820533514022827,16.44309924170375
7,0,3,3,random440_expressivespeech_218::3,39,False,6.456347942352295,15.448017835617065,21.89001375436783
7,0,4,0,random440_expressivespeech_164::0,75,False,13.018832206726074,17.235320329666138,30.235706625506282
7,0,4,1,random440_expressivespeech_164::1,94,False,16.46159839630127,22.896619081497192,39.65977662615478
7,0,4,2,random440_expressivespeech_164::2,84,False,13.42538857460022,20.34487271308899,34.13901288434863
7,0,4,3,random440_expressivespeech_164::3,69,False,11.019585847854614,27.52249526977539,38.528487572446465
7,0,5,0,random440_deear_100::0,67,False,11.714834690093994,15.833920001983643,27.52742476761341
7,0,5,1,random440_deear_100::1,76,False,12.634889841079712,17.712440252304077,30.33813343383372
7,0,5,2,random440_deear_100::2,72,False,12.428506851196289,16.779072284698486,29.502034729346633
7,0,5,3,random440_deear_100::3,70,False,11.75941777229309,33.97193694114685,45.90810479968786
7,0,6,0,random440_expressivespeech_207::0,48,False,7.484212875366211,10.970218658447266,18.433811398223042
7,0,6,1,random440_expressivespeech_207::1,60,False,10.265155553817749,13.669838190078735,23.922046387568116
7,0,6,2,random440_expressivespeech_207::2,56,False,9.202685594558716,13.733964204788208,23.16297478042543
7,0,6,3,random440_expressivespeech_207::3,62,False,9.870777606964111,27.98338747024536,37.83971235528588
7,0,7,0,random440_expressivespeech_258::0,58,False,9.966441869735718,13.780187368392944,23.727461367845535
7,0,7,1,random440_expressivespeech_258::1,77,False,12.64718747138977,18.19721031188965,30.83445012755692
7,0,7,2,random440_expressivespeech_258::2,60,False,9.704423904418945,14.8299720287323,24.832750774919987
7,0,7,3,random440_expressivespeech_258::3,63,False,9.838869571685791,29.556551694869995,39.37951930426061
7,0,8,0,random440_expressivespeech_196::0,73,False,13.229568243026733,16.81487798690796,30.02507196366787
7,0,8,1,random440_expressivespeech_196::1,62,False,10.71602988243103,14.14387059211731,24.845529517158866
7,0,8,2,random440_expressivespeech_196::2,58,False,9.210190534591675,14.353007316589355,23.551147120073438
7,0,8,3,random440_expressivespeech_196::3,65,False,10.424980878829956,19.539583921432495,29.949068784713745
7,0,9,0,random440_deear_058::0,29,False,4.703436851501465,6.5254902839660645,11.207020305097103
7,0,9,1,random440_deear_058::1,40,False,7.732513666152954,9.129955291748047,16.851674292236567
7,0,9,2,random440_deear_058::2,28,False,4.349036455154419,6.2859251499176025,10.61950482800603
7,0,9,3,random440_deear_058::3,28,False,4.408352851867676,8.462046384811401,12.851751372218132
7,0,10,0,random440_deear_060::0,24,False,3.958261728286743,5.377697467803955,9.317853515967727
7,0,10,1,random440_deear_060::1,22,False,3.413715362548828,4.9543726444244385,8.360512470826507
7,0,10,2,random440_deear_060::2,25,False,4.545395851135254,6.5460333824157715,11.153240228071809
7,0,10,3,random440_deear_060::3,41,False,6.413317680358887,12.76611852645874,19.260375775396824
7,0,11,0,random440_expressivespeech_240::0,90,False,15.403192520141602,21.98666262626648,37.369188299402595
7,0,11,1,random440_expressivespeech_240::1,119,False,19.04675579071045,28.199535608291626,47.59881144016981
7,0,11,2,random440_expressivespeech_240::2,96,False,16.73549199104309,22.71186089515686,39.43214577995241
7,0,11,3,random440_expressivespeech_240::3,105,False,16.74765658378601,40.68594288825989,57.41895772702992
7,0,12,0,random440_expressivespeech_170::0,11,False,1.75244140625,2.4225451946258545,4.159172648563981
7,0,12,1,random440_expressivespeech_170::1,13,False,2.317776918411255,2.84894061088562,5.154139032587409
7,0,12,2,random440_expressivespeech_170::2,12,False,1.903550386428833,2.6299519538879395,4.51915717497468
7,0,12,3,random440_expressivespeech_170::3,21,False,3.3046483993530273,8.614253997802734,11.897275177761912
7,0,13,0,random440_expressivespeech_269::0,52,False,9.407602787017822,11.718042135238647,21.107548536732793
7,0,13,1,random440_expressivespeech_269::1,47,False,7.6029722690582275,11.243837118148804,18.83053143694997
7,0,13,2,random440_expressivespeech_269::2,41,False,6.40611457824707,9.20796823501587,15.598179711028934
7,0,13,3,random440_expressivespeech_269::3,50,False,9.326017141342163,19.948129415512085,29.25830541178584
7,0,14,0,random440_expressivespeech_194::0,25,False,4.472677230834961,5.922785520553589,10.378955351188779
7,0,14,1,random440_expressivespeech_194::1,19,False,2.970418930053711,4.179619073867798,7.137572292238474
7,0,14,2,random440_expressivespeech_194::2,15,False,2.356579542160034,3.291396379470825,5.633219009265304
7,0,14,3,random440_expressivespeech_194::3,22,False,3.4414548873901367,12.756505489349365,16.176662407815456
7,0,15,0,random440_expressivespeech_036::0,62,False,10.297686100006104,14.43049669265747,24.708233343437314
7,0,15,1,random440_expressivespeech_036::1,41,False,6.578827381134033,9.27839469909668,16.14028045348823
7,0,15,2,random440_expressivespeech_036::2,51,False,8.194849252700806,12.821087121963501,21.001878367736936
7,0,15,3,random440_expressivespeech_036::3,47,False,7.599695920944214,21.52912163734436,29.106527261435986
7,0,16,0,random440_expressivespeech_212::0,148,False,25.25573706626892,35.33399844169617,60.57298832759261
7,0,16,1,random440_expressivespeech_212::1,128,False,21.281396627426147,31.331273078918457,52.599146980792284
7,0,16,2,random440_expressivespeech_212::2,136,False,21.743349313735962,34.730112075805664,56.4643397051841
7,0,16,3,random440_expressivespeech_212::3,103,False,16.691715240478516,27.27776265144348,43.951008228585124
7,0,17,0,random440_expressivespeech_257::0,74,False,12.162521839141846,17.898353576660156,30.040506556630135
7,0,17,1,random440_expressivespeech_257::1,93,False,15.859703779220581,22.533324480056763,38.382752979174256
7,0,17,2,random440_expressivespeech_257::2,107,False,17.869253158569336,26.977892875671387,44.83741435781121
7,0,17,3,random440_expressivespeech_257::3,104,False,17.156267642974854,26.267266035079956,43.87696036323905
7,0,18,0,random440_expressivespeech_116::0,158,False,27.09476637840271,40.487149715423584,67.56442721560597
7,0,18,1,random440_expressivespeech_116::1,204,False,35.05329489707947,52.26293873786926,86.98860447481275
7,0,18,2,random440_expressivespeech_116::2,205,False,34.48180174827576,52.398919343948364,85.88812587410212
7,0,18,3,random440_expressivespeech_116::3,175,False,28.781315326690674,58.45492482185364,87.22121842391789
7,0,19,0,random440_deear_004::0,320,False,59.06192493438721,81.97897601127625,139.24091396667063
7,0,19,1,random440_deear_004::1,284,False,46.985751152038574,70.69031023979187,117.68279120326042
7,0,19,2,random440_deear_004::2,375,False,64.69922375679016,94.20688104629517,156.75213174894452
7,0,19,3,random440_deear_004::3,341,False,57.536072731018066,372.85340189933777,430.3477765843272
7,0,20,0,random440_deear_067::0,10,True,1.6277174949645996,2.247347831726074,3.8603770919144154
7,0,20,1,random440_deear_067::1,7,True,1.1249864101409912,1.5677947998046875,2.6823734752833843
7,0,20,2,random440_deear_067::2,7,True,1.1157259941101074,1.5513441562652588,2.674628969281912
7,0,20,3,random440_deear_067::3,7,True,1.1200292110443115,4.917618036270142,6.036193322390318
7,0,21,0,random440_expressivespeech_339::0,23,False,3.65567946434021,5.389730453491211,9.027692388743162
7,0,21,1,random440_expressivespeech_339::1,25,False,4.313019037246704,5.653749704360962,9.957744693383574
7,0,21,2,random440_expressivespeech_339::2,26,False,4.0742292404174805,5.848552465438843,9.911683473736048
7,0,21,3,random440_expressivespeech_339::3,21,False,3.561580181121826,9.969249486923218,13.617028847336769
7,0,22,0,random440_deear_061::0,200,False,33.22488021850586,49.383673906326294,82.59101957641542
7,0,22,1,random440_deear_061::1,195,False,33.033942222595215,47.713677644729614,80.76896611601114
7,0,22,2,random440_deear_061::2,181,False,30.760319471359253,45.15019702911377,75.9321458414197
7,0,22,3,random440_deear_061::3,197,False,32.34137749671936,107.68508243560791,140.0064765084535
7,0,23,0,random440_expressivespeech_206::0,127,False,20.135480642318726,30.984086275100708,51.09683331102133
7,0,23,1,random440_expressivespeech_206::1,170,False,28.194045066833496,41.853984355926514,70.07303222827613
7,0,23,2,random440_expressivespeech_206::2,148,False,24.405937433242798,36.07702374458313,60.506135392934084
7,0,23,3,random440_expressivespeech_206::3,119,False,19.320468187332153,68.48904180526733,87.82628811895847
7,0,24,0,random440_expressivespeech_143::0,39,False,6.4225852489471436,8.842153072357178,15.246759353205562
7,0,24,1,random440_expressivespeech_143::1,41,False,7.022507667541504,9.336409091949463,16.351547243073583
7,0,24,2,random440_expressivespeech_143::2,42,False,6.773129463195801,9.568785667419434,16.331463223323226
7,0,24,3,random440_expressivespeech_143::3,35,False,6.834597110748291,8.622610092163086,15.67128499597311
7,1,0,0,random440_expressivespeech_281::0,51,False,10.955899715423584,11.829312562942505,22.766156749799848
7,1,0,1,random440_expressivespeech_281::1,46,False,8.241049766540527,10.42116641998291,18.89047217182815
7,1,0,2,random440_expressivespeech_281::2,44,False,7.3273022174835205,11.358719825744629,18.854060113430023
7,1,0,3,random440_expressivespeech_281::3,46,False,7.330228090286255,11.687037706375122,18.997937630861998
7,1,1,0,random440_expressivespeech_139::0,129,False,25.487276315689087,32.16079378128052,57.62894859164953
7,1,1,1,random440_expressivespeech_139::1,111,False,19.59580421447754,27.87387442588806,47.451976189389825
7,1,1,2,random440_expressivespeech_139::2,145,False,25.647278308868408,35.876694679260254,61.50754238665104
7,1,1,3,random440_expressivespeech_139::3,160,False,28.113892078399658,48.427844524383545,77.08924372121692
7,1,2,0,random440_deear_068::0,15,False,2.4670519828796387,3.377652645111084,5.8323056399822235
7,1,2,1,random440_deear_068::1,20,False,3.223970651626587,4.4862871170043945,7.699639389291406
7,1,2,2,random440_deear_068::2,19,False,3.0594980716705322,4.273692607879639,7.3210879527032375
7,1,2,3,random440_deear_068::3,19,False,3.934894561767578,7.795575857162476,11.713230157271028
7,1,3,0,random440_expressivespeech_239::0,38,False,6.5391316413879395,8.722588777542114,15.240478256717324
7,1,3,1,random440_expressivespeech_239::1,42,False,7.547468423843384,9.64514684677124,17.181563083082438
7,1,3,2,random440_expressivespeech_239::2,44,False,7.447628021240234,10.88804292678833,18.296021750196815
7,1,3,3,random440_expressivespeech_239::3,43,False,7.7500388622283936,14.57483434677124,22.560636090114713
7,1,4,0,random440_expressivespeech_136::0,66,False,11.67961859703064,15.261644840240479,26.923607900738716
7,1,4,1,random440_expressivespeech_136::1,101,False,17.967243432998657,24.26395583152771,42.47868275269866
7,1,4,2,random440_expressivespeech_136::2,69,False,11.575562477111816,17.287091732025146,29.25669051706791
7,1,4,3,random440_expressivespeech_136::3,85,False,13.928923845291138,30.145954370498657,44.06304414011538
7,1,5,0,random440_expressivespeech_248::0,80,False,14.574739694595337,18.431065559387207,32.988533014431596
7,1,5,1,random440_expressivespeech_248::1,69,False,12.108367681503296,15.688554048538208,27.790030274540186
7,1,5,2,random440_expressivespeech_248::2,73,False,13.356462955474854,16.8238422870636,30.172908084467053
7,1,5,3,random440_expressivespeech_248::3,60,False,10.618287563323975,31.40483546257019,42.295213827863336
7,1,6,0,random440_deear_066::0,47,False,7.8417065143585205,10.719570398330688,18.5426008682698
7,1,6,1,random440_deear_066::1,54,False,9.642651557922363,12.234950542449951,21.866666220128536
7,1,6,2,random440_deear_066::2,58,False,9.341655492782593,14.679949283599854,24.218103421851993
7,1,6,3,random440_deear_066::3,63,False,10.578469514846802,28.16860866546631,38.94898555614054
7,1,7,0,random440_expressivespeech_100::0,69,False,12.484379291534424,15.73232364654541,28.199587071314454
7,1,7,1,random440_expressivespeech_100::1,66,False,11.784598350524902,15.276175737380981,27.32322971895337
7,1,7,2,random440_expressivespeech_100::2,72,False,12.47534441947937,17.307029247283936,29.77025331556797
7,1,7,3,random440_expressivespeech_100::3,74,False,12.717828512191772,20.582564115524292,33.58425357379019
7,1,8,0,random440_expressivespeech_198::0,59,False,11.319587707519531,13.423823833465576,24.723385645076632
7,1,8,1,random440_expressivespeech_198::1,65,False,10.685747623443604,15.545862913131714,26.221449168398976
7,1,8,2,random440_expressivespeech_198::2,57,False,9.31892204284668,14.230393886566162,23.802134416997433
7,1,8,3,random440_expressivespeech_198::3,75,False,12.52866268157959,21.51733374595642,34.03352043777704
7,1,9,0,random440_expressivespeech_044::0,27,False,4.33441424369812,6.117427825927734,10.434153011068702
7,1,9,1,random440_expressivespeech_044::1,33,False,5.845906019210815,8.334164142608643,14.165709272027016
7,1,9,2,random440_expressivespeech_044::2,35,False,5.855499267578125,7.965488910675049,13.809466307982802
7,1,9,3,random440_expressivespeech_044::3,28,False,4.756134271621704,8.37374472618103,13.252854445949197
7,1,10,0,random440_expressivespeech_332::0,26,False,4.192409515380859,5.906928777694702,10.081450372934341
7,1,10,1,random440_expressivespeech_332::1,25,False,3.995701789855957,5.653881788253784,9.638401383534074
7,1,10,2,random440_expressivespeech_332::2,26,False,5.601955890655518,6.167793035507202,11.850395845249295
7,1,10,3,random440_expressivespeech_332::3,31,False,4.957411527633667,11.468889713287354,16.497868144884706
7,1,11,0,random440_expressivespeech_042::0,99,False,17.360233068466187,24.175560235977173,41.517553551122546
7,1,11,1,random440_expressivespeech_042::1,119,False,20.206265211105347,28.312817096710205,48.911408411338925
7,1,11,2,random440_expressivespeech_042::2,88,False,16.012555837631226,21.39078450202942,37.39028975367546
7,1,11,3,random440_expressivespeech_042::3,97,False,15.978530883789062,38.20115327835083,54.166668178513646
7,1,12,0,random440_expressivespeech_190::0,14,False,2.3032586574554443,3.132431983947754,5.41893881931901
7,1,12,1,random440_expressivespeech_190::1,13,False,2.1172680854797363,2.8875112533569336,4.99532488361001
7,1,12,2,random440_expressivespeech_190::2,12,False,2.242262601852417,2.683253288269043,4.916644413024187
7,1,12,3,random440_expressivespeech_190::3,16,False,2.589759111404419,7.805906057357788,10.410713940858841
7,1,13,0,random440_deear_022::0,49,False,9.495599269866943,11.252622365951538,20.73164865374565
7,1,13,1,random440_deear_022::1,46,False,7.436575651168823,11.283485889434814,18.710443925112486
7,1,13,2,random440_deear_022::2,40,False,6.7271833419799805,9.09443712234497,15.810259124264121
7,1,13,3,random440_deear_022::3,53,False,10.399743556976318,19.23500418663025,29.62192385829985
7,1,14,0,random440_expressivespeech_306::0,14,False,2.3589370250701904,3.7368640899658203,6.079555068165064
7,1,14,1,random440_expressivespeech_306::1,21,False,3.4566051959991455,4.745932579040527,8.191685557365417
7,1,14,2,random440_expressivespeech_306::2,26,False,4.497390985488892,5.862722158432007,10.346464421600103
7,1,14,3,random440_expressivespeech_306::3,18,False,2.905626058578491,11.790804862976074,14.670988742262125
7,1,15,0,random440_expressivespeech_262::0,50,False,8.373623609542847,11.528955459594727,19.883356355130672
7,1,15,1,random440_expressivespeech_262::1,57,False,10.311752796173096,13.023773193359375,23.522769371047616
7,1,15,2,random440_expressivespeech_262::2,65,False,11.306628227233887,15.667336225509644,27.18892427161336
7,1,15,3,random440_expressivespeech_262::3,49,False,8.143164873123169,12.330250263214111,20.71582604944706
7,1,16,0,random440_expressivespeech_182::0,124,False,21.09151005744934,30.481773376464844,51.556428680196404
7,1,16,1,random440_expressivespeech_182::1,114,False,19.246765613555908,28.192108154296875,47.423289673402905
7,1,16,2,random440_expressivespeech_182::2,145,False,24.900403022766113,35.71364712715149,60.602661257609725
7,1,16,3,random440_expressivespeech_182::3,131,False,22.757728576660156,32.14393854141235,54.88832861557603
7,1,17,0,random440_deear_041::0,84,False,14.73034143447876,19.403144359588623,34.113057592883706
7,1,17,1,random440_deear_041::1,104,False,18.518733739852905,25.084985733032227,43.597020199522376
7,1,17,2,random440_deear_041::2,95,False,15.786340713500977,23.926915645599365,39.70657332614064
7,1,17,3,random440_deear_041::3,85,False,14.783312559127808,24.649102687835693,39.38936327584088
7,1,18,0,random440_expressivespeech_075::0,173,False,31.231101274490356,43.73519587516785,74.18240594491363
7,1,18,1,random440_expressivespeech_075::1,200,False,34.92293977737427,50.76568150520325,84.75164499878883
7,1,18,2,random440_expressivespeech_075::2,159,False,27.973395109176636,38.99769687652588,66.9583813212812
7,1,18,3,random440_expressivespeech_075::3,191,False,33.6012544631958,69.43750596046448,101.85277280397713
7,1,19,0,random440_expressivespeech_229::0,343,False,67.15387296676636,87.56845092773438,152.6606776677072
7,1,19,1,random440_expressivespeech_229::1,305,False,53.11522102355957,77.73651099205017,130.8543697874993
7,1,19,2,random440_expressivespeech_229::2,312,False,54.58135509490967,79.63214182853699,134.21025846339762
7,1,19,3,random440_expressivespeech_229::3,306,False,54.17704153060913,375.5454053878784,429.6704035885632
7,1,20,0,random440_deear_067::0,10,True,1.6756696701049805,2.268745183944702,3.9270064868032932
7,1,20,1,random440_deear_067::1,7,True,1.16166353225708,1.6060659885406494,2.7575337402522564
7,1,20,2,random440_deear_067::2,7,True,1.1655235290527344,1.5844998359680176,2.7618470173329115
7,1,20,3,random440_deear_067::3,7,True,1.1573333740234375,4.649034261703491,5.7877388801425695
7,1,21,0,random440_expressivespeech_142::0,24,False,3.9063429832458496,6.051971912384033,9.919095611199737
7,1,21,1,random440_expressivespeech_142::1,21,False,3.6512041091918945,4.842673063278198,8.495262585580349
7,1,21,2,random440_expressivespeech_142::2,25,False,4.326200485229492,5.734483480453491,10.124307192862034
7,1,21,3,random440_expressivespeech_142::3,23,False,3.752647876739502,10.249176502227783,14.07115081883967
7,1,22,0,random440_expressivespeech_172::0,206,False,35.46735095977783,52.212101221084595,87.65946838259697
7,1,22,1,random440_expressivespeech_172::1,186,False,33.29280638694763,45.766871213912964,79.06582137010992
7,1,22,2,random440_expressivespeech_172::2,174,False,30.404375553131104,44.20454430580139,74.6374229118228
7,1,22,3,random440_expressivespeech_172::3,204,False,34.832226276397705,103.62966561317444,138.41876900568604
7,1,23,0,random440_expressivespeech_152::0,154,False,26.09746527671814,38.64449906349182,64.72333365492523
7,1,23,1,random440_expressivespeech_152::1,158,False,27.636707544326782,38.39489769935608,66.05932790599763
7,1,23,2,random440_expressivespeech_152::2,165,False,29.047067165374756,40.23612856864929,69.29276505857706
7,1,23,3,random440_expressivespeech_152::3,162,False,28.323373079299927,40.93499422073364,69.26660792715847
7,1,24,0,random440_deear_059::0,45,False,7.3046791553497314,10.464760065078735,17.748384479433298
7,1,24,1,random440_deear_059::1,36,False,6.905627012252808,8.270196437835693,15.16671228967607
7,1,24,2,random440_deear_059::2,38,False,6.189930438995361,8.901852130889893,15.080399058759212
7,1,24,3,random440_deear_059::3,35,False,7.159059762954712,8.316038131713867,15.66175876930356
7,2,0,0,random440_expressivespeech_062::0,39,False,8.577250480651855,9.710054636001587,18.27059486694634
7,2,0,1,random440_expressivespeech_062::1,58,False,10.672328233718872,14.21146535873413,25.013824485242367
7,2,0,2,random440_expressivespeech_062::2,45,False,7.022449970245361,11.435992240905762,18.670547105371952
7,2,0,3,random440_expressivespeech_062::3,44,False,7.114403247833252,10.451786756515503,17.54402159526944
7,2,1,0,random440_expressivespeech_132::0,154,False,29.745624780654907,38.24850273132324,67.9771523438394
7,2,1,1,random440_expressivespeech_132::1,112,False,17.62032985687256,27.361814737319946,44.97124028764665
7,2,1,2,random440_expressivespeech_132::2,115,False,18.947213172912598,27.773479223251343,46.71058947406709
7,2,1,3,random440_expressivespeech_132::3,149,False,24.273317337036133,59.42699861526489,83.64647455699742
7,2,2,0,random440_expressivespeech_061::0,16,False,2.7788145542144775,3.5590853691101074,6.320796884596348
7,2,2,1,random440_expressivespeech_061::1,16,False,2.462229013442993,3.520339012145996,5.966616811230779
7,2,2,2,random440_expressivespeech_061::2,18,False,2.7834339141845703,3.9753172397613525,6.747516833245754
7,2,2,3,random440_expressivespeech_061::3,20,False,3.325561046600342,10.248865842819214,13.622125407680869
7,2,3,0,random440_deear_075::0,46,False,7.412648677825928,10.443760395050049,17.836370784789324
7,2,3,1,random440_deear_075::1,41,False,7.267811059951782,9.20365858078003,16.45735681243241
7,2,3,2,random440_deear_075::2,37,False,5.707345962524414,8.47495722770691,14.168975502252579
7,2,3,3,random440_deear_075::3,41,False,7.488912582397461,17.161101579666138,24.613064682111144
7,2,4,0,random440_deear_018::0,78,False,12.90381669998169,17.85548758506775,30.739550732076168
7,2,4,1,random440_deear_018::1,78,False,13.856380701065063,17.827117919921875,31.99360150285065
7,2,4,2,random440_deear_018::2,87,False,14.131919384002686,21.39331078529358,35.88781643472612
7,2,4,3,random440_deear_018::3,75,False,11.71859073638916,32.148521900177,44.204750353470445
7,2,5,0,random440_deear_019::0,63,False,10.405044555664062,15.021560668945312,25.40477647818625
7,2,5,1,random440_deear_019::1,78,False,12.024593353271484,18.182687044143677,30.19694197550416
7,2,5,2,random440_deear_019::2,76,False,11.980839729309082,18.227893590927124,30.512777373194695
7,2,5,3,random440_deear_019::3,64,False,9.911718368530273,37.32703375816345,47.18227778375149
7,2,6,0,random440_expressivespeech_305::0,74,False,11.669028997421265,17.212449073791504,28.862080115824938
7,2,6,1,random440_expressivespeech_305::1,58,False,9.03091025352478,13.066835641860962,22.39556840248406
7,2,6,2,random440_expressivespeech_305::2,48,False,8.263380527496338,10.810270309448242,19.059917494654655
7,2,6,3,random440_expressivespeech_305::3,65,False,10.074477195739746,22.77795720100403,32.83003790304065
7,2,7,0,random440_deear_089::0,76,False,13.13565182685852,17.123225688934326,30.23836755938828
7,2,7,1,random440_deear_089::1,67,False,11.358030080795288,15.178462505340576,26.839321868494153
7,2,7,2,random440_deear_089::2,67,False,10.802648067474365,15.640599250793457,26.430638873949647
7,2,7,3,random440_deear_089::3,69,False,10.264825344085693,24.830371618270874,35.34673876129091
7,2,8,0,random440_expressivespeech_300::0,61,False,11.029687643051147,13.529863595962524,24.537988839671016
7,2,8,1,random440_expressivespeech_300::1,60,False,8.959675788879395,13.983583927154541,22.930015517398715
7,2,8,2,random440_expressivespeech_300::2,75,False,11.84196925163269,17.94108009338379,29.77140225842595
7,2,8,3,random440_expressivespeech_300::3,58,False,8.725769758224487,22.369858264923096,31.3907805159688
7,2,9,0,random440_deear_028::0,25,False,4.035684585571289,5.527600049972534,9.544812973588705
7,2,9,1,random440_deear_028::1,42,False,6.980951309204102,10.062289953231812,17.028617788106203
7,2,9,2,random440_deear_028::2,32,False,5.06014347076416,7.044454574584961,12.259587531909347
7,2,9,3,random440_deear_028::3,22,False,3.3115603923797607,9.517938375473022,12.807929268106818
7,2,10,0,random440_expressivespeech_302::0,27,False,4.297528266906738,5.953600168228149,10.230338804423809
7,2,10,1,random440_expressivespeech_302::1,29,False,4.316501617431641,6.497190952301025,10.800553346052766
7,2,10,2,random440_expressivespeech_302::2,28,False,5.636821508407593,6.095776319503784,11.856082955375314
7,2,10,3,random440_expressivespeech_302::3,22,False,3.3096187114715576,11.65267562866211,15.045552978292108
7,2,11,0,random440_deear_025::0,103,False,16.960336923599243,24.559752464294434,41.499797478318214
7,2,11,1,random440_deear_025::1,78,False,11.99805474281311,18.377517700195312,30.79220200330019
7,2,11,2,random440_deear_025::2,104,False,16.336870193481445,24.98270297050476,41.30719880387187
7,2,11,3,random440_deear_025::3,113,False,18.08219838142395,50.55800437927246,69.01316085457802
7,2,12,0,random440_expressivespeech_064::0,10,False,1.5595426559448242,2.1633636951446533,3.7032369151711464
7,2,12,1,random440_expressivespeech_064::1,14,False,2.1165668964385986,3.0521867275238037,5.156003223732114
7,2,12,2,random440_expressivespeech_064::2,10,False,1.5151762962341309,2.1558191776275635,3.6557389851659536
7,2,12,3,random440_expressivespeech_064::3,12,False,2.1040260791778564,11.137992143630981,13.225324302911758
7,2,13,0,random440_expressivespeech_104::0,50,False,8.456972599029541,11.12824034690857,19.55944531224668
7,2,13,1,random440_expressivespeech_104::1,39,False,6.07728910446167,9.3553626537323,15.419949354603887
7,2,13,2,random440_expressivespeech_104::2,43,False,6.622451066970825,9.517148971557617,16.125414542853832
7,2,13,3,random440_expressivespeech_104::3,55,False,9.034147024154663,24.78312397003174,33.95551568083465
7,2,14,0,random440_expressivespeech_149::0,25,False,3.967475652694702,5.9353368282318115,9.881953667849302
7,2,14,1,random440_expressivespeech_149::1,30,False,4.734741926193237,6.553560733795166,11.273610448464751
7,2,14,2,random440_expressivespeech_149::2,17,False,2.5346627235412598,3.670407772064209,6.311426525935531
7,2,14,3,random440_expressivespeech_149::3,20,False,3.001504898071289,8.854476928710938,11.83840792812407
7,2,15,0,random440_expressivespeech_002::0,40,False,6.245881080627441,8.871167659759521,15.098552675917745
7,2,15,1,random440_expressivespeech_002::1,53,False,8.519849300384521,12.19909119606018,20.704614713788033
7,2,15,2,random440_expressivespeech_002::2,84,False,12.89321517944336,19.954925775527954,33.04434883221984
7,2,15,3,random440_expressivespeech_002::3,41,False,6.157199382781982,15.800365924835205,22.28719525784254
7,2,16,0,random440_expressivespeech_051::0,104,False,16.240379333496094,24.145384550094604,40.36666023731232
7,2,16,1,random440_expressivespeech_051::1,129,False,20.72526502609253,30.514848709106445,51.65542938746512
7,2,16,2,random440_expressivespeech_051::2,145,False,23.227965354919434,34.22527599334717,57.43991674296558
7,2,16,3,random440_expressivespeech_051::3,120,False,18.64218258857727,46.32503628730774,64.94795053265989
7,2,17,0,random440_deear_052::0,81,False,12.810454607009888,18.333792209625244,31.126280480995774
7,2,17,1,random440_deear_052::1,95,False,16.059956550598145,21.386005878448486,37.43593438714743
7,2,17,2,random440_deear_052::2,89,False,14.196816205978394,20.958035707473755,35.63619820587337
7,2,17,3,random440_deear_052::3,98,False,15.036991834640503,37.983115434646606,53.00597842037678
7,2,18,0,random440_expressivespeech_289::0,204,False,35.08663296699524,48.513455629348755,82.58428982645273
7,2,18,1,random440_expressivespeech_289::1,185,False,28.878830194473267,44.28805589675903,73.15509545616806
7,2,18,2,random440_expressivespeech_289::2,158,False,26.272496461868286,36.74258017539978,63.00057497434318
7,2,18,3,random440_expressivespeech_289::3,159,False,25.649390697479248,83.8993833065033,109.51237561367452
7,2,19,0,random440_expressivespeech_108::0,246,False,41.853554487228394,59.06564998626709,99.6497721709311
7,2,19,1,random440_expressivespeech_108::1,385,False,66.54345726966858,95.40820932388306,160.123076364398
7,2,19,2,random440_expressivespeech_108::2,289,False,45.41554355621338,70.73553156852722,117.80199896357954
7,2,19,3,random440_expressivespeech_108::3,283,False,44.76314043998718,425.70541882514954,470.43857446685433
7,2,20,0,random440_deear_067::0,10,True,1.5334045886993408,2.1611433029174805,3.6771848052740097
7,2,20,1,random440_deear_067::1,7,True,1.0773365497589111,1.523749589920044,2.5904934015125036
7,2,20,2,random440_deear_067::2,7,True,1.0649359226226807,1.4988007545471191,2.5610671173781157
7,2,20,3,random440_deear_067::3,7,True,1.0706651210784912,5.347222805023193,6.4157799649983644
7,2,21,0,random440_expressivespeech_034::0,20,False,3.02528715133667,4.4411256313323975,7.453240169212222
7,2,21,1,random440_expressivespeech_034::1,24,False,4.1898698806762695,5.259321451187134,9.438383802771568
7,2,21,2,random440_expressivespeech_034::2,19,False,2.8799424171447754,4.1514892578125,7.023556832224131
7,2,21,3,random440_expressivespeech_034::3,29,False,4.316129922866821,14.303974866867065,18.604348838329315
7,2,22,0,random440_expressivespeech_330::0,213,False,33.95857310295105,50.32862067222595,84.26838860474527
7,2,22,1,random440_expressivespeech_330::1,252,False,39.80140829086304,60.22021222114563,100.04256436228752
7,2,22,2,random440_expressivespeech_330::2,226,False,35.60690927505493,53.79634356498718,89.41285913065076
7,2,22,3,random440_expressivespeech_330::3,221,False,35.693028926849365,68.69215202331543,104.41495276615024
7,2,23,0,random440_expressivespeech_268::0,151,False,22.893953323364258,35.8219428062439,58.697515239939094
7,2,23,1,random440_expressivespeech_268::1,166,False,25.76288151741028,38.80016613006592,64.59287105314434
7,2,23,2,random440_expressivespeech_268::2,180,False,29.197433948516846,41.81133508682251,71.02723596803844
7,2,23,3,random440_expressivespeech_268::3,130,False,21.361721992492676,53.17412257194519,74.55061051622033
7,2,24,0,random440_expressivespeech_273::0,40,False,5.941650867462158,8.754592180252075,14.679456684738398
7,2,24,1,random440_expressivespeech_273::1,37,False,6.2072203159332275,8.384985446929932,14.580668438225985
7,2,24,2,random440_expressivespeech_273::2,37,False,5.524982929229736,8.047079086303711,13.560456220060587
7,2,24,3,random440_expressivespeech_273::3,40,False,6.665544748306274,14.128384828567505,20.926731010898948
7,3,0,0,random440_expressivespeech_059::0,41,False,9.385666608810425,9.69056749343872,19.05749697983265
7,3,0,1,random440_expressivespeech_059::1,48,False,9.16382908821106,11.28971529006958,20.596162617206573
7,3,0,2,random440_expressivespeech_059::2,48,False,7.999719619750977,12.256730318069458,20.436136020347476
7,3,0,3,random440_expressivespeech_059::3,47,False,8.115612745285034,11.37965703010559,19.666308544576168
7,3,1,0,random440_expressivespeech_039::0,120,False,24.275448083877563,30.333787202835083,54.59022772312164
7,3,1,1,random440_expressivespeech_039::1,143,False,26.26172399520874,35.964088439941406,62.21008396521211
7,3,1,2,random440_expressivespeech_039::2,155,False,27.93332028388977,39.581127405166626,68.10572398453951
7,3,1,3,random440_expressivespeech_039::3,111,False,19.395059823989868,39.06302738189697,58.42226282320917
7,3,2,0,random440_deear_094::0,12,False,2.0717289447784424,2.8120076656341553,4.868104420602322
7,3,2,1,random440_deear_094::1,17,False,2.880678653717041,3.9187240600585938,6.789184028282762
7,3,2,2,random440_deear_094::2,24,False,4.325645446777344,5.723324537277222,10.030757205560803
7,3,2,3,random440_deear_094::3,14,False,2.9911201000213623,7.850083827972412,10.834912156686187
7,3,3,0,random440_expressivespeech_030::0,39,False,6.847693920135498,9.224627256393433,16.05306551977992
7,3,3,1,random440_expressivespeech_030::1,31,False,5.830984354019165,7.428861141204834,13.251293953508139
7,3,3,2,random440_expressivespeech_030::2,51,False,8.811897039413452,12.858686685562134,21.657707687467337
7,3,3,3,random440_expressivespeech_030::3,42,False,7.461382150650024,14.630828857421875,22.35987308435142
7,3,4,0,random440_expressivespeech_049::0,78,False,14.624516487121582,18.712758779525757,33.3171762265265
7,3,4,1,random440_expressivespeech_049::1,71,False,13.553314447402954,17.264906406402588,31.20363014563918
7,3,4,2,random440_expressivespeech_049::2,81,False,14.414302587509155,20.59449076652527,35.000155275687575
7,3,4,3,random440_expressivespeech_049::3,80,False,13.961588144302368,28.637080669403076,42.915598874911666
7,3,5,0,random440_expressivespeech_243::0,102,False,18.994457483291626,25.61394166946411,44.58894390799105
7,3,5,1,random440_expressivespeech_243::1,68,False,11.73126482963562,17.59272813796997,29.733276296406984
7,3,5,2,random440_expressivespeech_243::2,71,False,12.108822345733643,17.54049324989319,29.63752999342978
7,3,5,3,random440_expressivespeech_243::3,69,False,11.742775917053223,17.66327691078186,29.39411921799183
7,3,6,0,random440_expressivespeech_242::0,56,False,9.505541801452637,13.572715520858765,23.05641240812838
7,3,6,1,random440_expressivespeech_242::1,52,False,9.31596040725708,12.433707475662231,21.73721465282142
7,3,6,2,random440_expressivespeech_242::2,77,False,14.66661548614502,18.383403539657593,33.03868940286338
7,3,6,3,random440_expressivespeech_242::3,60,False,10.752636671066284,14.3888680934906,25.442955065518618
7,3,7,0,random440_expressivespeech_244::0,72,False,13.664155960083008,17.19638442993164,30.8434904422611
7,3,7,1,random440_expressivespeech_244::1,62,False,11.375245571136475,14.818887710571289,26.476873582229018
7,3,7,2,random440_expressivespeech_244::2,60,False,11.01051950454712,15.048194646835327,26.30375442095101
7,3,7,3,random440_expressivespeech_244::3,84,False,15.092506170272827,20.445816040039062,35.5255195684731
7,3,8,0,random440_deear_034::0,69,False,13.15822148323059,16.78208041191101,29.919626465067267
7,3,8,1,random440_deear_034::1,59,False,10.651833295822144,14.177392959594727,24.818669855594635
7,3,8,2,random440_deear_034::2,61,False,11.392427444458008,15.55358099937439,26.932785796001554
7,3,8,3,random440_deear_034::3,64,False,10.85706615447998,16.05758047103882,26.900371672585607
7,3,9,0,random440_deear_081::0,27,False,4.823967456817627,6.436645984649658,11.239931354299188
7,3,9,1,random440_deear_081::1,25,False,4.719869613647461,6.628603458404541,11.335266152396798
7,3,9,2,random440_deear_081::2,30,False,5.275836229324341,7.20974326133728,12.565160794183612
7,3,9,3,random440_deear_081::3,39,False,6.700933456420898,9.923490524291992,16.60962905175984
7,3,10,0,random440_expressivespeech_033::0,21,False,3.861652374267578,5.003697395324707,8.848452236503363
7,3,10,1,random440_expressivespeech_033::1,32,False,5.379584789276123,7.906059741973877,13.270232494920492
7,3,10,2,random440_expressivespeech_033::2,31,False,6.46474289894104,7.356993675231934,13.806098094210029
7,3,10,3,random440_expressivespeech_033::3,21,False,3.5855071544647217,8.179066181182861,11.869500370696187
7,3,11,0,random440_expressivespeech_012::0,126,False,22.946879148483276,32.1134889125824,55.04147154092789
7,3,11,1,random440_expressivespeech_012::1,86,False,15.559780359268188,21.260871171951294,36.78364488296211
7,3,11,2,random440_expressivespeech_012::2,87,False,15.847188472747803,22.04963445663452,37.885208336636424
7,3,11,3,random440_expressivespeech_012::3,92,False,15.691623449325562,36.15342164039612,51.833230366930366
7,3,12,0,random440_deear_053::0,9,False,1.5395734310150146,2.083972692489624,3.607807045802474
7,3,12,1,random440_deear_053::1,12,False,2.013477325439453,2.801823139190674,4.8056526109576225
7,3,12,2,random440_deear_053::2,13,False,2.1844470500946045,3.052858829498291,5.220979096367955
7,3,12,3,random440_deear_053::3,9,False,1.5279030799865723,10.581376314163208,12.130174135789275
7,3,13,0,random440_expressivespeech_284::0,68,False,13.121498346328735,16.163976669311523,29.26514119654894
7,3,13,1,random440_expressivespeech_284::1,40,False,7.269124269485474,9.564157247543335,16.82305478863418
7,3,13,2,random440_expressivespeech_284::2,41,False,7.0157880783081055,10.789969682693481,17.794549766927958
7,3,13,3,random440_expressivespeech_284::3,51,False,8.925497055053711,12.09023666381836,21.167364386841655
7,3,14,0,random440_expressivespeech_253::0,25,False,4.5812506675720215,6.254614591598511,10.817307202145457
7,3,14,1,random440_expressivespeech_253::1,21,False,3.5953691005706787,4.977393865585327,8.556359503418207
7,3,14,2,random440_expressivespeech_253::2,28,False,4.86521577835083,6.598588943481445,11.449787180870771
7,3,14,3,random440_expressivespeech_253::3,18,False,3.535874605178833,4.865362644195557,8.494681984186172
7,3,15,0,random440_expressivespeech_153::0,56,False,9.676878690719604,13.580028057098389,23.21379460953176
7,3,15,1,random440_expressivespeech_153::1,58,False,10.328336000442505,13.826999187469482,24.146662782877684
7,3,15,2,random440_expressivespeech_153::2,49,False,9.253854513168335,11.674020051956177,21.1467077806592
7,3,15,3,random440_expressivespeech_153::3,54,False,9.310099840164185,13.320539236068726,22.619590632617474
7,3,16,0,random440_expressivespeech_133::0,115,False,20.07145357131958,29.086900234222412,49.13975810445845
7,3,16,1,random440_expressivespeech_133::1,116,False,20.434547901153564,29.4676353931427,49.888108311221
7,3,16,2,random440_expressivespeech_133::2,118,False,20.61864399909973,30.161684036254883,50.76516032777727
7,3,16,3,random440_expressivespeech_133::3,148,False,26.371968746185303,38.03170084953308,64.39025945216417
7,3,17,0,random440_expressivespeech_224::0,150,False,26.049885272979736,37.84097671508789,63.870921056717634
7,3,17,1,random440_expressivespeech_224::1,74,False,13.367266416549683,17.731229066848755,31.082040883600712
7,3,17,2,random440_expressivespeech_224::2,67,False,13.040926456451416,15.936383724212646,28.970168739557266
7,3,17,3,random440_expressivespeech_224::3,69,False,12.483651161193848,20.2889666557312,32.759338676929474
7,3,18,0,random440_expressivespeech_118::0,184,False,34.89542818069458,47.213027238845825,81.2014385163784
7,3,18,1,random440_expressivespeech_118::1,153,False,27.033735275268555,38.823004484176636,65.84759139455855
7,3,18,2,random440_expressivespeech_118::2,163,False,28.2023606300354,41.81881856918335,70.02085513807833
7,3,18,3,random440_expressivespeech_118::3,183,False,33.193625926971436,79.4068398475647,111.55650973878801
7,3,19,0,random440_deear_050::0,267,False,51.20953869819641,69.5718789100647,119.31442046910524
7,3,19,1,random440_deear_050::1,288,False,53.11325812339783,74.37539768218994,126.0190894715488
7,3,19,2,random440_deear_050::2,311,False,57.3087739944458,81.5717704296112,137.08205203711987
7,3,19,3,random440_deear_050::3,311,False,56.609078884124756,406.8310067653656,463.3908805567771
7,3,20,0,random440_deear_067::0,10,True,1.7271363735198975,2.331652879714966,4.044081782922149
7,3,20,1,random440_deear_067::1,7,True,1.1911225318908691,1.6366946697235107,2.818191487342119
7,3,20,2,random440_deear_067::2,7,True,1.2039377689361572,1.6311676502227783,2.843967469409108
7,3,20,3,random440_deear_067::3,7,True,1.1864609718322754,4.362877607345581,5.548670528456569
7,3,21,0,random440_deear_005::0,27,False,4.561460494995117,7.1424455642700195,11.687854114919901
7,3,21,1,random440_deear_005::1,29,False,5.131908178329468,6.911096096038818,12.050322206690907
7,3,21,2,random440_deear_005::2,21,False,3.522052526473999,4.997386932373047,8.509389100596309
7,3,21,3,random440_deear_005::3,22,False,3.7690155506134033,6.512850761413574,10.269045915454626
7,3,22,0,random440_expressivespeech_077::0,213,False,38.108479261398315,55.33711242675781,92.3535874299705
7,3,22,1,random440_expressivespeech_077::1,229,False,41.79218411445618,59.1798529624939,99.77647687867284
7,3,22,2,random440_expressivespeech_077::2,211,False,38.069408655166626,54.096869707107544,91.2318155001849
7,3,22,3,random440_expressivespeech_077::3,212,False,38.926642179489136,54.7567937374115,92.54568669013679
7,3,23,0,random440_expressivespeech_151::0,136,False,23.61055588722229,35.2753210067749,58.86743970960379
7,3,23,1,random440_expressivespeech_151::1,128,False,22.45773148536682,32.263453006744385,54.749642776325345
7,3,23,2,random440_expressivespeech_151::2,173,False,31.23842740058899,44.68291878700256,75.07580222375691
7,3,23,3,random440_expressivespeech_151::3,180,False,32.21901988983154,47.67650580406189,79.64974799007177
7,3,24,0,random440_expressivespeech_297::0,42,False,7.062252044677734,10.112105131149292,17.156538765877485
7,3,24,1,random440_expressivespeech_297::1,28,False,5.734467029571533,6.665656566619873,12.39477689191699
7,3,24,2,random440_expressivespeech_297::2,36,False,6.088172435760498,8.537193536758423,14.616710770875216
7,3,24,3,random440_expressivespeech_297::3,44,False,9.027671337127686,10.596251487731934,19.61325689777732
7,4,0,0,random440_expressivespeech_114::0,47,False,10.25104284286499,10.53136920928955,20.763437563553452
7,4,0,1,random440_expressivespeech_114::1,51,False,9.601994752883911,11.657328367233276,21.425838962197304
7,4,0,2,random440_expressivespeech_114::2,41,False,6.7122838497161865,10.488741397857666,17.184247076511383
7,4,0,3,random440_expressivespeech_114::3,44,False,6.912084341049194,13.16111707687378,20.051555283367634
7,4,1,0,random440_deear_098::0,125,False,24.239619255065918,31.231919050216675,55.45345592685044
7,4,1,1,random440_deear_098::1,126,False,21.6120548248291,31.04603362083435,53.14566669240594
7,4,1,2,random440_deear_098::2,121,False,20.026970863342285,29.804383754730225,50.33756950311363
7,4,1,3,random440_deear_098::3,157,False,27.778048515319824,57.61008548736572,85.3512892127037
7,4,2,0,random440_expressivespeech_119::0,14,False,2.2384350299835205,3.0976033210754395,5.320116218179464
7,4,2,1,random440_expressivespeech_119::1,14,False,2.226134777069092,3.0644326210021973,5.280817072838545
7,4,2,2,random440_expressivespeech_119::2,24,False,3.809150218963623,5.3768041133880615,9.220052924007177
7,4,2,3,random440_expressivespeech_119::3,15,False,2.6968514919281006,10.126811504364014,12.80888532102108
7,4,3,0,random440_expressivespeech_320::0,43,False,7.102306604385376,9.644172430038452,16.725697239860892
7,4,3,1,random440_expressivespeech_320::1,38,False,7.0552191734313965,8.55550241470337,15.597246136516333
7,4,3,2,random440_expressivespeech_320::2,43,False,6.821741819381714,9.992249250411987,16.802435697987676
7,4,3,3,random440_expressivespeech_320::3,34,False,6.454125165939331,17.53562831878662,24.15542142651975
7,4,4,0,random440_deear_079::0,74,False,12.679418325424194,16.5912184715271,29.25306824967265
7,4,4,1,random440_deear_079::1,91,False,16.37259316444397,21.900450706481934,38.56276045180857
7,4,4,2,random440_deear_079::2,97,False,15.594237327575684,24.01956868171692,39.97495620697737
7,4,4,3,random440_deear_079::3,85,False,13.758851051330566,20.85569715499878,35.001227939501405
7,4,5,0,random440_expressivespeech_032::0,70,False,12.589500904083252,16.011723279953003,28.579609973356128
7,4,5,1,random440_expressivespeech_032::1,69,False,11.635638236999512,15.800002813339233,27.42411938868463
7,4,5,2,random440_expressivespeech_032::2,100,False,18.042806148529053,23.267329692840576,41.298067511990666
7,4,5,3,random440_expressivespeech_032::3,65,False,10.96929669380188,24.24554419517517,35.69309054128826
7,4,6,0,random440_deear_027::0,59,False,9.615898370742798,13.583610773086548,23.177410265430808
7,4,6,1,random440_deear_027::1,56,False,9.179540872573853,12.544275522232056,21.713890090584755
7,4,6,2,random440_deear_027::2,68,False,12.348547458648682,15.311217069625854,27.648738076910377
7,4,6,3,random440_deear_027::3,60,False,10.137306213378906,20.16960573196411,30.568692177534103
7,4,7,0,random440_expressivespeech_308::0,74,False,13.58617091178894,16.775283813476562,30.343872401863337
7,4,7,1,random440_expressivespeech_308::1,72,False,12.310205936431885,16.08434796333313,28.68596476316452
7,4,7,2,random440_expressivespeech_308::2,64,False,11.612305164337158,14.551854610443115,26.43836129643023
7,4,7,3,random440_expressivespeech_308::3,61,False,9.564338207244873,23.89185070991516,33.43348313681781
7,4,8,0,random440_deear_026::0,63,False,11.88735055923462,14.151053428649902,26.01828202418983
7,4,8,1,random440_deear_026::1,58,False,9.254947662353516,13.588155746459961,22.830198230221868
7,4,8,2,random440_deear_026::2,69,False,11.036337614059448,16.766917943954468,27.792175641283393
7,4,8,3,random440_deear_026::3,63,False,10.28818941116333,21.526660919189453,32.07424114830792
7,4,9,0,random440_expressivespeech_241::0,28,False,4.371866464614868,6.20677924156189,10.559287080541253
7,4,9,1,random440_expressivespeech_241::1,33,False,5.818728446960449,8.140251159667969,13.947064973413944
7,4,9,2,random440_expressivespeech_241::2,32,False,5.217118501663208,7.0635316371917725,12.402659500017762
7,4,9,3,random440_expressivespeech_241::3,25,False,3.907057285308838,10.831046342849731,14.840895446017385
7,4,10,0,random440_expressivespeech_156::0,25,False,4.120559215545654,5.631475925445557,9.738242868334055
7,4,10,1,random440_expressivespeech_156::1,26,False,4.040425062179565,5.780099630355835,9.81109775416553
7,4,10,2,random440_expressivespeech_156::2,24,False,5.019194841384888,5.755352973937988,10.868201332166791
7,4,10,3,random440_expressivespeech_156::3,27,False,4.184457302093506,13.44078016281128,17.60838591121137
7,4,11,0,random440_deear_065::0,90,False,15.145965337753296,21.90478491783142,37.001026295125484
7,4,11,1,random440_deear_065::1,91,False,14.711627006530762,21.847357511520386,36.9666347540915
7,4,11,2,random440_deear_065::2,104,False,16.629380702972412,25.579702615737915,42.56074890308082
7,4,11,3,random440_deear_065::3,100,False,16.835168838500977,49.05067420005798,66.26882450841367
7,4,12,0,random440_deear_046::0,15,False,2.3768320083618164,3.312932252883911,5.672648027539253
7,4,12,1,random440_deear_046::1,16,False,2.494797468185425,3.520693063735962,6.003462417051196
7,4,12,2,random440_deear_046::2,14,False,2.4391348361968994,3.0648434162139893,5.492901012301445
7,4,12,3,random440_deear_046::3,19,False,2.9868223667144775,5.515833139419556,8.485293550416827
7,4,13,0,random440_expressivespeech_214::0,75,False,13.370938539505005,17.091770887374878,30.440792789682746
7,4,13,1,random440_expressivespeech_214::1,43,False,7.4424402713775635,9.629885911941528,17.062307072803378
7,4,13,2,random440_expressivespeech_214::2,40,False,6.526502847671509,10.433834552764893,16.945768682286143
7,4,13,3,random440_expressivespeech_214::3,39,False,6.130340337753296,14.024755954742432,20.1396204829216
7,4,14,0,random440_expressivespeech_275::0,22,False,4.085737228393555,5.308966636657715,9.374012315645814
7,4,14,1,random440_expressivespeech_275::1,32,False,5.056481122970581,7.121612071990967,12.165393330156803
7,4,14,2,random440_expressivespeech_275::2,16,False,2.523298740386963,3.5083565711975098,6.0244630221277475
7,4,14,3,random440_expressivespeech_275::3,18,False,3.042853593826294,8.630864381790161,11.654392564669251
7,4,15,0,random440_expressivespeech_328::0,54,False,8.862072467803955,12.077157974243164,20.919491486623883
7,4,15,1,random440_expressivespeech_328::1,55,False,9.331325769424438,12.285530090332031,21.818313604220748
7,4,15,2,random440_expressivespeech_328::2,53,False,8.799147129058838,13.257092475891113,22.268748443573713
7,4,15,3,random440_expressivespeech_328::3,52,False,8.432318449020386,17.732091903686523,26.14643288590014
7,4,16,0,random440_expressivespeech_331::0,146,False,25.168909788131714,34.61221241950989,59.762498803436756
7,4,16,1,random440_expressivespeech_331::1,95,False,15.714046716690063,23.065035581588745,38.763079792261124
7,4,16,2,random440_expressivespeech_331::2,107,False,18.06706476211548,25.918668746948242,43.9767392501235
7,4,16,3,random440_expressivespeech_331::3,117,False,19.146169185638428,52.75161671638489,72.291509186849
7,4,17,0,random440_expressivespeech_161::0,78,False,12.952075004577637,17.723618745803833,30.655144622549415
7,4,17,1,random440_expressivespeech_161::1,108,False,19.077730894088745,25.617319107055664,44.68747893162072
7,4,17,2,random440_expressivespeech_161::2,88,False,14.321939468383789,21.770042181015015,36.515186090022326
7,4,17,3,random440_expressivespeech_161::3,77,False,12.325479984283447,33.193525314331055,45.472092842683196
7,4,18,0,random440_expressivespeech_274::0,141,False,23.879870414733887,33.6112847328186,57.47511371970177
7,4,18,1,random440_expressivespeech_274::1,187,False,34.47102403640747,45.61984372138977,79.32074240967631
7,4,18,2,random440_expressivespeech_274::2,160,False,27.07646656036377,38.70087695121765,65.76794870011508
7,4,18,3,random440_expressivespeech_274::3,170,False,28.20837712287903,97.8700008392334,126.01842874661088
7,4,19,0,random440_expressivespeech_141::0,254,False,46.43241095542908,62.44022870063782,107.72422239929438
7,4,19,1,random440_expressivespeech_141::1,228,False,39.317076444625854,56.80999732017517,96.12301140092313
7,4,19,2,random440_expressivespeech_141::2,306,False,54.76304531097412,75.95141005516052,128.98111729882658
7,4,19,3,random440_expressivespeech_141::3,270,False,46.47488594055176,469.12292194366455,515.5533997789025
7,4,20,0,random440_expressivespeech_048::0,10,False,1.611276388168335,2.183347702026367,3.7796431370079517
7,4,20,1,random440_expressivespeech_048::1,13,False,2.0716652870178223,2.8516604900360107,4.911916380748153
7,4,20,2,random440_expressivespeech_048::2,8,False,1.2736790180206299,1.7323365211486816,2.99746385589242
7,4,20,3,random440_expressivespeech_048::3,9,False,1.4276299476623535,2.0577709674835205,3.4964550379663706
7,4,21,0,random440_deear_029::0,25,False,3.918936014175415,6.119745969772339,10.01920846477151
7,4,21,1,random440_deear_029::1,25,False,4.377000570297241,5.513144493103027,9.919319989159703
7,4,21,2,random440_deear_029::2,26,False,4.079168796539307,5.760620594024658,9.937934573739767
7,4,21,3,random440_deear_029::3,23,False,3.6052284240722656,8.99398136138916,12.678151896223426
7,4,22,0,random440_expressivespeech_130::0,202,False,33.64370894432068,48.83519005775452,82.46060875989497
7,4,22,1,random440_expressivespeech_130::1,194,False,33.86125659942627,46.973878622055054,80.83536406606436
7,4,22,2,random440_expressivespeech_130::2,223,False,37.65583682060242,55.06503081321716,92.73870953917503
7,4,22,3,random440_expressivespeech_130::3,202,False,34.83859920501709,88.07160782814026,122.84576276689768
7,4,23,0,random440_expressivespeech_299::0,161,False,26.598598957061768,39.167832136154175,65.74469343572855
7,4,23,1,random440_expressivespeech_299::1,145,False,24.858030557632446,34.27462315559387,59.15481945686042
7,4,23,2,random440_expressivespeech_299::2,171,False,29.50154709815979,40.59442639350891,70.11616727337241
7,4,23,3,random440_expressivespeech_299::3,121,False,20.77210235595703,53.3131685256958,74.0669335052371
7,4,24,0,random440_expressivespeech_047::0,25,False,4.2063281536102295,5.5651891231536865,9.754917671903968
7,4,24,1,random440_expressivespeech_047::1,44,False,7.1917500495910645,10.601000308990479,17.78159592486918
7,4,24,2,random440_expressivespeech_047::2,40,False,6.241147756576538,8.94124722480774,15.175253730267286
7,4,24,3,random440_expressivespeech_047::3,34,False,5.75654149055481,15.214527130126953,20.947537016123533
7,5,0,0,random440_deear_007::0,43,False,9.497305393218994,10.284632921218872,19.76312272809446
7,5,0,1,random440_deear_007::1,45,False,8.187822103500366,10.635733604431152,18.975363589823246
7,5,0,2,random440_deear_007::2,44,False,7.031572580337524,11.253194570541382,18.430535685271025
7,5,0,3,random440_deear_007::3,50,False,8.336668491363525,14.045342206954956,22.358522407710552
7,5,1,0,random440_expressivespeech_121::0,114,False,22.25874376296997,29.804871082305908,52.04235798120499
7,5,1,1,random440_expressivespeech_121::1,149,False,26.460875272750854,38.48159742355347,64.92556853964925
7,5,1,2,random440_expressivespeech_121::2,134,False,22.920698404312134,34.25896596908569,57.165820471942425
7,5,1,3,random440_expressivespeech_121::3,131,False,22.552939891815186,46.279422998428345,68.79679292812943
7,5,2,0,random440_expressivespeech_213::0,13,False,2.120035171508789,3.0302071571350098,5.134941039606929
7,5,2,1,random440_expressivespeech_213::1,16,False,2.566955804824829,3.6985273361206055,6.250840947031975
7,5,2,2,random440_expressivespeech_213::2,15,False,2.4356794357299805,3.456578493118286,5.8817522544413805
7,5,2,3,random440_expressivespeech_213::3,22,False,3.8355557918548584,11.566148042678833,15.384706662967801
7,5,3,0,random440_expressivespeech_023::0,42,False,6.746485948562622,10.05650806427002,16.782199939712882
7,5,3,1,random440_expressivespeech_023::1,52,False,9.289690494537354,12.311651468276978,21.58856702595949
7,5,3,2,random440_expressivespeech_023::2,43,False,7.17112922668457,11.391711473464966,18.76361238770187
7,5,3,3,random440_expressivespeech_023::3,41,False,6.585920095443726,9.695491313934326,16.26047501154244
7,5,4,0,random440_expressivespeech_324::0,74,False,13.095503091812134,17.7238929271698,30.80009549856186
7,5,4,1,random440_expressivespeech_324::1,71,False,13.084144353866577,17.088496446609497,30.465009585022926
7,5,4,2,random440_expressivespeech_324::2,79,False,13.79365873336792,19.125196933746338,32.90415342897177
7,5,4,3,random440_expressivespeech_324::3,115,False,19.961649656295776,28.659013748168945,49.05582523532212
7,5,5,0,random440_expressivespeech_191::0,85,False,15.46628737449646,20.26315140724182,35.711464796215296
7,5,5,1,random440_expressivespeech_191::1,75,False,13.01207971572876,18.059502363204956,31.060459895059466
7,5,5,2,random440_expressivespeech_191::2,67,False,11.844718217849731,15.880751609802246,27.719227688387036
7,5,5,3,random440_expressivespeech_191::3,76,False,13.624909400939941,24.712848901748657,38.323712756857276
7,5,6,0,random440_expressivespeech_145::0,50,False,8.001887083053589,11.892145156860352,19.875938780605793
7,5,6,1,random440_expressivespeech_145::1,80,False,14.194457769393921,19.500099182128906,33.680357947945595
7,5,6,2,random440_expressivespeech_145::2,47,False,8.152262449264526,11.146315813064575,19.69591909274459
7,5,6,3,random440_expressivespeech_145::3,55,False,9.524832487106323,20.426946878433228,29.93711838684976
7,5,7,0,random440_expressivespeech_189::0,56,False,10.08733344078064,13.797264814376831,23.86897737160325
7,5,7,1,random440_expressivespeech_189::1,60,False,9.944369316101074,14.773796558380127,24.707246670499444
7,5,7,2,random440_expressivespeech_189::2,80,False,13.139212369918823,20.27262306213379,33.637678161263466
7,5,7,3,random440_expressivespeech_189::3,75,False,12.21459150314331,24.265985250473022,36.79510556720197
7,5,8,0,random440_expressivespeech_335::0,66,False,12.25560188293457,15.845779657363892,28.08361633680761
7,5,8,1,random440_expressivespeech_335::1,54,False,9.62112545967102,12.931902885437012,22.541212894022465
7,5,8,2,random440_expressivespeech_335::2,59,False,9.828925371170044,15.248691082000732,25.063418865203857
7,5,8,3,random440_expressivespeech_335::3,71,False,12.246639251708984,20.637984037399292,32.87062618136406
7,5,9,0,random440_deear_099::0,19,False,3.139770984649658,4.436220169067383,7.558910762891173
7,5,9,1,random440_deear_099::1,43,False,7.325732231140137,11.295902729034424,18.60667704232037
7,5,9,2,random440_deear_099::2,19,False,3.5016870498657227,4.414373397827148,7.901283003389835
7,5,9,3,random440_deear_099::3,36,False,6.127204656600952,11.492111921310425,17.601366497576237
7,5,10,0,random440_deear_097::0,29,False,5.105787754058838,6.850857973098755,11.936659229919314
7,5,10,1,random440_deear_097::1,26,False,4.433574438095093,6.537142276763916,10.956940116360784
7,5,10,2,random440_deear_097::2,23,False,4.963513135910034,5.39796781539917,10.35145047865808
7,5,10,3,random440_deear_097::3,23,False,3.8925647735595703,10.687898874282837,14.563701067119837
7,5,11,0,random440_expressivespeech_001::0,106,False,19.608338832855225,27.0359628200531,46.623793356120586
7,5,11,1,random440_expressivespeech_001::1,115,False,20.66854238510132,29.42833685874939,50.52897799946368
7,5,11,2,random440_expressivespeech_001::2,95,False,15.831174373626709,23.840455055236816,39.65429024398327
7,5,11,3,random440_expressivespeech_001::3,108,False,18.964195728302002,26.970855712890625,45.908214434981346
7,5,12,0,random440_expressivespeech_173::0,8,False,1.3327667713165283,1.8659403324127197,3.1836709324270487
7,5,12,1,random440_expressivespeech_173::1,23,False,3.9191486835479736,5.428123235702515,9.32960713095963
7,5,12,2,random440_expressivespeech_173::2,9,False,1.465895175933838,2.1417384147644043,3.5981044340878725
7,5,12,3,random440_expressivespeech_173::3,24,False,3.830364227294922,5.8077497482299805,9.62333034351468
7,5,13,0,random440_expressivespeech_060::0,56,False,10.189804315567017,13.32553482055664,23.49159766174853
7,5,13,1,random440_expressivespeech_060::1,54,False,9.550286531448364,12.829077959060669,22.367945812642574
7,5,13,2,random440_expressivespeech_060::2,45,False,7.513427257537842,11.707021951675415,19.428189715370536
7,5,13,3,random440_expressivespeech_060::3,41,False,6.78119421005249,12.886542558670044,19.64555603824556
7,5,14,0,random440_expressivespeech_140::0,49,False,8.704479932785034,11.651629209518433,20.336972748860717
7,5,14,1,random440_expressivespeech_140::1,14,False,2.266770362854004,3.2559895515441895,5.71181907877326
7,5,14,2,random440_expressivespeech_140::2,14,False,2.2645347118377686,3.2577497959136963,5.511724127456546
7,5,14,3,random440_expressivespeech_140::3,10,False,1.9727153778076172,5.767869472503662,7.796859361231327
7,5,15,0,random440_expressivespeech_015::0,53,False,8.928784370422363,12.729011535644531,21.63841119967401
7,5,15,1,random440_expressivespeech_015::1,43,False,7.981499433517456,10.225011825561523,18.44340453669429
7,5,15,2,random440_expressivespeech_015::2,47,False,7.6818389892578125,12.106647729873657,19.7784819342196
7,5,15,3,random440_expressivespeech_015::3,69,False,11.614167928695679,19.632283210754395,31.41612670943141
7,5,16,0,random440_deear_020::0,119,False,20.3771550655365,30.550859928131104,50.908531095832586
7,5,16,1,random440_deear_020::1,118,False,19.7198166847229,30.102949142456055,49.80639491043985
7,5,16,2,random440_deear_020::2,105,False,18.43672466278076,26.939955711364746,45.36132247187197
7,5,16,3,random440_deear_020::3,122,False,20.488286018371582,47.69148588180542,68.16549523174763
7,5,17,0,random440_expressivespeech_029::0,77,False,13.397162437438965,18.732769012451172,32.10924791917205
7,5,17,1,random440_expressivespeech_029::1,92,False,16.260594367980957,23.034623861312866,39.25538679398596
7,5,17,2,random440_expressivespeech_029::2,86,False,14.340690851211548,21.974497079849243,36.75982619635761
7,5,17,3,random440_expressivespeech_029::3,95,False,15.66640567779541,33.502729177474976,49.13612465374172
7,5,18,0,random440_expressivespeech_174::0,146,False,25.75662612915039,37.24013876914978,62.97932322509587
7,5,18,1,random440_expressivespeech_174::1,187,False,33.55787253379822,47.723230600357056,80.48037360422313
7,5,18,2,random440_expressivespeech_174::2,153,False,26.25962543487549,39.58931112289429,65.8405581228435
7,5,18,3,random440_expressivespeech_174::3,162,False,27.957154750823975,91.61514401435852,119.5283763948828
7,5,19,0,random440_expressivespeech_018::0,505,False,98.89958834648132,134.99481296539307,230.20491117984056
7,5,19,1,random440_expressivespeech_018::1,511,False,90.3119146823883,135.77111983299255,222.96033465117216
7,5,19,2,random440_expressivespeech_018::2,431,False,74.91029334068298,115.67018556594849,190.58443084172904
7,5,19,3,random440_expressivespeech_018::3,446,False,78.47929120063782,119.9907157421112,198.48704526014626
7,5,20,0,random440_expressivespeech_316::0,8,False,1.3616232872009277,1.8805055618286133,3.2245583944022655
7,5,20,1,random440_expressivespeech_316::1,11,False,1.8041338920593262,2.6040384769439697,4.398732263594866
7,5,20,2,random440_expressivespeech_316::2,8,False,1.3296573162078857,1.869340419769287,3.1888910941779613
7,5,20,3,random440_expressivespeech_316::3,11,False,1.799727201461792,2.579012393951416,4.37710533477366
7,5,21,0,random440_deear_073::0,28,False,4.561056137084961,7.31732177734375,11.86160664819181
7,5,21,1,random440_deear_073::1,26,False,4.521258354187012,6.19435453414917,10.7073043435812
7,5,21,2,random440_deear_073::2,18,False,2.9495794773101807,4.256237506866455,7.1952956803143024
7,5,21,3,random440_deear_073::3,24,False,3.905290365219116,8.773255348205566,12.66286339983344
7,5,22,0,random440_expressivespeech_276::0,219,False,37.98925566673279,57.0275661945343,94.99884000234306
7,5,22,1,random440_expressivespeech_276::1,214,False,37.12841868400574,55.51747941970825,92.72351589798927
7,5,22,2,random440_expressivespeech_276::2,197,False,34.15812397003174,51.55318737030029,85.78491065092385
7,5,22,3,random440_expressivespeech_276::3,186,False,32.3824565410614,73.0260922908783,105.46032417751849
7,5,23,0,random440_deear_088::0,140,False,23.44374442100525,36.64018940925598,60.06365559250116
7,5,23,1,random440_deear_088::1,144,False,23.950048446655273,36.92840766906738,60.93734555505216
7,5,23,2,random440_deear_088::2,134,False,23.800813674926758,34.13843369483948,57.98349805548787
7,5,23,3,random440_deear_088::3,173,False,30.451611280441284,60.23863077163696,90.71988613158464
7,5,24,0,random440_expressivespeech_336::0,38,False,6.1821417808532715,9.013997077941895,15.175673816353083
7,5,24,1,random440_expressivespeech_336::1,38,False,6.608362674713135,9.093945026397705,15.70452556014061
7,5,24,2,random440_expressivespeech_336::2,36,False,6.1430113315582275,8.5735182762146,14.707918928936124
7,5,24,3,random440_expressivespeech_336::3,29,False,5.4197094440460205,12.60944128036499,18.01441091671586
7,6,0,0,random440_expressivespeech_234::0,36,False,8.569514513015747,8.631608724594116,17.18101330846548
7,6,0,1,random440_expressivespeech_234::1,50,False,10.06842041015625,11.893270015716553,22.075211675837636
7,6,0,2,random440_expressivespeech_234::2,37,False,6.166939973831177,8.963372707366943,15.311560308560729
7,6,0,3,random440_expressivespeech_234::3,57,False,10.760709285736084,14.437451601028442,25.180362414568663
7,6,1,0,random440_deear_051::0,118,False,23.331079483032227,29.318248510360718,52.62928416021168
7,6,1,1,random440_deear_051::1,130,False,23.588828325271606,32.13424372673035,55.70947399549186
7,6,1,2,random440_deear_051::2,122,False,20.780502796173096,30.495829105377197,51.260587107390165
7,6,1,3,random440_deear_051::3,147,False,26.106393575668335,57.538891315460205,83.62594652175903
7,6,2,0,random440_expressivespeech_166::0,14,False,2.608922243118286,3.2257142066955566,5.818913567811251
7,6,2,1,random440_expressivespeech_166::1,21,False,3.4523518085479736,4.846808195114136,8.286231325939298
7,6,2,2,random440_expressivespeech_166::2,16,False,2.639251947402954,3.6510956287384033,6.279454221948981
7,6,2,3,random440_expressivespeech_166::3,27,False,5.66502833366394,6.61373233795166,12.263009821996093
7,6,3,0,random440_expressivespeech_203::0,42,False,6.871522426605225,10.393547296524048,17.24627885594964
7,6,3,1,random440_expressivespeech_203::1,40,False,7.513505697250366,9.667823553085327,17.16825837083161
7,6,3,2,random440_expressivespeech_203::2,54,False,9.159191846847534,13.844892024993896,22.988826230168343
7,6,3,3,random440_expressivespeech_203::3,39,False,6.679796934127808,9.011180877685547,15.895452816039324
7,6,4,0,random440_expressivespeech_171::0,81,False,14.379775285720825,19.136016607284546,33.496103793382645
7,6,4,1,random440_expressivespeech_171::1,88,False,15.932730436325073,21.655609846115112,37.97170483134687
7,6,4,2,random440_expressivespeech_171::2,75,False,12.58522915840149,18.585588932037354,31.528332008048892
7,6,4,3,random440_expressivespeech_171::3,83,False,14.298307418823242,25.187782287597656,39.472133157774806
7,6,5,0,random440_deear_043::0,90,False,16.688985586166382,21.71768045425415,38.386658953502774
7,6,5,1,random440_deear_043::1,71,False,12.412635564804077,16.922143697738647,29.757247906178236
7,6,5,2,random440_deear_043::2,72,False,12.94997525215149,17.0384783744812,29.953425826504827
7,6,5,3,random440_deear_043::3,69,False,11.878554344177246,22.75895857810974,34.97925808094442
7,6,6,0,random440_expressivespeech_277::0,51,False,8.601752519607544,11.944802284240723,20.527090433984995
7,6,6,1,random440_expressivespeech_277::1,61,False,10.52209734916687,14.154515266418457,24.66370403394103
7,6,6,2,random440_expressivespeech_277::2,66,False,12.633602619171143,15.377945899963379,28.247283877804875
7,6,6,3,random440_expressivespeech_277::3,51,False,8.57865595817566,21.201964378356934,30.01356365159154
7,6,7,0,random440_expressivespeech_094::0,80,False,14.978041648864746,18.651615142822266,33.610462948679924
7,6,7,1,random440_expressivespeech_094::1,58,False,10.1376371383667,13.538206815719604,23.99017864279449
7,6,7,2,random440_expressivespeech_094::2,70,False,12.638681411743164,16.444213151931763,29.07167663797736
7,6,7,3,random440_expressivespeech_094::3,61,False,10.605681896209717,21.382678031921387,32.249892016872764
7,6,8,0,random440_deear_001::0,73,False,13.830554485321045,17.13548254966736,30.948207151144743
7,6,8,1,random440_deear_001::1,59,False,10.337846755981445,13.815024614334106,24.440501552075148
7,6,8,2,random440_deear_001::2,57,False,9.752836227416992,14.075262784957886,23.81768164411187
7,6,8,3,random440_deear_001::3,61,False,10.483760356903076,19.01393175125122,29.47648423910141
7,6,9,0,random440_deear_045::0,32,False,5.195469617843628,7.324535846710205,12.49946554005146
7,6,9,1,random440_deear_045::1,39,False,7.908679008483887,8.928838729858398,16.82368510775268
7,6,9,2,random440_deear_045::2,24,False,3.8837897777557373,5.592020511627197,9.46156594157219
7,6,9,3,random440_deear_045::3,22,False,3.5629446506500244,9.194966077804565,12.741743793711066
7,6,10,0,random440_expressivespeech_097::0,23,False,3.9714767932891846,5.271952152252197,9.227545373141766
7,6,10,1,random440_expressivespeech_097::1,26,False,4.266748905181885,5.993201732635498,10.246590672060847
7,6,10,2,random440_expressivespeech_097::2,43,False,8.801975727081299,10.03302550315857,18.919192764908075
7,6,10,3,random440_expressivespeech_097::3,24,False,3.962141275405884,5.500944137573242,9.618945637717843
7,6,11,0,random440_expressivespeech_052::0,102,False,18.442951917648315,25.40986204147339,43.83404534123838
7,6,11,1,random440_expressivespeech_052::1,109,False,18.716362953186035,26.67288613319397,45.798871682956815
7,6,11,2,random440_expressivespeech_052::2,106,False,19.310882568359375,26.14310383796692,45.90269111841917
7,6,11,3,random440_expressivespeech_052::3,105,False,18.153058767318726,28.679750204086304,47.256551776081324
7,6,12,0,random440_expressivespeech_322::0,16,False,2.6369874477386475,3.6494569778442383,6.267810279503465
7,6,12,1,random440_expressivespeech_322::1,16,False,2.60853910446167,3.6754403114318848,6.270495196804404
7,6,12,2,random440_expressivespeech_322::2,17,False,3.0633487701416016,3.832716226577759,6.879784615710378
7,6,12,3,random440_expressivespeech_322::3,13,False,2.134430408477783,4.064849853515625,6.183433590456843
7,6,13,0,random440_expressivespeech_288::0,41,False,7.7898876667022705,9.474072933197021,17.24191109649837
7,6,13,1,random440_expressivespeech_288::1,51,False,8.522711992263794,12.659550666809082,21.167978322133422
7,6,13,2,random440_expressivespeech_288::2,58,False,9.630043983459473,14.184706926345825,24.01207305677235
7,6,13,3,random440_expressivespeech_288::3,41,False,7.171827077865601,15.167341947555542,22.60653548128903
7,6,14,0,random440_expressivespeech_232::0,18,False,3.055392026901245,4.624052047729492,7.661087876185775
7,6,14,1,random440_expressivespeech_232::1,16,False,2.830761432647705,3.6593329906463623,6.473423900082707
7,6,14,2,random440_expressivespeech_232::2,29,False,4.7501585483551025,6.663006544113159,11.400016376748681
7,6,14,3,random440_expressivespeech_232::3,21,False,3.4594180583953857,10.27759861946106,13.83094589971006
7,6,15,0,random440_expressivespeech_177::0,59,False,9.899980306625366,14.232228994369507,24.112991550937295
7,6,15,1,random440_expressivespeech_177::1,48,False,8.368720054626465,11.217850923538208,19.87146749533713
7,6,15,2,random440_expressivespeech_177::2,45,False,7.807051181793213,11.608366250991821,19.404715385288
7,6,15,3,random440_expressivespeech_177::3,55,False,9.299417734146118,18.353739500045776,27.628144284710288
7,6,16,0,random440_deear_091::0,118,False,20.066784381866455,29.11052417755127,49.15617261454463
7,6,16,1,random440_deear_091::1,101,False,17.26707696914673,25.263819456100464,42.51626764424145
7,6,16,2,random440_deear_091::2,121,False,21.134502410888672,30.193283557891846,51.312426468357444
7,6,16,3,random440_deear_091::3,109,False,18.11838960647583,53.17417907714844,71.23624861985445
7,6,17,0,random440_expressivespeech_006::0,88,False,15.435668706893921,20.9366614818573,36.35288599692285
7,6,17,1,random440_expressivespeech_006::1,84,False,15.322237253189087,20.06830596923828,35.38115080073476
7,6,17,2,random440_expressivespeech_006::2,80,False,13.49306058883667,20.168461084365845,33.646102998405695
7,6,17,3,random440_expressivespeech_006::3,97,False,16.195127248764038,35.33733105659485,51.50043822079897
7,6,18,0,random440_expressivespeech_318::0,171,False,31.238025665283203,42.50922346115112,73.72894424758852
7,6,18,1,random440_expressivespeech_318::1,185,False,32.73685002326965,46.603726625442505,78.36431753821671
7,6,18,2,random440_expressivespeech_318::2,221,False,39.70667886734009,55.48742651939392,93.97761734388769
7,6,18,3,random440_expressivespeech_318::3,193,False,32.73992419242859,49.26239538192749,81.98993273079395
7,6,19,0,random440_expressivespeech_236::0,334,False,64.34953784942627,85.16115045547485,147.4579143654555
7,6,19,1,random440_expressivespeech_236::1,400,False,71.82407116889954,103.58150911331177,173.95933166518807
7,6,19,2,random440_expressivespeech_236::2,327,False,57.73285508155823,83.49720025062561,141.27098093740642
7,6,19,3,random440_expressivespeech_236::3,329,False,57.32811236381531,325.19940519332886,382.5337309204042
7,6,20,0,random440_deear_021::0,9,False,1.5336034297943115,2.047229766845703,3.5634197499603033
7,6,20,1,random440_deear_021::1,9,False,1.509373426437378,2.0563745498657227,3.5527668818831444
7,6,20,2,random440_deear_021::2,8,False,1.330826997756958,1.8137245178222656,3.1318481992930174
7,6,20,3,random440_deear_021::3,12,False,2.2592902183532715,2.722050428390503,4.971796115860343
7,6,21,0,random440_expressivespeech_131::0,18,False,2.9902169704437256,4.160735368728638,7.137804230675101
7,6,21,1,random440_expressivespeech_131::1,27,False,5.061470031738281,6.207066059112549,11.25796345807612
7,6,21,2,random440_expressivespeech_131::2,27,False,4.6251280307769775,6.231166124343872,10.847671264782548
7,6,21,3,random440_expressivespeech_131::3,24,False,3.9444446563720703,9.264055728912354,13.193610208109021
7,6,22,0,random440_expressivespeech_247::0,199,False,35.2578227519989,50.63998293876648,85.85417383909225
7,6,22,1,random440_expressivespeech_247::1,209,False,36.554004192352295,52.57071113586426,89.15301198884845
7,6,22,2,random440_expressivespeech_247::2,200,False,34.93545198440552,50.07564401626587,85.03581363521516
7,6,22,3,random440_expressivespeech_247::3,204,False,35.789647817611694,82.35015439987183,118.12689155712724
7,6,23,0,random440_expressivespeech_193::0,141,False,24.009931564331055,36.272302865982056,60.26325238496065
7,6,23,1,random440_expressivespeech_193::1,146,False,25.54815649986267,36.607616901397705,62.19384846650064
7,6,23,2,random440_expressivespeech_193::2,157,False,28.09975838661194,38.27670741081238,66.41993839293718
7,6,23,3,random440_expressivespeech_193::3,142,False,25.333118438720703,55.267053842544556,80.62087324261665
7,6,24,0,random440_expressivespeech_106::0,34,False,5.574912071228027,7.851437568664551,13.407263392582536
7,6,24,1,random440_expressivespeech_106::1,31,False,5.442443132400513,7.708473205566406,13.14204198680818
7,6,24,2,random440_expressivespeech_106::2,33,False,5.38248348236084,7.631572246551514,13.002197189256549
7,6,24,3,random440_expressivespeech_106::3,32,False,5.502805233001709,18.70864176750183,24.309878699481487
7,7,0,0,random440_expressivespeech_092::0,44,False,10.093727111816406,10.237344741821289,20.312731940299273
7,7,0,1,random440_expressivespeech_092::1,45,False,8.401630163192749,10.298418760299683,18.862041039392352
7,7,0,2,random440_expressivespeech_092::2,45,False,7.060823917388916,11.597151279449463,18.812394820153713
7,7,0,3,random440_expressivespeech_092::3,46,False,7.460685729980469,14.158317565917969,21.77153854817152
7,7,1,0,random440_expressivespeech_125::0,179,False,37.89948081970215,45.24476981163025,82.07147469744086
7,7,1,1,random440_expressivespeech_125::1,124,False,21.55045747756958,30.772116661071777,52.309922467917204
7,7,1,2,random440_expressivespeech_125::2,108,False,19.07257056236267,26.412832498550415,45.44597072713077
7,7,1,3,random440_expressivespeech_125::3,150,False,24.253398656845093,38.4702513217926,62.71149116195738
7,7,2,0,random440_deear_036::0,19,False,3.3018178939819336,4.353227376937866,7.6349139381200075
7,7,2,1,random440_deear_036::1,19,False,2.9800126552581787,4.333487510681152,7.29959930665791
7,7,2,2,random440_deear_036::2,20,False,3.1482343673706055,4.867455244064331,8.063947884365916
7,7,2,3,random440_deear_036::3,18,False,3.749948501586914,5.778026580810547,9.613398399204016
7,7,3,0,random440_expressivespeech_337::0,42,False,6.87826132774353,9.949116230010986,16.808493193238974
7,7,3,1,random440_expressivespeech_337::1,49,False,8.730250597000122,11.362853765487671,20.082205161452293
7,7,3,2,random440_expressivespeech_337::2,42,False,6.851969242095947,10.994673728942871,17.831158244982362
7,7,3,3,random440_expressivespeech_337::3,41,False,6.48252272605896,11.93959379196167,18.401504945009947
7,7,4,0,random440_expressivespeech_209::0,76,False,13.275201082229614,17.77832055091858,31.036306938156486
7,7,4,1,random440_expressivespeech_209::1,86,False,15.142308950424194,21.068419933319092,36.50307619385421
7,7,4,2,random440_expressivespeech_209::2,71,False,11.400983095169067,17.695053815841675,29.411376425996423
7,7,4,3,random440_expressivespeech_209::3,94,False,15.27827501296997,30.222594022750854,45.48332059942186
7,7,5,0,random440_expressivespeech_081::0,76,False,13.880419254302979,17.845673322677612,31.707721350714564
7,7,5,1,random440_expressivespeech_081::1,82,False,13.972858190536499,19.271241664886475,33.23523155041039
7,7,5,2,random440_expressivespeech_081::2,72,False,13.064541578292847,16.67345142364502,29.732287535443902
7,7,5,3,random440_expressivespeech_081::3,61,False,10.363584995269775,27.912967205047607,38.260976262390614
7,7,6,0,random440_expressivespeech_134::0,68,False,11.191178560256958,16.619346380233765,27.793361879885197
7,7,6,1,random440_expressivespeech_134::1,49,False,7.723889350891113,11.49058747291565,19.20427562482655
7,7,6,2,random440_expressivespeech_134::2,56,False,10.466665744781494,13.006770849227905,23.460180239751935
7,7,6,3,random440_expressivespeech_134::3,56,False,9.011309623718262,23.57751774787903,32.57031524181366
7,7,7,0,random440_expressivespeech_066::0,62,False,11.19887924194336,14.730863809585571,25.912254344671965
7,7,7,1,random440_expressivespeech_066::1,72,False,11.885945558547974,17.335405588150024,29.45764872059226
7,7,7,2,random440_expressivespeech_066::2,73,False,12.205517768859863,17.948153018951416,30.43803633004427
7,7,7,3,random440_expressivespeech_066::3,57,False,9.17066764831543,23.865638256072998,33.31552458927035
7,7,8,0,random440_expressivespeech_221::0,71,False,13.180248737335205,16.600301265716553,29.76268309727311
7,7,8,1,random440_expressivespeech_221::1,52,False,8.919963836669922,12.04763913154602,21.239463426172733
7,7,8,2,random440_expressivespeech_221::2,58,False,9.326650381088257,14.895162582397461,24.207868114113808
7,7,8,3,random440_expressivespeech_221::3,66,False,10.65200138092041,22.917155504226685,33.78206776455045
7,7,9,0,random440_deear_017::0,30,False,4.940521955490112,6.893300533294678,11.815591964870691
7,7,9,1,random440_deear_017::1,37,False,7.129613161087036,8.741272211074829,15.855872228741646
7,7,9,2,random440_deear_017::2,27,False,4.408038377761841,6.216847658157349,10.611018752679229
7,7,9,3,random440_deear_017::3,32,False,5.1048431396484375,8.154884576797485,13.243350606411695
7,7,10,0,random440_expressivespeech_226::0,30,False,4.96296763420105,6.881875991821289,11.826281797140837
7,7,10,1,random440_expressivespeech_226::1,26,False,4.0742573738098145,6.307548522949219,10.368364665657282
7,7,10,2,random440_expressivespeech_226::2,28,False,5.573055744171143,6.446703672409058,12.133201599121094
7,7,10,3,random440_expressivespeech_226::3,29,False,4.563465118408203,8.971403360366821,13.621357774361968
7,7,11,0,random440_expressivespeech_091::0,110,False,18.870826482772827,27.741888761520386,46.59429653547704
7,7,11,1,random440_expressivespeech_091::1,108,False,17.801893711090088,26.04454469680786,43.83127010241151
7,7,11,2,random440_expressivespeech_091::2,97,False,16.903182983398438,23.85439658164978,41.300597025081515
7,7,11,3,random440_expressivespeech_091::3,97,False,15.878118515014648,34.30273461341858,50.156929628923535
7,7,12,0,random440_expressivespeech_159::0,9,False,1.5579109191894531,2.062934637069702,3.604520158842206
7,7,12,1,random440_expressivespeech_159::1,13,False,2.0462253093719482,2.9902660846710205,5.023024497553706
7,7,12,2,random440_expressivespeech_159::2,24,False,3.7865426540374756,5.612630128860474,9.380846234038472
7,7,12,3,random440_expressivespeech_159::3,12,False,1.9097297191619873,5.723345041275024,7.616827750578523
7,7,13,0,random440_expressivespeech_072::0,44,False,8.513409852981567,10.257739305496216,18.751281728968024
7,7,13,1,random440_expressivespeech_072::1,48,False,7.735098600387573,11.985579252243042,19.710388131439686
7,7,13,2,random440_expressivespeech_072::2,52,False,8.201093435287476,12.462584495544434,20.845920749008656
7,7,13,3,random440_expressivespeech_072::3,46,False,8.587228536605835,16.95280432701111,25.7868284676224
7,7,14,0,random440_expressivespeech_040::0,22,False,3.6782643795013428,5.562000036239624,9.219851875677705
7,7,14,1,random440_expressivespeech_040::1,24,False,3.9760608673095703,5.554009437561035,9.520644623786211
7,7,14,2,random440_expressivespeech_040::2,20,False,3.135234832763672,4.580297231674194,7.705080054700375
7,7,14,3,random440_expressivespeech_040::3,16,False,2.5402092933654785,10.30856442451477,12.833682054653764
7,7,15,0,random440_expressivespeech_325::0,48,False,7.894242763519287,11.267942190170288,19.141703207045794
7,7,15,1,random440_expressivespeech_325::1,51,False,9.003079414367676,11.93912959098816,21.11841174401343
7,7,15,2,random440_expressivespeech_325::2,61,False,9.83867883682251,15.643038749694824,25.67244118079543
7,7,15,3,random440_expressivespeech_325::3,46,False,7.445699453353882,17.7654287815094,25.432794384658337
7,7,16,0,random440_expressivespeech_084::0,117,False,19.258838415145874,29.422653198242188,48.661039201542735
7,7,16,1,random440_expressivespeech_084::1,112,False,18.542021989822388,28.204890489578247,46.73510335199535
7,7,16,2,random440_expressivespeech_084::2,103,False,17.600213289260864,25.158743143081665,42.723715068772435
7,7,16,3,random440_expressivespeech_084::3,108,False,18.156546592712402,57.72471618652344,76.41746469214559
7,7,17,0,random440_deear_076::0,102,False,17.267576694488525,25.25225305557251,42.498763071373105
7,7,17,1,random440_deear_076::1,89,False,14.639335870742798,21.96123719215393,36.58927251026034
7,7,17,2,random440_deear_076::2,90,False,14.695711612701416,22.602983236312866,37.29051695205271
7,7,17,3,random440_deear_076::3,99,False,16.737942218780518,23.845410585403442,40.94191953539848
7,7,18,0,random440_expressivespeech_117::0,186,False,33.15823435783386,47.281588315963745,79.47403850592673
7,7,18,1,random440_expressivespeech_117::1,225,False,39.83861970901489,56.71516704559326,95.24310683831573
7,7,18,2,random440_expressivespeech_117::2,160,False,26.61102318763733,41.04952645301819,68.94733884744346
7,7,18,3,random440_expressivespeech_117::3,185,False,30.95745587348938,52.74363088607788,83.69079026579857
7,7,19,0,random440_expressivespeech_250::0,363,False,66.96916389465332,95.84191918373108,160.69833564013243
7,7,19,1,random440_expressivespeech_250::1,288,False,49.824129819869995,74.37205052375793,124.19979176856577
7,7,19,2,random440_expressivespeech_250::2,346,False,58.724663734436035,89.82621049880981,148.57108311727643
7,7,19,3,random440_expressivespeech_250::3,356,False,60.43163561820984,354.4708995819092,412.1189670339227
7,7,20,0,random440_deear_067::0,10,False,1.633929967880249,2.2880494594573975,3.9056804683059454
7,7,20,1,random440_deear_067::1,7,False,1.1380798816680908,1.6161484718322754,2.746692556887865
7,7,20,2,random440_deear_067::2,7,False,1.1305463314056396,1.5961055755615234,2.723548162728548
7,7,20,3,random440_deear_067::3,7,False,1.132962942123413,4.730819940567017,5.866445370018482
7,7,21,0,random440_expressivespeech_278::0,25,False,3.9776737689971924,6.405428171157837,10.33968217484653
7,7,21,1,random440_expressivespeech_278::1,18,False,3.245274543762207,4.153319358825684,7.393410891294479
7,7,21,2,random440_expressivespeech_278::2,30,False,4.774571657180786,6.9617860317230225,11.725680686533451
7,7,21,3,random440_expressivespeech_278::3,23,False,3.91872501373291,9.040343284606934,13.05393179692328
7,7,22,0,random440_expressivespeech_184::0,182,False,30.69904327392578,46.664395332336426,77.0848378688097
7,7,22,1,random440_expressivespeech_184::1,187,False,31.02417016029358,48.4388108253479,78.58836017735302
7,7,22,2,random440_expressivespeech_184::2,211,False,35.954376459121704,54.23627758026123,89.27517516724765
7,7,22,3,random440_expressivespeech_184::3,209,False,35.1689977645874,98.97589063644409,132.5026083495468
7,7,23,0,random440_expressivespeech_327::0,136,False,22.285686254501343,33.891037940979004,56.158276395872235
7,7,23,1,random440_expressivespeech_327::1,160,False,26.2917377948761,40.93062353134155,67.23939642682672
7,7,23,2,random440_expressivespeech_327::2,120,False,20.1002459526062,30.0804443359375,50.20690308138728
7,7,23,3,random440_expressivespeech_327::3,150,False,24.632002353668213,71.05776238441467,95.67430971190333
7,7,24,0,random440_expressivespeech_058::0,38,False,6.041654348373413,8.87949800491333,14.900680158287287
7,7,24,1,random440_expressivespeech_058::1,30,False,5.411942720413208,7.37876033782959,12.780151799321175
7,7,24,2,random440_expressivespeech_058::2,31,False,4.881276369094849,7.127749681472778,11.998197903856635
7,7,24,3,random440_expressivespeech_058::3,30,False,4.99284291267395,19.102070093154907,24.071553653106093
8,0,0,0,random440_expressivespeech_297::0,42,False,8.449922800064087,10.488079309463501,18.89022569730878
8,0,0,1,random440_expressivespeech_297::1,33,False,5.7233264446258545,7.9000325202941895,13.927204573526978
8,0,0,2,random440_expressivespeech_297::2,69,False,11.64948296546936,19.06812810897827,30.88748707436025
8,0,0,3,random440_expressivespeech_297::3,41,False,6.747890472412109,11.841847896575928,19.179793398827314
8,0,1,0,random440_deear_051::0,154,False,31.23151159286499,38.63089323043823,69.84221791289747
8,0,1,1,random440_deear_051::1,131,False,23.651554346084595,33.01851177215576,56.66166908480227
8,0,1,2,random440_deear_051::2,139,False,24.434237718582153,34.61179256439209,59.03378412500024
8,0,1,3,random440_deear_051::3,138,False,24.796058177947998,49.54890418052673,74.32774404808879
8,0,2,0,random440_expressivespeech_061::0,15,False,2.9070045948028564,3.4588401317596436,6.349250735715032
8,0,2,1,random440_expressivespeech_061::1,16,False,2.540980577468872,3.6786115169525146,6.201911211013794
8,0,2,2,random440_expressivespeech_061::2,25,False,3.9770405292510986,5.820302248001099,9.778920523822308
8,0,2,3,random440_expressivespeech_061::3,20,False,3.289412498474121,5.605776309967041,8.883871706202626
8,0,3,0,random440_deear_022::0,37,False,6.178257465362549,8.585658311843872,14.747208673506975
8,0,3,1,random440_deear_022::1,48,False,7.828968286514282,12.92580771446228,20.741094276309013
8,0,3,2,random440_deear_022::2,41,False,6.495068311691284,9.544022560119629,16.214114487171173
8,0,3,3,random440_deear_022::3,49,False,8.821491241455078,14.00763750076294,22.812372099608183
8,0,4,0,random440_expressivespeech_189::0,66,False,11.785202503204346,16.10149073600769,27.869687508791685
8,0,4,1,random440_expressivespeech_189::1,76,False,13.089035749435425,18.090736865997314,31.16713678278029
8,0,4,2,random440_expressivespeech_189::2,101,False,18.140412092208862,25.186280965805054,43.61708291620016
8,0,4,3,random440_expressivespeech_189::3,83,False,13.461439847946167,24.801528930664062,38.66229508817196
8,0,5,0,random440_deear_100::0,76,False,12.506099939346313,18.746280193328857,31.23054347001016
8,0,5,1,random440_deear_100::1,78,False,13.069730043411255,19.86681604385376,32.92768323235214
8,0,5,2,random440_deear_100::2,73,False,12.68480372428894,17.126199960708618,30.115347292274237
8,0,5,3,random440_deear_100::3,78,False,14.195412635803223,24.808716297149658,38.987646497786045
8,0,6,0,random440_expressivespeech_316::0,10,False,1.9614462852478027,2.3190252780914307,4.266199424862862
8,0,6,1,random440_expressivespeech_316::1,188,False,33.02936387062073,47.04537510871887,79.30316660366952
8,0,6,2,random440_expressivespeech_316::2,11,False,2.068150281906128,3.34543514251709,5.373573876917362
8,0,6,3,random440_expressivespeech_316::3,11,False,2.0516974925994873,2.6494102478027344,4.687871113419533
8,0,7,0,random440_expressivespeech_305::0,46,False,7.48415207862854,10.840787649154663,18.30412082001567
8,0,7,1,random440_expressivespeech_305::1,108,False,18.547906398773193,27.388558864593506,45.923250356689095
8,0,7,2,random440_expressivespeech_305::2,59,False,9.669048309326172,14.710515022277832,24.811141664162278
8,0,7,3,random440_expressivespeech_305::3,53,False,8.330028295516968,20.795362949371338,29.1124829929322
8,0,8,0,random440_expressivespeech_248::0,75,False,12.100954055786133,18.65633726119995,30.740011017769575
8,0,8,1,random440_expressivespeech_248::1,56,False,8.74896240234375,14.724507331848145,24.00116998516023
8,0,8,2,random440_expressivespeech_248::2,71,False,11.690452575683594,17.657585859298706,29.339788995683193
8,0,8,3,random440_expressivespeech_248::3,61,False,9.883654832839966,14.678025007247925,24.826565109193325
8,0,9,0,random440_expressivespeech_226::0,40,False,7.240628242492676,9.349545240402222,16.569823345169425
8,0,9,1,random440_expressivespeech_226::1,28,False,4.430202960968018,6.636476278305054,11.054079284891486
8,0,9,2,random440_expressivespeech_226::2,39,False,7.136799097061157,9.121066093444824,16.245933098718524
8,0,9,3,random440_expressivespeech_226::3,29,False,4.766868591308594,7.042543172836304,11.947144685313106
8,0,10,0,random440_deear_073::0,24,False,4.79999852180481,5.962550401687622,10.74357102252543
8,0,10,1,random440_deear_073::1,24,False,3.787046194076538,5.590828895568848,9.367272162809968
8,0,10,2,random440_deear_073::2,39,False,6.3950018882751465,9.941757440567017,16.32245155610144
8,0,10,3,random440_deear_073::3,25,False,3.9597461223602295,6.118768692016602,10.218565179035068
8,0,11,0,random440_deear_020::0,105,False,18.68038034439087,25.439815044403076,44.10146862268448
8,0,11,1,random440_deear_020::1,103,False,17.453412532806396,26.28926157951355,44.26343233138323
8,0,11,2,random440_deear_020::2,118,False,19.882988691329956,30.031134605407715,50.32267206534743
8,0,11,3,random440_deear_020::3,96,False,15.612988948822021,34.86363077163696,50.44733735360205
8,0,12,0,random440_deear_094::0,14,False,2.90989089012146,4.130937337875366,7.025114502757788
8,0,12,1,random440_deear_094::1,20,False,3.2028746604919434,4.623960494995117,7.813678991049528
8,0,12,2,random440_deear_094::2,13,False,2.063122272491455,3.121877431869507,5.17019753344357
8,0,12,3,random440_deear_094::3,13,False,2.0767388343811035,4.505063056945801,6.565559970214963
8,0,13,0,random440_expressivespeech_002::0,44,False,8.11216950416565,10.447476387023926,18.54228923842311
8,0,13,1,random440_expressivespeech_002::1,58,False,9.403158187866211,15.153686285018921,24.54634465277195
8,0,13,2,random440_expressivespeech_002::2,47,False,7.704895496368408,11.084415197372437,19.001676632091403
8,0,13,3,random440_expressivespeech_002::3,42,False,7.355838775634766,13.681230306625366,21.022648368030787
8,0,14,0,random440_expressivespeech_034::0,20,False,3.4244699478149414,4.753023147583008,8.159237755462527
8,0,14,1,random440_expressivespeech_034::1,21,False,4.442181587219238,5.22767972946167,9.654230123385787
8,0,14,2,random440_expressivespeech_034::2,17,False,2.684379816055298,3.912179946899414,6.581512903794646
8,0,14,3,random440_expressivespeech_034::3,20,False,3.3369600772857666,7.727685928344727,11.046970043331385
8,0,15,0,random440_expressivespeech_060::0,45,False,8.077951192855835,10.527972221374512,18.588987046852708
8,0,15,1,random440_expressivespeech_060::1,46,False,7.470947504043579,12.463666439056396,20.106202334165573
8,0,15,2,random440_expressivespeech_060::2,59,False,9.50375747680664,14.193546295166016,23.843780802562833
8,0,15,3,random440_expressivespeech_060::3,54,False,9.199519634246826,16.417540550231934,25.87065763399005
8,0,16,0,random440_expressivespeech_001::0,107,False,19.064378261566162,27.00676989555359,46.051068380475044
8,0,16,1,random440_expressivespeech_001::1,132,False,23.145068407058716,32.85012865066528,56.44176055677235
8,0,16,2,random440_expressivespeech_001::2,125,False,20.906273126602173,32.1804563999176,53.07238810881972
8,0,16,3,random440_expressivespeech_001::3,120,False,19.411837816238403,30.576836109161377,49.97379926033318
8,0,17,0,random440_deear_025::0,94,False,15.976338863372803,24.171631813049316,40.129353169351816
8,0,17,1,random440_deear_025::1,87,False,13.91810655593872,21.699901342391968,35.61217646487057
8,0,17,2,random440_deear_025::2,115,False,20.47016739845276,28.943752765655518,49.404515808448195
8,0,17,3,random440_deear_025::3,83,False,13.555773496627808,24.54580330848694,38.07977979443967
8,0,18,0,random440_expressivespeech_184::0,175,False,29.920822143554688,45.37745714187622,74.36742825061083
8,0,18,1,random440_expressivespeech_184::1,177,False,30.24330163002014,45.98276495933533,75.52599512599409
8,0,18,2,random440_expressivespeech_184::2,162,False,28.593660593032837,40.329172134399414,68.9093755632639
8,0,18,3,random440_expressivespeech_184::3,199,False,36.24389410018921,79.53169393539429,114.66399000771344
8,0,19,0,random440_deear_004::0,355,False,68.95294690132141,94.00588703155518,162.16342138499022
8,0,19,1,random440_deear_004::1,326,False,57.11076092720032,86.50851941108704,143.63734022900462
8,0,19,2,random440_deear_004::2,329,False,57.13428854942322,86.71642661094666,143.88837892375886
8,0,19,3,random440_deear_004::3,351,False,61.094435691833496,360.11333870887756,418.74197681620717
8,0,20,0,random440_deear_067::0,8,True,1.3310723304748535,1.8796234130859375,3.1977600399404764
8,0,20,1,random440_deear_067::1,9,True,1.4653260707855225,2.120657444000244,3.5729614049196243
8,0,20,2,random440_deear_067::2,9,True,1.4490165710449219,2.0624711513519287,3.510772993788123
8,0,20,3,random440_deear_067::3,7,True,1.1591274738311768,7.129767179489136,8.278892144560814
8,0,21,0,random440_deear_058::0,27,False,4.34090781211853,6.289389133453369,10.613508889451623
8,0,21,1,random440_deear_058::1,21,False,3.608710289001465,4.9768431186676025,8.58554807305336
8,0,21,2,random440_deear_058::2,21,False,3.3407015800476074,5.9077253341674805,9.240540731698275
8,0,21,3,random440_deear_058::3,29,False,4.622227191925049,7.725916385650635,12.334214128553867
8,0,22,0,random440_expressivespeech_130::0,214,False,37.691174268722534,55.96224355697632,92.55978562124074
8,0,22,1,random440_expressivespeech_130::1,203,False,34.33548879623413,53.31002068519592,86.79043274186552
8,0,22,2,random440_expressivespeech_130::2,197,False,34.34738492965698,51.53906750679016,84.94191176071763
8,0,22,3,random440_expressivespeech_130::3,193,False,32.41905188560486,110.39957475662231,141.53983025997877
8,0,23,0,random440_deear_088::0,195,False,34.27882266044617,51.02394676208496,85.02292431332171
8,0,23,1,random440_deear_088::1,133,False,22.62302851676941,34.151771783828735,56.811503598466516
8,0,23,2,random440_deear_088::2,117,False,19.98649024963379,29.615907669067383,49.59107598848641
8,0,23,3,random440_deear_088::3,144,False,23.963000059127808,65.26864981651306,89.22459326684475
8,0,24,0,random440_expressivespeech_281::0,38,False,6.368999481201172,8.975128650665283,15.326012000441551
8,0,24,1,random440_expressivespeech_281::1,45,False,7.45125675201416,12.506508111953735,19.950359212234616
8,0,24,2,random440_expressivespeech_281::2,38,False,6.026524066925049,8.901896715164185,14.927027994766831
8,0,24,3,random440_expressivespeech_281::3,39,False,7.4383885860443115,9.432348728179932,16.85792917944491
8,1,0,0,random440_expressivespeech_337::0,52,False,11.789529800415039,13.271528244018555,25.03933178447187
8,1,0,1,random440_expressivespeech_337::1,49,False,8.436784744262695,13.040581941604614,21.669878834858537
8,1,0,2,random440_expressivespeech_337::2,40,False,8.507805585861206,9.485420227050781,17.976107912138104
8,1,0,3,random440_expressivespeech_337::3,44,False,7.004637956619263,11.395196437835693,18.378164939582348
8,1,1,0,random440_expressivespeech_212::0,141,False,28.911003589630127,34.554887771606445,63.44898003526032
8,1,1,1,random440_expressivespeech_212::1,137,False,24.395832300186157,33.17332458496094,58.14604536816478
8,1,1,2,random440_expressivespeech_212::2,147,False,25.75063991546631,35.29822826385498,61.638911129906774
8,1,1,3,random440_expressivespeech_212::3,125,False,21.86468267440796,55.75873041152954,77.59584813565016
8,1,2,0,random440_deear_046::0,16,False,3.062211036682129,3.5484867095947266,6.595448445528746
8,1,2,1,random440_deear_046::1,17,False,2.695775270462036,3.740100622177124,6.425178773701191
8,1,2,2,random440_deear_046::2,15,False,2.6663262844085693,3.331848382949829,5.986677248030901
8,1,2,3,random440_deear_046::3,22,False,3.4954965114593506,8.809087038040161,12.32867738418281
8,1,3,0,random440_expressivespeech_143::0,46,False,7.668964624404907,10.443437099456787,18.094119857996702
8,1,3,1,random440_expressivespeech_143::1,41,False,6.923064947128296,10.31883955001831,17.226903880015016
8,1,3,2,random440_expressivespeech_143::2,41,False,6.787329435348511,9.255685806274414,16.026543516665697
8,1,3,3,random440_expressivespeech_143::3,40,False,7.4543843269348145,15.47603988647461,23.081540312618017
8,1,4,0,random440_expressivespeech_191::0,63,False,11.124653100967407,14.959784507751465,26.0652895309031
8,1,4,1,random440_expressivespeech_191::1,97,False,16.972213745117188,22.48267388343811,39.69540597498417
8,1,4,2,random440_expressivespeech_191::2,79,False,14.385811805725098,18.277504205703735,33.05105504952371
8,1,4,3,random440_expressivespeech_191::3,86,False,14.548685789108276,27.802537441253662,42.737516859546304
8,1,5,0,random440_expressivespeech_198::0,69,False,11.289472579956055,16.27276301383972,27.540071772411466
8,1,5,1,random440_expressivespeech_198::1,97,False,15.920754671096802,23.772005081176758,39.68054343573749
8,1,5,2,random440_expressivespeech_198::2,60,False,10.65101933479309,13.72066354751587,24.75469833984971
8,1,5,3,random440_expressivespeech_198::3,69,False,11.629565954208374,29.817511320114136,41.4131149277091
8,1,6,0,random440_expressivespeech_242::0,58,False,9.907694578170776,13.198502779006958,23.0831916090101
8,1,6,1,random440_expressivespeech_242::1,57,False,10.652353048324585,12.826171398162842,23.46797951310873
8,1,6,2,random440_expressivespeech_242::2,51,False,8.375317335128784,12.183927297592163,20.54563732072711
8,1,6,3,random440_expressivespeech_242::3,53,False,8.728456735610962,19.23333477973938,27.945167565718293
8,1,7,0,random440_expressivespeech_209::0,62,False,9.863641023635864,14.94337511062622,24.788804164156318
8,1,7,1,random440_expressivespeech_209::1,85,False,14.182351112365723,20.818483352661133,35.236146392300725
8,1,7,2,random440_expressivespeech_209::2,76,False,12.495379447937012,18.186218738555908,31.01951157860458
8,1,7,3,random440_expressivespeech_209::3,67,False,10.952484130859375,16.55920934677124,27.49773116223514
8,1,8,0,random440_deear_001::0,68,False,11.031229972839355,16.335595846176147,27.347325900569558
8,1,8,1,random440_deear_001::1,71,False,11.55359172821045,17.55800151824951,29.3786416426301
8,1,8,2,random440_deear_001::2,54,False,8.837616205215454,12.374887466430664,21.48623781092465
8,1,8,3,random440_deear_001::3,69,False,11.867938995361328,18.4300799369812,30.28353700041771
8,1,9,0,random440_deear_045::0,36,False,6.613756895065308,8.22026801109314,14.814429003745317
8,1,9,1,random440_deear_045::1,46,False,7.599425792694092,11.219327926635742,18.806119222193956
8,1,9,2,random440_deear_045::2,30,False,4.769826889038086,6.736081123352051,11.675233686342835
8,1,9,3,random440_deear_045::3,23,False,3.924229145050049,6.581395626068115,10.489973809570074
8,1,10,0,random440_expressivespeech_339::0,23,False,4.6872642040252686,5.551236152648926,10.224743338301778
8,1,10,1,random440_expressivespeech_339::1,33,False,5.506335973739624,7.4722490310668945,12.96434023231268
8,1,10,2,random440_expressivespeech_339::2,36,False,5.771570682525635,8.956526517868042,14.851039128378034
8,1,10,3,random440_expressivespeech_339::3,20,False,3.4857373237609863,5.013121604919434,8.62486020848155
8,1,11,0,random440_expressivespeech_161::0,132,False,23.6871497631073,31.73237371444702,55.40013679303229
8,1,11,1,random440_expressivespeech_161::1,87,False,14.24922776222229,21.726301908493042,35.957833886146545
8,1,11,2,random440_expressivespeech_161::2,93,False,15.885712623596191,21.420644283294678,37.29533179104328
8,1,11,3,random440_expressivespeech_161::3,102,False,18.20377016067505,41.69099235534668,60.25028187967837
8,1,12,0,random440_expressivespeech_159::0,11,False,2.2191784381866455,3.288377285003662,5.491103611886501
8,1,12,1,random440_expressivespeech_159::1,13,False,2.508723735809326,2.903676748275757,5.3963150680065155
8,1,12,2,random440_expressivespeech_159::2,11,False,1.7666881084442139,2.4885709285736084,4.241706473752856
8,1,12,3,random440_expressivespeech_159::3,17,False,2.7320456504821777,8.765590190887451,11.509051907807589
8,1,13,0,random440_expressivespeech_207::0,53,False,9.540965557098389,12.035536050796509,21.55690404586494
8,1,13,1,random440_expressivespeech_207::1,39,False,6.518908977508545,9.968441009521484,16.476085955277085
8,1,13,2,random440_expressivespeech_207::2,53,False,8.500871419906616,12.183494806289673,20.66989064961672
8,1,13,3,random440_expressivespeech_207::3,46,False,8.359336137771606,15.853835582733154,24.4182981941849
8,1,14,0,random440_expressivespeech_213::0,19,False,3.3406753540039062,4.2388551235198975,7.558774307370186
8,1,14,1,random440_expressivespeech_213::1,21,False,4.4293553829193115,5.122180223464966,9.54133901372552
8,1,14,2,random440_expressivespeech_213::2,22,False,3.5149192810058594,4.950214385986328,8.5277258194983
8,1,14,3,random440_expressivespeech_213::3,16,False,2.6476659774780273,7.222742557525635,9.937079040333629
8,1,15,0,random440_deear_066::0,54,False,9.68092679977417,12.28684377670288,21.949609726667404
8,1,15,1,random440_deear_066::1,57,False,9.489670991897583,14.221551418304443,23.912677535787225
8,1,15,2,random440_deear_066::2,54,False,8.953914403915405,13.048883199691772,22.23356712423265
8,1,15,3,random440_deear_066::3,52,False,8.574080228805542,11.748167753219604,20.307454884052277
8,1,16,0,random440_expressivespeech_206::0,114,False,20.577293634414673,27.296481370925903,47.853491704910994
8,1,16,1,random440_expressivespeech_206::1,143,False,25.22801160812378,34.213035583496094,59.428183080628514
8,1,16,2,random440_expressivespeech_206::2,105,False,18.879534006118774,24.77159285545349,44.20321870781481
8,1,16,3,random440_expressivespeech_206::3,121,False,20.26286029815674,33.11092257499695,53.35422973148525
8,1,17,0,random440_expressivespeech_006::0,87,False,15.036241054534912,21.72977638244629,36.71618459559977
8,1,17,1,random440_expressivespeech_006::1,86,False,14.09195065498352,20.89227271080017,34.97405089624226
8,1,17,2,random440_expressivespeech_006::2,94,False,15.635355710983276,23.65199112892151,39.62869202159345
8,1,17,3,random440_expressivespeech_006::3,94,False,16.378036975860596,35.72089600563049,52.475538056343794
8,1,18,0,random440_expressivespeech_118::0,150,False,26.02330255508423,36.820558309555054,62.82690469175577
8,1,18,1,random440_expressivespeech_118::1,221,False,41.0951030254364,55.51256084442139,95.44690259546041
8,1,18,2,random440_expressivespeech_118::2,178,False,31.449461936950684,45.56807327270508,77.00857191346586
8,1,18,3,random440_expressivespeech_118::3,163,False,27.774377822875977,71.31252574920654,99.0565976779908
8,1,19,0,random440_deear_050::0,321,False,61.719130516052246,81.78573417663574,141.53281588852406
8,1,19,1,random440_deear_050::1,381,False,69.20038414001465,98.36136198043823,165.121138099581
8,1,19,2,random440_deear_050::2,323,False,56.84411334991455,82.41971516609192,139.26531318202615
8,1,19,3,random440_deear_050::3,308,False,53.559009313583374,364.80256819725037,418.30727282352746
8,1,20,0,random440_deear_067::0,8,True,1.3380403518676758,1.8437933921813965,3.1641203816980124
8,1,20,1,random440_deear_067::1,9,True,1.4830174446105957,2.108530044555664,3.578792667016387
8,1,20,2,random440_deear_067::2,9,True,1.481532335281372,1.998460292816162,3.47844123467803
8,1,20,3,random440_deear_067::3,7,True,1.1602585315704346,7.171388626098633,8.31999059394002
8,1,21,0,random440_expressivespeech_097::0,25,False,4.391346216201782,5.746610879898071,10.122175926342607
8,1,21,1,random440_expressivespeech_097::1,25,False,3.9743170738220215,5.6563262939453125,9.620194623246789
8,1,21,2,random440_expressivespeech_097::2,25,False,4.198030948638916,6.459780216217041,10.74006792716682
8,1,21,3,random440_expressivespeech_097::3,21,False,3.5765838623046875,6.749490737915039,10.310936748981476
8,1,22,0,random440_expressivespeech_116::0,165,False,29.38066530227661,40.134398221969604,69.49800028279424
8,1,22,1,random440_expressivespeech_116::1,194,False,34.388415813446045,48.88806128501892,83.2951097972691
8,1,22,2,random440_expressivespeech_116::2,203,False,34.10441064834595,51.80769157409668,85.92517200298607
8,1,22,3,random440_expressivespeech_116::3,240,False,42.02177977561951,128.45469546318054,170.4424438290298
8,1,23,0,random440_expressivespeech_289::0,146,False,26.44102668762207,35.243961334228516,61.66666810028255
8,1,23,1,random440_expressivespeech_289::1,166,False,29.34076738357544,40.398966550827026,69.77332298457623
8,1,23,2,random440_expressivespeech_289::2,175,False,30.639189958572388,44.2768669128418,74.952401522547
8,1,23,3,random440_expressivespeech_289::3,176,False,29.83188533782959,44.66345167160034,74.50970582850277
8,1,24,0,random440_deear_075::0,43,False,6.8300817012786865,9.804253101348877,16.611449187621474
8,1,24,1,random440_deear_075::1,38,False,6.3564698696136475,10.657471895217896,17.006205590441823
8,1,24,2,random440_deear_075::2,43,False,7.084862232208252,9.757030248641968,16.828918604180217
8,1,24,3,random440_deear_075::3,35,False,6.381938219070435,10.137979984283447,16.679719168692827
8,2,0,0,random440_expressivespeech_320::0,45,False,9.251817226409912,10.3919837474823,19.59817586094141
8,2,0,1,random440_expressivespeech_320::1,50,False,8.295916080474854,11.0411958694458,19.560858264565468
8,2,0,2,random440_expressivespeech_320::2,50,False,8.025166749954224,12.377597332000732,20.38645845092833
8,2,0,3,random440_expressivespeech_320::3,40,False,6.021594524383545,17.381218433380127,23.578059488907456
8,2,1,0,random440_expressivespeech_132::0,106,False,19.11542248725891,25.639245748519897,44.73724608682096
8,2,1,1,random440_expressivespeech_132::1,125,False,20.738670349121094,30.442042589187622,51.58669996075332
8,2,1,2,random440_expressivespeech_132::2,149,False,25.637648820877075,35.99253487586975,62.13316069729626
8,2,1,3,random440_expressivespeech_132::3,169,False,28.128352642059326,74.54981899261475,102.65791902691126
8,2,2,0,random440_deear_068::0,20,False,3.5578343868255615,4.427090406417847,7.968152621760964
8,2,2,1,random440_deear_068::1,18,False,2.7506887912750244,3.9030096530914307,6.64610250107944
8,2,2,2,random440_deear_068::2,16,False,2.446554660797119,3.496992588043213,5.929221983999014
8,2,2,3,random440_deear_068::3,15,False,2.296816110610962,8.398116827011108,10.680812310427427
8,2,3,0,random440_expressivespeech_047::0,40,False,6.373731851577759,8.846979141235352,15.201285308226943
8,2,3,1,random440_expressivespeech_047::1,36,False,5.699601650238037,9.455730199813843,15.147615689784288
8,2,3,2,random440_expressivespeech_047::2,54,False,8.3190176486969,11.985712766647339,20.29572611115873
8,2,3,3,random440_expressivespeech_047::3,33,False,5.947988748550415,17.68925666809082,23.828607307747006
8,2,4,0,random440_expressivespeech_224::0,80,False,13.847417831420898,18.055299758911133,31.88566830381751
8,2,4,1,random440_expressivespeech_224::1,82,False,13.632291078567505,18.460159063339233,32.41706984862685
8,2,4,2,random440_expressivespeech_224::2,86,False,14.725545644760132,19.826464653015137,34.8555695079267
8,2,4,3,random440_expressivespeech_224::3,76,False,11.97911787033081,29.910521030426025,42.314441580325365
8,2,5,0,random440_expressivespeech_032::0,96,False,14.966100454330444,22.330330848693848,37.27724336832762
8,2,5,1,random440_expressivespeech_032::1,68,False,12.364360332489014,15.27211880683899,28.016411740332842
8,2,5,2,random440_expressivespeech_032::2,50,False,7.622821569442749,11.94198203086853,19.553905440494418
8,2,5,3,random440_expressivespeech_032::3,78,False,12.220617771148682,36.43960738182068,48.6354964338243
8,2,6,0,random440_expressivespeech_092::0,60,False,9.364748001098633,13.332458734512329,22.677918802946806
8,2,6,1,random440_expressivespeech_092::1,42,False,7.341891765594482,10.070850849151611,17.400171495974064
8,2,6,2,random440_expressivespeech_092::2,49,False,7.72827935218811,11.504095315933228,19.220810391008854
8,2,6,3,random440_expressivespeech_092::3,91,False,14.228754997253418,22.054645538330078,36.27183765359223
8,2,7,0,random440_expressivespeech_094::0,96,False,15.078299283981323,22.334895610809326,37.393438348546624
8,2,7,1,random440_expressivespeech_094::1,61,False,9.232303857803345,15.065797328948975,24.678405676037073
8,2,7,2,random440_expressivespeech_094::2,64,False,10.236361265182495,14.854641675949097,25.08087601698935
8,2,7,3,random440_expressivespeech_094::3,63,False,9.497996091842651,21.40312671661377,30.88794320821762
8,2,8,0,random440_deear_026::0,53,False,8.218376874923706,11.954868793487549,20.156550485640764
8,2,8,1,random440_deear_026::1,96,False,15.481518030166626,23.45789670944214,38.931111419573426
8,2,8,2,random440_deear_026::2,57,False,9.02252984046936,13.355041027069092,22.762851620092988
8,2,8,3,random440_deear_026::3,55,False,8.31441068649292,18.04720711708069,26.35000169277191
8,2,9,0,random440_deear_059::0,34,False,6.337090492248535,7.4513771533966064,13.771136030554771
8,2,9,1,random440_deear_059::1,35,False,5.468141555786133,7.7337822914123535,13.188336003571749
8,2,9,2,random440_deear_059::2,33,False,5.740939378738403,7.285686492919922,13.180103508755565
8,2,9,3,random440_deear_059::3,32,False,5.071257591247559,10.609658241271973,15.811631606891751
8,2,10,0,random440_expressivespeech_278::0,28,False,5.226633787155151,6.424384117126465,11.634647876024246
8,2,10,1,random440_expressivespeech_278::1,27,False,4.107424259185791,6.0045270919799805,10.098570754751563
8,2,10,2,random440_expressivespeech_278::2,28,False,4.540668249130249,6.56273078918457,11.189962787553668
8,2,10,3,random440_expressivespeech_278::3,25,False,4.08707857131958,9.499017000198364,13.699571201577783
8,2,11,0,random440_deear_091::0,108,False,18.536585092544556,24.81679916381836,43.33374677784741
8,2,11,1,random440_deear_091::1,104,False,17.093626260757446,24.829238176345825,42.448787439614534
8,2,11,2,random440_deear_091::2,90,False,14.056257486343384,20.972498178482056,35.445240542292595
8,2,11,3,random440_deear_091::3,107,False,17.9954514503479,50.18621063232422,68.16530548781157
8,2,12,0,random440_deear_053::0,11,False,2.1534841060638428,3.0924651622772217,5.196334611624479
8,2,12,1,random440_deear_053::1,10,False,1.7461669445037842,2.183817148208618,3.9167728442698717
8,2,12,2,random440_deear_053::2,11,False,1.9745936393737793,2.3980600833892822,4.358999401330948
8,2,12,3,random440_deear_053::3,17,False,2.6280548572540283,10.528554677963257,13.169494569301605
8,2,13,0,random440_deear_027::0,44,False,7.845438003540039,9.829284191131592,17.656524838879704
8,2,13,1,random440_deear_027::1,44,False,6.667419672012329,10.438681840896606,17.095665741711855
8,2,13,2,random440_deear_027::2,53,False,9.06635069847107,11.948917150497437,21.248910328373313
8,2,13,3,random440_deear_027::3,48,False,7.855754375457764,19.212718963623047,27.264181811362505
8,2,14,0,random440_expressivespeech_149::0,22,False,3.315364122390747,5.000402212142944,8.297210816293955
8,2,14,1,random440_expressivespeech_149::1,27,False,5.672103404998779,5.9613330364227295,11.618656864389777
8,2,14,2,random440_expressivespeech_149::2,22,False,3.408129930496216,4.850120544433594,8.244081059470773
8,2,14,3,random440_expressivespeech_149::3,19,False,2.913727045059204,4.2653772830963135,7.1674520298838615
8,2,15,0,random440_expressivespeech_062::0,72,False,12.120700597763062,16.0047390460968,28.109175220131874
8,2,15,1,random440_expressivespeech_062::1,61,False,10.993296146392822,13.753016710281372,25.03049873933196
8,2,15,2,random440_expressivespeech_062::2,42,False,6.660345554351807,10.188822746276855,16.839524490758777
8,2,15,3,random440_expressivespeech_062::3,40,False,6.296896934509277,11.78530764579773,18.06467822380364
8,2,16,0,random440_expressivespeech_039::0,110,False,18.649510622024536,26.049108028411865,44.679444935172796
8,2,16,1,random440_expressivespeech_039::1,127,False,21.032918691635132,30.16382884979248,51.18466395325959
8,2,16,2,random440_expressivespeech_039::2,119,False,18.63069796562195,28.52174711227417,47.139577746391296
8,2,16,3,random440_expressivespeech_039::3,117,False,19.236577033996582,42.30880260467529,61.51657699607313
8,2,17,0,random440_expressivespeech_164::0,93,False,15.18039345741272,22.872684001922607,38.03300706855953
8,2,17,1,random440_expressivespeech_164::1,99,False,15.566662073135376,23.542095184326172,39.103849491104484
8,2,17,2,random440_expressivespeech_164::2,81,False,12.462740421295166,20.275264501571655,33.16139965504408
8,2,17,3,random440_expressivespeech_164::3,84,False,13.879302501678467,39.63163995742798,53.48501204699278
8,2,18,0,random440_expressivespeech_174::0,147,False,23.714666604995728,35.6040141582489,59.30149398371577
8,2,18,1,random440_expressivespeech_174::1,197,False,32.577473163604736,48.89865040779114,80.66955809667706
8,2,18,2,random440_expressivespeech_174::2,182,False,30.117954969406128,43.959858655929565,74.06498862244189
8,2,18,3,random440_expressivespeech_174::3,185,False,30.205961227416992,91.93709135055542,120.95814098790288
8,2,19,0,random440_expressivespeech_229::0,313,False,57.65255618095398,78.94271874427795,134.71962279826403
8,2,19,1,random440_expressivespeech_229::1,352,False,58.97092914581299,89.28669095039368,147.5199953634292
8,2,19,2,random440_expressivespeech_229::2,335,False,55.500226736068726,84.90041732788086,141.9752516411245
8,2,19,3,random440_expressivespeech_229::3,287,False,46.49611258506775,397.27808690071106,445.122494738549
8,2,20,0,random440_deear_067::0,8,True,1.255467414855957,1.7959849834442139,3.035125831142068
8,2,20,1,random440_deear_067::1,9,True,1.384631872177124,2.014754295349121,3.3866173531860113
8,2,20,2,random440_deear_067::2,9,True,1.419788122177124,1.9848527908325195,3.393659783527255
8,2,20,3,random440_deear_067::3,7,True,1.0954530239105225,7.576908111572266,8.678595142439008
8,2,21,0,random440_expressivespeech_131::0,34,False,5.341952800750732,7.62059211730957,12.94365506991744
8,2,21,1,random440_expressivespeech_131::1,23,False,3.494805097579956,5.1880481243133545,8.679639196023345
8,2,21,2,random440_expressivespeech_131::2,23,False,4.3796563148498535,5.537633895874023,9.908084778115153
8,2,21,3,random440_expressivespeech_131::3,16,False,2.4697134494781494,6.693464040756226,9.217938931658864
8,2,22,0,random440_expressivespeech_276::0,302,False,52.340381145477295,74.62059020996094,126.93965870141983
8,2,22,1,random440_expressivespeech_276::1,192,False,31.61580491065979,48.18605160713196,79.80010755173862
8,2,22,2,random440_expressivespeech_276::2,201,False,32.44026160240173,49.8972852230072,82.36558063142002
8,2,22,3,random440_expressivespeech_276::3,291,False,47.702521562576294,73.27139329910278,120.97858238779008
8,2,23,0,random440_expressivespeech_268::0,157,False,26.09502363204956,37.5456645488739,63.62195971980691
8,2,23,1,random440_expressivespeech_268::1,174,False,29.196028232574463,43.31493401527405,72.52849197201431
8,2,23,2,random440_expressivespeech_268::2,159,False,25.438408374786377,39.167771100997925,64.61742442846298
8,2,23,3,random440_expressivespeech_268::3,165,False,27.0240159034729,52.733810901641846,79.78084998577833
8,2,24,0,random440_expressivespeech_234::0,39,False,5.927880048751831,8.688583850860596,14.597789980471134
8,2,24,1,random440_expressivespeech_234::1,36,False,5.464808940887451,9.922284126281738,15.375346627086401
8,2,24,2,random440_expressivespeech_234::2,52,False,8.185280561447144,11.784312725067139,19.95690380036831
8,2,24,3,random440_expressivespeech_234::3,29,False,5.171483039855957,11.713276624679565,16.879456186667085
8,3,0,0,random440_expressivespeech_059::0,51,False,10.952168226242065,12.386076211929321,23.32030930183828
8,3,0,1,random440_expressivespeech_059::1,43,False,7.238818168640137,10.097529888153076,17.31542552821338
8,3,0,2,random440_expressivespeech_059::2,47,False,8.507991552352905,11.688355684280396,20.177528059110045
8,3,0,3,random440_expressivespeech_059::3,44,False,6.836810350418091,15.27156925201416,22.274334967136383
8,3,1,0,random440_deear_098::0,140,False,27.247639656066895,34.52136564254761,61.75048146210611
8,3,1,1,random440_deear_098::1,126,False,20.811927556991577,31.947925329208374,53.30779674835503
8,3,1,2,random440_deear_098::2,126,False,20.12983274459839,31.11814284324646,51.248852644115686
8,3,1,3,random440_deear_098::3,114,False,19.02013063430786,74.95754384994507,93.90663291700184
8,3,2,0,random440_expressivespeech_170::0,15,False,2.876481056213379,3.2839338779449463,6.143408281728625
8,3,2,1,random440_expressivespeech_170::1,13,False,2.0056698322296143,2.8427956104278564,4.834043085575104
8,3,2,2,random440_expressivespeech_170::2,17,False,2.5877273082733154,3.767274856567383,6.337505677714944
8,3,2,3,random440_expressivespeech_170::3,22,False,3.3564951419830322,10.658305883407593,13.992001309990883
8,3,3,0,random440_expressivespeech_203::0,38,False,6.147419452667236,8.413283348083496,14.539992706850171
8,3,3,1,random440_expressivespeech_203::1,40,False,6.337334394454956,10.438873767852783,16.762385170906782
8,3,3,2,random440_expressivespeech_203::2,41,False,6.24756932258606,9.173560619354248,15.568804798647761
8,3,3,3,random440_expressivespeech_203::3,43,False,6.844954252243042,20.794137477874756,27.781678576022387
8,3,4,0,random440_deear_043::0,72,False,12.493397951126099,16.585842609405518,29.059643683955073
8,3,4,1,random440_deear_043::1,76,False,12.835432052612305,16.95845341682434,30.089801801368594
8,3,4,2,random440_deear_043::2,92,False,15.646225690841675,20.980939149856567,36.93953863531351
8,3,4,3,random440_deear_043::3,83,False,13.529525756835938,31.53930687904358,45.46056703478098
8,3,5,0,random440_expressivespeech_049::0,68,False,10.478535175323486,15.801619529724121,26.259076237678528
8,3,5,1,random440_expressivespeech_049::1,94,False,14.77684473991394,22.943262577056885,37.70989983715117
8,3,5,2,random440_expressivespeech_049::2,72,False,11.963032245635986,16.25987696647644,28.589931789785624
8,3,5,3,random440_expressivespeech_049::3,86,False,14.381990671157837,26.348355770111084,40.70570199936628
8,3,6,0,random440_expressivespeech_066::0,55,False,8.896186828613281,12.268155097961426,21.143729584291577
8,3,6,1,random440_expressivespeech_066::1,52,False,8.4278085231781,12.32051682472229,20.737029319629073
8,3,6,2,random440_expressivespeech_066::2,52,False,7.96368670463562,12.319974184036255,20.270104233175516
8,3,6,3,random440_expressivespeech_066::3,79,False,12.019887924194336,20.90716552734375,33.11739553697407
8,3,7,0,random440_expressivespeech_196::0,59,False,8.9701828956604,13.760597467422485,22.71101271919906
8,3,7,1,random440_expressivespeech_196::1,78,False,12.242480278015137,18.554264307022095,30.78455393575132
8,3,7,2,random440_expressivespeech_196::2,72,False,11.071762323379517,16.83333683013916,28.304318042472005
8,3,7,3,random440_expressivespeech_196::3,68,False,10.512908220291138,25.307211875915527,35.802378218621016
8,3,8,0,random440_expressivespeech_100::0,68,False,10.606777906417847,16.121292114257812,26.709708105772734
8,3,8,1,random440_expressivespeech_100::1,62,False,9.609739065170288,14.415313005447388,24.26653417572379
8,3,8,2,random440_expressivespeech_100::2,55,False,8.931085586547852,12.363164186477661,21.280395248904824
8,3,8,3,random440_expressivespeech_100::3,72,False,11.727008581161499,24.18229866027832,35.88059487193823
8,3,9,0,random440_expressivespeech_044::0,37,False,6.743102788925171,8.226388454437256,14.949391098693013
8,3,9,1,random440_expressivespeech_044::1,31,False,4.875244140625,6.855718374252319,11.71937944367528
8,3,9,2,random440_expressivespeech_044::2,33,False,5.713380336761475,7.215139150619507,12.916547130793333
8,3,9,3,random440_expressivespeech_044::3,28,False,4.450393199920654,11.707310914993286,16.265781093388796
8,3,10,0,random440_deear_081::0,29,False,5.433273792266846,6.580021142959595,11.994113191962242
8,3,10,1,random440_deear_081::1,30,False,4.727440595626831,6.606518268585205,11.312890702858567
8,3,10,2,random440_deear_081::2,26,False,3.9126386642456055,6.332063674926758,10.229752378538251
8,3,10,3,random440_deear_081::3,22,False,3.4510278701782227,9.475821256637573,12.911369485780597
8,3,11,0,random440_expressivespeech_029::0,97,False,15.93836498260498,23.184096574783325,39.1037114392966
8,3,11,1,random440_expressivespeech_029::1,127,False,20.595054864883423,30.643516540527344,51.6400028783828
8,3,11,2,random440_expressivespeech_029::2,88,False,14.011765956878662,20.08420968055725,34.080546682700515
8,3,11,3,random440_expressivespeech_029::3,96,False,16.172892093658447,47.86585068702698,64.36637841165066
8,3,12,0,random440_expressivespeech_140::0,12,False,2.190541982650757,3.481685161590576,5.655430294573307
8,3,12,1,random440_expressivespeech_140::1,11,False,1.7797448635101318,2.386442184448242,4.156048309057951
8,3,12,2,random440_expressivespeech_140::2,12,False,2.0336508750915527,2.6126644611358643,4.667273560538888
8,3,12,3,random440_expressivespeech_140::3,9,False,1.3930437564849854,10.76215648651123,12.199584824964404
8,3,13,0,random440_expressivespeech_153::0,51,False,8.7776517868042,11.220056295394897,19.977918503805995
8,3,13,1,random440_expressivespeech_153::1,49,False,7.3389317989349365,12.241576910018921,19.567699218168855
8,3,13,2,random440_expressivespeech_153::2,47,False,7.227844715118408,10.436096668243408,17.84709477238357
8,3,13,3,random440_expressivespeech_153::3,56,False,9.48862910270691,16.301023483276367,25.76623072102666
8,3,14,0,random440_deear_005::0,22,False,3.2997522354125977,5.002165079116821,8.281267758458853
8,3,14,1,random440_deear_005::1,22,False,4.285484075546265,5.0943896770477295,9.36274615302682
8,3,14,2,random440_deear_005::2,21,False,3.3237171173095703,4.61306095123291,7.922517228871584
8,3,14,3,random440_deear_005::3,24,False,3.5872228145599365,6.20923113822937,9.85691055469215
8,3,15,0,random440_expressivespeech_325::0,62,False,10.28063416481018,13.61382508277893,23.875736888498068
8,3,15,1,random440_expressivespeech_325::1,54,False,8.649483919143677,13.081705331802368,21.96952736377716
8,3,15,2,random440_expressivespeech_325::2,47,False,7.290412425994873,10.77803635597229,18.05872214026749
8,3,15,3,random440_expressivespeech_325::3,50,False,7.871809959411621,16.287833213806152,24.135845897719264
8,3,16,0,random440_expressivespeech_052::0,106,False,17.753454446792603,24.622467756271362,42.35775773413479
8,3,16,1,random440_expressivespeech_052::1,134,False,21.544138193130493,31.94241762161255,53.91032926365733
8,3,16,2,random440_expressivespeech_052::2,137,False,21.488327264785767,32.78976917266846,54.26354202441871
8,3,16,3,random440_expressivespeech_052::3,93,False,14.865570068359375,39.042041063308716,53.878372533246875
8,3,17,0,random440_expressivespeech_324::0,94,False,15.604889392852783,22.532769441604614,38.11738847754896
8,3,17,1,random440_expressivespeech_324::1,70,False,10.787257194519043,16.485286951065063,27.67104046046734
8,3,17,2,random440_expressivespeech_324::2,83,False,12.785299301147461,20.03726100921631,32.81247703358531
8,3,17,3,random440_expressivespeech_324::3,99,False,15.457360744476318,49.85633659362793,65.61069824360311
8,3,18,0,random440_expressivespeech_152::0,197,False,34.15707492828369,48.23887491226196,81.26582297869027
8,3,18,1,random440_expressivespeech_152::1,180,False,33.713568687438965,43.65983724594116,77.36318585276604
8,3,18,2,random440_expressivespeech_152::2,180,False,30.545872449874878,44.15983819961548,74.40369163826108
8,3,18,3,random440_expressivespeech_152::3,153,False,24.465766668319702,74.63969993591309,99.06285627745092
8,3,19,0,random440_expressivespeech_141::0,240,False,41.94769215583801,57.623520374298096,98.52423608116806
8,3,19,1,random440_expressivespeech_141::1,269,False,43.97245121002197,64.71911668777466,107.42718565277755
8,3,19,2,random440_expressivespeech_141::2,225,False,36.955212354660034,54.05120301246643,91.01871345378458
8,3,19,3,random440_expressivespeech_141::3,302,False,48.859012603759766,524.0836250782013,571.0913283675909
8,3,20,0,random440_deear_067::0,8,True,1.2211573123931885,1.7383372783660889,2.943050602450967
8,3,20,1,random440_deear_067::1,9,True,1.6051511764526367,1.9576218128204346,3.549966549500823
8,3,20,2,random440_deear_067::2,9,True,1.3559389114379883,1.9249505996704102,3.272100144997239
8,3,20,3,random440_deear_067::3,7,True,1.0712127685546875,7.721462249755859,8.771788591518998
8,3,21,0,random440_expressivespeech_275::0,24,False,3.5935914516448975,5.274869203567505,8.851550348103046
8,3,21,1,random440_expressivespeech_275::1,33,False,5.175025939941406,7.264695882797241,12.437891529873013
8,3,21,2,random440_expressivespeech_275::2,23,False,3.7938194274902344,5.498621940612793,9.28379332460463
8,3,21,3,random440_expressivespeech_275::3,24,False,3.876185655593872,6.180421352386475,10.043566521257162
8,3,22,0,random440_expressivespeech_108::0,254,False,41.601757287979126,62.84880065917969,104.39588451944292
8,3,22,1,random440_expressivespeech_108::1,269,False,43.384477853775024,65.39964580535889,108.78155712783337
8,3,22,2,random440_expressivespeech_108::2,225,False,36.593863010406494,54.32269310951233,90.91273882426322
8,3,22,3,random440_expressivespeech_108::3,234,False,38.72840452194214,64.07307386398315,102.81055129691958
8,3,23,0,random440_expressivespeech_125::0,211,False,33.904274225234985,51.59030556678772,85.47059100307524
8,3,23,1,random440_expressivespeech_125::1,149,False,24.481289625167847,35.23388195037842,59.73625706136227
8,3,23,2,random440_expressivespeech_125::2,136,False,21.792935371398926,32.476959466934204,54.28951179981232
8,3,23,3,random440_expressivespeech_125::3,153,False,24.485296726226807,56.91042494773865,81.4026703890413
8,3,24,0,random440_expressivespeech_336::0,33,False,5.203681230545044,7.198267221450806,12.380910253152251
8,3,24,1,random440_expressivespeech_336::1,36,False,5.5732457637786865,8.703044176101685,14.26546604000032
8,3,24,2,random440_expressivespeech_336::2,43,False,7.466552495956421,9.591826438903809,17.282742770388722
8,3,24,3,random440_expressivespeech_336::3,38,False,5.91826868057251,17.247312784194946,23.334567764773965
8,4,0,0,random440_expressivespeech_114::0,47,False,10.488941192626953,12.043182849884033,22.513575052842498
8,4,0,1,random440_expressivespeech_114::1,36,False,6.037151098251343,8.202068090438843,14.406126601621509
8,4,0,2,random440_expressivespeech_114::2,42,False,6.4920289516448975,11.189064264297485,17.6645291429013
8,4,0,3,random440_expressivespeech_114::3,59,False,9.791202068328857,18.894340991973877,28.833859853446484
8,4,1,0,random440_expressivespeech_182::0,114,False,20.891908168792725,29.329561948776245,50.20099686458707
8,4,1,1,random440_expressivespeech_182::1,125,False,21.537307739257812,31.50485610961914,53.02382108010352
8,4,1,2,random440_expressivespeech_182::2,134,False,22.77150797843933,33.66077542304993,56.96357721276581
8,4,1,3,random440_expressivespeech_182::3,123,False,20.309895992279053,80.2942008972168,100.54312972538173
8,4,2,0,random440_expressivespeech_322::0,14,False,3.0467684268951416,3.1686198711395264,6.202741097658873
8,4,2,1,random440_expressivespeech_322::1,16,False,2.5090956687927246,3.6322548389434814,6.1313025914132595
8,4,2,2,random440_expressivespeech_322::2,19,False,2.9541759490966797,4.3309032917022705,7.271058093756437
8,4,2,3,random440_expressivespeech_322::3,18,False,3.000241994857788,8.698277235031128,11.680704416707158
8,4,3,0,random440_expressivespeech_218::0,43,False,6.765641689300537,9.935666561126709,16.68273784406483
8,4,3,1,random440_expressivespeech_218::1,50,False,8.429144382476807,13.050953149795532,21.4685785677284
8,4,3,2,random440_expressivespeech_218::2,34,False,5.548832178115845,7.761300563812256,13.498448552563787
8,4,3,3,random440_expressivespeech_218::3,33,False,6.001016855239868,16.877016305923462,22.852987898513675
8,4,4,0,random440_deear_041::0,82,False,14.576841592788696,19.37857961654663,33.937463995069265
8,4,4,1,random440_deear_041::1,82,False,14.076569318771362,19.40835666656494,33.79914045706391
8,4,4,2,random440_deear_041::2,84,False,14.495516300201416,20.61273765563965,35.51236769370735
8,4,4,3,random440_deear_041::3,93,False,14.69701337814331,23.6275475025177,38.65126629173756
8,4,5,0,random440_deear_018::0,77,False,12.429935932159424,19.016100883483887,31.426048116758466
8,4,5,1,random440_deear_018::1,81,False,13.381776332855225,20.237449645996094,33.60636070743203
8,4,5,2,random440_deear_018::2,83,False,14.062540054321289,19.293009757995605,33.670095551759005
8,4,5,3,random440_deear_018::3,78,False,14.08823037147522,20.393496990203857,34.7997429985553
8,4,6,0,random440_expressivespeech_177::0,55,False,9.188828468322754,12.732797145843506,21.903846878558397
8,4,6,1,random440_expressivespeech_177::1,50,False,8.811263084411621,12.204920291900635,21.004545964300632
8,4,6,2,random440_expressivespeech_177::2,57,False,9.000625371932983,13.895848274230957,22.8792385160923
8,4,6,3,random440_expressivespeech_177::3,66,False,10.678914546966553,18.630773544311523,29.29466405697167
8,4,7,0,random440_expressivespeech_243::0,70,False,11.158040523529053,17.04357099533081,28.183117186650634
8,4,7,1,random440_expressivespeech_243::1,65,False,10.3589186668396,16.580703020095825,27.20803013816476
8,4,7,2,random440_expressivespeech_243::2,83,False,13.192273378372192,20.218055725097656,33.4002287145704
8,4,7,3,random440_expressivespeech_243::3,58,False,9.147716999053955,20.016866207122803,29.49125681631267
8,4,8,0,random440_expressivespeech_308::0,77,False,12.415090322494507,18.975799798965454,31.37141086347401
8,4,8,1,random440_expressivespeech_308::1,63,False,10.06963849067688,16.113391160964966,26.483415253460407
8,4,8,2,random440_expressivespeech_308::2,54,False,8.550008296966553,12.934677839279175,21.473039211705327
8,4,8,3,random440_expressivespeech_308::3,60,False,9.889816522598267,19.04875373840332,28.895129883661866
8,4,9,0,random440_expressivespeech_106::0,32,False,6.207535743713379,7.398192405700684,13.586690489202738
8,4,9,1,random440_expressivespeech_106::1,24,False,3.7436625957489014,5.538717985153198,9.268927020952106
8,4,9,2,random440_expressivespeech_106::2,37,False,6.3543641567230225,8.998515367507935,15.336754702031612
8,4,9,3,random440_expressivespeech_106::3,33,False,5.157654523849487,12.503566265106201,17.647002056241035
8,4,10,0,random440_deear_029::0,38,False,7.660333871841431,8.81627345085144,16.460657769814134
8,4,10,1,random440_deear_029::1,20,False,3.1399402618408203,4.578254461288452,7.862310040742159
8,4,10,2,random440_deear_029::2,26,False,4.201581239700317,6.816554546356201,11.004288280382752
8,4,10,3,random440_deear_029::3,21,False,3.252140522003174,8.075119256973267,11.410518871620297
8,4,11,0,random440_expressivespeech_091::0,129,False,22.411040544509888,31.59893035888672,53.9914992954582
8,4,11,1,random440_expressivespeech_091::1,94,False,14.79368805885315,23.90513014793396,38.68478497304022
8,4,11,2,random440_expressivespeech_091::2,76,False,13.119542121887207,17.686992645263672,30.80130733177066
8,4,11,3,random440_expressivespeech_091::3,99,False,17.346473693847656,47.99317955970764,65.29348752833903
8,4,12,0,random440_expressivespeech_119::0,12,False,2.4412786960601807,3.7093617916107178,6.135483672842383
8,4,12,1,random440_expressivespeech_119::1,16,False,2.840715169906616,3.6373684406280518,6.46461671218276
8,4,12,2,random440_expressivespeech_119::2,23,False,3.599787712097168,5.3615992069244385,8.945049719884992
8,4,12,3,random440_expressivespeech_119::3,13,False,2.029066801071167,2.9454894065856934,4.961706334725022
8,4,13,0,random440_expressivespeech_201::0,51,False,8.99968957901001,11.907566785812378,20.88667850010097
8,4,13,1,random440_expressivespeech_201::1,48,False,7.75133204460144,12.598870038986206,20.339926671236753
8,4,13,2,random440_expressivespeech_201::2,50,False,8.063501119613647,11.545884609222412,19.59654259867966
8,4,13,3,random440_expressivespeech_201::3,53,False,9.069366455078125,13.079447746276855,22.32696531713009
8,4,14,0,random440_expressivespeech_302::0,26,False,4.3208909034729,6.716723203659058,11.015997752547264
8,4,14,1,random440_expressivespeech_302::1,19,False,3.7153797149658203,4.309101104736328,8.01235669106245
8,4,14,2,random440_expressivespeech_302::2,24,False,3.726147413253784,5.507668495178223,9.223512778058648
8,4,14,3,random440_expressivespeech_302::3,18,False,3.0239741802215576,4.081974744796753,7.185367695987225
8,4,15,0,random440_expressivespeech_258::0,53,False,9.315028429031372,12.445225954055786,21.742734959349036
8,4,15,1,random440_expressivespeech_258::1,49,False,7.592044830322266,12.819489002227783,20.607443559914827
8,4,15,2,random440_expressivespeech_258::2,55,False,8.848306894302368,13.437173843383789,22.24405707232654
8,4,15,3,random440_expressivespeech_258::3,54,False,8.648186445236206,14.79218602180481,23.70734598301351
8,4,16,0,random440_expressivespeech_331::0,109,False,19.152710676193237,27.061835527420044,46.19429201632738
8,4,16,1,random440_expressivespeech_331::1,121,False,20.72818613052368,29.778610706329346,50.926855409517884
8,4,16,2,random440_expressivespeech_331::2,115,False,18.338683366775513,28.843908548355103,47.16772814281285
8,4,16,3,random440_expressivespeech_331::3,123,False,20.650789260864258,40.10171127319336,60.73404644057155
8,4,17,0,random440_expressivespeech_042::0,102,False,17.04503560066223,25.7962749004364,42.823585448786616
8,4,17,1,random440_expressivespeech_042::1,90,False,14.218045711517334,22.451372385025024,36.65746164880693
8,4,17,2,random440_expressivespeech_042::2,70,False,11.268944025039673,17.90701961517334,29.164919693022966
8,4,17,3,random440_expressivespeech_042::3,83,False,13.989505529403687,40.97365093231201,54.943917939439416
8,4,18,0,random440_expressivespeech_299::0,176,False,31.115360975265503,45.2341628074646,75.32318742759526
8,4,18,1,random440_expressivespeech_299::1,156,False,24.930105686187744,40.480918884277344,65.40180193819106
8,4,18,2,random440_expressivespeech_299::2,192,False,33.665441036224365,48.59201693534851,80.90968349203467
8,4,18,3,random440_expressivespeech_299::3,165,False,27.11950421333313,83.54989814758301,110.62235570512712
8,4,19,0,random440_expressivespeech_330::0,248,False,45.552003622055054,63.15593218803406,107.5173289142549
8,4,19,1,random440_expressivespeech_330::1,297,False,52.218414545059204,75.3292133808136,127.00769898667932
8,4,19,2,random440_expressivespeech_330::2,253,False,42.91761064529419,64.99309349060059,109.56601719930768
8,4,19,3,random440_expressivespeech_330::3,228,False,38.49842429161072,487.9164357185364,526.3707599919289
8,4,20,0,random440_expressivespeech_173::0,9,False,1.4161169528961182,2.053162097930908,3.453641152009368
8,4,20,1,random440_expressivespeech_173::1,8,False,1.2710847854614258,1.8148412704467773,3.075657634064555
8,4,20,2,random440_expressivespeech_173::2,13,False,2.003406524658203,2.9386003017425537,4.938881047070026
8,4,20,3,random440_expressivespeech_173::3,13,False,2.4488799571990967,4.616687297821045,7.057586580514908
8,4,21,0,random440_expressivespeech_033::0,28,False,4.302761554718018,6.437670707702637,10.722504157572985
8,4,21,1,random440_expressivespeech_033::1,25,False,3.8132145404815674,5.764324426651001,9.566388806328177
8,4,21,2,random440_expressivespeech_033::2,27,False,4.8540940284729,6.741821050643921,11.58543698117137
8,4,21,3,random440_expressivespeech_033::3,21,False,3.2045085430145264,5.591891050338745,8.885305171832442
8,4,22,0,random440_deear_061::0,208,False,34.955458641052246,53.063366413116455,88.00018453784287
8,4,22,1,random440_deear_061::1,225,False,36.118062257766724,57.69970393180847,93.81708106026053
8,4,22,2,random440_deear_061::2,180,False,30.56049156188965,46.309616804122925,76.87103919498622
8,4,22,3,random440_deear_061::3,216,False,34.626383543014526,115.54334235191345,150.13487812504172
8,4,23,0,random440_expressivespeech_274::0,169,False,28.741155862808228,41.23786211013794,69.95815136097372
8,4,23,1,random440_expressivespeech_274::1,162,False,27.50339937210083,41.154762268066406,68.67661526426673
8,4,23,2,random440_expressivespeech_274::2,155,False,25.44296908378601,38.68355584144592,64.14799917861819
8,4,23,3,random440_expressivespeech_274::3,148,False,24.19099450111389,54.02294301986694,78.20815088227391
8,4,24,0,random440_deear_017::0,30,False,4.651754140853882,6.823525428771973,11.45590714737773
8,4,24,1,random440_deear_017::1,41,False,6.272049188613892,10.720129013061523,16.97907082363963
8,4,24,2,random440_deear_017::2,39,False,6.665910959243774,8.846821784973145,15.506318287923932
8,4,24,3,random440_deear_017::3,38,False,5.773925304412842,17.256173133850098,23.00873631052673
8,5,0,0,random440_expressivespeech_273::0,34,False,7.889003753662109,8.114969491958618,15.985576028004289
8,5,0,1,random440_expressivespeech_273::1,63,False,12.751915693283081,14.865995407104492,27.73199476674199
8,5,0,2,random440_expressivespeech_273::2,51,False,10.347906112670898,11.749772787094116,22.340652745217085
8,5,0,3,random440_expressivespeech_273::3,36,False,5.816701650619507,11.140857219696045,17.14698815345764
8,5,1,0,random440_expressivespeech_139::0,116,False,22.324018955230713,29.47948145866394,51.784612810239196
8,5,1,1,random440_expressivespeech_139::1,132,False,23.617331743240356,32.93131923675537,56.53613842651248
8,5,1,2,random440_expressivespeech_139::2,112,False,19.264690160751343,28.11864686012268,47.36723948083818
8,5,1,3,random440_expressivespeech_139::3,128,False,22.219753980636597,82.47615838050842,104.6415388546884
8,5,2,0,random440_expressivespeech_306::0,21,False,4.1111578941345215,4.797799825668335,8.889807883650064
8,5,2,1,random440_expressivespeech_306::1,13,False,2.204850196838379,2.924363851547241,5.119031395763159
8,5,2,2,random440_expressivespeech_306::2,17,False,2.9574496746063232,3.8454301357269287,6.78813093714416
8,5,2,3,random440_expressivespeech_306::3,14,False,2.6687796115875244,7.788872480392456,10.494137540459633
8,5,3,0,random440_expressivespeech_015::0,66,False,11.294015645980835,16.17323637008667,27.44710656814277
8,5,3,1,random440_expressivespeech_015::1,34,False,6.000514268875122,7.768021821975708,13.758477846160531
8,5,3,2,random440_expressivespeech_015::2,36,False,6.138123989105225,8.865986347198486,14.991733595728874
8,5,3,3,random440_expressivespeech_015::3,44,False,7.762973070144653,10.032981634140015,17.95624098740518
8,5,4,0,random440_deear_052::0,78,False,14.53140902519226,18.26526403427124,32.776834301650524
8,5,4,1,random440_deear_052::1,89,False,15.791943073272705,21.558473110198975,37.65659389086068
8,5,4,2,random440_deear_052::2,79,False,13.730581760406494,19.188994884490967,33.39343712106347
8,5,4,3,random440_deear_052::3,88,False,14.737778902053833,22.58942174911499,37.316172391176224
8,5,5,0,random440_expressivespeech_300::0,81,False,13.881529092788696,19.274479389190674,33.13696354813874
8,5,5,1,random440_expressivespeech_300::1,109,False,19.882433652877808,26.514402389526367,46.38673160970211
8,5,5,2,random440_expressivespeech_300::2,48,False,8.492089986801147,11.061453580856323,19.988057242706418
8,5,5,3,random440_expressivespeech_300::3,79,False,15.347151517868042,18.67059636116028,34.00230912677944
8,5,6,0,random440_expressivespeech_262::0,59,False,10.611164093017578,13.598731756210327,24.18822630122304
8,5,6,1,random440_expressivespeech_262::1,74,False,14.107858419418335,17.301485538482666,31.398667568340898
8,5,6,2,random440_expressivespeech_262::2,47,False,8.350260496139526,10.825507640838623,19.478122647851706
8,5,6,3,random440_expressivespeech_262::3,47,False,7.852375507354736,12.272867679595947,20.11088285408914
8,5,7,0,random440_deear_089::0,69,False,11.498835563659668,16.68679928779602,28.166499426588416
8,5,7,1,random440_deear_089::1,68,False,11.269132137298584,17.075836181640625,28.615962451323867
8,5,7,2,random440_deear_089::2,67,False,11.389012098312378,16.22237205505371,27.872318014502525
8,5,7,3,random440_deear_089::3,68,False,11.32400107383728,22.322422981262207,33.89600861258805
8,5,8,0,random440_expressivespeech_221::0,59,False,9.506682634353638,14.31430959701538,23.800783885642886
8,5,8,1,random440_expressivespeech_221::1,60,False,9.938740730285645,13.95540165901184,23.88087604753673
8,5,8,2,random440_expressivespeech_221::2,74,False,13.967147827148438,17.27621054649353,31.23252383247018
8,5,8,3,random440_expressivespeech_221::3,60,False,10.040998458862305,18.858562707901,29.223166219890118
8,5,9,0,random440_expressivespeech_253::0,37,False,7.110797166824341,8.45845913887024,15.553504483774304
8,5,9,1,random440_expressivespeech_253::1,22,False,3.545747995376587,5.006519556045532,8.545429725199938
8,5,9,2,random440_expressivespeech_253::2,29,False,5.2355852127075195,7.055485248565674,12.276859572157264
8,5,9,3,random440_expressivespeech_253::3,30,False,4.859699010848999,14.657773494720459,19.611531663686037
8,5,10,0,random440_deear_097::0,25,False,5.513678073883057,5.900261878967285,11.397030662745237
8,5,10,1,random440_deear_097::1,35,False,5.970654487609863,7.960519075393677,13.919512271881104
8,5,10,2,random440_deear_097::2,21,False,3.4015438556671143,5.4168407917022705,8.943773685023189
8,5,10,3,random440_deear_097::3,23,False,3.7431676387786865,8.532870292663574,12.256174655631185
8,5,11,0,random440_expressivespeech_133::0,111,False,20.19908833503723,26.918063640594482,47.09772069193423
8,5,11,1,random440_expressivespeech_133::1,109,False,18.08253288269043,27.147910833358765,45.21433110721409
8,5,11,2,random440_expressivespeech_133::2,140,False,24.864786624908447,34.483956813812256,59.78787085786462
8,5,11,3,random440_expressivespeech_133::3,90,False,15.618969917297363,21.152740955352783,37.338695308193564
8,5,12,0,random440_deear_021::0,8,False,1.6525788307189941,2.366914749145508,3.980087861418724
8,5,12,1,random440_deear_021::1,8,False,1.7845485210418701,1.919055700302124,3.6907628402113914
8,5,12,2,random440_deear_021::2,13,False,2.1618738174438477,2.947805166244507,5.097232537344098
8,5,12,3,random440_deear_021::3,34,False,5.573754549026489,8.371020078659058,13.928566481918097
8,5,13,0,random440_expressivespeech_269::0,55,False,9.946571826934814,12.637006998062134,22.566408399492502
8,5,13,1,random440_expressivespeech_269::1,45,False,7.526257753372192,11.853942632675171,19.36914356611669
8,5,13,2,random440_expressivespeech_269::2,53,False,8.867802381515503,12.399804830551147,21.254558203741908
8,5,13,3,random440_expressivespeech_269::3,49,False,8.511767864227295,11.203271865844727,19.940660463646054
8,5,14,0,random440_expressivespeech_166::0,29,False,4.96955943107605,7.902895450592041,12.852931547909975
8,5,14,1,random440_expressivespeech_166::1,16,False,2.803295850753784,3.596454381942749,6.388434499502182
8,5,14,2,random440_expressivespeech_166::2,17,False,2.7685348987579346,3.828460454940796,6.586398113518953
8,5,14,3,random440_expressivespeech_166::3,23,False,3.955482244491577,5.596383333206177,9.53404001891613
8,5,15,0,random440_expressivespeech_239::0,47,False,8.729723691940308,10.729904174804688,19.442189594730735
8,5,15,1,random440_expressivespeech_239::1,37,False,5.96272087097168,9.229549646377563,15.150574561208487
8,5,15,2,random440_expressivespeech_239::2,87,False,15.362351655960083,21.306301593780518,36.65560351498425
8,5,15,3,random440_expressivespeech_239::3,40,False,6.491586923599243,9.926183223724365,16.762654868885875
8,5,16,0,random440_expressivespeech_240::0,127,False,22.950061798095703,30.57874608039856,53.50837207399309
8,5,16,1,random440_expressivespeech_240::1,91,False,16.405719995498657,21.555801153182983,37.94565362855792
8,5,16,2,random440_expressivespeech_240::2,117,False,20.180717706680298,28.727049827575684,48.898084012791514
8,5,16,3,random440_expressivespeech_240::3,118,False,20.36828851699829,43.87232184410095,64.2194013223052
8,5,17,0,random440_expressivespeech_136::0,94,False,16.744409561157227,23.381910800933838,40.105523282662034
8,5,17,1,random440_expressivespeech_136::1,70,False,11.639184951782227,17.24920630455017,28.878911299631
8,5,17,2,random440_expressivespeech_136::2,97,False,16.090433835983276,24.32381844520569,40.405274379998446
8,5,17,3,random440_expressivespeech_136::3,84,False,15.280936479568481,38.82462763786316,54.48500413633883
8,5,18,0,random440_expressivespeech_117::0,164,False,30.10044836997986,40.4947304725647,70.57568002864718
8,5,18,1,random440_expressivespeech_117::1,175,False,30.444849252700806,45.109214067459106,74.86416897922754
8,5,18,2,random440_expressivespeech_117::2,159,False,28.861742734909058,38.59578275680542,67.4454690311104
8,5,18,3,random440_expressivespeech_117::3,172,False,30.568846225738525,91.88860034942627,122.39764908142388
8,5,19,0,random440_expressivespeech_018::0,468,False,95.46416544914246,122.54621505737305,214.7947667092085
8,5,19,1,random440_expressivespeech_018::1,511,False,92.72029542922974,133.32694816589355,222.83934231102467
8,5,19,2,random440_expressivespeech_018::2,444,False,78.8247389793396,116.46441078186035,198.2432994991541
8,5,19,3,random440_expressivespeech_018::3,511,False,93.8062732219696,134.7353549003601,225.3754626829177
8,5,20,0,random440_expressivespeech_186::0,7,False,1.2128963470458984,1.613163948059082,2.810520963743329
8,5,20,1,random440_expressivespeech_186::1,13,False,2.190906047821045,2.997992515563965,5.1751094199717045
8,5,20,2,random440_expressivespeech_186::2,12,False,2.00018310546875,2.93462872505188,4.925592938438058
8,5,20,3,random440_expressivespeech_186::3,10,False,2.2854487895965576,3.2642271518707275,5.610214412212372
8,5,21,0,random440_deear_060::0,22,False,3.7028627395629883,5.054925203323364,8.741105714812875
8,5,21,1,random440_deear_060::1,29,False,4.795583009719849,6.666638135910034,11.538172136992216
8,5,21,2,random440_deear_060::2,22,False,3.807532787322998,5.813802719116211,9.612848415970802
8,5,21,3,random440_deear_060::3,27,False,4.7346789836883545,6.231000185012817,10.952076198533177
8,5,22,0,random440_expressivespeech_077::0,184,False,33.10058951377869,47.74242615699768,80.57283192873001
8,5,22,1,random440_expressivespeech_077::1,212,False,36.87940239906311,54.65078568458557,90.54663107730448
8,5,22,2,random440_expressivespeech_077::2,220,False,38.910863161087036,56.534966707229614,94.56435586884618
8,5,22,3,random440_expressivespeech_077::3,200,False,34.89563322067261,106.44210243225098,140.74698665365577
8,5,23,0,random440_expressivespeech_327::0,162,False,29.127625942230225,39.74881362915039,68.85652047023177
8,5,23,1,random440_expressivespeech_327::1,148,False,26.60820460319519,36.54020857810974,63.23274095915258
8,5,23,2,random440_expressivespeech_327::2,147,False,25.528228282928467,37.625497341156006,63.233993139117956
8,5,23,3,random440_expressivespeech_327::3,163,False,28.99724817276001,56.33287739753723,85.35614797659218
8,5,24,0,random440_expressivespeech_058::0,40,False,6.533883571624756,9.187937021255493,15.70293795876205
8,5,24,1,random440_expressivespeech_058::1,36,False,5.826698064804077,10.304058074951172,16.121400391682982
8,5,24,2,random440_expressivespeech_058::2,35,False,5.952639818191528,8.084734439849854,14.029716370627284
8,5,24,3,random440_expressivespeech_058::3,31,False,5.061307907104492,16.171716451644897,21.21903188712895
8,6,0,0,random440_expressivespeech_072::0,55,False,11.753075361251831,13.49666690826416,25.23039456643164
8,6,0,1,random440_expressivespeech_072::1,45,False,7.2576799392700195,10.233187913894653,17.705821819603443
8,6,0,2,random440_expressivespeech_072::2,41,False,7.8503358364105225,9.821394205093384,17.821808248758316
8,6,0,3,random440_expressivespeech_072::3,42,False,6.481447458267212,16.044522523880005,22.507267326116562
8,6,1,0,random440_expressivespeech_121::0,115,False,20.846688985824585,29.203115463256836,50.02992109581828
8,6,1,1,random440_expressivespeech_121::1,111,False,18.32255506515503,28.130324602127075,46.437552995979786
8,6,1,2,random440_expressivespeech_121::2,130,False,22.10393261909485,32.38036608695984,54.47049771808088
8,6,1,3,random440_expressivespeech_121::3,130,False,21.696352243423462,87.8878493309021,109.52071837335825
8,6,2,0,random440_expressivespeech_142::0,14,False,2.7360429763793945,3.1970181465148926,5.917563330382109
8,6,2,1,random440_expressivespeech_142::1,22,False,3.687978506088257,5.062840223312378,8.734994100406766
8,6,2,2,random440_expressivespeech_142::2,22,False,3.4368622303009033,5.0569212436676025,8.479904918000102
8,6,2,3,random440_expressivespeech_142::3,18,False,3.0453529357910156,5.039626121520996,8.07277356646955
8,6,3,0,random440_expressivespeech_214::0,48,False,7.706855297088623,11.238188982009888,18.924881223589182
8,6,3,1,random440_expressivespeech_214::1,40,False,7.186405420303345,10.180594205856323,17.35280266031623
8,6,3,2,random440_expressivespeech_214::2,40,False,6.611416339874268,9.150083065032959,15.748632771894336
8,6,3,3,random440_expressivespeech_214::3,50,False,8.606678247451782,13.678809404373169,22.425418278202415
8,6,4,0,random440_deear_076::0,80,False,14.633702516555786,18.906763792037964,33.52142068743706
8,6,4,1,random440_deear_076::1,74,False,12.677597999572754,17.374210596084595,30.36842582374811
8,6,4,2,random440_deear_076::2,99,False,17.4963960647583,24.415936946868896,42.20398476161063
8,6,4,3,random440_deear_076::3,80,False,13.065222024917603,22.038928747177124,35.491432927548885
8,6,5,0,random440_expressivespeech_081::0,76,False,12.138884782791138,18.73174738883972,30.853013515472412
8,6,5,1,random440_expressivespeech_081::1,73,False,11.722113370895386,18.698825120925903,30.41041984781623
8,6,5,2,random440_expressivespeech_081::2,83,False,13.740783929824829,19.945584297180176,33.962847555056214
8,6,5,3,random440_expressivespeech_081::3,77,False,13.955132246017456,24.03764033317566,38.29767551086843
8,6,6,0,random440_expressivespeech_335::0,56,False,9.488489866256714,13.028710126876831,22.49899921193719
8,6,6,1,random440_expressivespeech_335::1,56,False,10.230053186416626,13.125781059265137,23.344532143324614
8,6,6,2,random440_expressivespeech_335::2,56,False,8.957419872283936,13.825782060623169,22.98931158706546
8,6,6,3,random440_expressivespeech_335::3,58,False,9.265857458114624,17.125211238861084,26.599523104727268
8,6,7,0,random440_deear_034::0,60,False,9.554248809814453,14.94567346572876,24.479905942454934
8,6,7,1,random440_deear_034::1,73,False,11.592842817306519,18.442222595214844,30.229679876938462
8,6,7,2,random440_deear_034::2,73,False,11.904173612594604,17.9322612285614,30.124812642112374
8,6,7,3,random440_deear_034::3,65,False,10.44151759147644,22.90122079849243,33.60999368131161
8,6,8,0,random440_expressivespeech_328::0,71,False,11.545422315597534,17.300833702087402,28.829965328797698
8,6,8,1,random440_expressivespeech_328::1,66,False,10.584691286087036,16.99550461769104,27.848900912329555
8,6,8,2,random440_expressivespeech_328::2,53,False,8.32574725151062,12.334045648574829,20.648480389267206
8,6,8,3,random440_expressivespeech_328::3,63,False,10.841586589813232,20.14387059211731,30.937910607084632
8,6,9,0,random440_expressivespeech_241::0,30,False,5.892533540725708,6.934342622756958,12.80775592662394
8,6,9,1,random440_expressivespeech_241::1,28,False,4.361669301986694,6.438244819641113,10.79140024445951
8,6,9,2,random440_expressivespeech_241::2,29,False,5.121850252151489,7.178828239440918,12.390003060922027
8,6,9,3,random440_expressivespeech_241::3,30,False,4.6753644943237305,15.30734658241272,20.07365096360445
8,6,10,0,random440_expressivespeech_332::0,33,False,6.973621368408203,7.627581357955933,14.583892287686467
8,6,10,1,random440_expressivespeech_332::1,25,False,3.9092485904693604,5.752104043960571,9.648522827774286
8,6,10,2,random440_expressivespeech_332::2,30,False,4.959890842437744,7.711868047714233,12.659917443990707
8,6,10,3,random440_expressivespeech_332::3,25,False,3.884505033493042,5.74546480178833,9.729748152196407
8,6,11,0,random440_expressivespeech_257::0,121,False,21.348318338394165,29.799468517303467,51.128631591796875
8,6,11,1,random440_expressivespeech_257::1,135,False,22.165817499160767,34.30247163772583,56.45131478458643
8,6,11,2,random440_expressivespeech_257::2,88,False,14.16847562789917,22.464483737945557,36.61669949814677
8,6,11,3,random440_expressivespeech_257::3,103,False,16.40261483192444,27.688252210617065,44.07367102429271
8,6,12,0,random440_expressivespeech_190::0,12,False,2.4170382022857666,3.7570087909698486,6.159206034615636
8,6,12,1,random440_expressivespeech_190::1,14,False,2.4936373233795166,3.190159797668457,5.672179223969579
8,6,12,2,random440_expressivespeech_190::2,14,False,2.1643874645233154,3.2150115966796875,5.365297032520175
8,6,12,3,random440_expressivespeech_190::3,22,False,3.4259400367736816,5.989332914352417,9.442920720204711
8,6,13,0,random440_expressivespeech_145::0,45,False,8.046374797821045,10.572809219360352,18.597682174295187
8,6,13,1,random440_expressivespeech_145::1,51,False,8.104654788970947,13.374026536941528,21.4670826010406
8,6,13,2,random440_expressivespeech_145::2,42,False,6.494978427886963,9.76262092590332,16.24737655557692
8,6,13,3,random440_expressivespeech_145::3,59,False,10.36066722869873,16.45675754547119,26.80187821947038
8,6,14,0,random440_expressivespeech_194::0,20,False,3.3421428203582764,4.683966636657715,7.981593763455749
8,6,14,1,random440_expressivespeech_194::1,25,False,5.308635711669922,5.880519151687622,11.171301553025842
8,6,14,2,random440_expressivespeech_194::2,19,False,3.1685404777526855,4.353496313095093,7.508879527449608
8,6,14,3,random440_expressivespeech_194::3,20,False,3.10282826423645,5.639127016067505,8.726935636252165
8,6,15,0,random440_expressivespeech_023::0,46,False,8.183893203735352,10.742939710617065,18.90848775394261
8,6,15,1,random440_expressivespeech_023::1,60,False,9.580873012542725,15.425722360610962,25.17160264402628
8,6,15,2,random440_expressivespeech_023::2,57,False,8.857423067092896,14.109859466552734,23.19984264485538
8,6,15,3,random440_expressivespeech_023::3,48,False,7.729933977127075,13.318715810775757,21.033047841861844
8,6,16,0,random440_expressivespeech_084::0,108,False,19.29192090034485,26.947657823562622,46.21801380813122
8,6,16,1,random440_expressivespeech_084::1,106,False,17.7033269405365,26.030282497406006,44.17073184810579
8,6,16,2,random440_expressivespeech_084::2,140,False,23.616315126419067,35.2043936252594,59.33809730410576
8,6,16,3,random440_expressivespeech_084::3,98,False,16.454617023468018,38.83765387535095,55.94129725918174
8,6,17,0,random440_deear_079::0,80,False,13.657727003097534,18.96202778816223,32.5997447706759
8,6,17,1,random440_deear_079::1,80,False,13.954124927520752,19.712673902511597,33.65765508450568
8,6,17,2,random440_deear_079::2,86,False,13.902778387069702,22.361996173858643,36.25100189447403
8,6,17,3,random440_deear_079::3,99,False,15.659360408782959,45.27763271331787,60.89694800041616
8,6,18,0,random440_expressivespeech_075::0,155,False,26.88884401321411,39.03010582923889,65.89937748014927
8,6,18,1,random440_expressivespeech_075::1,192,False,33.85237383842468,49.86404061317444,82.76227468810976
8,6,18,2,random440_expressivespeech_075::2,257,False,46.617578744888306,66.00164103507996,111.21884413436055
8,6,18,3,random440_expressivespeech_075::3,174,False,29.872540950775146,43.95117497444153,73.81649073213339
8,6,19,0,random440_expressivespeech_250::0,336,False,63.031960010528564,87.50412058830261,148.61076749674976
8,6,19,1,random440_expressivespeech_250::1,290,False,49.21072244644165,76.00385618209839,126.99361198209226
8,6,19,2,random440_expressivespeech_250::2,365,False,63.7750518321991,96.78233766555786,158.56178398430347
8,6,19,3,random440_expressivespeech_250::3,490,False,88.43672847747803,346.82600951194763,431.8990490566939
8,6,20,0,random440_expressivespeech_064::0,10,False,1.6263716220855713,2.328587055206299,3.9382737688720226
8,6,20,1,random440_expressivespeech_064::1,10,False,1.5856654644012451,2.315859079360962,3.8960335049778223
8,6,20,2,random440_expressivespeech_064::2,12,False,1.894932508468628,2.8579461574554443,4.750183122232556
8,6,20,3,random440_expressivespeech_064::3,10,False,2.1597561836242676,3.7318975925445557,5.915318012237549
8,6,21,0,random440_deear_099::0,17,False,2.768393039703369,3.9194839000701904,6.674045063555241
8,6,21,1,random440_deear_099::1,29,False,4.562805891036987,6.769672393798828,11.322983000427485
8,6,21,2,random440_deear_099::2,27,False,4.243295669555664,7.301928758621216,11.5355811342597
8,6,21,3,random440_deear_099::3,26,False,4.10289192199707,7.104896783828735,11.288489017635584
8,6,22,0,random440_expressivespeech_247::0,208,False,36.180724143981934,54.46592998504639,90.62822611629963
8,6,22,1,random440_expressivespeech_247::1,204,False,34.06178259849548,53.353925943374634,87.47216698899865
8,6,22,2,random440_expressivespeech_247::2,198,False,34.18648934364319,52.18975639343262,86.42922865599394
8,6,22,3,random440_expressivespeech_247::3,203,False,33.833282470703125,110.37829256057739,144.21966167911887
8,6,23,0,random440_expressivespeech_151::0,159,False,27.953505039215088,39.58209538459778,67.51685303077102
8,6,23,1,random440_expressivespeech_151::1,126,False,22.1694073677063,31.284390926361084,53.50839834660292
8,6,23,2,random440_expressivespeech_151::2,162,False,28.885683059692383,40.658612966537476,69.56557857990265
8,6,23,3,random440_expressivespeech_151::3,152,False,25.297792196273804,64.62751698493958,89.97222848236561
8,6,24,0,random440_deear_028::0,36,False,6.025305271148682,8.399078845977783,14.405470127239823
8,6,24,1,random440_deear_028::1,67,False,11.62058687210083,16.9542555809021,28.568202789872885
8,6,24,2,random440_deear_028::2,19,False,3.0174479484558105,4.330295085906982,7.359036400914192
8,6,24,3,random440_deear_028::3,18,False,2.953996419906616,13.72032356262207,16.65166743285954
8,7,0,0,random440_expressivespeech_036::0,45,False,10.386794805526733,11.903804302215576,22.268842063844204
8,7,0,1,random440_expressivespeech_036::1,44,False,7.927213668823242,11.235592603683472,19.321080015972257
8,7,0,2,random440_expressivespeech_036::2,48,False,8.70202922821045,12.1820387840271,21.098291533067822
8,7,0,3,random440_expressivespeech_036::3,44,False,7.772493362426758,12.86404013633728,20.85332404449582
8,7,1,0,random440_deear_085::0,148,False,30.846773147583008,38.92963409423828,69.75836277380586
8,7,1,1,random440_deear_085::1,164,False,29.54580783843994,43.15061354637146,72.68436066806316
8,7,1,2,random440_deear_085::2,139,False,23.504347324371338,37.32197833061218,60.81307884119451
8,7,1,3,random440_deear_085::3,133,False,21.339104652404785,34.757543087005615,56.08023855276406
8,7,2,0,random440_expressivespeech_232::0,17,False,3.4127023220062256,3.942122459411621,7.33538693934679
8,7,2,1,random440_expressivespeech_232::1,20,False,3.1279313564300537,4.5794689655303955,7.691108860075474
8,7,2,2,random440_expressivespeech_232::2,21,False,3.2866556644439697,4.852893590927124,8.125185551121831
8,7,2,3,random440_expressivespeech_232::3,18,False,3.3064520359039307,4.7520527839660645,8.122811999171972
8,7,3,0,random440_expressivespeech_104::0,50,False,7.903910160064697,11.782995700836182,19.667261702939868
8,7,3,1,random440_expressivespeech_104::1,40,False,7.367387056350708,9.926240921020508,17.28100479952991
8,7,3,2,random440_expressivespeech_104::2,44,False,7.05921196937561,10.593738079071045,17.64093810878694
8,7,3,3,random440_expressivespeech_104::3,41,False,7.117096900939941,12.452561855316162,19.56816823594272
8,7,4,0,random440_expressivespeech_171::0,84,False,14.994820833206177,19.87952947616577,34.856029625982046
8,7,4,1,random440_expressivespeech_171::1,87,False,14.585131406784058,21.31212091445923,36.23683558963239
8,7,4,2,random440_expressivespeech_171::2,80,False,13.031035423278809,19.220033168792725,32.731209959834814
8,7,4,3,random440_expressivespeech_171::3,78,False,12.49246335029602,24.833537101745605,37.31140593253076
8,7,5,0,random440_deear_019::0,66,False,10.8193519115448,15.919308423995972,26.717241698876023
8,7,5,1,random440_deear_019::1,76,False,12.150582075119019,19.131784677505493,31.273994520306587
8,7,5,2,random440_deear_019::2,71,False,11.367811918258667,17.144297122955322,28.813617438077927
8,7,5,3,random440_deear_019::3,93,False,15.124290943145752,31.520411729812622,46.62447882629931
8,7,6,0,random440_expressivespeech_288::0,71,False,11.895337581634521,16.69277787208557,28.56569603830576
8,7,6,1,random440_expressivespeech_288::1,52,False,9.307154417037964,11.939722537994385,21.23675770126283
8,7,6,2,random440_expressivespeech_288::2,51,False,8.328464984893799,12.07474970817566,20.392659517005086
8,7,6,3,random440_expressivespeech_288::3,49,False,7.968026876449585,16.603721857070923,24.556601027026772
8,7,7,0,random440_expressivespeech_244::0,69,False,11.195092916488647,16.757622480392456,27.931947760283947
8,7,7,1,random440_expressivespeech_244::1,73,False,11.815639019012451,18.216290950775146,30.02324956841767
8,7,7,2,random440_expressivespeech_244::2,68,False,11.071678638458252,16.599490880966187,27.96061140485108
8,7,7,3,random440_expressivespeech_244::3,56,False,9.063605546951294,23.057507276535034,32.10913306474686
8,7,8,0,random440_expressivespeech_134::0,58,False,9.428866147994995,14.305022239685059,23.710959255695343
8,7,8,1,random440_expressivespeech_134::1,63,False,10.17822527885437,14.744273662567139,24.88522076420486
8,7,8,2,random440_expressivespeech_134::2,72,False,12.67492938041687,16.995999097824097,30.008397597819567
8,7,8,3,random440_expressivespeech_134::3,53,False,8.885578632354736,20.477489471435547,29.691618751734495
8,7,9,0,random440_expressivespeech_030::0,46,False,8.38767409324646,10.679684400558472,19.046856056898832
8,7,9,1,random440_expressivespeech_030::1,33,False,5.39536190032959,8.281055927276611,13.662090739235282
8,7,9,2,random440_expressivespeech_030::2,34,False,5.336747884750366,7.764853000640869,13.088640756905079
8,7,9,3,random440_expressivespeech_030::3,25,False,4.205134391784668,5.672361612319946,9.863737881183624
8,7,10,0,random440_expressivespeech_156::0,36,False,7.0467987060546875,8.201428413391113,15.231562374159694
8,7,10,1,random440_expressivespeech_156::1,24,False,3.990189790725708,5.478826999664307,9.46136512607336
8,7,10,2,random440_expressivespeech_156::2,24,False,3.771070718765259,6.312636375427246,10.159789890050888
8,7,10,3,random440_expressivespeech_156::3,29,False,4.522469758987427,7.238297700881958,11.832221008837223
8,7,11,0,random440_expressivespeech_051::0,128,False,22.386908531188965,31.311726808547974,53.678943729028106
8,7,11,1,random440_expressivespeech_051::1,94,False,15.213284492492676,23.74898648262024,38.94869943149388
8,7,11,2,random440_expressivespeech_051::2,114,False,19.339476108551025,28.289952993392944,47.62324992381036
8,7,11,3,random440_expressivespeech_051::3,96,False,15.421524286270142,32.6077139377594,47.99509782344103
8,7,12,0,random440_expressivespeech_048::0,11,False,2.1912970542907715,3.3424770832061768,5.517745353281498
8,7,12,1,random440_expressivespeech_048::1,23,False,3.750986099243164,5.268789291381836,9.00150260142982
8,7,12,2,random440_expressivespeech_048::2,18,False,3.0928869247436523,4.0938544273376465,7.175243301317096
8,7,12,3,random440_expressivespeech_048::3,10,False,1.5783772468566895,3.1511390209198,4.714569127187133
8,7,13,0,random440_deear_007::0,53,False,9.329209804534912,12.147316455841064,21.45834313519299
8,7,13,1,random440_deear_007::1,45,False,7.013303518295288,11.835623264312744,18.837633803486824
8,7,13,2,random440_deear_007::2,47,False,7.554824352264404,10.843504190444946,18.385301381349564
8,7,13,3,random440_deear_007::3,47,False,8.431844234466553,15.8697829246521,24.473374728113413
8,7,14,0,random440_deear_036::0,17,False,2.6616623401641846,3.8390021324157715,6.4824566803872585
8,7,14,1,random440_deear_036::1,35,False,6.998677015304565,8.15277647972107,15.132683793082833
8,7,14,2,random440_deear_036::2,15,False,2.563302755355835,3.3828094005584717,5.938655856996775
8,7,14,3,random440_deear_036::3,16,False,2.6046340465545654,5.29587197303772,7.882680237293243
8,7,15,0,random440_expressivespeech_277::0,67,False,11.419831275939941,15.395168781280518,26.796830056235194
8,7,15,1,random440_expressivespeech_277::1,45,False,8.132418155670166,11.078054428100586,19.475275525823236
8,7,15,2,random440_expressivespeech_277::2,45,False,6.995521068572998,10.950485229492188,17.93336637504399
8,7,15,3,random440_expressivespeech_277::3,53,False,8.569629907608032,15.317580938339233,23.872552048414946
8,7,16,0,random440_expressivespeech_012::0,104,False,18.534566164016724,25.319791555404663,43.83442357927561
8,7,16,1,random440_expressivespeech_012::1,147,False,25.413728952407837,35.46216368675232,61.31190133281052
8,7,16,2,random440_expressivespeech_012::2,92,False,15.04646611213684,24.10701084136963,39.136230930686
8,7,16,3,random440_expressivespeech_012::3,109,False,18.336488246917725,42.450252532958984,60.772261364385486
8,7,17,0,random440_deear_065::0,92,False,15.903217554092407,24.340720891952515,40.22314394637942
8,7,17,1,random440_deear_065::1,102,False,16.285737991333008,26.323330640792847,42.60363160818815
8,7,17,2,random440_deear_065::2,92,False,16.738682508468628,23.450915575027466,40.61151557601988
8,7,17,3,random440_deear_065::3,95,False,15.369698762893677,25.26244020462036,40.641545755788684
8,7,18,0,random440_expressivespeech_172::0,216,False,38.581871509552,57.033631324768066,94.60744756832719
8,7,18,1,random440_expressivespeech_172::1,172,False,29.952459573745728,45.92754244804382,75.87162703834474
8,7,18,2,random440_expressivespeech_172::2,150,False,25.306089162826538,39.19694709777832,64.49193421937525
8,7,18,3,random440_expressivespeech_172::3,188,False,30.99370288848877,68.57700204849243,99.53132524341345
8,7,19,0,random440_expressivespeech_236::0,377,False,73.0308632850647,101.6357102394104,172.21548170410097
8,7,19,1,random440_expressivespeech_236::1,366,False,62.633009910583496,101.39926528930664,164.04488227702677
8,7,19,2,random440_expressivespeech_236::2,399,False,68.33869528770447,108.49971890449524,174.227952580899
8,7,19,3,random440_expressivespeech_236::3,328,False,56.219287633895874,295.691472530365,351.85194589942694
8,7,20,0,random440_deear_067::0,8,False,1.3038148880004883,1.8276162147521973,3.1172587014734745
8,7,20,1,random440_deear_067::1,9,False,1.6995468139648438,2.0535175800323486,3.7395994886755943
8,7,20,2,random440_deear_067::2,9,False,1.422933578491211,2.014005661010742,3.429788025096059
8,7,20,3,random440_deear_067::3,7,False,1.123506784439087,7.141748428344727,8.254192331805825
8,7,21,0,random440_expressivespeech_040::0,24,False,3.812936544418335,5.447894811630249,9.244272088631988
8,7,21,1,random440_expressivespeech_040::1,18,False,3.020036220550537,4.0579822063446045,7.080425027757883
8,7,21,2,random440_expressivespeech_040::2,36,False,5.627081871032715,9.135844707489014,14.751667842268944
8,7,21,3,random440_expressivespeech_040::3,20,False,3.141507625579834,6.492084503173828,9.618077402934432
8,7,22,0,random440_expressivespeech_318::0,242,False,41.80183172225952,62.23982214927673,104.02206089533865
8,7,22,1,random440_expressivespeech_318::1,212,False,36.073349952697754,53.89374399185181,89.95483783446252
8,7,22,2,random440_expressivespeech_318::2,198,False,33.49311637878418,50.12040066719055,83.65969661809504
8,7,22,3,random440_expressivespeech_318::3,157,False,25.23298454284668,103.9792320728302,129.19465398788452
8,7,23,0,random440_expressivespeech_193::0,134,False,23.625446319580078,32.73131036758423,56.33801550231874
8,7,23,1,random440_expressivespeech_193::1,149,False,25.977024793624878,36.370680809020996,62.386498402804136
8,7,23,2,random440_expressivespeech_193::2,152,False,26.73484230041504,37.06858444213867,63.83110526576638
8,7,23,3,random440_expressivespeech_193::3,164,False,28.723939657211304,69.9523594379425,98.69174900837243
8,7,24,0,random440_expressivespeech_284::0,30,False,4.808935642242432,6.80457615852356,11.594665795564651
8,7,24,1,random440_expressivespeech_284::1,36,False,5.676598787307739,8.85009241104126,14.514268025755882
8,7,24,2,random440_expressivespeech_284::2,39,False,7.6590001583099365,8.913549423217773,16.577349226921797
8,7,24,3,random440_expressivespeech_284::3,34,False,5.659131765365601,18.64427900314331,24.43790677189827
9,0,0,0,random440_expressivespeech_201::0,45,False,10.26591444015503,10.11084771156311,20.357150876894593
9,0,0,1,random440_expressivespeech_201::1,46,False,7.578675985336304,11.336966753005981,19.078533213585615
9,0,0,2,random440_expressivespeech_201::2,52,False,8.62523365020752,11.644810676574707,20.46919159591198
9,0,0,3,random440_expressivespeech_201::3,43,False,7.439154386520386,12.348087549209595,19.97609991207719
9,0,1,0,random440_expressivespeech_084::0,115,False,22.68715238571167,28.02464509010315,50.69392575137317
9,0,1,1,random440_expressivespeech_084::1,120,False,20.384507179260254,29.513519525527954,49.88336918875575
9,0,1,2,random440_expressivespeech_084::2,191,False,36.35391926765442,46.42025566101074,82.25134988687932
9,0,1,3,random440_expressivespeech_084::3,117,False,20.85137701034546,27.985318660736084,48.82361073233187
9,0,2,0,random440_expressivespeech_170::0,13,False,2.099004030227661,2.8846428394317627,4.970023782923818
9,0,2,1,random440_expressivespeech_170::1,15,False,2.403082847595215,3.3444294929504395,5.732963507995009
9,0,2,2,random440_expressivespeech_170::2,15,False,2.3914318084716797,3.654430389404297,6.030085738748312
9,0,2,3,random440_expressivespeech_170::3,32,False,6.407379865646362,9.721621990203857,16.197362285107374
9,0,3,0,random440_expressivespeech_203::0,44,False,7.15503454208374,10.877080917358398,18.011621832847595
9,0,3,1,random440_expressivespeech_203::1,39,False,6.493392467498779,8.866969108581543,15.351092979311943
9,0,3,2,random440_expressivespeech_203::2,40,False,6.664254665374756,10.186514854431152,16.841155115514994
9,0,3,3,random440_expressivespeech_203::3,44,False,7.041163682937622,14.518967390060425,21.688313335180283
9,0,4,0,random440_expressivespeech_189::0,84,False,14.220628499984741,20.34796714782715,34.549854908138514
9,0,4,1,random440_expressivespeech_189::1,81,False,13.404251337051392,19.243473768234253,32.978150736540556
9,0,4,2,random440_expressivespeech_189::2,76,False,12.42415189743042,18.460044622421265,31.202279161661863
9,0,4,3,random440_expressivespeech_189::3,75,False,12.304898023605347,25.118875980377197,37.41260555572808
9,0,5,0,random440_expressivespeech_100::0,77,False,13.84185004234314,17.999624490737915,31.822525328025222
9,0,5,1,random440_expressivespeech_100::1,71,False,12.346521615982056,16.23859429359436,28.892549810931087
9,0,5,2,random440_expressivespeech_100::2,75,False,13.98016095161438,17.090368270874023,31.058087274432182
9,0,5,3,random440_expressivespeech_100::3,77,False,13.373735904693604,23.28384232521057,36.97005189023912
9,0,6,0,random440_deear_027::0,48,False,8.476994276046753,10.943440198898315,19.403864204883575
9,0,6,1,random440_deear_027::1,62,False,10.830244064331055,14.432865381240845,25.251549946144223
9,0,6,2,random440_deear_027::2,51,False,8.516144275665283,12.89335012435913,21.648707136511803
9,0,6,3,random440_deear_027::3,60,False,9.853553056716919,23.913747310638428,33.74750155583024
9,0,7,0,random440_expressivespeech_209::0,57,False,9.478536367416382,14.16070818901062,23.621263977140188
9,0,7,1,random440_expressivespeech_209::1,85,False,13.944552898406982,20.680975675582886,34.610220620408654
9,0,7,2,random440_expressivespeech_209::2,58,False,9.560893774032593,14.432654857635498,24.32882010191679
9,0,7,3,random440_expressivespeech_209::3,68,False,11.165112733840942,22.80418062210083,33.95209184102714
9,0,8,0,random440_deear_034::0,69,False,11.351422548294067,16.858328342437744,28.191324094310403
9,0,8,1,random440_deear_034::1,67,False,11.32837724685669,15.745599031448364,27.060653096064925
9,0,8,2,random440_deear_034::2,74,False,12.180267095565796,17.75158190727234,30.19774172641337
9,0,8,3,random440_deear_034::3,57,False,9.064623355865479,13.798966646194458,23.15401476994157
9,0,9,0,random440_expressivespeech_241::0,40,False,6.658066034317017,9.109235525131226,15.748113537207246
9,0,9,1,random440_expressivespeech_241::1,32,False,5.404330015182495,8.200805902481079,13.591662615537643
9,0,9,2,random440_expressivespeech_241::2,32,False,5.30853009223938,7.212954044342041,12.511531369760633
9,0,9,3,random440_expressivespeech_241::3,26,False,4.3979949951171875,5.873849868774414,10.380411377176642
9,0,10,0,random440_deear_058::0,33,False,6.056309223175049,7.556906223297119,13.58882325515151
9,0,10,1,random440_deear_058::1,29,False,4.647273302078247,6.589343070983887,11.352910671383142
9,0,10,2,random440_deear_058::2,26,False,4.351515769958496,6.906585454940796,11.361419072374701
9,0,10,3,random440_deear_058::3,29,False,4.746356725692749,6.620466470718384,11.351893451064825
9,0,11,0,random440_expressivespeech_331::0,108,False,18.93345856666565,26.049968481063843,44.93755703791976
9,0,11,1,random440_expressivespeech_331::1,101,False,17.122726440429688,24.02085590362549,41.68812858685851
9,0,11,2,random440_expressivespeech_331::2,112,False,19.406756162643433,26.41533327102661,46.22447729669511
9,0,11,3,random440_expressivespeech_331::3,95,False,15.968999862670898,35.517515659332275,51.47176003269851
9,0,12,0,random440_expressivespeech_048::0,14,False,2.261302947998047,3.359689950942993,5.604187672957778
9,0,12,1,random440_expressivespeech_048::1,12,False,2.251753807067871,2.8604190349578857,5.096132116392255
9,0,12,2,random440_expressivespeech_048::2,19,False,3.0422568321228027,4.248248815536499,7.2710455525666475
9,0,12,3,random440_expressivespeech_048::3,13,False,2.078293561935425,6.16213059425354,8.223331559449434
9,0,13,0,random440_expressivespeech_023::0,47,False,8.086204290390015,11.841387033462524,19.908889086917043
9,0,13,1,random440_expressivespeech_023::1,47,False,7.7885706424713135,10.911761283874512,18.69209487736225
9,0,13,2,random440_expressivespeech_023::2,49,False,8.413609027862549,11.133389472961426,19.753501780331135
9,0,13,3,random440_expressivespeech_023::3,47,False,7.516457796096802,15.921845197677612,23.611981688067317
9,0,14,0,random440_expressivespeech_275::0,15,False,2.424600839614868,3.34656023979187,5.754834348335862
9,0,14,1,random440_expressivespeech_275::1,21,False,3.5798163414001465,4.845334053039551,8.408387606963515
9,0,14,2,random440_expressivespeech_275::2,24,False,4.410341024398804,5.397099733352661,9.79414444975555
9,0,14,3,random440_expressivespeech_275::3,22,False,3.7294013500213623,7.850509405136108,11.564046833664179
9,0,15,0,random440_expressivespeech_072::0,55,False,9.222518682479858,13.320225238800049,22.526277255266905
9,0,15,1,random440_expressivespeech_072::1,47,False,7.713911771774292,11.49976897239685,19.42501736432314
9,0,15,2,random440_expressivespeech_072::2,45,False,7.402311086654663,10.236338376998901,17.628821291029453
9,0,15,3,random440_expressivespeech_072::3,52,False,9.264440536499023,20.478713512420654,29.903193920850754
9,0,16,0,random440_deear_051::0,97,False,16.562718391418457,23.267385721206665,39.810336200520396
9,0,16,1,random440_deear_051::1,141,False,23.702011108398438,34.189969062805176,58.38172906637192
9,0,16,2,random440_deear_051::2,138,False,22.720497608184814,33.13905215263367,55.87208248116076
9,0,16,3,random440_deear_051::3,144,False,24.527098894119263,36.166956424713135,60.680531807243824
9,0,17,0,random440_expressivespeech_324::0,113,False,18.708632230758667,26.923845529556274,45.613595919683576
9,0,17,1,random440_expressivespeech_324::1,89,False,15.941144227981567,20.807088136672974,36.74217586033046
9,0,17,2,random440_expressivespeech_324::2,90,False,15.537676095962524,22.062150239944458,37.59126950055361
9,0,17,3,random440_expressivespeech_324::3,84,False,13.641904592514038,20.089477062225342,34.08493423089385
9,0,18,0,random440_expressivespeech_172::0,147,False,25.560587167739868,35.60817766189575,61.151882419362664
9,0,18,1,random440_expressivespeech_172::1,218,False,38.8787636756897,53.83431529998779,91.69192552007735
9,0,18,2,random440_expressivespeech_172::2,167,False,27.999821186065674,41.04591345787048,69.03625479154289
9,0,18,3,random440_expressivespeech_172::3,168,False,28.246059894561768,48.09230995178223,76.3263488728553
9,0,19,0,random440_expressivespeech_229::0,345,False,65.07261252403259,86.96577095985413,149.94746990315616
9,0,19,1,random440_expressivespeech_229::1,349,False,60.36673331260681,88.24872660636902,148.62365143187344
9,0,19,2,random440_expressivespeech_229::2,363,False,63.57840538024902,93.82582759857178,154.8026805780828
9,0,19,3,random440_expressivespeech_229::3,324,False,56.6925368309021,340.43654203414917,397.0750338938087
9,0,20,0,random440_deear_067::0,7,True,1.1983330249786377,1.5917332172393799,2.7746990118175745
9,0,20,1,random440_deear_067::1,8,True,1.3155040740966797,1.829899787902832,3.131271278485656
9,0,20,2,random440_deear_067::2,8,True,1.596245527267456,2.3214218616485596,3.8949560560286045
9,0,20,3,random440_deear_067::3,10,True,1.823474645614624,8.26730751991272,10.079900201410055
9,0,21,0,random440_deear_097::0,24,False,3.9076879024505615,5.451181411743164,9.341110620647669
9,0,21,1,random440_deear_097::1,22,False,3.5534627437591553,6.094571113586426,9.64598823338747
9,0,21,2,random440_deear_097::2,26,False,5.100476264953613,5.966341972351074,11.055959356948733
9,0,21,3,random440_deear_097::3,22,False,3.562837839126587,7.343425989151001,10.997652243822813
9,0,22,0,random440_expressivespeech_247::0,238,False,43.32606601715088,60.22805595397949,102.2937236353755
9,0,22,1,random440_expressivespeech_247::1,197,False,33.54379391670227,50.4898579120636,83.24263899959624
9,0,22,2,random440_expressivespeech_247::2,171,False,30.660295963287354,41.54401969909668,72.23256191983819
9,0,22,3,random440_expressivespeech_247::3,212,False,37.39622735977173,95.82457613945007,131.3873885627836
9,0,23,0,random440_expressivespeech_125::0,135,False,22.611095190048218,34.379122495651245,56.97160678729415
9,0,23,1,random440_expressivespeech_125::1,144,False,24.177350997924805,37.026684522628784,61.22389144822955
9,0,23,2,random440_expressivespeech_125::2,119,False,19.619685411453247,28.68546462059021,48.32926216721535
9,0,23,3,random440_expressivespeech_125::3,148,False,26.636433362960815,76.73442387580872,103.35690831765532
9,0,24,0,random440_expressivespeech_143::0,33,False,5.670569658279419,7.502707242965698,13.152976844459772
9,0,24,1,random440_expressivespeech_143::1,37,False,7.788589715957642,8.591776371002197,16.36533758789301
9,0,24,2,random440_expressivespeech_143::2,36,False,6.052139759063721,8.204464435577393,14.242947416380048
9,0,24,3,random440_expressivespeech_143::3,45,False,8.656080722808838,10.41254448890686,19.206851571798325
9,1,0,0,random440_expressivespeech_273::0,46,False,10.82366394996643,10.598076581954956,21.402860324829817
9,1,0,1,random440_expressivespeech_273::1,58,False,9.995028972625732,14.92924690246582,25.087566124275327
9,1,0,2,random440_expressivespeech_273::2,37,False,6.178784370422363,8.323351383209229,14.713982744142413
9,1,0,3,random440_expressivespeech_273::3,45,False,7.996853828430176,10.514066219329834,18.492414128035307
9,1,1,0,random440_expressivespeech_133::0,154,False,31.981929779052734,36.94794297218323,68.91258689388633
9,1,1,1,random440_expressivespeech_133::1,142,False,24.69734787940979,34.646610498428345,59.335236854851246
9,1,1,2,random440_expressivespeech_133::2,116,False,20.67567753791809,28.004159212112427,48.66140992380679
9,1,1,3,random440_expressivespeech_133::3,122,False,21.72599768638611,33.343772172927856,55.0586553029716
9,1,2,0,random440_expressivespeech_232::0,20,False,3.1642770767211914,4.51016640663147,7.655997160822153
9,1,2,1,random440_expressivespeech_232::1,19,False,3.0299761295318604,4.316308498382568,7.32896538451314
9,1,2,2,random440_expressivespeech_232::2,20,False,4.179817199707031,5.0677406787872314,9.234426658600569
9,1,2,3,random440_expressivespeech_232::3,14,False,2.203521728515625,6.289979696273804,8.477029798552394
9,1,3,0,random440_deear_028::0,52,False,8.817540884017944,12.645063161849976,21.444419525563717
9,1,3,1,random440_deear_028::1,21,False,3.6409120559692383,4.733943700790405,8.365335201844573
9,1,3,2,random440_deear_028::2,71,False,11.675456523895264,17.642637491226196,29.305127061903477
9,1,3,3,random440_deear_028::3,22,False,3.4617414474487305,9.021415948867798,12.753895629197359
9,1,4,0,random440_deear_041::0,72,False,12.12577509880066,17.158729791641235,29.26593190804124
9,1,4,1,random440_deear_041::1,85,False,14.733494758605957,20.357751607894897,35.45620761997998
9,1,4,2,random440_deear_041::2,83,False,13.6535062789917,20.894839763641357,34.88518700376153
9,1,4,3,random440_deear_041::3,73,False,11.82110333442688,24.558392763137817,36.69444442912936
9,1,5,0,random440_expressivespeech_049::0,87,False,15.573195219039917,20.350822925567627,35.90497764572501
9,1,5,1,random440_expressivespeech_049::1,67,False,11.806179761886597,15.361912250518799,27.51809444464743
9,1,5,2,random440_expressivespeech_049::2,71,False,13.00312852859497,16.39921498298645,29.391166293993592
9,1,5,3,random440_expressivespeech_049::3,68,False,11.756981372833252,23.962534427642822,35.96707356348634
9,1,6,0,random440_expressivespeech_242::0,66,False,11.539926052093506,15.441352367401123,26.95995299704373
9,1,6,1,random440_expressivespeech_242::1,54,False,9.553729057312012,12.294065713882446,21.835325840860605
9,1,6,2,random440_expressivespeech_242::2,44,False,6.89447283744812,11.55050015449524,18.429150596261024
9,1,6,3,random440_expressivespeech_242::3,56,False,9.063915014266968,23.41926860809326,32.46682141534984
9,1,7,0,random440_expressivespeech_244::0,67,False,10.76026439666748,17.027743577957153,27.771187257021666
9,1,7,1,random440_expressivespeech_244::1,63,False,10.107485055923462,15.254073858261108,25.616127556189895
9,1,7,2,random440_expressivespeech_244::2,73,False,11.67245888710022,18.374517917633057,30.03416407853365
9,1,7,3,random440_expressivespeech_244::3,82,False,13.405979871749878,19.68438959121704,33.37733265943825
9,1,8,0,random440_expressivespeech_308::0,59,False,9.209093570709229,15.178667545318604,24.36891414411366
9,1,8,1,random440_expressivespeech_308::1,75,False,12.297527313232422,17.907852172851562,30.192392388358712
9,1,8,2,random440_expressivespeech_308::2,57,False,8.930411338806152,13.597770929336548,22.51764401048422
9,1,8,3,random440_expressivespeech_308::3,76,False,13.219592332839966,18.137253284454346,31.343239665031433
9,1,9,0,random440_expressivespeech_047::0,27,False,4.320738315582275,6.102780342102051,10.403928939253092
9,1,9,1,random440_expressivespeech_047::1,37,False,6.064614295959473,8.665717601776123,14.717063827440143
9,1,9,2,random440_expressivespeech_047::2,34,False,6.704505443572998,7.6973536014556885,14.389719374477863
9,1,9,3,random440_expressivespeech_047::3,30,False,5.014265298843384,7.544054985046387,12.544196348637342
9,1,10,0,random440_expressivespeech_142::0,21,False,3.7862887382507324,5.288419485092163,9.061538534238935
9,1,10,1,random440_expressivespeech_142::1,35,False,5.521634817123413,7.898912191390991,13.404750403016806
9,1,10,2,random440_expressivespeech_142::2,26,False,4.282397031784058,6.627712726593018,11.01381004974246
9,1,10,3,random440_expressivespeech_142::3,32,False,5.814482688903809,8.228597640991211,14.026827277615666
9,1,11,0,random440_deear_065::0,89,False,15.347269535064697,21.174373388290405,36.502949483692646
9,1,11,1,random440_deear_065::1,116,False,20.68302822113037,28.141165256500244,49.16384921781719
9,1,11,2,random440_deear_065::2,98,False,16.088923931121826,24.50794768333435,40.58193838968873
9,1,11,3,random440_deear_065::3,112,False,18.806819915771484,39.42986011505127,58.21808925829828
9,1,12,0,random440_deear_021::0,15,False,2.6553146839141846,3.7981667518615723,6.436715183779597
9,1,12,1,random440_deear_021::1,23,False,4.011697053909302,5.282055616378784,9.276785412803292
9,1,12,2,random440_deear_021::2,9,False,1.428889513015747,2.007451295852661,3.4265023712068796
9,1,12,3,random440_deear_021::3,11,False,1.7423858642578125,5.318723440170288,7.04736153781414
9,1,13,0,random440_expressivespeech_337::0,36,False,5.97795557975769,9.686511039733887,15.64728088863194
9,1,13,1,random440_expressivespeech_337::1,39,False,6.31684947013855,8.908907175064087,15.213385278359056
9,1,13,2,random440_expressivespeech_337::2,64,False,10.97410798072815,14.969300031661987,25.93256640806794
9,1,13,3,random440_expressivespeech_337::3,50,False,8.1138174533844,16.81027126312256,25.166907062754035
9,1,14,0,random440_expressivespeech_322::0,17,False,2.9173243045806885,3.7753710746765137,6.679443620145321
9,1,14,1,random440_expressivespeech_322::1,19,False,2.964505910873413,4.444272994995117,7.393050836399198
9,1,14,2,random440_expressivespeech_322::2,24,False,4.4943647384643555,5.466774940490723,9.945531472563744
9,1,14,3,random440_expressivespeech_322::3,20,False,3.3270411491394043,8.235865592956543,11.54612909629941
9,1,15,0,random440_expressivespeech_153::0,42,False,6.685808897018433,11.097963571548462,17.766988476738334
9,1,15,1,random440_expressivespeech_153::1,63,False,10.158112049102783,15.377269983291626,25.522675754502416
9,1,15,2,random440_expressivespeech_153::2,54,False,8.658161163330078,12.319423198699951,21.21505888737738
9,1,15,3,random440_expressivespeech_153::3,60,False,11.297434568405151,13.725563287734985,25.010029876604676
9,1,16,0,random440_expressivespeech_182::0,136,False,23.61315655708313,33.398146867752075,56.99515264108777
9,1,16,1,random440_expressivespeech_182::1,141,False,24.120049715042114,35.057915449142456,59.16456599533558
9,1,16,2,random440_expressivespeech_182::2,131,False,21.913127899169922,32.70328330993652,54.6029856428504
9,1,16,3,random440_expressivespeech_182::3,108,False,18.44408631324768,26.300326824188232,44.73071116954088
9,1,17,0,random440_expressivespeech_029::0,101,False,16.425291776657104,24.530394792556763,40.93354660272598
9,1,17,1,random440_expressivespeech_029::1,98,False,16.641833543777466,23.50739336013794,40.54457941278815
9,1,17,2,random440_expressivespeech_029::2,95,False,16.45865249633789,23.694140195846558,40.14017852023244
9,1,17,3,random440_expressivespeech_029::3,75,False,12.17447543144226,19.968950271606445,32.52115166001022
9,1,18,0,random440_expressivespeech_116::0,189,False,33.72022008895874,46.864880323410034,79.54559956863523
9,1,18,1,random440_expressivespeech_116::1,155,False,26.032161712646484,38.57828998565674,64.60852101258934
9,1,18,2,random440_expressivespeech_116::2,167,False,28.28652858734131,41.44201683998108,69.71769995987415
9,1,18,3,random440_expressivespeech_116::3,157,False,25.801849842071533,58.39966082572937,84.17516803182662
9,1,19,0,random440_deear_050::0,336,False,64.72538089752197,86.13862347602844,149.10504803992808
9,1,19,1,random440_deear_050::1,337,False,57.94411063194275,86.16570019721985,144.13331978209317
9,1,19,2,random440_deear_050::2,334,False,57.017823696136475,85.90586924552917,144.37651887908578
9,1,19,3,random440_deear_050::3,373,False,64.62931203842163,356.04992604255676,418.1331472340971
9,1,20,0,random440_deear_067::0,7,True,1.149695634841919,1.596879243850708,2.731728371232748
9,1,20,1,random440_deear_067::1,8,True,1.2847685813903809,1.8635351657867432,3.13119606859982
9,1,20,2,random440_deear_067::2,8,True,1.5993216037750244,2.3878822326660156,3.934169804677367
9,1,20,3,random440_deear_067::3,10,True,1.9016168117523193,8.160299301147461,10.048730155453086
9,1,21,0,random440_expressivespeech_339::0,21,False,3.6374003887176514,4.780680894851685,8.405911980196834
9,1,21,1,random440_expressivespeech_339::1,22,False,3.4819843769073486,5.665203094482422,9.147901615127921
9,1,21,2,random440_expressivespeech_339::2,25,False,5.399521112442017,5.685815095901489,11.071980100125074
9,1,21,3,random440_expressivespeech_339::3,25,False,4.135931968688965,8.227397680282593,12.346464715898037
9,1,22,0,random440_expressivespeech_184::0,182,False,30.889137744903564,47.552372455596924,78.42083898931742
9,1,22,1,random440_expressivespeech_184::1,167,False,29.226728677749634,41.244598388671875,70.48601095192134
9,1,22,2,random440_expressivespeech_184::2,184,False,32.303407430648804,47.89637351036072,80.21300801448524
9,1,22,3,random440_expressivespeech_184::3,190,False,32.058849573135376,130.5163757801056,162.53939846344292
9,1,23,0,random440_expressivespeech_152::0,161,False,27.259660720825195,40.53852128982544,67.7808833066374
9,1,23,1,random440_expressivespeech_152::1,170,False,29.17375159263611,42.60695028305054,71.80949945002794
9,1,23,2,random440_expressivespeech_152::2,126,False,21.528074979782104,31.738428831100464,53.27846333384514
9,1,23,3,random440_expressivespeech_152::3,181,False,30.555291652679443,47.26448678970337,77.83068210445344
9,1,24,0,random440_expressivespeech_218::0,42,False,6.6127028465271,10.27746844291687,16.871287114918232
9,1,24,1,random440_expressivespeech_218::1,28,False,5.998032569885254,6.352421283721924,12.338966645300388
9,1,24,2,random440_expressivespeech_218::2,48,False,7.582052230834961,12.17668628692627,19.70497319661081
9,1,24,3,random440_expressivespeech_218::3,28,False,4.622397184371948,8.819029092788696,13.665916437283158
9,2,0,0,random440_expressivespeech_269::0,45,False,10.257721900939941,10.248788118362427,20.48718211054802
9,2,0,1,random440_expressivespeech_269::1,41,False,6.516311883926392,9.41354250907898,16.091590212658048
9,2,0,2,random440_expressivespeech_269::2,47,False,7.767277479171753,10.652323007583618,18.608811989426613
9,2,0,3,random440_expressivespeech_269::3,48,False,7.541149377822876,16.9446120262146,24.65128644928336
9,2,1,0,random440_expressivespeech_193::0,132,False,25.176347255706787,31.031712770462036,56.18789047561586
9,2,1,1,random440_expressivespeech_193::1,132,False,21.626044750213623,31.042453289031982,52.65547823533416
9,2,1,2,random440_expressivespeech_193::2,126,False,19.201865911483765,30.45149040222168,49.63911888189614
9,2,1,3,random440_expressivespeech_193::3,139,False,22.15678834915161,51.45021891593933,73.56551225855947
9,2,2,0,random440_expressivespeech_149::0,20,False,2.9976165294647217,4.413554430007935,7.396269870921969
9,2,2,1,random440_expressivespeech_149::1,16,False,2.4060990810394287,3.501934051513672,5.8977564089000225
9,2,2,2,random440_expressivespeech_149::2,20,False,3.622436285018921,5.258023500442505,8.868315119296312
9,2,2,3,random440_expressivespeech_149::3,17,False,2.560523509979248,8.120504140853882,10.736515577882528
9,2,3,0,random440_deear_075::0,46,False,7.13876485824585,11.20681381225586,18.326292192563415
9,2,3,1,random440_deear_075::1,33,False,4.9617860317230225,7.396570205688477,12.340650273486972
9,2,3,2,random440_deear_075::2,32,False,5.083230018615723,7.770077705383301,12.83817007765174
9,2,3,3,random440_deear_075::3,43,False,7.134661436080933,21.15733003616333,28.269562294706702
9,2,4,0,random440_deear_019::0,70,False,11.554286479949951,15.410777807235718,26.94759645871818
9,2,4,1,random440_deear_019::1,82,False,13.954175233840942,18.597309350967407,32.53742835484445
9,2,4,2,random440_deear_019::2,72,False,11.427547454833984,16.025275468826294,27.869891906157136
9,2,4,3,random440_deear_019::3,88,False,14.653682947158813,33.75330352783203,48.389541901648045
9,2,5,0,random440_expressivespeech_243::0,55,False,8.671644926071167,13.570056200027466,22.22007138095796
9,2,5,1,random440_expressivespeech_243::1,70,False,10.802175283432007,16.202973127365112,26.98982721194625
9,2,5,2,random440_expressivespeech_243::2,84,False,12.967922687530518,20.031243085861206,33.27241673320532
9,2,5,3,random440_expressivespeech_243::3,78,False,11.969706058502197,34.18859362602234,46.4498414285481
9,2,6,0,random440_expressivespeech_066::0,57,False,9.638185501098633,12.574880361557007,22.19556099548936
9,2,6,1,random440_expressivespeech_066::1,54,False,9.032828569412231,12.099104166030884,21.120146172121167
9,2,6,2,random440_expressivespeech_066::2,63,False,9.75785231590271,15.058614492416382,24.80479139275849
9,2,6,3,random440_expressivespeech_066::3,71,False,10.950548648834229,20.647297382354736,31.828885367140174
9,2,7,0,random440_expressivespeech_006::0,59,False,9.033473491668701,14.267905235290527,23.283237850293517
9,2,7,1,random440_expressivespeech_006::1,73,False,11.225374221801758,17.003301858901978,28.21739794500172
9,2,7,2,random440_expressivespeech_006::2,85,False,13.277335166931152,20.169055461883545,33.729899832978845
9,2,7,3,random440_expressivespeech_006::3,65,False,10.088776350021362,20.943831205368042,31.366668289527297
9,2,8,0,random440_expressivespeech_300::0,67,False,10.387708902359009,16.01809597015381,26.385495375841856
9,2,8,1,random440_expressivespeech_300::1,76,False,11.754022121429443,17.481382608413696,29.22540095821023
9,2,8,2,random440_expressivespeech_300::2,57,False,8.521927118301392,12.9761323928833,21.793205553665757
9,2,8,3,random440_expressivespeech_300::3,54,False,8.954360008239746,22.048321962356567,30.981925634667277
9,2,9,0,random440_expressivespeech_226::0,37,False,5.859716176986694,8.063247680664062,13.90120342001319
9,2,9,1,random440_expressivespeech_226::1,28,False,4.1992878913879395,6.099227666854858,10.2854391541332
9,2,9,2,random440_expressivespeech_226::2,28,False,5.549415349960327,6.219161033630371,11.755244966596365
9,2,9,3,random440_expressivespeech_226::3,35,False,5.2754809856414795,11.025734901428223,16.38176006451249
9,2,10,0,random440_expressivespeech_156::0,26,False,4.753818035125732,5.874743938446045,10.610253436490893
9,2,10,1,random440_expressivespeech_156::1,31,False,4.6469197273254395,6.773985385894775,11.410278068855405
9,2,10,2,random440_expressivespeech_156::2,27,False,4.302034378051758,6.337090730667114,10.746983900666237
9,2,10,3,random440_expressivespeech_156::3,30,False,5.248726844787598,9.480283737182617,14.711222901940346
9,2,11,0,random440_expressivespeech_052::0,102,False,16.79380488395691,23.061285495758057,39.83611912839115
9,2,11,1,random440_expressivespeech_052::1,114,False,18.78457236289978,26.339314222335815,45.522858403623104
9,2,11,2,random440_expressivespeech_052::2,119,False,19.544111728668213,28.095957040786743,47.62283851020038
9,2,11,3,random440_expressivespeech_052::3,76,False,11.878760576248169,39.070862770080566,50.92866998910904
9,2,12,0,random440_expressivespeech_190::0,11,False,1.6870744228363037,2.4144976139068604,4.086047179996967
9,2,12,1,random440_expressivespeech_190::1,20,False,3.5286402702331543,4.553794622421265,8.06614251062274
9,2,12,2,random440_expressivespeech_190::2,13,False,1.9707679748535156,2.8054325580596924,4.764567328616977
9,2,12,3,random440_expressivespeech_190::3,12,False,1.821575403213501,7.4714813232421875,9.275971092283726
9,2,13,0,random440_expressivespeech_145::0,44,False,6.94847846031189,11.010557889938354,17.940056847408414
9,2,13,1,random440_expressivespeech_145::1,55,False,8.570086479187012,12.407969236373901,20.962381709367037
9,2,13,2,random440_expressivespeech_145::2,43,False,6.975688457489014,9.505567789077759,16.736554263159633
9,2,13,3,random440_expressivespeech_145::3,44,False,6.651241302490234,19.53474760055542,26.168641913682222
9,2,14,0,random440_expressivespeech_306::0,37,False,5.842605352401733,8.147459506988525,13.950920706614852
9,2,14,1,random440_expressivespeech_306::1,16,False,2.8996946811676025,3.6001663208007812,6.489476103335619
9,2,14,2,random440_expressivespeech_306::2,23,False,3.800581455230713,5.034621000289917,8.821682827547193
9,2,14,3,random440_expressivespeech_306::3,16,False,2.41532826423645,3.6874735355377197,6.1752352844923735
9,2,15,0,random440_expressivespeech_134::0,51,False,8.125740766525269,12.440351009368896,20.547438971698284
9,2,15,1,random440_expressivespeech_134::1,54,False,8.397580623626709,12.589120626449585,21.18354975245893
9,2,15,2,random440_expressivespeech_134::2,56,False,8.398621082305908,12.513540744781494,21.122154414653778
9,2,15,3,random440_expressivespeech_134::3,53,False,9.506767272949219,16.994187831878662,26.711626382544637
9,2,16,0,random440_expressivespeech_132::0,136,False,22.41325354576111,32.05480098724365,54.4510081615299
9,2,16,1,random440_expressivespeech_132::1,115,False,18.49291682243347,27.420235633850098,45.89871836453676
9,2,16,2,random440_expressivespeech_132::2,146,False,23.556174993515015,35.275259017944336,58.821822786703706
9,2,16,3,random440_expressivespeech_132::3,119,False,19.56206488609314,36.32821273803711,56.491302909329534
9,2,17,0,random440_expressivespeech_161::0,105,False,17.46086812019348,24.572020769119263,42.014504462480545
9,2,17,1,random440_expressivespeech_161::1,93,False,16.4427330493927,21.485188245773315,37.91928484290838
9,2,17,2,random440_expressivespeech_161::2,81,False,13.137234926223755,18.273967027664185,31.399170959368348
9,2,17,3,random440_expressivespeech_161::3,88,False,14.851962089538574,27.454927444458008,42.285822328180075
9,2,18,0,random440_expressivespeech_117::0,157,False,26.3748197555542,37.23346662521362,63.58858849480748
9,2,18,1,random440_expressivespeech_117::1,205,False,34.956130504608154,49.86616110801697,84.59340797178447
9,2,18,2,random440_expressivespeech_117::2,149,False,23.898424863815308,35.7407648563385,59.62968991138041
9,2,18,3,random440_expressivespeech_117::3,157,False,25.508864402770996,66.06262755393982,91.54967186786234
9,2,19,0,random440_deear_004::0,345,False,62.17787003517151,85.13951873779297,145.34560269117355
9,2,19,1,random440_deear_004::1,349,False,56.76141405105591,85.65044164657593,142.4218408409506
9,2,19,2,random440_deear_004::2,350,False,57.077544927597046,86.98010301589966,144.09364249929786
9,2,19,3,random440_deear_004::3,322,False,53.22094130516052,368.36837792396545,421.54180306755006
9,2,20,0,random440_deear_067::0,7,True,1.1360607147216797,1.5333993434906006,2.6546650528907776
9,2,20,1,random440_deear_067::1,8,True,1.2506275177001953,1.7345998287200928,2.9726778250187635
9,2,20,2,random440_deear_067::2,8,True,1.539289951324463,2.190937042236328,3.724815944209695
9,2,20,3,random440_deear_067::3,10,True,1.859952449798584,8.733613014221191,10.576527267694473
9,2,21,0,random440_expressivespeech_033::0,19,False,2.955331563949585,4.1687633991241455,7.110390972346067
9,2,21,1,random440_expressivespeech_033::1,23,False,3.503195285797119,5.278489589691162,8.74550254829228
9,2,21,2,random440_expressivespeech_033::2,24,False,5.166338682174683,5.554181337356567,10.712016269564629
9,2,21,3,random440_expressivespeech_033::3,26,False,4.202089071273804,10.238000392913818,14.512049600481987
9,2,22,0,random440_expressivespeech_130::0,213,False,35.40662860870361,52.559412479400635,86.92027662880719
9,2,22,1,random440_expressivespeech_130::1,226,False,37.82159090042114,55.35399532318115,91.98380894772708
9,2,22,2,random440_expressivespeech_130::2,259,False,43.08090829849243,64.2235312461853,105.95423650369048
9,2,22,3,random440_expressivespeech_130::3,214,False,34.569223165512085,67.10470724105835,101.0393164344132
9,2,23,0,random440_deear_088::0,169,False,27.42730736732483,40.87807869911194,68.28650123625994
9,2,23,1,random440_deear_088::1,144,False,23.170241594314575,35.021506547927856,58.22783054411411
9,2,23,2,random440_deear_088::2,150,False,24.590097665786743,36.50809144973755,61.13039967417717
9,2,23,3,random440_deear_088::3,175,False,28.219197750091553,54.36570143699646,82.21525770239532
9,2,24,0,random440_deear_059::0,46,False,6.984241485595703,11.111140251159668,18.074529994279146
9,2,24,1,random440_deear_059::1,30,False,5.4375739097595215,6.611108779907227,12.046062458306551
9,2,24,2,random440_deear_059::2,33,False,5.279721736907959,7.2380242347717285,12.50586038082838
9,2,24,3,random440_deear_059::3,37,False,6.700878620147705,13.238513708114624,19.91973304748535
9,3,0,0,random440_expressivespeech_104::0,45,False,10.08894419670105,10.107789516448975,20.178119264543056
9,3,0,1,random440_expressivespeech_104::1,46,False,7.309999942779541,11.385005950927734,18.861133847385645
9,3,0,2,random440_expressivespeech_104::2,45,False,6.896471738815308,10.013580083847046,17.146361673250794
9,3,0,3,random440_expressivespeech_104::3,43,False,6.813636779785156,16.63389801979065,23.610524207353592
9,3,1,0,random440_expressivespeech_206::0,139,False,27.678759574890137,33.60950303077698,61.268162060528994
9,3,1,1,random440_expressivespeech_206::1,138,False,23.127238273620605,33.25304079055786,56.922931496053934
9,3,1,2,random440_expressivespeech_206::2,121,False,20.224197387695312,28.92445707321167,49.68753941915929
9,3,1,3,random440_expressivespeech_206::3,127,False,19.780697345733643,45.44955539703369,65.18390935659409
9,3,2,0,random440_expressivespeech_040::0,23,False,3.499661922454834,5.1396050453186035,8.621783958747983
9,3,2,1,random440_expressivespeech_040::1,16,False,2.707933187484741,3.4917683601379395,6.189555909484625
9,3,2,2,random440_expressivespeech_040::2,13,False,2.4234249591827393,3.6258766651153564,6.039309648796916
9,3,2,3,random440_expressivespeech_040::3,20,False,3.041949987411499,8.935672998428345,11.952169856056571
9,3,3,0,random440_expressivespeech_030::0,35,False,5.565842628479004,8.114911794662476,13.660194370895624
9,3,3,1,random440_expressivespeech_030::1,34,False,5.694918632507324,7.530566453933716,13.380949107930064
9,3,3,2,random440_expressivespeech_030::2,31,False,4.969084024429321,6.863413095474243,11.817533249035478
9,3,3,3,random440_expressivespeech_030::3,53,False,9.4833664894104,23.70070481300354,33.28548524528742
9,3,4,0,random440_deear_052::0,76,False,12.397415399551392,17.551513671875,29.90843265503645
9,3,4,1,random440_deear_052::1,90,False,14.747926950454712,21.228750228881836,36.35320169106126
9,3,4,2,random440_deear_052::2,72,False,11.211633205413818,17.48351263999939,29.052662201225758
9,3,4,3,random440_deear_052::3,70,False,10.971975803375244,29.787525415420532,40.729645166546106
9,3,5,0,random440_expressivespeech_191::0,72,False,11.78312087059021,16.937392711639404,28.701986188068986
9,3,5,1,random440_expressivespeech_191::1,85,False,13.800351858139038,19.42137384414673,33.20869267359376
9,3,5,2,random440_expressivespeech_191::2,61,False,10.54840612411499,13.897587060928345,24.78151655755937
9,3,5,3,random440_expressivespeech_191::3,89,False,14.627150774002075,27.33725929260254,41.94876434467733
9,3,6,0,random440_expressivespeech_328::0,63,False,10.289830446243286,14.143420457839966,24.4121136944741
9,3,6,1,random440_expressivespeech_328::1,69,False,11.590787172317505,15.473225831985474,27.05286597274244
9,3,6,2,random440_expressivespeech_328::2,56,False,9.834470987319946,12.740175724029541,22.83972694352269
9,3,6,3,random440_expressivespeech_328::3,57,False,8.93492865562439,16.601173877716064,25.520713686943054
9,3,7,0,random440_expressivespeech_032::0,69,False,11.121639013290405,16.862648248672485,27.966726871207356
9,3,7,1,random440_expressivespeech_032::1,67,False,10.43825912475586,15.81405234336853,26.52044395171106
9,3,7,2,random440_expressivespeech_032::2,74,False,11.55729627609253,17.899527072906494,29.444806698709726
9,3,7,3,random440_expressivespeech_032::3,71,False,11.087644577026367,21.292430639266968,32.67259612493217
9,3,8,0,random440_deear_026::0,45,False,6.858879804611206,10.384770393371582,17.225933611392975
9,3,8,1,random440_deear_026::1,53,False,9.290316581726074,12.074716091156006,21.34989275969565
9,3,8,2,random440_deear_026::2,50,False,7.997188329696655,11.591286659240723,19.576922258362174
9,3,8,3,random440_deear_026::3,105,False,16.395047664642334,34.05277466773987,50.43078728020191
9,3,9,0,random440_deear_045::0,24,False,3.9459400177001953,5.327232837677002,9.255713626742363
9,3,9,1,random440_deear_045::1,45,False,6.788550138473511,10.439139604568481,17.21016945503652
9,3,9,2,random440_deear_045::2,25,False,4.8168699741363525,5.5603554248809814,10.574997521936893
9,3,9,3,random440_deear_045::3,33,False,5.050685167312622,10.255935907363892,15.289123056456447
9,3,10,0,random440_expressivespeech_194::0,27,False,4.666773319244385,6.159945249557495,10.806452864781022
9,3,10,1,random440_expressivespeech_194::1,26,False,3.93520188331604,5.745481729507446,9.772101324051619
9,3,10,2,random440_expressivespeech_194::2,36,False,5.707778453826904,8.871961116790771,14.659433372318745
9,3,10,3,random440_expressivespeech_194::3,20,False,3.3565330505371094,8.895018100738525,12.400014150887728
9,3,11,0,random440_deear_025::0,88,False,14.37934923171997,20.650866508483887,35.01233355142176
9,3,11,1,random440_deear_025::1,92,False,15.514015913009644,21.890532970428467,37.75028221309185
9,3,11,2,random440_deear_025::2,104,False,16.7921085357666,25.386104583740234,42.62133685871959
9,3,11,3,random440_deear_025::3,103,False,16.07442593574524,53.435105085372925,69.88777365721762
9,3,12,0,random440_expressivespeech_119::0,14,False,2.155137777328491,3.2587625980377197,5.398169659078121
9,3,12,1,random440_expressivespeech_119::1,12,False,2.2221121788024902,2.797560691833496,5.006452023983002
9,3,12,2,random440_expressivespeech_119::2,15,False,2.565474033355713,3.2807013988494873,5.831872019916773
9,3,12,3,random440_expressivespeech_119::3,13,False,1.9774770736694336,8.037941932678223,9.998018516227603
9,3,13,0,random440_expressivespeech_207::0,54,False,8.858463048934937,13.048319101333618,21.88689225167036
9,3,13,1,random440_expressivespeech_207::1,54,False,8.493911027908325,12.812464237213135,21.51301890052855
9,3,13,2,random440_expressivespeech_207::2,48,False,7.279501914978027,10.778761386871338,18.261744083836675
9,3,13,3,random440_expressivespeech_207::3,41,False,7.020133018493652,13.173687219619751,20.177265150472522
9,3,14,0,random440_expressivespeech_278::0,22,False,3.3796496391296387,4.894645690917969,8.25368525274098
9,3,14,1,random440_expressivespeech_278::1,25,False,4.072545766830444,6.34127402305603,10.398368583992124
9,3,14,2,random440_expressivespeech_278::2,26,False,3.9690661430358887,5.77392840385437,9.730049038305879
9,3,14,3,random440_expressivespeech_278::3,19,False,2.916405200958252,4.189050674438477,7.189129643142223
9,3,15,0,random440_expressivespeech_092::0,50,False,8.063378095626831,12.513647317886353,20.559233352541924
9,3,15,1,random440_expressivespeech_092::1,52,False,8.130153894424438,12.39100956916809,20.71082547493279
9,3,15,2,random440_expressivespeech_092::2,48,False,7.542263984680176,10.769346237182617,18.514490282163024
9,3,15,3,random440_expressivespeech_092::3,56,False,9.68454360961914,19.98204016685486,29.650491565465927
9,3,16,0,random440_expressivespeech_139::0,108,False,18.09012484550476,26.306127786636353,44.37508635595441
9,3,16,1,random440_expressivespeech_139::1,117,False,18.27597665786743,27.614687204360962,46.32048414461315
9,3,16,2,random440_expressivespeech_139::2,151,False,26.22565984725952,35.81190633773804,62.02271552011371
9,3,16,3,random440_expressivespeech_139::3,135,False,22.60769510269165,40.20081186294556,62.79281141795218
9,3,17,0,random440_expressivespeech_136::0,92,False,14.518943071365356,21.98045039176941,36.47928950563073
9,3,17,1,random440_expressivespeech_136::1,106,False,16.895862817764282,25.63630747795105,42.52309473231435
9,3,17,2,random440_expressivespeech_136::2,80,False,13.423150539398193,18.058924436569214,31.9127308242023
9,3,17,3,random440_expressivespeech_136::3,76,False,13.346654891967773,29.743324041366577,43.075209649279714
9,3,18,0,random440_expressivespeech_289::0,178,False,30.914369106292725,42.559154748916626,72.74066708050668
9,3,18,1,random440_expressivespeech_289::1,133,False,22.683685302734375,31.340759754180908,54.014108426868916
9,3,18,2,random440_expressivespeech_289::2,185,False,31.137986183166504,45.84888505935669,76.70034104958177
9,3,18,3,random440_expressivespeech_289::3,163,False,26.478233337402344,68.85261082649231,95.28513293154538
9,3,19,0,random440_expressivespeech_108::0,332,False,63.12804436683655,82.67314219474792,144.06006670370698
9,3,19,1,random440_expressivespeech_108::1,295,False,49.82764267921448,73.3033607006073,124.55829018168151
9,3,19,2,random440_expressivespeech_108::2,266,False,43.93258857727051,65.98045897483826,109.91042029298842
9,3,19,3,random440_expressivespeech_108::3,261,False,41.723448753356934,435.9403064250946,477.62288582511246
9,3,20,0,random440_deear_067::0,7,True,1.1422040462493896,1.5662541389465332,2.692669164389372
9,3,20,1,random440_deear_067::1,8,True,1.2732274532318115,1.7718532085418701,3.0344562642276287
9,3,20,2,random440_deear_067::2,8,True,1.5488691329956055,2.23207688331604,3.7681897934526205
9,3,20,3,random440_deear_067::3,10,True,1.8553853034973145,8.54609227180481,10.386417524889112
9,3,21,0,random440_expressivespeech_034::0,27,False,4.487914800643921,6.089036226272583,10.560022503137589
9,3,21,1,random440_expressivespeech_034::1,23,False,3.5497772693634033,6.877498626708984,10.421933807432652
9,3,21,2,random440_expressivespeech_034::2,23,False,4.101513385772705,5.191051244735718,9.28150505386293
9,3,21,3,random440_expressivespeech_034::3,26,False,4.0372655391693115,6.626431941986084,10.646918362006545
9,3,22,0,random440_expressivespeech_077::0,240,False,42.135812759399414,60.43268847465515,102.55011379159987
9,3,22,1,random440_expressivespeech_077::1,226,False,37.400951862335205,56.85419297218323,94.25693442113698
9,3,22,2,random440_expressivespeech_077::2,222,False,37.629523038864136,56.04668474197388,93.69822639599442
9,3,22,3,random440_expressivespeech_077::3,213,False,34.94714546203613,64.69012904167175,99.62888474017382
9,3,23,0,random440_deear_085::0,141,False,22.530056953430176,35.73129343986511,58.24116042070091
9,3,23,1,random440_deear_085::1,171,False,28.60191583633423,42.135170698165894,70.75778475031257
9,3,23,2,random440_deear_085::2,181,False,29.695101499557495,46.0809485912323,75.8000303786248
9,3,23,3,random440_deear_085::3,143,False,22.550673246383667,41.91348457336426,64.45607115700841
9,3,24,0,random440_expressivespeech_284::0,33,False,5.3861284255981445,7.447664737701416,12.814860323444009
9,3,24,1,random440_expressivespeech_284::1,34,False,6.929255723953247,8.239973068237305,15.157166171818972
9,3,24,2,random440_expressivespeech_284::2,33,False,5.0834431648254395,7.422498464584351,12.493429655209184
9,3,24,3,random440_expressivespeech_284::3,37,False,6.68954873085022,15.630091667175293,22.430398864671588
9,4,0,0,random440_expressivespeech_062::0,51,False,11.442397117614746,11.3178231716156,22.741616427898407
9,4,0,1,random440_expressivespeech_062::1,32,False,5.365650653839111,7.371373176574707,12.921128019690514
9,4,0,2,random440_expressivespeech_062::2,42,False,7.330075263977051,9.210333585739136,16.52478306181729
9,4,0,3,random440_expressivespeech_062::3,54,False,8.58829116821289,18.94145941734314,27.67421138845384
9,4,1,0,random440_expressivespeech_121::0,124,False,23.75418210029602,28.824342727661133,52.55922395735979
9,4,1,1,random440_expressivespeech_121::1,137,False,23.523900747299194,32.64722514152527,56.66104529611766
9,4,1,2,random440_expressivespeech_121::2,140,False,22.610766649246216,34.15873432159424,56.7566181961447
9,4,1,3,random440_expressivespeech_121::3,124,False,19.62458086013794,46.707579374313354,66.31992356665432
9,4,2,0,random440_deear_094::0,18,False,2.794973850250244,3.9212937355041504,6.698234755545855
9,4,2,1,random440_deear_094::1,12,False,1.8651173114776611,2.581188917160034,4.434948273003101
9,4,2,2,random440_deear_094::2,11,False,1.6939964294433594,2.4777987003326416,4.156947111710906
9,4,2,3,random440_deear_094::3,27,False,5.81130051612854,11.85663366317749,17.634627738967538
9,4,3,0,random440_expressivespeech_002::0,38,False,5.8080408573150635,8.869297504425049,14.660340279340744
9,4,3,1,random440_expressivespeech_002::1,36,False,5.924560785293579,7.882953405380249,13.973588839173317
9,4,3,2,random440_expressivespeech_002::2,34,False,5.1225104331970215,7.538212060928345,12.635503511875868
9,4,3,3,random440_expressivespeech_002::3,44,False,8.388604164123535,22.18227195739746,30.549539061263204
9,4,4,0,random440_deear_018::0,80,False,13.032170534133911,18.714001893997192,31.726212164387107
9,4,4,1,random440_deear_018::1,84,False,13.344898223876953,19.49439263343811,33.28666889294982
9,4,4,2,random440_deear_018::2,84,False,13.193608045578003,20.430643796920776,33.951456585898995
9,4,4,3,random440_deear_018::3,82,False,12.794317960739136,24.099019289016724,37.22229638509452
9,4,5,0,random440_expressivespeech_081::0,78,False,13.23117733001709,17.92789101600647,31.13911639340222
9,4,5,1,random440_expressivespeech_081::1,86,False,14.468249559402466,19.856302976608276,34.31529837474227
9,4,5,2,random440_expressivespeech_081::2,78,False,13.689416646957397,17.326191663742065,31.354198256507516
9,4,5,3,random440_expressivespeech_081::3,60,False,10.004048347473145,21.607327699661255,31.576978923752904
9,4,6,0,random440_expressivespeech_335::0,56,False,9.718867063522339,12.40326976776123,22.111950611695647
9,4,6,1,random440_expressivespeech_335::1,55,False,9.489298820495605,12.209785223007202,21.697637252509594
9,4,6,2,random440_expressivespeech_335::2,53,False,8.263911724090576,13.250707387924194,21.510589245706797
9,4,6,3,random440_expressivespeech_335::3,75,False,11.953341960906982,22.546331644058228,34.49497418105602
9,4,7,0,random440_deear_100::0,78,False,12.183804988861084,18.922929048538208,31.088673701509833
9,4,7,1,random440_deear_100::1,71,False,11.096400737762451,16.57822847366333,27.664557944983244
9,4,7,2,random440_deear_100::2,65,False,9.83042311668396,16.022347688674927,25.844494150951505
9,4,7,3,random440_deear_100::3,64,False,10.254168510437012,21.21909475326538,31.72144270502031
9,4,8,0,random440_deear_022::0,56,False,8.480000972747803,14.133133172988892,22.594079472124577
9,4,8,1,random440_deear_022::1,62,False,9.736070394515991,14.068965196609497,23.795399775728583
9,4,8,2,random440_deear_022::2,71,False,11.774343252182007,15.845786094665527,27.907630583271384
9,4,8,3,random440_deear_022::3,63,False,11.074208736419678,23.063075065612793,34.43656227737665
9,4,9,0,random440_deear_073::0,32,False,5.131845235824585,7.038099050521851,12.149947870522738
9,4,9,1,random440_deear_073::1,29,False,4.627028465270996,6.465684652328491,11.079190069809556
9,4,9,2,random440_deear_073::2,33,False,6.5580737590789795,7.409346342086792,14.062147967517376
9,4,9,3,random440_deear_073::3,31,False,5.017160415649414,10.02688479423523,15.156339233741164
9,4,10,0,random440_deear_029::0,30,False,5.308977842330933,6.733557224273682,12.024052454158664
9,4,10,1,random440_deear_029::1,27,False,4.089112997055054,5.952620506286621,10.032531000673771
9,4,10,2,random440_deear_029::2,21,False,3.3962159156799316,4.627045631408691,8.016221651807427
9,4,10,3,random440_deear_029::3,29,False,5.849980354309082,11.60416293144226,17.43604758195579
9,4,11,0,random440_deear_076::0,104,False,17.617978811264038,23.871732234954834,41.47122707031667
9,4,11,1,random440_deear_076::1,101,False,17.34883952140808,23.931580781936646,41.75613468140364
9,4,11,2,random440_deear_076::2,90,False,14.292083501815796,22.065910816192627,36.76032342016697
9,4,11,3,random440_deear_076::3,88,False,14.43100881576538,50.609238624572754,65.00212826579809
9,4,12,0,random440_expressivespeech_061::0,12,False,1.8815844058990479,2.722127914428711,4.588640924543142
9,4,12,1,random440_expressivespeech_061::1,19,False,3.5587377548217773,4.344566345214844,7.8878538105636835
9,4,12,2,random440_expressivespeech_061::2,15,False,2.2725584506988525,3.228036403656006,5.492637120187283
9,4,12,3,random440_expressivespeech_061::3,17,False,2.8183646202087402,5.472448348999023,8.278682932257652
9,4,13,0,random440_expressivespeech_288::0,60,False,9.972834348678589,14.241578340530396,24.191761028021574
9,4,13,1,random440_expressivespeech_288::1,35,False,5.3843348026275635,7.9110493659973145,13.284708561375737
9,4,13,2,random440_expressivespeech_288::2,53,False,9.025364637374878,11.760219097137451,20.7738291118294
9,4,13,3,random440_expressivespeech_288::3,45,False,7.131563425064087,16.18841862678528,23.50895431265235
9,4,14,0,random440_deear_099::0,18,False,2.878000497817993,3.930814504623413,6.788582593202591
9,4,14,1,random440_deear_099::1,27,False,4.12958836555481,6.712034225463867,10.823165331035852
9,4,14,2,random440_deear_099::2,23,False,3.834913730621338,5.080876111984253,9.041885090991855
9,4,14,3,random440_deear_099::3,22,False,3.351677656173706,5.54123067855835,8.879773123189807
9,4,15,0,random440_expressivespeech_059::0,52,False,8.60233473777771,12.805705070495605,21.39057634025812
9,4,15,1,random440_expressivespeech_059::1,50,False,7.858466386795044,12.085713386535645,19.930702349171042
9,4,15,2,random440_expressivespeech_059::2,58,False,9.140266418457031,12.90139365196228,22.225748907774687
9,4,15,3,random440_expressivespeech_059::3,44,False,8.773524522781372,16.86183500289917,25.85216191224754
9,4,16,0,random440_expressivespeech_051::0,134,False,22.281540870666504,32.14008450508118,54.3815850969404
9,4,16,1,random440_expressivespeech_051::1,112,False,18.30314540863037,26.901819467544556,45.185381380841136
9,4,16,2,random440_expressivespeech_051::2,125,False,20.015594720840454,29.625159740447998,49.63143758289516
9,4,16,3,random440_expressivespeech_051::3,128,False,21.563803911209106,44.329344034194946,65.8727829195559
9,4,17,0,random440_expressivespeech_042::0,95,False,15.396759271621704,22.496981859207153,37.87180866859853
9,4,17,1,random440_expressivespeech_042::1,85,False,13.299131393432617,20.608964443206787,33.897558534517884
9,4,17,2,random440_expressivespeech_042::2,87,False,14.17827033996582,20.10354447364807,34.27339900843799
9,4,17,3,random440_expressivespeech_042::3,84,False,14.904839754104614,32.81703329086304,47.70889706723392
9,4,18,0,random440_expressivespeech_118::0,147,False,25.38376784324646,34.195234537124634,59.56180768832564
9,4,18,1,random440_expressivespeech_118::1,165,False,28.307379007339478,38.68739056587219,66.98175617493689
9,4,18,2,random440_expressivespeech_118::2,169,False,28.49309730529785,40.351282596588135,68.83318169228733
9,4,18,3,random440_expressivespeech_118::3,176,False,29.004621505737305,75.84578490257263,103.76851068809628
9,4,19,0,random440_expressivespeech_141::0,223,False,39.73891091346741,54.4060697555542,93.03557366132736
9,4,19,1,random440_expressivespeech_141::1,241,False,41.030916690826416,58.67746543884277,98.16855902783573
9,4,19,2,random440_expressivespeech_141::2,229,False,37.15597438812256,55.91088604927063,93.0644494947046
9,4,19,3,random440_expressivespeech_141::3,251,False,42.5018527507782,530.6381235122681,571.5433268416673
9,4,20,0,random440_expressivespeech_064::0,13,False,2.0644540786743164,2.8589534759521484,4.9070176761597395
9,4,20,1,random440_expressivespeech_064::1,10,False,1.7415735721588135,2.7653696537017822,4.492247566580772
9,4,20,2,random440_expressivespeech_064::2,15,False,2.6150918006896973,3.2780187129974365,5.884394397959113
9,4,20,3,random440_expressivespeech_064::3,12,False,1.8743748664855957,2.6052801609039307,4.5168715715408325
9,4,21,0,random440_deear_005::0,25,False,3.915245294570923,5.501944541931152,9.40078024752438
9,4,21,1,random440_deear_005::1,25,False,3.858302593231201,7.156375169754028,11.005170922726393
9,4,21,2,random440_deear_005::2,26,False,4.7417614459991455,5.6912500858306885,10.424385635182261
9,4,21,3,random440_deear_005::3,23,False,3.5235700607299805,6.532724380493164,10.14196809194982
9,4,22,0,random440_expressivespeech_075::0,241,False,42.41658902168274,59.17660880088806,100.48950791358948
9,4,22,1,random440_expressivespeech_075::1,219,False,36.06106662750244,54.28839325904846,90.04704371280968
9,4,22,2,random440_expressivespeech_075::2,208,False,34.859824657440186,51.96382451057434,85.86723157949746
9,4,22,3,random440_expressivespeech_075::3,218,False,36.0544114112854,77.61282181739807,111.85049338825047
9,4,23,0,random440_expressivespeech_174::0,144,False,23.207136392593384,35.96565890312195,59.15407307446003
9,4,23,1,random440_expressivespeech_174::1,160,False,25.854522943496704,39.13462233543396,65.00835942290723
9,4,23,2,random440_expressivespeech_174::2,148,False,24.83837604522705,35.79537010192871,60.63610448688269
9,4,23,3,random440_expressivespeech_174::3,167,False,27.28920817375183,57.8294792175293,85.11489315330982
9,4,24,0,random440_expressivespeech_234::0,34,False,5.137946844100952,7.455989599227905,12.57741517201066
9,4,24,1,random440_expressivespeech_234::1,30,False,5.487887620925903,7.581769704818726,13.061622146517038
9,4,24,2,random440_expressivespeech_234::2,32,False,5.0781471729278564,7.0376715660095215,12.107340764254332
9,4,24,3,random440_expressivespeech_234::3,41,False,6.5017454624176025,18.591129064559937,25.200359847396612
9,5,0,0,random440_expressivespeech_239::0,48,False,11.303505897521973,11.385566234588623,22.67072102986276
9,5,0,1,random440_expressivespeech_239::1,35,False,5.966661691665649,8.974486827850342,15.110684243962169
9,5,0,2,random440_expressivespeech_239::2,49,False,8.296363115310669,11.595171213150024,19.875996328890324
9,5,0,3,random440_expressivespeech_239::3,43,False,7.557162523269653,14.423786878585815,21.962145583704114
9,5,1,0,random440_expressivespeech_327::0,132,False,27.462620496749878,33.04443693161011,60.48781828023493
9,5,1,1,random440_expressivespeech_327::1,147,False,26.90583086013794,36.715110778808594,63.609158681705594
9,5,1,2,random440_expressivespeech_327::2,121,False,21.665496587753296,30.452308416366577,52.10488344170153
9,5,1,3,random440_expressivespeech_327::3,122,False,21.98399829864502,33.65361785888672,55.62250675261021
9,5,2,0,random440_expressivespeech_166::0,19,False,3.1343564987182617,4.441503047943115,7.556955272331834
9,5,2,1,random440_expressivespeech_166::1,15,False,2.466742753982544,3.4920496940612793,5.944963533431292
9,5,2,2,random440_expressivespeech_166::2,15,False,2.6948118209838867,4.4052746295928955,7.089036054909229
9,5,2,3,random440_expressivespeech_166::3,15,False,2.584177017211914,9.688467979431152,12.30874196253717
9,5,3,0,random440_expressivespeech_320::0,36,False,6.281383514404297,9.020274877548218,15.282892623916268
9,5,3,1,random440_expressivespeech_320::1,57,False,9.85045075416565,13.484016418457031,23.322741117328405
9,5,3,2,random440_expressivespeech_320::2,42,False,8.183847904205322,10.021238327026367,18.426475517451763
9,5,3,3,random440_expressivespeech_320::3,36,False,6.133127450942993,8.706564903259277,14.812907157465816
9,5,4,0,random440_deear_079::0,74,False,12.997635841369629,18.215001821517944,31.190802723169327
9,5,4,1,random440_deear_079::1,85,False,14.746458530426025,20.864668369293213,35.60033631697297
9,5,4,2,random440_deear_079::2,66,False,11.059402704238892,17.002137899398804,28.40357531234622
9,5,4,3,random440_deear_079::3,98,False,16.3587543964386,24.884669542312622,41.23137801140547
9,5,5,0,random440_deear_089::0,73,False,13.592048168182373,18.103110790252686,31.676544047892094
9,5,5,1,random440_deear_089::1,63,False,11.485637426376343,15.054410457611084,26.529638186097145
9,5,5,2,random440_deear_089::2,88,False,16.133159399032593,21.633503913879395,37.756449688225985
9,5,5,3,random440_deear_089::3,77,False,13.596580028533936,19.10188937187195,33.0573360119015
9,5,6,0,random440_deear_066::0,54,False,10.034300565719604,13.045867443084717,23.061174772679806
9,5,6,1,random440_deear_066::1,66,False,12.026317119598389,15.806543827056885,27.819108795374632
9,5,6,2,random440_deear_066::2,59,False,10.712204694747925,14.347679138183594,25.04477145522833
9,5,6,3,random440_deear_066::3,57,False,9.635544300079346,14.23275876045227,23.85475076548755
9,5,7,0,random440_expressivespeech_248::0,61,False,10.619789600372314,15.933945655822754,26.533202920109034
9,5,7,1,random440_expressivespeech_248::1,74,False,12.526652574539185,18.303850650787354,31.067757887765765
9,5,7,2,random440_expressivespeech_248::2,62,False,10.161756038665771,16.17213726043701,26.63007696159184
9,5,7,3,random440_expressivespeech_248::3,78,False,13.37940001487732,19.436501264572144,32.80435228720307
9,5,8,0,random440_expressivespeech_198::0,74,False,12.527863264083862,19.13172173500061,31.639601789414883
9,5,8,1,random440_expressivespeech_198::1,64,False,10.813275337219238,15.640564918518066,26.445488203316927
9,5,8,2,random440_expressivespeech_198::2,56,False,9.206360340118408,14.402706384658813,23.59645494632423
9,5,8,3,random440_expressivespeech_198::3,57,False,9.658189535140991,16.95978808403015,26.601184917613864
9,5,9,0,random440_deear_060::0,25,False,4.327030897140503,5.966666221618652,10.275033382698894
9,5,9,1,random440_deear_060::1,38,False,6.224956274032593,9.316932201385498,15.525269208475947
9,5,9,2,random440_deear_060::2,33,False,6.5650084018707275,7.8156938552856445,14.371114490553737
9,5,9,3,random440_deear_060::3,28,False,4.544896841049194,7.401521444320679,11.932823933660984
9,5,10,0,random440_expressivespeech_131::0,21,False,4.052625894546509,5.315905332565308,9.350873701274395
9,5,10,1,random440_expressivespeech_131::1,24,False,3.907773494720459,5.7363502979278564,9.630634669214487
9,5,10,2,random440_expressivespeech_131::2,31,False,5.329080104827881,7.728221654891968,13.040833910927176
9,5,10,3,random440_expressivespeech_131::3,28,False,5.416038274765015,10.038825273513794,15.441843997687101
9,5,11,0,random440_expressivespeech_001::0,120,False,21.4621524810791,30.5208797454834,51.96177391521633
9,5,11,1,random440_expressivespeech_001::1,106,False,17.95163607597351,26.506267070770264,44.44219249114394
9,5,11,2,random440_expressivespeech_001::2,105,False,19.26989507675171,26.151146411895752,45.83950314484537
9,5,11,3,random440_expressivespeech_001::3,100,False,16.791006326675415,25.72500467300415,42.930698707699776
9,5,12,0,random440_deear_068::0,14,False,2.580651044845581,3.5761029720306396,6.141138980165124
9,5,12,1,random440_deear_068::1,14,False,2.6924455165863037,3.266029119491577,5.947995310649276
9,5,12,2,random440_deear_068::2,16,False,2.683008909225464,3.709482431411743,6.377747977152467
9,5,12,3,random440_deear_068::3,19,False,3.383496046066284,4.395405530929565,7.767017817124724
9,5,13,0,random440_expressivespeech_281::0,43,False,7.131411790847778,11.477730512619019,18.593545714393258
9,5,13,1,random440_expressivespeech_281::1,42,False,7.176451921463013,10.030299425125122,17.19669096916914
9,5,13,2,random440_expressivespeech_281::2,53,False,9.740182399749756,12.428591966629028,22.321533299982548
9,5,13,3,random440_expressivespeech_281::3,55,False,9.742537498474121,14.105324029922485,23.83047254011035
9,5,14,0,random440_deear_053::0,9,False,1.5104753971099854,2.0813441276550293,3.5776133500039577
9,5,14,1,random440_deear_053::1,11,False,1.8204925060272217,2.5696816444396973,4.376337859779596
9,5,14,2,random440_deear_053::2,11,False,1.8288989067077637,2.5705275535583496,4.385630041360855
9,5,14,3,random440_deear_053::3,53,False,9.867627143859863,13.651822566986084,23.500300144776702
9,5,15,0,random440_expressivespeech_060::0,45,False,7.930367469787598,11.837312698364258,19.749482054263353
9,5,15,1,random440_expressivespeech_060::1,51,False,8.4781334400177,12.765016078948975,21.23147699609399
9,5,15,2,random440_expressivespeech_060::2,52,False,8.804859161376953,12.277032613754272,21.282349169254303
9,5,15,3,random440_expressivespeech_060::3,55,False,10.666989088058472,16.322498083114624,27.1892492454499
9,5,16,0,random440_deear_020::0,133,False,23.18255853652954,33.75057601928711,56.91400799155235
9,5,16,1,random440_deear_020::1,119,False,20.83605718612671,30.24435043334961,51.06483079120517
9,5,16,2,random440_deear_020::2,104,False,17.91807270050049,25.613694667816162,43.514034897089005
9,5,16,3,random440_deear_020::3,104,False,18.864753484725952,45.174535274505615,64.0258198082447
9,5,17,0,random440_expressivespeech_171::0,71,False,12.323502540588379,17.722702026367188,30.025769341737032
9,5,17,1,random440_expressivespeech_171::1,85,False,14.268140077590942,21.757747888565063,36.01673951745033
9,5,17,2,random440_expressivespeech_171::2,94,False,15.678412914276123,23.26827359199524,38.938429675996304
9,5,17,3,random440_expressivespeech_171::3,94,False,17.31290602684021,31.559479236602783,49.24147469736636
9,5,18,0,random440_expressivespeech_274::0,140,False,24.872037649154663,34.870951414108276,59.72628947906196
9,5,18,1,random440_expressivespeech_274::1,148,False,26.799277305603027,36.93303680419922,63.71940744481981
9,5,18,2,random440_expressivespeech_274::2,189,False,34.445515155792236,49.41630482673645,83.07927439175546
9,5,18,3,random440_expressivespeech_274::3,166,False,29.130572080612183,63.39791131019592,92.50640348903835
9,5,19,0,random440_expressivespeech_018::0,479,False,97.38225531578064,129.07446432113647,223.2108988724649
9,5,19,1,random440_expressivespeech_018::1,417,False,75.759348154068,112.10756134986877,189.85851012170315
9,5,19,2,random440_expressivespeech_018::2,508,False,92.13401007652283,135.74619007110596,224.80448658950627
9,5,19,3,random440_expressivespeech_018::3,469,False,85.20850443840027,128.6353018283844,213.85548622906208
9,5,20,0,random440_expressivespeech_186::0,12,False,2.0544207096099854,2.849278688430786,4.887266058474779
9,5,20,1,random440_expressivespeech_186::1,11,False,2.1035900115966797,3.309291362762451,5.367819473147392
9,5,20,2,random440_expressivespeech_186::2,9,False,1.7138137817382812,2.113741636276245,3.8149928525090218
9,5,20,3,random440_expressivespeech_186::3,11,False,1.8365719318389893,3.8826563358306885,5.733439469709992
9,5,21,0,random440_deear_081::0,21,False,3.496582508087158,4.970838785171509,8.452191855758429
9,5,21,1,random440_deear_081::1,24,False,4.011332750320435,6.828389406204224,10.901684446260333
9,5,21,2,random440_deear_081::2,24,False,5.184590101242065,5.7208123207092285,11.027949504554272
9,5,21,3,random440_deear_081::3,27,False,4.5009355545043945,6.393939256668091,10.98240110091865
9,5,22,0,random440_expressivespeech_330::0,200,False,36.39082384109497,52.87983536720276,89.24982307851315
9,5,22,1,random440_expressivespeech_330::1,206,False,38.68840217590332,54.0772705078125,92.87197587452829
9,5,22,2,random440_expressivespeech_330::2,246,False,44.96365022659302,64.8079845905304,109.85535570047796
9,5,22,3,random440_expressivespeech_330::3,223,False,40.84376573562622,58.284772872924805,99.20016354322433
9,5,23,0,random440_expressivespeech_268::0,140,False,23.68327784538269,37.302085161209106,60.9643648583442
9,5,23,1,random440_expressivespeech_268::1,127,False,22.01445508003235,33.44104027748108,55.46530426107347
9,5,23,2,random440_expressivespeech_268::2,165,False,28.83922243118286,42.727633237838745,71.57384759932756
9,5,23,3,random440_expressivespeech_268::3,156,False,27.585522413253784,53.93964624404907,81.57483602687716
9,5,24,0,random440_expressivespeech_332::0,35,False,5.789866924285889,8.285647869110107,14.056676564738154
9,5,24,1,random440_expressivespeech_332::1,26,False,5.760593414306641,6.621954441070557,12.373509982600808
9,5,24,2,random440_expressivespeech_332::2,38,False,6.561689615249634,9.118682622909546,15.66973651200533
9,5,24,3,random440_expressivespeech_332::3,38,False,7.695934057235718,13.010509729385376,20.815036175772548
9,6,0,0,random440_expressivespeech_015::0,38,False,9.808412313461304,9.053959369659424,18.82610595971346
9,6,0,1,random440_expressivespeech_015::1,45,False,8.185829639434814,11.495263814926147,19.66368329152465
9,6,0,2,random440_expressivespeech_015::2,57,False,10.033530950546265,13.163075923919678,23.436763176694512
9,6,0,3,random440_expressivespeech_015::3,35,False,6.261582851409912,11.348137140274048,17.79707419499755
9,6,1,0,random440_deear_098::0,147,False,29.25072431564331,38.37868142127991,67.61010026745498
9,6,1,1,random440_deear_098::1,137,False,23.66996145248413,35.33001351356506,58.98773815110326
9,6,1,2,random440_deear_098::2,116,False,20.006345987319946,29.757290840148926,49.746591962873936
9,6,1,3,random440_deear_098::3,121,False,20.60973572731018,34.97558617591858,55.56057951785624
9,6,2,0,random440_expressivespeech_140::0,39,False,6.496046543121338,9.551952362060547,16.02592404745519
9,6,2,1,random440_expressivespeech_140::1,18,False,3.5694475173950195,4.591482639312744,8.15127575211227
9,6,2,2,random440_expressivespeech_140::2,10,False,1.5587518215179443,2.315080404281616,3.8617673330008984
9,6,2,3,random440_expressivespeech_140::3,12,False,1.8744640350341797,2.7644872665405273,4.627409491688013
9,6,3,0,random440_expressivespeech_058::0,43,False,6.9943437576293945,11.282970428466797,18.257452595978975
9,6,3,1,random440_expressivespeech_058::1,44,False,7.111948013305664,10.456282138824463,17.73148050904274
9,6,3,2,random440_expressivespeech_058::2,40,False,6.625267267227173,10.348917484283447,17.13535805605352
9,6,3,3,random440_expressivespeech_058::3,43,False,6.970244884490967,11.952484130859375,18.906418846920133
9,6,4,0,random440_deear_043::0,71,False,11.907157182693481,16.72752809524536,28.61660915799439
9,6,4,1,random440_deear_043::1,69,False,12.384288549423218,16.04587984085083,28.79283319786191
9,6,4,2,random440_deear_043::2,71,False,11.980459690093994,16.292035818099976,28.259135181084275
9,6,4,3,random440_deear_043::3,107,False,18.664741039276123,31.41368842124939,50.34103301540017
9,6,5,0,random440_expressivespeech_305::0,53,False,8.741895198822021,14.0065758228302,22.726301116868854
9,6,5,1,random440_expressivespeech_305::1,81,False,13.000960111618042,20.03680729866028,33.0257431473583
9,6,5,2,random440_expressivespeech_305::2,100,False,17.24955987930298,24.39716863632202,41.963712291792035
9,6,5,3,random440_expressivespeech_305::3,67,False,11.736514329910278,18.73822784423828,30.95482425391674
9,6,6,0,random440_expressivespeech_262::0,77,False,13.268280506134033,18.89803147315979,32.14477941207588
9,6,6,1,random440_expressivespeech_262::1,52,False,8.141094207763672,11.977528095245361,20.10912969522178
9,6,6,2,random440_expressivespeech_262::2,50,False,9.119324207305908,11.827820777893066,20.93338281288743
9,6,6,3,random440_expressivespeech_262::3,53,False,8.572099685668945,17.895873308181763,26.446618873625994
9,6,7,0,random440_expressivespeech_094::0,64,False,10.27644419670105,16.059335231781006,26.316462364047766
9,6,7,1,random440_expressivespeech_094::1,65,False,10.536681652069092,15.567951202392578,26.35920410603285
9,6,7,2,random440_expressivespeech_094::2,75,False,12.091450929641724,18.844159603118896,31.185518627986312
9,6,7,3,random440_expressivespeech_094::3,67,False,10.742290258407593,21.95206046104431,32.98889952711761
9,6,8,0,random440_expressivespeech_258::0,62,False,9.937593936920166,15.452328205108643,25.371775979176164
9,6,8,1,random440_expressivespeech_258::1,56,False,9.106326341629028,13.022914171218872,22.110307168215513
9,6,8,2,random440_expressivespeech_258::2,61,False,9.994126319885254,14.038086652755737,24.019036108627915
9,6,8,3,random440_expressivespeech_258::3,72,False,12.753332138061523,24.10434055328369,37.086686465889215
9,6,9,0,random440_expressivespeech_253::0,32,False,5.02359676361084,7.204372406005859,12.207339160144329
9,6,9,1,random440_expressivespeech_253::1,35,False,5.686295032501221,8.09387469291687,13.73466757312417
9,6,9,2,random440_expressivespeech_253::2,24,False,4.9661171436309814,5.446963548660278,10.40151117183268
9,6,9,3,random440_expressivespeech_253::3,27,False,4.393482446670532,11.48407530784607,15.852516693994403
9,6,10,0,random440_expressivespeech_297::0,35,False,6.288827896118164,7.949381589889526,14.216683806851506
9,6,10,1,random440_expressivespeech_297::1,27,False,4.509794473648071,6.074932336807251,10.711798716336489
9,6,10,2,random440_expressivespeech_297::2,28,False,4.415793418884277,7.425077676773071,11.79777542129159
9,6,10,3,random440_expressivespeech_297::3,27,False,4.493875026702881,6.23776388168335,10.822636298835278
9,6,11,0,random440_expressivespeech_012::0,125,False,21.45328402519226,30.861182689666748,52.29601297713816
9,6,11,1,random440_expressivespeech_012::1,108,False,17.08535861968994,25.917787313461304,42.98653220385313
9,6,11,2,random440_expressivespeech_012::2,106,False,18.739504098892212,25.41484308242798,44.14202618226409
9,6,11,3,random440_expressivespeech_012::3,88,False,13.99280309677124,30.301294326782227,44.713726472109556
9,6,12,0,random440_expressivespeech_159::0,30,False,5.131295680999756,7.373884201049805,12.486732864752412
9,6,12,1,random440_expressivespeech_159::1,10,False,1.5712614059448242,2.2410316467285156,3.8010334316641092
9,6,12,2,random440_expressivespeech_159::2,12,False,1.8712615966796875,2.6963813304901123,4.552861688658595
9,6,12,3,random440_expressivespeech_159::3,10,False,1.574500322341919,3.769519090652466,5.330897210165858
9,6,13,0,random440_expressivespeech_214::0,45,False,7.394948720932007,11.56504487991333,18.939207097515464
9,6,13,1,random440_expressivespeech_214::1,38,False,6.380632638931274,8.543591022491455,14.913686834275723
9,6,13,2,random440_expressivespeech_214::2,40,False,6.808488368988037,9.177348852157593,15.973387708887458
9,6,13,3,random440_expressivespeech_214::3,70,False,11.211740732192993,20.82606339454651,32.173123152926564
9,6,14,0,random440_deear_036::0,19,False,3.289271116256714,4.278174877166748,7.5483620669692755
9,6,14,1,random440_deear_036::1,23,False,3.5998239517211914,5.792924165725708,9.378238514065742
9,6,14,2,random440_deear_036::2,24,False,3.903712034225464,5.459398984909058,9.436236446723342
9,6,14,3,random440_deear_036::3,17,False,2.872060775756836,6.336223363876343,9.278861407190561
9,6,15,0,random440_expressivespeech_277::0,40,False,6.310372591018677,10.343647480010986,16.63389840349555
9,6,15,1,random440_expressivespeech_277::1,58,False,9.452455520629883,13.838344812393188,23.276976400986314
9,6,15,2,random440_expressivespeech_277::2,54,False,8.75668978691101,12.445430040359497,21.474656643345952
9,6,15,3,random440_expressivespeech_277::3,50,False,9.058578491210938,18.76953363418579,27.81383397988975
9,6,16,0,random440_expressivespeech_240::0,119,False,20.28264331817627,29.304600954055786,49.56814271584153
9,6,16,1,random440_expressivespeech_240::1,125,False,20.52121615409851,31.058422803878784,51.5625042617321
9,6,16,2,random440_expressivespeech_240::2,108,False,17.41244673728943,26.021398544311523,43.41497627273202
9,6,16,3,random440_expressivespeech_240::3,98,False,16.803988456726074,54.15843915939331,70.93557892739773
9,6,17,0,random440_expressivespeech_196::0,60,False,9.78419303894043,13.93302869796753,23.69866257160902
9,6,17,1,random440_expressivespeech_196::1,82,False,13.798077583312988,19.61853528022766,33.40486719459295
9,6,17,2,random440_expressivespeech_196::2,113,False,18.84635066986084,27.192291498184204,46.47434078156948
9,6,17,3,random440_expressivespeech_196::3,81,False,14.16907262802124,36.14119005203247,50.29042986035347
9,6,18,0,random440_expressivespeech_299::0,164,False,28.82064652442932,39.622546911239624,68.42476920410991
9,6,18,1,random440_expressivespeech_299::1,178,False,31.031781435012817,45.18407154083252,75.29364299215376
9,6,18,2,random440_expressivespeech_299::2,171,False,28.400777339935303,42.31622552871704,70.70746293663979
9,6,18,3,random440_expressivespeech_299::3,201,False,35.102017641067505,50.37162232398987,84.4173699952662
9,6,19,0,random440_expressivespeech_236::0,401,False,77.93564438819885,100.91045498847961,176.1994826477021
9,6,19,1,random440_expressivespeech_236::1,383,False,65.0550184249878,99.59436702728271,164.6680803950876
9,6,19,2,random440_expressivespeech_236::2,401,False,67.82822322845459,103.07026982307434,168.01919553428888
9,6,19,3,random440_expressivespeech_236::3,282,False,48.80618977546692,290.14208126068115,338.9365427400917
9,6,20,0,random440_expressivespeech_316::0,9,False,1.501089334487915,2.047471523284912,3.5321582332253456
9,6,20,1,random440_expressivespeech_316::1,14,False,2.374852180480957,3.9397785663604736,6.30698062479496
9,6,20,2,random440_expressivespeech_316::2,11,False,1.9452953338623047,2.5093257427215576,4.458412507548928
9,6,20,3,random440_expressivespeech_316::3,9,False,1.4233918190002441,4.052428960800171,5.487269692122936
9,6,21,0,random440_expressivespeech_097::0,23,False,3.6545956134796143,5.211606025695801,8.851233515888453
9,6,21,1,random440_expressivespeech_097::1,26,False,4.0854034423828125,7.356306791305542,11.432612046599388
9,6,21,2,random440_expressivespeech_097::2,25,False,4.4269959926605225,5.6526734828948975,10.218522261828184
9,6,21,3,random440_expressivespeech_097::3,21,False,3.533546209335327,6.99672532081604,10.51471527479589
9,6,22,0,random440_expressivespeech_276::0,187,False,31.529213190078735,48.425719022750854,79.93395378440619
9,6,22,1,random440_expressivespeech_276::1,214,False,36.17201566696167,54.98973822593689,91.18408288061619
9,6,22,2,random440_expressivespeech_276::2,219,False,36.68577432632446,56.04544973373413,92.74969577603042
9,6,22,3,random440_expressivespeech_276::3,203,False,35.42968249320984,91.55057334899902,126.95842643082142
9,6,23,0,random440_expressivespeech_039::0,137,False,22.3201322555542,35.06861591339111,57.328182596713305
9,6,23,1,random440_expressivespeech_039::1,141,False,23.02304196357727,36.45986342430115,59.512712460011244
9,6,23,2,random440_expressivespeech_039::2,159,False,26.718356370925903,39.87730383872986,66.61781618185341
9,6,23,3,random440_expressivespeech_039::3,145,False,24.653478860855103,61.207499980926514,85.85826059989631
9,6,24,0,random440_deear_017::0,30,False,4.7283711433410645,6.814913988113403,11.525199349969625
9,6,24,1,random440_deear_017::1,33,False,6.410492181777954,8.532979726791382,14.93424316123128
9,6,24,2,random440_deear_017::2,29,False,4.520036697387695,6.591397762298584,11.103947341442108
9,6,24,3,random440_deear_017::3,43,False,7.056324243545532,18.24540066719055,25.284647770226
9,7,0,0,random440_deear_007::0,41,False,9.401978492736816,9.029597520828247,18.41308549977839
9,7,0,1,random440_deear_007::1,38,False,5.9636735916137695,8.135753393173218,14.23769405297935
9,7,0,2,random440_deear_007::2,41,False,7.652010440826416,9.147040843963623,16.928811827674508
9,7,0,3,random440_deear_007::3,52,False,8.366944074630737,22.03201985359192,30.539216548204422
9,7,1,0,random440_expressivespeech_212::0,115,False,21.815041065216064,27.33191418647766,49.12680224888027
9,7,1,1,random440_expressivespeech_212::1,130,False,20.696813583374023,31.274614095687866,51.956346306949854
9,7,1,2,random440_expressivespeech_212::2,137,False,21.432764768600464,32.773725748062134,54.19308403879404
9,7,1,3,random440_expressivespeech_212::3,163,False,26.64887571334839,49.846176862716675,76.47597659938037
9,7,2,0,random440_deear_046::0,19,False,2.8610000610351562,4.0976598262786865,6.941403556615114
9,7,2,1,random440_deear_046::1,18,False,2.6990246772766113,3.8459203243255615,6.534546451643109
9,7,2,2,random440_deear_046::2,15,False,2.5220134258270264,4.163525819778442,6.674125427380204
9,7,2,3,random440_deear_046::3,26,False,4.067042589187622,8.641845941543579,12.69044273160398
9,7,3,0,random440_expressivespeech_114::0,39,False,6.14941143989563,9.1834557056427,15.316120890900493
9,7,3,1,random440_expressivespeech_114::1,45,False,7.152843713760376,9.831919431686401,16.97244185768068
9,7,3,2,random440_expressivespeech_114::2,41,False,6.091021776199341,10.485265254974365,16.743411595001817
9,7,3,3,random440_expressivespeech_114::3,44,False,6.773480176925659,16.032315254211426,22.94876587204635
9,7,4,0,random440_expressivespeech_224::0,69,False,11.12605881690979,15.17251181602478,26.28030381165445
9,7,4,1,random440_expressivespeech_224::1,68,False,12.027696371078491,14.888059854507446,27.18292972818017
9,7,4,2,random440_expressivespeech_224::2,92,False,14.80154299736023,21.31598973274231,36.37693235091865
9,7,4,3,random440_expressivespeech_224::3,88,False,14.175269603729248,31.74469304084778,46.418139543384314
9,7,5,0,random440_expressivespeech_164::0,78,False,13.058462142944336,17.811748504638672,30.850199699401855
9,7,5,1,random440_expressivespeech_164::1,87,False,14.135584354400635,19.729061603546143,33.856467351317406
9,7,5,2,random440_expressivespeech_164::2,73,False,12.566190481185913,15.960735321044922,28.88069107942283
9,7,5,3,random440_expressivespeech_164::3,63,False,10.454173803329468,24.4437415599823,34.85361775755882
9,7,6,0,random440_expressivespeech_325::0,67,False,11.118703365325928,14.632350444793701,25.734340522438288
9,7,6,1,random440_expressivespeech_325::1,49,False,8.32275390625,10.773568391799927,19.086155401542783
9,7,6,2,random440_expressivespeech_325::2,52,False,7.887117624282837,12.810563802719116,20.685044026002288
9,7,6,3,random440_expressivespeech_325::3,60,False,9.2689368724823,25.032344341278076,34.276390163227916
9,7,7,0,random440_expressivespeech_221::0,59,False,8.881616830825806,14.461036443710327,23.320804946124554
9,7,7,1,random440_expressivespeech_221::1,85,False,12.881438970565796,19.58543062210083,32.45664135739207
9,7,7,2,random440_expressivespeech_221::2,67,False,10.130484580993652,16.107135772705078,26.569517344236374
9,7,7,3,random440_expressivespeech_221::3,57,False,8.755842924118042,25.363784074783325,34.089352479204535
9,7,8,0,random440_deear_001::0,60,False,9.089041948318481,14.634739398956299,23.70660775154829
9,7,8,1,random440_deear_001::1,60,False,9.123878717422485,13.223043203353882,22.577036188915372
9,7,8,2,random440_deear_001::2,65,False,10.44520378112793,14.186556100845337,24.889679173007607
9,7,8,3,random440_deear_001::3,65,False,11.318660259246826,26.219011783599854,37.77240244485438
9,7,9,0,random440_expressivespeech_106::0,36,False,5.547087907791138,7.782383918762207,13.311857778578997
9,7,9,1,random440_expressivespeech_106::1,31,False,4.559348821640015,6.756886959075928,11.305201712995768
9,7,9,2,random440_expressivespeech_106::2,33,False,6.679599046707153,7.12657618522644,13.790771575644612
9,7,9,3,random440_expressivespeech_106::3,30,False,4.666109561920166,9.068758726119995,13.717489283531904
9,7,10,0,random440_expressivespeech_044::0,30,False,5.292495250701904,6.646628379821777,11.917990304529667
9,7,10,1,random440_expressivespeech_044::1,29,False,4.230377674102783,6.256470203399658,10.474671483039856
9,7,10,2,random440_expressivespeech_044::2,25,False,3.9188311100006104,5.791284561157227,9.812503537163138
9,7,10,3,random440_expressivespeech_044::3,33,False,5.903187036514282,9.414445877075195,15.302143555134535
9,7,11,0,random440_deear_091::0,120,False,19.479273319244385,28.330293893814087,47.788937877863646
9,7,11,1,random440_deear_091::1,96,False,14.618731021881104,22.497411012649536,37.1014379542321
9,7,11,2,random440_deear_091::2,102,False,15.388942003250122,24.60186457633972,39.97918135114014
9,7,11,3,random440_deear_091::3,102,False,16.370665550231934,42.4752140045166,59.2240688316524
9,7,12,0,random440_expressivespeech_173::0,12,False,1.8262159824371338,2.6892616748809814,4.500311369076371
9,7,12,1,random440_expressivespeech_173::1,9,False,1.623546838760376,2.311577081680298,3.922538783401251
9,7,12,2,random440_expressivespeech_173::2,31,False,4.660650730133057,6.739641427993774,11.396586667746305
9,7,12,3,random440_expressivespeech_173::3,9,False,1.6169114112854004,4.7203991413116455,6.325804520398378
9,7,13,0,random440_expressivespeech_036::0,58,False,9.313923835754395,13.781135320663452,23.074903164058924
9,7,13,1,random440_expressivespeech_036::1,41,False,6.024730205535889,9.426515102386475,15.439046531915665
9,7,13,2,random440_expressivespeech_036::2,45,False,7.28521466255188,9.891356945037842,17.165781253948808
9,7,13,3,random440_expressivespeech_036::3,48,False,7.317068099975586,18.646090745925903,25.929635820910335
9,7,14,0,random440_expressivespeech_213::0,26,False,3.8381030559539795,5.649132251739502,9.471692403778434
9,7,14,1,random440_expressivespeech_213::1,17,False,2.5201289653778076,4.171831846237183,6.645268846303225
9,7,14,2,random440_expressivespeech_213::2,13,False,2.4901249408721924,2.814117193222046,5.295466355979443
9,7,14,3,random440_expressivespeech_213::3,26,False,3.854356527328491,10.305682182312012,14.142743036150932
9,7,15,0,random440_expressivespeech_177::0,46,False,7.129225730895996,11.555457353591919,18.662370728328824
9,7,15,1,random440_expressivespeech_177::1,69,False,10.423162937164307,16.249457359313965,26.84078261256218
9,7,15,2,random440_expressivespeech_177::2,50,False,7.639471054077148,10.958670377731323,18.861230604350567
9,7,15,3,random440_expressivespeech_177::3,36,False,6.7066810131073,18.291096448898315,24.97294189222157
9,7,16,0,random440_expressivespeech_091::0,91,False,14.887783765792847,20.479429483413696,35.34686927497387
9,7,16,1,random440_expressivespeech_091::1,72,False,12.161253690719604,16.032111883163452,28.643127558752894
9,7,16,2,random440_expressivespeech_091::2,189,False,30.394046545028687,46.4076566696167,76.00604042224586
9,7,16,3,random440_expressivespeech_091::3,83,False,12.996228456497192,61.92204713821411,74.88474947586656
9,7,17,0,random440_expressivespeech_257::0,86,False,13.31420087814331,20.237367391586304,33.529745722189546
9,7,17,1,random440_expressivespeech_257::1,104,False,16.03276252746582,25.093608617782593,41.12123953178525
9,7,17,2,random440_expressivespeech_257::2,79,False,12.812413692474365,17.786503314971924,31.00989566743374
9,7,17,3,random440_expressivespeech_257::3,109,False,18.297770261764526,30.151026487350464,48.431417513638735
9,7,18,0,random440_expressivespeech_318::0,207,False,33.94764494895935,50.779266357421875,83.8034409340471
9,7,18,1,random440_expressivespeech_318::1,180,False,28.57685899734497,43.51770234107971,71.83673446625471
9,7,18,2,random440_expressivespeech_318::2,157,False,25.05096960067749,37.650620460510254,62.69168080203235
9,7,18,3,random440_expressivespeech_318::3,165,False,26.234679222106934,53.56000852584839,79.79345337115228
9,7,19,0,random440_expressivespeech_250::0,371,False,67.67484879493713,93.11025714874268,158.45662098564208
9,7,19,1,random440_expressivespeech_250::1,291,False,47.16482090950012,72.17084217071533,119.38192900829017
9,7,19,2,random440_expressivespeech_250::2,336,False,54.63888907432556,83.63798117637634,138.28047418035567
9,7,19,3,random440_expressivespeech_250::3,430,False,72.8790967464447,366.8534233570099,436.7117709647864
9,7,20,0,random440_deear_067::0,7,False,1.104304552078247,1.549241065979004,2.6386083979159594
9,7,20,1,random440_deear_067::1,8,False,1.2400543689727783,1.7345836162567139,2.9647664800286293
9,7,20,2,random440_deear_067::2,8,False,1.4828155040740967,2.2418153285980225,3.715687146410346
9,7,20,3,random440_deear_067::3,10,False,1.8815624713897705,8.729557037353516,10.600095547735691
9,7,21,0,random440_expressivespeech_302::0,25,False,3.773984909057617,5.500959634780884,9.260674444958568
9,7,21,1,random440_expressivespeech_302::1,25,False,3.7373509407043457,6.828408241271973,10.572097707539797
9,7,21,2,random440_expressivespeech_302::2,22,False,3.94024920463562,4.8603527545928955,8.788248466327786
9,7,21,3,random440_expressivespeech_302::3,22,False,3.317193031311035,9.019817590713501,12.317881906405091
9,7,22,0,random440_deear_061::0,190,False,30.739861011505127,48.102903842926025,77.96516746282578
9,7,22,1,random440_deear_061::1,209,False,34.16628909111023,52.160380601882935,85.38463145121932
9,7,22,2,random440_deear_061::2,202,False,32.354334592819214,50.46201729774475,81.91762075573206
9,7,22,3,random440_deear_061::3,221,False,36.488219022750854,108.57589840888977,142.9920214097947
9,7,23,0,random440_expressivespeech_151::0,164,False,26.147992372512817,40.13108158111572,66.25944041460752
9,7,23,1,random440_expressivespeech_151::1,106,False,16.671076774597168,24.932954788208008,41.653112253174186
9,7,23,2,random440_expressivespeech_151::2,144,False,24.218467235565186,34.055840730667114,58.2957203425467
9,7,23,3,random440_expressivespeech_151::3,153,False,25.99291706085205,78.0381760597229,104.02447584457695
9,7,24,0,random440_expressivespeech_336::0,32,False,4.7805891036987305,7.068723440170288,11.83032712712884
9,7,24,1,random440_expressivespeech_336::1,37,False,7.063252210617065,9.024327278137207,16.07979764416814
9,7,24,2,random440_expressivespeech_336::2,35,False,5.245675802230835,7.68057656288147,12.917005663737655
9,7,24,3,random440_expressivespeech_336::3,26,False,4.486215829849243,17.464789152145386,21.925465552136302
