id,group_id,split,loss,main_nll,sub_nll,loss_reward,reconstruction,format,baseline,weight_0.1,weight_0.2,weight_0.3,transcript_exact_normalized,original_transcript,fixed_transcript,language,instruct
random440_expressivespeech_287::0,random440_expressivespeech_287,calibration,3.625550699234009,2.049417018890381,5.25377893447876,0.32728442932932017,0.625925925925926,0.90625,0.6539583333333334,0.6240941836736729,0.5942300340140123,0.5643658843543518,False,Go ahead. Let's go. Let's go!,"Go ahead, try. Let's go. Let's go.",English,gender: female; age: adult; accent: US English; voice timbre: bright; emotion: neutral; speaking rate: moderate; pitch: high; prosody: various intonations with some emphasis
random440_expressivespeech_287::1,random440_expressivespeech_287,calibration,3.6372798442840573,2.0594029426574707,5.259589672088623,0.31720914254115723,0.7925925925925926,0.8125,0.7945833333333334,0.7470449883281899,0.6995066433230462,0.6519682983179028,False,"Go ahead, let's go! Let's go!","Go ahead, try. Let's go. Let's go.",English,gender: female; age: adult; voice timbre: bright; speaking rate: fast; pitch: high; volume: medium
random440_expressivespeech_287::2,random440_expressivespeech_287,calibration,3.6241342544555666,2.042478084564209,5.272187232971191,0.3285122385394396,0.625925925925926,0.96875,0.6602083333333335,0.6304669645946849,0.6007255958560361,0.5709842271173875,False,"Go ahead, let's go! Let's go!","Go ahead, try. Let's go. Let's go.",English,"gender: female; age: adult; accent: US English; voice timbre: bright; emotion: happy; emotion intensity: high; speaking rate: moderate; pitch: medium; emphasis: emphasized; emphasized words: Go ahead, Let's go!; prosody: mental schematic focusing; pauses: short break between phrases"
random440_expressivespeech_287::3,random440_expressivespeech_287,calibration,3.582145547866821,2.0046448707580566,5.258335590362549,0.3659183806614911,0.6857142857142857,0.90625,0.7077678571428572,0.6757882666375776,0.6438086761322983,0.6118290856270188,False,"Go ahead, let's go.","Go ahead, try. Let's go. Let's go.",English,gender: female; age: adult; voice timbre: bright; emotion: happy; emotion intensity: low; speaking rate: moderate; prosody: confident and upbeat delivery; pauses: no notable pause
random440_expressivespeech_245::0,random440_expressivespeech_245,analysis,2.741773080825806,1.463503360748291,4.260899066925049,0.9402329090324802,0.5866666666666667,0.9375,0.62175,0.6571066242365814,0.6924632484731627,0.727819872709744,False,"We're gonna do what? If you're gonna spend Father's Day with him, don't you think it's weird you keep calling him Robert? Morning, morning, love.","Welcome to what? If you're gonna spend Father's Day with him, don't you think it's weird you keep calling him Robert? Morning, morning love.",English,gender: female; age: adult; voice timbre: bright; emotion: neutral; emotion intensity: low; speaking rate: moderate; pitch: medium; prosody: steady intonation; pauses: no identifiable pauses
random440_expressivespeech_245::2,random440_expressivespeech_245,analysis,2.73947958946228,1.4636096954345703,4.252899646759033,0.9407378351831504,0.6,0.5625,0.5962500000000001,0.6303237835183151,0.6643975670366301,0.6984713505549451,False,Is it weird to keep calling your father your husband on Father's Day?,"Welcome to what? If you're gonna spend Father's Day with him, don't you think it's weird you keep calling him Robert? Morning, morning love.",English,Speak naturally in a neutral voice.
random440_expressivespeech_304::0,random440_expressivespeech_304,calibration,2.906434941291809,1.25133216381073,5.517009258270264,0.8916790218869063,0.6,0.96875,0.6368750000000001,0.6660429021886907,0.6952108043773813,0.724378706566072,True,"So because we don't have a dog, you never get your way.","So, because we don't have a dog, you never get your way.",English,gender: female; age: adult; accent: US English; voice timbre: bright; emotion: neutral; speaking rate: moderate; pitch: low; prosody: strenuous; pauses: no distinctive pauses
random440_expressivespeech_304::2,random440_expressivespeech_304,calibration,2.909729766845703,1.2537057399749756,5.520080089569092,0.8904209224680052,0.5444444444444444,0.9375,0.58375,0.6183476478023561,0.6529452956047122,0.6875429434070682,False,"But because we don't have a dog, you never get your way.","So, because we don't have a dog, you never get your way.",English,gender: female; age: adult; accent: US English; voice timbre: bright; emotion: neutral; emotion intensity: low; speaking rate: moderate; prosody: emotional delivery with a steady pace; pauses: no significant pauses
random440_expressivespeech_178::0,random440_expressivespeech_178,analysis,2.4327524185180662,1.1933534145355225,4.1313300132751465,0.9814969699837139,0.5301587301587302,0.9375,0.5708928571428571,0.6160266811253555,0.661160505107854,0.7062943290903523,False,"Well now, I'm not, I don't give me a pen. I gotta write this down. None of this looks right.","Well, now I'm not. Give me a pen. I got to write this down. None of this looks right.",English,gender: female; age: adult; voice timbre: bright; emotion: neutral; emotion intensity: low; volume: medium; prosody: monotone; nonverbal vocalizations: sigh
random440_expressivespeech_178::1,random440_expressivespeech_178,analysis,2.4264429092407225,1.1865968704223633,4.132820129394531,0.9819423226007229,0.4444444444444445,0.875,0.48750000000000004,0.5412497878156279,0.5949995756312557,0.6487493634468836,False,fellow will not go ahead with giving me a practice pen. I have to write something down. This is what is incorrect.,"Well, now I'm not. Give me a pen. I got to write this down. None of this looks right.",English,gender: female; age: adult; voice timbre: bright; volume: medium; prosody: semantically detailed pacing; pauses: a prolonged pause at the end
random440_deear_090::0,random440_deear_090,analysis,2.632491326332092,1.282455563545227,4.500119209289551,0.9602853642299576,0.43333333333333335,0.90625,0.480625,0.5333202030896624,0.5860154061793248,0.6387106092689874,False,话说你这些年倒是有点功夫啊,话说，你这些年倒是有下功夫啊。,Chinese,gender: male; age: adult; accent: Mandarin; voice timbre: bright; emotion: neutral; speaking rate: moderate; volume: medium; prosody: moderate intonation; pauses: no distinct pause
random440_deear_090::1,random440_deear_090,analysis,2.643294024467468,1.2932671308517456,4.500089645385742,0.9586328246256108,0.5,1.0,0.55,0.5958632824625612,0.6417265649251221,0.6875898473876833,False,话说你这些年倒是有些功夫啊。,话说，你这些年倒是有下功夫啊。,Chinese,gender: male; age: adult; voice timbre: bright; emotion: other; speaking rate: moderate; pitch: medium; volume: medium; prosody: varied intonation
random440_deear_090::2,random440_deear_090,analysis,2.669147086143494,1.3263291120529175,4.476059913635254,0.95440684704965,0.5666666666666667,0.90625,0.600625,0.6393990180382985,0.6781730360765965,0.716947054114895,False,话说你这些年倒是有点功夫啊。,话说，你这些年倒是有下功夫啊。,Chinese,gender: female; age: adult; emotion intensity: high; speaking rate: slow; pitch: low; volume: medium; prosody: emphatic; pauses: no clear pause
random440_deear_090::3,random440_deear_090,analysis,2.683450770378113,1.3403702974319458,4.476934909820557,0.951895144376743,0.5666666666666667,0.96875,0.606875,0.6453978477710077,0.6839206955420153,0.722443543313023,True,话说你这些年倒是有下功夫啊,话说，你这些年倒是有下功夫啊。,Chinese,gender: female; age: adult; voice timbre: bright; emotion: neutral; emotion intensity: low; speaking rate: moderate; pitch: medium; volume: medium; prosody: predictable rythm; pauses: no pause
random440_expressivespeech_017::0,random440_expressivespeech_017,analysis,4.0911470413208,2.4122109413146973,5.596453666687012,0.07230400014632987,0.7200000000000001,0.8125,0.7292500000000002,0.6644804000146332,0.599710800029266,0.5349412000438991,False,"成文成,好了好了,这事是我不对,我不好,我小人之心,我敬你一杯,算是赔罪,原谅我行不行,来,我干了。",哎呀，程程，好了好了，这事儿是我不对啊，我不好，我小人之心，我敬你一杯，算是赔罪，原谅我行不行？嘛，来，我干了。,Chinese,gender: male; age: adult; voice timbre: bright; emotion intensity: high; speaking rate: slow; prosody: monotone intonation; pauses: significant silence at the end
random440_expressivespeech_017::2,random440_expressivespeech_017,analysis,4.105913925170898,2.4273922443389893,5.595072269439697,0.06850352058502224,0.7333333333333333,0.9375,0.7537499999999999,0.6872670187251689,0.6207840374503377,0.5543010561755067,False,"好的好的,这件事是我的错,我向你道歉。",哎呀，程程，好了好了，这事儿是我不对啊，我不好，我小人之心，我敬你一杯，算是赔罪，原谅我行不行？嘛，来，我干了。,Chinese,gender: male; age: adult; voice timbre: bright; emotion intensity: medium; speaking rate: slow; pitch: medium; prosody: flat intonation; pauses: long break before ending
random440_expressivespeech_017::3,random440_expressivespeech_017,analysis,4.109986400604248,2.431387186050415,5.595330715179443,0.06748841935510486,0.3,0.90625,0.36062500000000003,0.33737384193551045,0.31412268387102094,0.29087152580653153,False,哎呀 周班长好了好了这事使我不对我不好我小人之心我敬你一杯算是赔罪原谅我行不行来我干了,哎呀，程程，好了好了，这事儿是我不对啊，我不好，我小人之心，我敬你一杯，算是赔罪，原谅我行不行？嘛，来，我干了。,Chinese,gender: male; age: adult; voice timbre: neutral; emotion intensity: high; speaking rate: moderate; emphasis: emphasized; emphasized words: 事使我不对 我不好; prosody: smooth intonation; pauses: short silence
random440_expressivespeech_326::1,random440_expressivespeech_326,analysis,3.4962732791900635,1.8496873378753662,5.488619804382324,0.4471962055298806,0.7666666666666667,0.96875,0.7868750000000001,0.7549279538863215,0.7229809077726428,0.6910338616589643,False,"Budget for this was eighthundred, you spent eighthousand thats budget for the whole year.",Budget for this was eight hundred. You spent eight thousand. That's budget for the whole year.,English,"gender: male; age: adult; accent: US English; voice timbre: bright; emotion: neutral; speaking rate: moderate; pitch: medium; emphasis: emphasized; emphasized words: budget, eight hundred, eight thousand; prosody: intense delivery; pauses: no significant pauses"
random440_expressivespeech_326::3,random440_expressivespeech_326,analysis,3.498427700996399,1.852786898612976,5.485469341278076,0.4451022839342203,0.662962962962963,0.90625,0.6872916666666666,0.6655055987637923,0.643719530860918,0.621933462958044,False,You spent eight thousand that's budget for the whole year!,Budget for this was eight hundred. You spent eight thousand. That's budget for the whole year.,English,gender: male; age: adult; accent: US English; voice timbre: bright; emotion: neutral; speaking rate: moderate; prosody: electronically neutral tone; pauses: a brief pause at the end
random440_expressivespeech_283::1,random440_expressivespeech_283,calibration,3.02971465587616,1.3725003004074097,5.5240478515625,0.8352237112326868,0.4666666666666667,1.0,0.52,0.556855704456602,0.5937114089132041,0.630567113369806,False,It's called 'steel ink书写笔!',It's called stealing cue ball.,English,Speak naturally in a neutral voice.
random440_expressivespeech_283::2,random440_expressivespeech_283,calibration,2.9499470472335814,1.2950645685195923,5.516274929046631,0.8740068945734188,0.6,0.9375,0.63375,0.6611506894573419,0.6885513789146838,0.7159520683720257,False,It's called 'Stealing Qubo!',It's called stealing cue ball.,English,"gender: male; age: elderly; accent: US English; voice timbre: bright; emotion: angry; emotion intensity: high; speaking rate: fast; pitch: high; emphasis: emphasized; emphasized words: Stealing, Qubo; prosody: intense delivery; pauses: no паузы"
random440_expressivespeech_283::3,random440_expressivespeech_283,calibration,2.9617995023727417,1.3116508722305298,5.500495433807373,0.868783095303967,0.6666666666666666,0.9375,0.69375,0.7139616428637301,0.7341732857274601,0.7543849285911901,False,It's called Stealing cuba!,It's called stealing cue ball.,English,gender: male; age: adult; voice timbre: dark; emotion: neutral; speaking rate: moderate; volume: high; prosody: synthetic with slight echo; pauses: no audible pause
random440_expressivespeech_004::0,random440_expressivespeech_004,analysis,3.085798501968384,1.4605786800384521,5.4173994064331055,0.8025828522006657,0.6,1.0,0.64,0.6602582852200666,0.6805165704401331,0.7007748556601997,False,"Five onions and one pot, wow, okay.",Five onions in one pot. Wow. Okay.,English,voice timbre: breathy; emotion: neutral; emotion intensity: low; speaking rate: moderate; pitch: low; volume: medium; prosody: monotone; pauses: no pause
random440_expressivespeech_004::1,random440_expressivespeech_004,analysis,3.133658933639526,1.4956035614013672,5.460184574127197,0.7710529874724896,0.5,0.9375,0.54375,0.570855298747249,0.5979605974944979,0.6250658962417469,True,"Five onions in one pot.  Wow, okay.",Five onions in one pot. Wow. Okay.,English,gender: male; age: adult; accent: US English; voice timbre: bright; emotion: neutral; speaking rate: moderate; prosody: steady intonation; pauses: no distinct pauses
random440_expressivespeech_004::2,random440_expressivespeech_004,analysis,3.134827160835266,1.5075522661209106,5.424249649047852,0.770240822163775,0.7,0.96875,0.726875,0.7338990822163775,0.740923164432755,0.7479472466491326,True,"Five onions in one pot, wow, okay.",Five onions in one pot. Wow. Okay.,English,gender: female; age: adult; voice timbre: dark; emotion: neutral; speaking rate: moderate; pitch: medium; volume: medium; prosody: monotone; pauses: no notable pause
random440_expressivespeech_192::0,random440_expressivespeech_192,analysis,3.4917160511016845,2.0412373542785645,4.8349289894104,0.4516315458270434,0.42857142857142855,0.9375,0.4794642857142857,0.48177029743984723,0.48407630916540867,0.4863823208909702,False,"Well, boy, what's wrong?",不，我不要。,Chinese,gender: female; age: child; voice timbre: bright; emotion: angry; emotion intensity: high; speaking rate: slow; pitch: high; prosody: monotonous
random440_expressivespeech_192::3,random440_expressivespeech_192,analysis,3.4967582702636717,2.0443739891052246,4.841280937194824,0.4467246678170172,0.32142857142857145,0.65625,0.3549107142857143,0.3674403239245589,0.3799699335634034,0.39249954320224806,False,What boy is it?,不，我不要。,Chinese,gender: male; age: child; voice timbre: bright
random440_deear_093::2,random440_deear_093,analysis,2.878250694274902,1.34257173538208,5.118929862976074,0.9019308117862934,0.43333333333333335,0.5625,0.44625000000000004,0.49310974784529604,0.539969495690592,0.5868292435358881,False,"No, because in the last quarterly earnings report the person I was referring to was the one who conducted it. Do you remember that?","No, because the last quarterly earnings report, I was the one who ran it. Do you remember that?",English,Speak naturally in a neutral voice.
random440_deear_093::3,random440_deear_093,analysis,2.8422356128692625,1.3068838119506836,5.117839336395264,0.9137670109115901,0.7333333333333333,1.0,0.7599999999999999,0.7780433677578257,0.7960867355156513,0.814130103273477,True,"No, because the last quarterly earnings report, I was the one who ran it. Do you remember that?","No, because the last quarterly earnings report, I was the one who ran it. Do you remember that?",English,gender: female; age: adult; accent: US English; voice timbre: bright; emotion: neutral; emotion intensity: low; speaking rate: moderate; pitch: low; volume: medium; prosody: soft and composed; pauses: brief pause
random440_expressivespeech_079::2,random440_expressivespeech_079,analysis,3.460467672348022,1.8026258945465088,5.526139259338379,0.4822146598766619,0.43333333333333335,0.90625,0.480625,0.4855131326543329,0.49040126530866573,0.49528939796299865,False,"are you going to go to church next week? we'll see. i know well we'll see means if you're done with church, just say it.","Are you gonna go to church next week? We'll see. I know what ""we'll see"" means. If you're done with church, just say it.",English,gender: female; age: adult; voice timbre: neutral; emotion: neutral; emotion intensity: low; speaking rate: moderate; prosody: monotonic; pauses: extended pause
random440_expressivespeech_079::3,random440_expressivespeech_079,analysis,3.439546203613281,1.780735969543457,5.529367446899414,0.5027797449952891,0.5,1.0,0.55,0.550277974499529,0.5505559489990578,0.5508339234985867,False,are you going to vote in the turn next week i know i will say means if you're done with churches,"Are you gonna go to church next week? We'll see. I know what ""we'll see"" means. If you're done with church, just say it.",English,gender: female; age: adult; accent: US English; voice timbre: bright; emotion: neutral; emotion intensity: low; speaking rate: moderate; pitch: medium; volume: medium; prosody: steady intonation; pauses: a brief pause at the end
random440_expressivespeech_122::0,random440_expressivespeech_122,analysis,3.4434049129486084,1.7479512691497803,5.651512145996094,0.4989854064756133,0.7266666666666667,0.9375,0.74775,0.7249818739808946,0.7022137479617893,0.6794456219426841,False,There's only one solution to this. Put your stuff away.,There's a very simple solution to this. Put your stuff away.,English,gender: female; age: adult; accent: US English; voice timbre: breathy; emotion: neutral; emotion intensity: low; speaking rate: slow; pitch: low; volume: low; emphasis: emphasized; prosody: slightly rising pitch variation with slow rhythm; pauses: short pause in the middle of the sentence
random440_expressivespeech_122::2,random440_expressivespeech_122,analysis,3.3873818635940554,1.6941779851913452,5.644012928009033,0.5538644781098442,0.7666666666666667,0.875,0.7775000000000001,0.7562197811443179,0.7349395622886356,0.7136593434329533,True,There's a very simple solution to this: put your stuff away.,There's a very simple solution to this. Put your stuff away.,English,gender: female; age: adult; emotion: neutral; emotion intensity: low; speaking rate: moderate; prosody: consistent pitch variation; pauses: short breaks for pauses
random440_expressivespeech_122::3,random440_expressivespeech_122,analysis,3.4146013975143434,1.7193204164505005,5.650936603546143,0.5272815237652002,0.4666666666666667,0.96875,0.5168750000000001,0.5229364857098534,0.5289979714197067,0.5350594571295602,True,There's a very simple solution to this. Put your stuff away.,There's a very simple solution to this. Put your stuff away.,English,gender: female; age: adult; accent: US English; voice timbre: bright; emotion: neutral; emotion intensity: low; speaking rate: slow; pitch: high; prosody: very monotone; pauses: a brief pause between phrases
random440_expressivespeech_183::0,random440_expressivespeech_183,calibration,3.647438097000122,2.1043636798858643,5.143581390380859,0.3086191626153064,0.4,1.0,0.4600000000000001,0.4508619162615307,0.44172383252306124,0.432585748784592,False,"He's reminiscing about his elementary school and acknowledging his success, now in the present. He sounds proud and a bit humorously constrained.","Yeah, and he's like trying to look professional because he's like, oh, look how successful I've been in my life. Going back to my elementary school to like reminisce, and now he looks like he's got like pee that he's brought into the classrooms and stuff with him.",English,"voice timbre: neutral; emotion: happy; emotion intensity: medium; speaking rate: slow; pitch: medium; volume: medium; emphasis: emphasized; emphasized words: elementary school, success; prosody: charmic; pauses: brief pause in the middle; nonverbal vocalizations: laughter, sniff"
random440_expressivespeech_183::2,random440_expressivespeech_183,calibration,3.643451976776123,2.099944829940796,5.145023822784424,0.3119745620894922,0.5,0.9375,0.54375,0.5249474562089492,0.5061449124178985,0.4873423686268477,False,"A person reflecting on their life changes and mentioning their elementary school as a point of reference. They contrast their current appearance with a past memory. Since being a student, they look different and have brought a device into the classroom.","Yeah, and he's like trying to look professional because he's like, oh, look how successful I've been in my life. Going back to my elementary school to like reminisce, and now he looks like he's got like pee that he's brought into the classrooms and stuff with him.",English,gender: female; age: adult; voice timbre: bright; emotion: neutral; speaking rate: moderate; volume: medium; prosody: monotone
random440_deear_086::2,random440_deear_086,analysis,2.395351028442383,1.4146718978881836,3.268930435180664,0.9839876876254163,0.711111111111111,0.875,0.7274999999999999,0.7547876576514305,0.782075315302861,0.8093629729542916,True,The um... what's that?,"The um, what's that?",English,gender: male; age: adult; accent: US English; emotion intensity: high; speaking rate: slow; pitch: high; emphasis: heavily emphasized; emphasized words: it's not clear what this refers to.; prosody: very monotone with inconsistent rhythm; pauses: a prolonged silence between speech segments
random440_deear_086::3,random440_deear_086,analysis,2.4222967863082885,1.4380908012390137,3.280686616897583,0.9822292274836698,0.5266666666666667,0.96875,0.5708750000000001,0.6164312560817005,0.6619875121634007,0.707543768245101,False,"Hey you, what's that?","The um, what's that?",English,gender: male; age: adult; accent: US English; voice timbre: bright; emotion: neutral; emotion intensity: low; speaking rate: moderate; volume: medium; prosody: neutral; pauses: no significant pauses
random440_deear_044::0,random440_deear_044,analysis,1.6121224403381347,0.7122243642807007,2.9996602535247803,0.99925317385604,0.6,1.0,0.64,0.679925317385604,0.719850634771208,0.759775952156812,True,dogs are sitting by the door,Dogs are sitting by the door.,English,speaking rate: moderate; pauses: no notable pause
random440_deear_044::1,random440_deear_044,analysis,1.6313028454780578,0.7314309477806091,2.999572992324829,0.9991946988960075,0.5333333333333333,0.9375,0.57375,0.6203361365562674,0.6669222731125348,0.7135084096688022,True,Dogs are sitting by the door.,Dogs are sitting by the door.,English,gender: male; age: adult; voice timbre: bright; emotion: neutral; emotion intensity: low; speaking rate: moderate; pitch: medium; prosody: neutral intonation; pauses: no pause
random440_deear_044::3,random440_deear_044,analysis,1.6173979520797728,0.7181127071380615,2.997617483139038,0.9992375271141721,0.8666666666666667,0.9375,0.87375,0.8870070860447505,0.9002641720895012,0.9135212581342518,True,Dogs are sitting by the door.,Dogs are sitting by the door.,English,gender: male; age: adult; accent: US English; voice timbre: bright; emotion: neutral; speaking rate: moderate; prosody: neutral intonation; pauses: no audible pause
random440_expressivespeech_158::0,random440_expressivespeech_158,analysis,4.634485149383545,2.876436471939087,5.860162258148193,0.009112641684173417,0.26666666666666666,0.90625,0.330625,0.3048695975017507,0.2791141950035013,0.25335879250525206,False,外甥 Billy 你怎么这样,没你想的那么严重。,Chinese,gender: male; accent: Mandarin; voice timbre: bright; emotion: disgusted; emotion intensity: low; speaking rate: slow; pitch: high; prosody: monotonous; pauses: short
random440_expressivespeech_158::1,random440_expressivespeech_158,analysis,5.020194673538208,3.23651123046875,5.945611476898193,0.0020131272453503303,0.3333333333333333,1.0,0.4,0.36686797939120175,0.33373595878240336,0.3006039381736051,False,别把你小了那边也弄脏了。,没你想的那么严重。,Chinese,gender: female; age: adult; voice timbre: breathy; emotion: sad; emotion intensity: medium; speaking rate: slow; pitch: medium; volume: medium; emphasis: emphasized; emphasized words: 别把你小了那边也弄脏了。; prosody: slightly monotone; pauses: moderate
random440_expressivespeech_158::3,random440_expressivespeech_158,analysis,4.650159740447998,2.8834757804870605,5.888946533203125,0.008572459883085385,0.3333333333333333,0.9375,0.39375,0.3612739126549752,0.3287978253099504,0.2963217379649256,False,你大喊着那么严重。,没你想的那么严重。,Chinese,gender: male; age: adult; voice timbre: breathy; emotion: angry; emotion intensity: high; speaking rate: slow; pitch: high; volume: high; emphasis: emphasized; emphasized words: 大喊着; prosody: monotone; pauses: no pause at the end
random440_expressivespeech_271::0,random440_expressivespeech_271,analysis,2.7799747705459597,1.1511811017990112,5.429312229156494,0.931209177878821,0.6666666666666666,0.9375,0.69375,0.7202042511212154,0.7466585022424308,0.7731127533636464,False,How was that fair?,"Well, how was that fair?",English,gender: male; age: adult; accent: US English; emotion: neutral; emotion intensity: low; speaking rate: moderate; pitch: high; volume: medium; emphasis: emphasized; emphasized words: 하여줄ANCEL그개며늘_translated; prosody: stated inevitably; pauses: brief pause after 'fair'
random440_expressivespeech_271::2,random440_expressivespeech_271,analysis,2.7978442907333374,1.165627121925354,5.440723896026611,0.9265679812022294,0.8333333333333334,0.9375,0.84375,0.8530734647868897,0.8623969295737792,0.8717203943606688,False,How was that fair?,"Well, how was that fair?",English,gender: male; accent: US English; voice timbre: neutral; emotion: neutral; emotion intensity: low; speaking rate: moderate; volume: medium; prosody: neutral tone; pauses: no notable pauses
random440_expressivespeech_225::3,random440_expressivespeech_225,analysis,3.5862471818923947,1.926791787147522,5.53151798248291,0.3621833350273011,0.5555555555555556,0.96875,0.596875,0.5775377779471746,0.5582005558943491,0.5388633338415237,False,All but one about Mercutio in 'Twelfth Night'. Autumn is the Duke,"Oh, but what about Mercutio in Twelfth Night? Oh, boy! As the Duke.",English,gender: female; age: adult; accent: US English; voice timbre: bright; emotion: happy; emotion intensity: high; speaking rate: moderate; pitch: high; prosody: isospectral delivery; pauses: no significant pauses; nonverbal vocalizations: laughter
random440_expressivespeech_176::0,random440_expressivespeech_176,calibration,2.6834407567977907,1.1684685945510864,5.049907207489014,0.9518969478807882,0.5769230769230769,0.96875,0.6161057692307692,0.6536031563265403,0.6911005434223114,0.7285979305180827,True,"Don't sweat it Deej, hey I didn't get into any of my top college picks and look at me, I live in your attic.","Don't sweat it, Deej. Hey, I didn't get into any of my top college picks, and look at me—I live in your attic.",English,gender: female; age: adult; accent: US English; voice timbre: bright; emotion: neutral; speaking rate: slow; pitch: medium; volume: medium; prosody: languid and monotonic; pauses: 擴張的停頓之後上聲音的放鬆
random440_expressivespeech_176::1,random440_expressivespeech_176,calibration,2.6675491333007812,1.1487607955932617,5.062627792358398,0.9546795655144295,0.3333333333333333,0.9375,0.39375,0.45588462321810963,0.5180192464362192,0.5801538696543289,False,"Don't sweat it, Deege. Hey, I didn't get into any of my top college picks and look at me, I live in your attic.","Don't sweat it, Deej. Hey, I didn't get into any of my top college picks, and look at me—I live in your attic.",English,gender: male; age: adult; accent: US English; emotion: neutral; emotion intensity: low; speaking rate: slow; pitch: low; volume: medium; prosody: slightly monotone; pauses: very brief silence
random440_expressivespeech_176::2,random440_expressivespeech_176,calibration,2.7113245248794557,1.19688880443573,5.048119068145752,0.9466186979808133,0.36666666666666664,0.90625,0.42062499999999997,0.4786202031314147,0.5366154062628293,0.594610609394244,True,"Don't sweat it, Deej. Hey, I didn't get into any of my top college picks and look at me, I live in your attic.","Don't sweat it, Deej. Hey, I didn't get into any of my top college picks, and look at me—I live in your attic.",English,gender: female; age: adult; voice timbre: neutral; emotion: sad; emotion intensity: medium; speaking rate: slow; volume: medium; prosody: 一样的音调; pauses: a prolonged pause between phrases; nonverbal vocalizations: sigh
random440_deear_070::1,random440_deear_070,analysis,3.079204249382019,1.6384607553482056,4.802478313446045,0.8066602070154496,0.7,0.5625,0.68625,0.6969160207015449,0.7075820414030899,0.7182480621046349,True,"请将会议记录整理成文档,并在明天上午发送给所有参会人员。",请将会议记录整理成文档，并在明天上午发送给所有参会人员。,Chinese,Speak naturally in a neutral voice.
random440_deear_070::2,random440_deear_070,analysis,3.079204249382019,1.6384607553482056,4.802478313446045,0.8066602070154496,0.7,0.5625,0.68625,0.6969160207015449,0.7075820414030899,0.7182480621046349,True,"请将会议记录整理成文档,并在明天上午发送给所有参会人员。",请将会议记录整理成文档，并在明天上午发送给所有参会人员。,Chinese,Speak naturally in a neutral voice.
random440_deear_070::3,random440_deear_070,analysis,3.113444757461548,1.6676936149597168,4.8191704750061035,0.7847854604222815,0.5,0.96875,0.546875,0.5753535460422282,0.6038320920844563,0.6323106381266845,True,"请将会议记录整理成文档,并在明天上午发送给所有参会人员。",请将会议记录整理成文档，并在明天上午发送给所有参会人员。,Chinese,"gender: male; age: adult; voice timbre: neutral; emotion: neutral; emotion intensity: low; speaking rate: moderate; pitch: high; volume: medium; emphasis: emphasized; emphasized words: 请将会议记录整理成文档, 明天上午发送给所有参会人员; prosody: monotone; pauses: a brief pause between mentions"
random440_expressivespeech_154::0,random440_expressivespeech_154,analysis,4.031715965270996,2.3303208351135254,5.671317100524902,0.08963790171332509,0.6266666666666667,0.96875,0.6608750000000001,0.607172123504666,0.5534692470093316,0.4997663705139976,False,你别这么看着我啊姐我错了还不行吗姐不是你想想我是因为喜欢他才这么说的哪个女人不也做男人的就是主呀,你你别这么看着我啊，姐，我错了还不行吗？姐，你想想，我是因为喜欢他才这么说的，哪个女人不愿意做男人的救世主啊？,Chinese,"gender: male; age: adult; accent: Bermudian English; emotion: sad; emotion intensity: low; speaking rate: moderate; pitch: low; volume: medium; emphasis: emphasized; emphasized words: 别这么看着我, 我错了, 我是因为喜欢他才这么说的, 哪个女人不也做男人的就是主呀; prosody: very monotone; pauses: no clear pause; nonverbal vocalizations: crying"
random440_expressivespeech_154::1,random440_expressivespeech_154,analysis,4.015073585510254,2.3142666816711426,5.669356346130371,0.09512502875051106,0.3333333333333333,0.78125,0.378125,0.3543041695417178,0.3304833390834355,0.3066625086251533,False,"这段话是中文,说话者在向姐姐解释错误并求原谅,语气温和却带有委屈。",你你别这么看着我啊，姐，我错了还不行吗？姐，你想想，我是因为喜欢他才这么说的，哪个女人不愿意做男人的救世主啊？,Chinese,gender: male; age: adult; speaking rate: moderate; prosody: slightly unnatural; pauses: slight silence in middle
random440_expressivespeech_154::2,random440_expressivespeech_154,analysis,4.05630316734314,2.355020761489868,5.670941352844238,0.08205308749542524,0.3333333333333333,0.90625,0.390625,0.3654969754162092,0.34036895083241836,0.3152409262486276,False,"I'm sorry, I don't want to talk about this.",你你别这么看着我啊，姐，我错了还不行吗？姐，你想想，我是因为喜欢他才这么说的，哪个女人不愿意做男人的救世主啊？,Chinese,gender: male; age: adult; voice timbre: dark; emotion: sad; emotion intensity: low; speaking rate: slow; pitch: low; prosody: monotone; pauses: short pause between words
random440_expressivespeech_154::3,random440_expressivespeech_154,analysis,4.030321073532105,2.3282179832458496,5.67367696762085,0.09008662809058277,0.4543859649122807,0.5625,0.4651973684210527,0.4287674347388829,0.39233750105671306,0.3559075673745434,False,这都21世纪了还这么讲究?女人挣钱不?谁家男人的膝下?,你你别这么看着我啊，姐，我错了还不行吗？姐，你想想，我是因为喜欢他才这么说的，哪个女人不愿意做男人的救世主啊？,Chinese,Speak naturally in a neutral voice.
random440_expressivespeech_249::2,random440_expressivespeech_249,analysis,3.6195659160614015,2.184384822845459,4.783936977386475,0.3324881247055162,0.7782608695652175,1.0,0.8004347826086957,0.7558575081227257,0.7112802336367554,0.6667029591507854,False,because I have great ideas because my fingers are on the pulse at the end of every day when I do the morning announcements oh no that's it I'll use the morning announcements to reintroduce myself to the school then how could they not vote for me.,"Because, I have great ideas. Because my finger's on the pulse, and because they have to. Every day when I do the morning announcements. Oh no, that's it. I'll use the morning announcements to reintroduce myself to the school. Then how can they not vote for me?",English,gender: female; age: adult; accent: US English; voice timbre: bright; emotion: neutral; emotion intensity: low; speaking rate: moderate; pitch: medium; volume: medium; prosody: steady intonation; pauses: no pause
random440_expressivespeech_249::3,random440_expressivespeech_249,analysis,3.6027878761291503,2.166411876678467,4.787919998168945,0.347292911525183,0.7454545454545455,0.84375,0.7552840909090909,0.7154679275161547,0.6756517641232184,0.6358356007302822,False,because I have great ideas because my fingers on the pulse unfortunately I have to every day when I do the morning announcements. oh no that's it I'll use the morning announcements to reintroduce myself to the school then how could they not vote for me.,"Because, I have great ideas. Because my finger's on the pulse, and because they have to. Every day when I do the morning announcements. Oh no, that's it. I'll use the morning announcements to reintroduce myself to the school. Then how can they not vote for me?",English,gender: female; age: adult; accent: US English; voice timbre: bright; emotion: happy; speaking rate: fast; prosody: varied intonation; pauses: consistent
random440_deear_072::0,random440_deear_072,analysis,2.4637017965316774,1.3357148170471191,3.7599565982818604,0.979151637897719,0.5333333333333333,0.96875,0.576875,0.6214568304564386,0.6660386609128771,0.7106204913693157,False,Dolls are sitting by the door.,Daz is sitting by the door.,English,gender: female; age: adult; accent: US English; voice timbre: bright; emotion: happy; emotion intensity: medium; speaking rate: moderate; pitch: low; volume: medium; prosody: monic intonation; pauses: no noticeable pause
random440_deear_072::1,random440_deear_072,analysis,2.4496925592422487,1.3219072818756104,3.759284257888794,0.9802472809421685,0.5,0.96875,0.546875,0.5948997280942169,0.6429244561884337,0.6909491842826506,False,Dogs are sitting by the door.,Daz is sitting by the door.,English,gender: female; age: adult; accent: US English; voice timbre: bright; emotion: happy; emotion intensity: low; speaking rate: moderate; pitch: medium; prosody: moderate pace
random440_expressivespeech_050::1,random440_expressivespeech_050,analysis,3.280578088760376,1.718726634979248,5.20617151260376,0.6539367125823352,0.4,0.875,0.44750000000000006,0.4728936712582336,0.498287342516467,0.5236810137747007,False,"This is a short clip of a man speaking into a microphone in a studio setting, discussing something unstable and not wanting to communicate it to others.","Being stood up was bad enough, so I didn't want to tell anybody. Hey, listen, you ever hear of Houdini?",English,gender: male; age: adult; accent: US English; voice timbre: bright; emotion: neutral; emotion intensity: low; speaking rate: moderate; prosody: consistent anthropomorphic pattern; pauses: short breaks between phrases
random440_expressivespeech_050::2,random440_expressivespeech_050,analysis,3.265984845161438,1.7040997743606567,5.2062835693359375,0.6668091802920104,0.4666666666666667,0.9375,0.51375,0.5337642513625345,0.5537785027250688,0.5737927540876031,False,Emm stood up was bad enough so I didn’t want to tell anybody. Hey,"Being stood up was bad enough, so I didn't want to tell anybody. Hey, listen, you ever hear of Houdini?",English,gender: male; age: adult; voice timbre: dark; emotion: neutral; emotion intensity: low; speaking rate: moderate; pitch: low; prosody: .apache .welch; pauses: no notable pauses
random440_expressivespeech_050::3,random440_expressivespeech_050,analysis,3.265298080444336,1.703752040863037,5.205153465270996,0.6674090599008398,0.4,0.9375,0.45375000000000004,0.48049090599008404,0.507231811980168,0.533972717970252,False,This isn't about reliability. It's about whether you'll maintain my trust.,"Being stood up was bad enough, so I didn't want to tell anybody. Hey, listen, you ever hear of Houdini?",English,"gender: male; age: adult; voice timbre: neutral; emotion: fearful; emotion intensity: high; speaking rate: slow; pitch: low; emphasis: emphasized; emphasized words: unreliable, not maintain my trust; prosody: fluctuating intonation; pauses: no noticeable pause"
random440_expressivespeech_046::1,random440_expressivespeech_046,calibration,3.3030018568038937,1.7210994958877563,5.273007869720459,0.6337154220716368,0.2,1.0,0.28,0.3233715422071637,0.36674308441432735,0.410114626621491,False,是啊,是啊，那这么这么处理，你觉得行吗？行哈，进屋。行，进屋，咱们做个笔录，好不好？,Chinese,gender: female; age: adult; voice timbre: breathy; emotion: happy; emotion intensity: high; speaking rate: moderate; pitch: low; volume: low; emphasis: emphasized; emphasized words: 是啊; prosody: flat; pauses: no pause
random440_expressivespeech_046::2,random440_expressivespeech_046,calibration,3.323652410507202,1.742912769317627,5.269132137298584,0.6146650512991544,0.3,0.96875,0.366875,0.39834150512991545,0.4298080102598309,0.46127451538974634,False,"是在这么处理你觉得行吗?  走吧,屋里坐下歇着。",是啊，那这么这么处理，你觉得行吗？行哈，进屋。行，进屋，咱们做个笔录，好不好？,Chinese,gender: female; age: adult; voice timbre: bright; emotion: neutral; emotion intensity: low; speaking rate: moderate; volume: medium; prosody: reasonable pitch variation; pauses: SEM隔离区域的短暂声波
random440_expressivespeech_046::3,random440_expressivespeech_046,calibration,3.338462448120117,1.7537806034088135,5.282272815704346,0.6007790399479453,0.2,0.96875,0.27687500000000004,0.3169529039947946,0.357030807989589,0.39710871198438363,False,"是啊,那这么处理你觉得行吗?行儿啊,进屋,进屋咱们做个笔录吧",是啊，那这么这么处理，你觉得行吗？行哈，进屋。行，进屋，咱们做个笔录，好不好？,Chinese,gender: male; age: adult; voice timbre: neutral; emotion: neutral; speaking rate: slow; pitch: medium; volume: medium; prosody: monotone; pauses: a short silence after the word 那
random440_expressivespeech_011::2,random440_expressivespeech_011,calibration,3.85142822265625,2.3858752250671387,4.885176658630371,0.1667361362466926,0.6333333333333333,0.96875,0.666875,0.620215280291336,0.5735555605826719,0.5268958408740079,False,有什么事吗?,喂，什么事儿？,Chinese,gender: male; age: adult; voice timbre: neutral; emotion: neutral; speaking rate: moderate; volume: medium; prosody: neutral intonation; pauses: no pauses
random440_expressivespeech_011::3,random440_expressivespeech_011,calibration,3.8605093002319335,2.3930060863494873,4.891677379608154,0.16183245444189406,0.5333333333333333,0.96875,0.576875,0.5397249121108562,0.5025748242217122,0.46542473633256826,False,"Hey, something up?",喂，什么事儿？,Chinese,gender: male; age: adult; voice timbre: breathy; emotion: neutral; speaking rate: moderate; pitch: high; volume: medium; prosody: monotone delivery
random440_expressivespeech_175::3,random440_expressivespeech_175,analysis,3.777917766571045,2.138986349105835,5.463104724884033,0.21085175413935794,0.5,0.96875,0.546875,0.5179601754139358,0.48904535082787154,0.46013052624180745,False,"这个新时代的经济发展必然需要这样的年轻人,我们都老了。",这个新时代的科技发展啊，对，就需要这样的年轻人。我们啊，都老了。,Chinese,gender: male; age: elderly; accent: Mandarin; voice timbre: bright; emotion: neutral; emotion intensity: low; speaking rate: slow; pitch: low; volume: medium; emphasis: emphasized; emphasized words: 新时代的经济发展必然需要这样的年轻人; prosody: monotonic; pauses: a prolonged pause at the end
random440_expressivespeech_160::0,random440_expressivespeech_160,analysis,2.7284377813339233,1.2968870401382446,4.771835803985596,0.9431132652935624,0.4666666666666667,1.0,0.52,0.5676446598626896,0.6152893197253791,0.6629339795880688,False,"Ooh, it's quite like I've never been there.","Ooh, what Zion like? I've never been.",English,"gender: female; age: adult; accent: US English; voice timbre: breathy; emotion: happy; emotion intensity: low; speaking rate: moderate; pitch: low; volume: medium; emphasis: emphasized; emphasized words: Ooh, it's, quite like, I've, never been; prosody: fluctuating intonation with minor emphasis variations; pauses: short sustain at the end"
random440_expressivespeech_202::1,random440_expressivespeech_202,analysis,2.905489945411682,1.2780333757400513,5.4248552322387695,0.8920375111612349,0.7444444444444444,0.9375,0.7637499999999999,0.7785093066716791,0.793268613343358,0.8080279200150371,True,"我在想,嗯...有了你这个大金主以后,我是不是送货都得开兰博基尼呀?",我在想，嗯，有了你这个大金主以后，我是不是送货都得开兰博基尼呀？,Chinese,gender: female; age: adult; voice timbre: neutral; emotion: neutral; speaking rate: moderate; pitch: medium; volume: medium; emphasis: emphasized; emphasized words: 兰博基尼; prosody: slightly monotone with intentional intensity; pauses: Auspicious pause following prolonged use of情感tered tone
random440_expressivespeech_202::3,random440_expressivespeech_202,analysis,2.904910159111023,1.2776950597763062,5.424050331115723,0.8922569396967346,0.43333333333333335,0.96875,0.486875,0.5327673606363401,0.5786597212726803,0.6245520819090205,False,我在想嗯有了你这个大金主以后我是不是送货都得开兰博基尼啊,我在想，嗯，有了你这个大金主以后，我是不是送货都得开兰博基尼呀？,Chinese,gender: female; age: adult; voice timbre: neutral; emotion: neutral; emotion intensity: low; speaking rate: moderate; pitch: medium; prosody: monotone intonation; pauses: no evident pauses
random440_expressivespeech_314::0,random440_expressivespeech_314,calibration,3.308455157279968,1.6249953508377075,5.611532688140869,0.6287224345757562,0.6,0.90625,0.630625,0.6334972434575756,0.6363694869151513,0.6392417303727269,False,why make such a horrifying scene? I don't see any point at all.,为什么要拍这么恐怖的剧啊？我觉得完全没有必要啊。,Chinese,gender: female; age: adult; accent: Jiang-Huai Mandarin; voice timbre: bright; emotion intensity: high; speaking rate: moderate; prosody: monotone delivery; pauses: no significant pauses
random440_expressivespeech_314::1,random440_expressivespeech_314,calibration,3.295412611961365,1.6120156049728394,5.611323356628418,0.6406163382313353,0.7047619047619047,1.0,0.7342857142857142,0.7278711576326573,0.7214566009796003,0.7150420443265434,True,为什么要拍这么恐怖的剧啊我觉得完全没有必要啊,为什么要拍这么恐怖的剧啊？我觉得完全没有必要啊。,Chinese,gender: female; age: teenager; voice timbre: breathy; emotion: sad; emotion intensity: high; speaking rate: fast; pitch: high; volume: medium; emphasis: emphasized; emphasized words: 为什么要拍这么恐怖的剧啊; prosody: slightly flirty without sustain; pauses: recently; nonverbal vocalizations: cough
random440_expressivespeech_238::1,random440_expressivespeech_238,analysis,4.507225179672242,2.873910665512085,5.4443817138671875,0.014944036116703174,0.4166666666666667,0.5625,0.43125,0.3910777369450037,0.35090547389000737,0.31073321083501104,False,宾馆好大的噪音尺寸就不好,好大呀，挺好的。,Chinese,Speak naturally in a neutral voice.
random440_expressivespeech_238::2,random440_expressivespeech_238,analysis,4.539929723739624,2.903395414352417,5.455114364624023,0.013163934859466042,0.4166666666666667,1.0,0.475,0.43464972681927994,0.3942994536385599,0.35394918045783985,False,好大的房子里传来了一阵嘈杂声。,好大呀，挺好的。,Chinese,gender: female; age: adult; voice timbre: bright; speaking rate: moderate; pitch: low; volume: medium; prosody: neutral tone
random440_expressivespeech_179::0,random440_expressivespeech_179,analysis,4.0057244300842285,2.498089075088501,5.025451183319092,0.09833778758812553,0.38181818181818183,1.0,0.4436363636363637,0.41528832421335804,0.38694028479035236,0.3585922453673468,True,就那么容易认输,就那么容易认输？,Chinese,gender: female; age: adult; voice timbre: bright; emotion: sad; emotion intensity: medium; speaking rate: slow; pitch: low; volume: medium; prosody: sad tone with subdued intensity; pauses: brief pauses between words
random440_expressivespeech_179::1,random440_expressivespeech_179,analysis,3.952506923675537,2.432246446609497,5.067534923553467,0.11852100148487515,0.3222222222222222,0.9375,0.38375,0.3633798779262653,0.3430097558525306,0.3226396337787959,True,就那么容易认输,就那么容易认输？,Chinese,gender: male; age: adult; voice timbre: bright; emotion: neutral; pitch: high; prosody: rigorous intonation; pauses: no physiological pauses
random440_expressivespeech_179::2,random440_expressivespeech_179,analysis,3.9926562309265137,2.470999002456665,5.072190761566162,0.10299043482259858,0.4948717948717949,1.0,0.5453846153846155,0.5061964793796958,0.46700834337477615,0.4278202073698565,True,就那么容易认输,就那么容易认输？,Chinese,gender: male; age: adult; voice timbre: bright; emotion: neutral; emotion intensity: low; speaking rate: moderate; pitch: medium; volume: medium; prosody: 廊坊口音; pauses: no pause
random440_deear_054::0,random440_deear_054,analysis,3.776690435409546,2.079375982284546,5.65771484375,0.21165613328549146,0.46,0.9375,0.50775,0.4829156133285492,0.4580812266570983,0.4332468399856475,True,什么 还有拉拉队,什么？还有拉拉队？,Chinese,gender: male; age: elderly; voice timbre: dark; emotion: angry; emotion intensity: high; speaking rate: moderate; pitch: low; emphasis: emphasized; emphasized words: 什么 还有拉拉队; prosody: sharp and urgent; pauses: no significant pauses; nonverbal vocalizations: sniff
random440_deear_054::2,random440_deear_054,analysis,3.6792412042617797,1.9815744161605835,5.658889293670654,0.2825852104786655,0.41111111111111115,1.0,0.4700000000000001,0.4571474099367555,0.44429481987351094,0.43144222981026636,True,什么 还有拉拉队,什么？还有拉拉队？,Chinese,gender: male; age: elderly; accent: Ji-Lu Mandarin; voice timbre: breathy; emotion: neutral; emotion intensity: low; speaking rate: slow; pitch: low; volume: low; prosody: slow and monotone; pauses: a medium pause between words; nonverbal vocalizations: sigh
random440_deear_054::3,random440_deear_054,analysis,3.7731080055236816,2.076204538345337,5.656344890594482,0.21401684308006944,0.611111111111111,0.90625,0.640625,0.6009155731968958,0.5612061463937916,0.5214967195906876,False,什么?还有啦啦队?,什么？还有拉拉队？,Chinese,gender: male; age: adult; accent: Jiang-Huai Mandarin; voice timbre: nasal; speaking rate: fast; pitch: high; emphasis: emphasized; emphasized words: 什么 明天要去哪儿 快说; prosody: fluctuating pitch; pauses: no pause
random440_deear_037::0,random440_deear_037,analysis,2.272079873085022,0.7491449117660522,5.076449871063232,0.9900788748888593,0.4575757575757576,1.0,0.5118181818181818,0.5650684935494921,0.6183188052808022,0.6715691170121124,True,"Surely, it must be, because we're in danger of loving each other too well, of losing sight of the Creator in idolatry of the creature.","Surely it must be because we're in danger of loving each other too well, of losing sight of the Creator in idolatry of the creature.",English,gender: male; age: adult; voice timbre: neutral; emotion: neutral; emotion intensity: low; speaking rate: moderate; pitch: medium; volume: medium; prosody: even intonation; pauses: a clear break between sentences
random440_deear_037::1,random440_deear_037,analysis,2.245387017726898,0.7302936911582947,5.050311088562012,0.9910588471097689,0.7688888888888888,0.6875,0.7607499999999999,0.7829669958220881,0.805183991644176,0.827400987466264,True,Surely it must be because we're in danger of loving each other too well of losing sight of the Creator in idolatry of the creature.,"Surely it must be because we're in danger of loving each other too well, of losing sight of the Creator in idolatry of the creature.",English,gender: female; age: adult; accent: US English; voice timbre: neutral
random440_deear_037::2,random440_deear_037,analysis,2.2510127425193787,0.7361418604850769,5.049569606781006,0.9908606232916859,0.5909090909090909,0.65625,0.5974431818181819,0.6374383350564414,0.6774334882947008,0.7174286415329605,True,"Surely, it must be because we're in danger of loving each other too well, of losing sight of the Creator in idolatry of the creature.","Surely it must be because we're in danger of loving each other too well, of losing sight of the Creator in idolatry of the creature.",English,gender: female; age: adult; voice timbre: nasal
random440_deear_037::3,random440_deear_037,analysis,2.275279474258423,0.751727819442749,5.078505516052246,0.9899544907207223,0.6151515151515151,0.90625,0.6442613636363637,0.6817416611932843,0.7192219587502051,0.7567022563071257,False,Surely it must be because we are in danger of loving each other too well of losing sight of the Creator and idolatry of the creature.,"Surely it must be because we're in danger of loving each other too well, of losing sight of the Creator in idolatry of the creature.",English,"gender: male; age: adult; accent: US English; voice timbre: neutral; emotion: neutral; emotion intensity: low; emphasis: emphasized; emphasized words: love, danger; prosody: very staccato; pauses: no significant pauses"
random440_expressivespeech_228::0,random440_expressivespeech_228,analysis,5.653293037414551,3.8890295028686523,5.880878448486328,0.00016718896468693683,0.6666666666666666,0.96875,0.696875,0.6302250522298021,0.563575104459604,0.49692515668940607,False,hello everyone,No. Not.,English,gender: male; age: adult; accent: US English; voice timbre: breathy; emotion: neutral; emotion intensity: low; speaking rate: moderate; pitch: low; prosody: pitch variations present but generally monotone; pauses: no distinct pause detected
random440_expressivespeech_228::1,random440_expressivespeech_228,analysis,5.530103349685669,3.7636210918426514,5.888274192810059,0.00027139162243024976,0.5,0.875,0.5375,0.48752713916224305,0.43755427832448607,0.38758141748672914,False,Now we're going to see a short but intense scene.,No. Not.,English,gender: male; age: adult; voice timbre: dark; emotion: angry; emotion intensity: high; speaking rate: fast; pitch: high; prosody: fast-paced; pauses: no pause
random440_expressivespeech_272::1,random440_expressivespeech_272,analysis,3.8798405647277834,2.252965211868286,5.42291784286499,0.1517820287602809,0.6986666666666667,0.96875,0.7256750000000001,0.6709865362093616,0.6162980724187229,0.5616096086280844,False,我们不是推三阻四的 我们我们不是从前的吗,我们不是推三拖四的，我们，我们不是筹钱的吗？,Chinese,gender: male; age: adult; accent: Mandarin; emotion: neutral; speaking rate: moderate; pitch: high; volume: high; prosody: toy-like; pauses: no pause
random440_expressivespeech_272::2,random440_expressivespeech_272,analysis,3.897796106338501,2.272080183029175,5.419053077697754,0.14291136007853317,0.7793103448275862,0.96875,0.7982543103448276,0.7346144118699224,0.670974513395017,0.6073346149201118,False,我们不是推三托四的 我们不是求情的嘛,我们不是推三拖四的，我们，我们不是筹钱的吗？,Chinese,gender: male; age: adult; voice timbre: bright; emotion: neutral; speaking rate: moderate; pitch: medium; prosody: consistent; pauses: no distinct pauses
random440_expressivespeech_272::3,random440_expressivespeech_272,analysis,3.9113442420959474,2.285161256790161,5.420609951019287,0.13650749543917778,0.8076923076923077,0.84375,0.811298076923077,0.7441795956977639,0.6770611144724509,0.6099426332471379,False,"我们不是推三ito四,我们不是愁钱的吗?",我们不是推三拖四的，我们，我们不是筹钱的吗？,Chinese,gender: male; age: adult; voice timbre: neutral; emotion: angry; emotion intensity: high; speaking rate: fast; prosody: very monotone; pauses: no significant pauses
random440_expressivespeech_285::0,random440_expressivespeech_285,calibration,3.1490095376968386,1.6392251253128052,5.032614707946777,0.7602203455849537,0.43137254901960786,0.9375,0.48198529411764707,0.5148700737741817,0.5477548534307162,0.5806396330872508,False,你为什么要不高兴啊?是因为那个男人年纪太大了吗?还是因为连他的儿子都大到可以做你的男朋友了。,你为什么要不高兴啊？是因为那个男人年纪太老了吗？还是因为连他的儿子都大到可以做你的男朋友了？,Chinese,gender: male; age: adult; voice timbre: neutral; emotion: sad; emotion intensity: high; speaking rate: slow; pitch: low; volume: medium; prosody: monotonous; pauses: short pause after '年纪'
random440_expressivespeech_285::1,random440_expressivespeech_285,calibration,3.1342047691345214,1.6248819828033447,5.031075954437256,0.7706737676296687,0.711111111111111,0.96875,0.736875,0.7428312656518559,0.7487875313037116,0.7547437969555673,False,你为什么要不高兴啊?是因为那个男人年纪太大了吗?还是因为连他的儿子都大到可以做你的男朋友了,你为什么要不高兴啊？是因为那个男人年纪太老了吗？还是因为连他的儿子都大到可以做你的男朋友了？,Chinese,gender: male; age: adult; voice timbre: rough; emotion: disgusted; emotion intensity: low; speaking rate: moderate; pitch: medium; prosody: monotonous; pauses: short pause
random440_expressivespeech_285::3,random440_expressivespeech_285,calibration,3.118381834030151,1.6067240238189697,5.0388593673706055,0.7814875066897857,0.7904761904761906,0.8125,0.7926785714285716,0.7917797030499312,0.7908808346712906,0.7899819662926502,True,你为什么要不高兴啊?是因为那个男人年纪太老了吗?还是因为连他的儿子都大到可以做你的男朋友了?,你为什么要不高兴啊？是因为那个男人年纪太老了吗？还是因为连他的儿子都大到可以做你的男朋友了？,Chinese,emotion: angry; emotion intensity: low; speaking rate: moderate; pitch: high; prosody: fixed rhythm; pauses: no brief pause
random440_expressivespeech_013::2,random440_expressivespeech_013,analysis,2.946954822540283,1.3824117183685303,5.21514368057251,0.8752972245943653,0.6311111111111111,0.9375,0.66175,0.6861686113483254,0.7105872226966508,0.7350058340449763,True,"So ask him back. I'm sure he'll come. But you don't want him back now, do you? Because you have Basil.","So ask him back. I'm sure he'll come. But you don't want him back now, do you? Because you have Basil.",English,"gender: female; age: adult; voice timbre: neutral; emotion: sad; emotion intensity: medium; speaking rate: moderate; emphasis: emphasized; emphasized words: he'll come, you have Basil; prosody: slightly positivity with a moment of despondency; pauses: a moderate pause at the end"
random440_expressivespeech_013::3,random440_expressivespeech_013,analysis,2.944604206085205,1.3795621395111084,5.216806888580322,0.8763029130289967,0.42,0.96875,0.474875,0.5205052913028997,0.5661355826057993,0.6117658739086991,True,"So ask him back. I'm sure he'll come. But you don't want him back now, do you? Because you have Basil.","So ask him back. I'm sure he'll come. But you don't want him back now, do you? Because you have Basil.",English,"gender: female; age: adult; accent: US English; voice timbre: bright; emotion: sad; emotion intensity: high; speaking rate: slow; pitch: medium; emphasis: emphasized; emphasized words: ask him back, you don't want him back; prosody: monotone with soft volume; pauses: long pause at the end; nonverbal vocalizations: sigh"
random440_expressivespeech_290::0,random440_expressivespeech_290,calibration,3.0701459884643554,1.4896016120910645,5.268481254577637,0.8121562403061569,0.6,0.8125,0.6212500000000001,0.6424656240306157,0.6636812480612314,0.6848968720918471,True,"好了,这就是设置模式搞乱了。",好了，这就是设置模式搞乱了。,Chinese,gender: male; age: adult; accent: Zhongyuan Mandarin; emotion: neutral; speaking rate: moderate; prosody: even; pauses: a slight pause after 'tablets'
random440_expressivespeech_290::1,random440_expressivespeech_290,calibration,3.0747786521911618,1.4931087493896484,5.272233009338379,0.809360545173814,0.6666666666666666,1.0,0.7,0.7142693878507147,0.7285387757014293,0.7428081635521442,True,"好了,这就是设置模式搞乱了。",好了，这就是设置模式搞乱了。,Chinese,gender: male; age: adult; voice timbre: bright; emotion: neutral; speaking rate: moderate; pitch: high; volume: medium; prosody: )u:evity动漫风格; pauses: implicit
random440_expressivespeech_290::2,random440_expressivespeech_290,calibration,3.065236210823059,1.4817029237747192,5.278444290161133,0.8150846512884211,0.4666666666666667,1.0,0.52,0.5548417984621755,0.5896835969243509,0.6245253953865263,True,好了 这就是设置模式搞乱了,好了，这就是设置模式搞乱了。,Chinese,gender: male; age: elderly; accent: Jiang-Huai Mandarin; voice timbre: bright; emotion: neutral; emotion intensity: low; speaking rate: moderate; pitch: high; volume: medium; prosody: monotonous; pauses: several long pauses
random440_expressivespeech_290::3,random440_expressivespeech_290,calibration,3.0706525564193727,1.4882625341415405,5.274633407592773,0.8118520806800292,0.5,0.8125,0.53125,0.562435208068003,0.5936204161360059,0.6248056242040089,True,好了这就是设置模式搞乱了,好了，这就是设置模式搞乱了。,Chinese,gender: male; age: adult; voice timbre: neutral; emotion: neutral; emotion intensity: low; speaking rate: moderate; pitch: medium; prosody: Wrapped
random440_expressivespeech_256::1,random440_expressivespeech_256,analysis,3.064594030380249,1.3756341934204102,5.629866123199463,0.8154650547445368,0.5,0.96875,0.546875,0.5784215054744537,0.6099680109489074,0.6415145164233611,False,But I've heard of a president of this house. He needs you. Let's see how fast what your house can do for you.,"Yeah, but you're already president of this house. We need you. We ask not what your house can do for you.",English,gender: male; age: adult; voice timbre: neutral; emotion: neutral; speaking rate: slow; pitch: low; prosody: monotone delivery; pauses: a prolonged pause after 'house'
random440_expressivespeech_083::0,random440_expressivespeech_083,analysis,3.174964118003845,1.5187441110610962,5.52073335647583,0.7411205307530451,0.6711111111111111,0.9375,0.69775,0.7047509419641934,0.7117518839283867,0.7187528258925803,False,"您不是说好的吗,您要开了我们造的飞机再退休。庞一冰,你作为一个中国的飞行员没有开过自己国家造的飞机将是您人生中最大的遗憾。",不是说好的吗？你要开了我们造的飞机再退休，潘一兵，你作为中国的飞行员，没有开过自己国家造的飞机，将是你人生中最大的遗憾。,Chinese,gender: female; age: adult; voice timbre: neutral; emotion: sad; speaking rate: slow; pitch: high; volume: medium; emphasis: emphasized; emphasized words: 您是一名中国飞行员尚未驾驶本国制造的飞机将成为您终身遗憾; prosody: monotonous; pauses: long
random440_expressivespeech_083::2,random440_expressivespeech_083,analysis,3.173382210731506,1.516823172569275,5.5218634605407715,0.7423125202801413,0.4277777777777778,0.5625,0.4412500000000001,0.4727034742502364,0.5041569485004728,0.5356104227507091,False,张一冰你作为中国的飞行员没有开过自己国家造的飞机将是你人生中最大的遗憾。 我跟您说的是真的。,不是说好的吗？你要开了我们造的飞机再退休，潘一兵，你作为中国的飞行员，没有开过自己国家造的飞机，将是你人生中最大的遗憾。,Chinese,Speak naturally in a neutral voice.
random440_expressivespeech_083::3,random440_expressivespeech_083,analysis,3.173382210731506,1.516823172569275,5.5218634605407715,0.7423125202801413,0.5303030303030303,0.5625,0.5335227272727272,0.5547236762704384,0.5759246252681495,0.5971255742658607,False,飞行员为什么没有驾驶自己国家制造的飞机却退休了?张医生你作为飞行员应该感到惋惜因为你人生中最大的遗憾就是这件事。,不是说好的吗？你要开了我们造的飞机再退休，潘一兵，你作为中国的飞行员，没有开过自己国家造的飞机，将是你人生中最大的遗憾。,Chinese,Speak naturally in a neutral voice.
random440_expressivespeech_126::1,random440_expressivespeech_126,analysis,4.029794216156006,2.4112462997436523,5.395159721374512,0.09025664017742091,0.5,0.65625,0.515625,0.4746506640177421,0.43367632803548417,0.3927019920532263,False,我干就不干答应你,不干就不干！我答应你。,Chinese,gender: female; age: adult
random440_expressivespeech_126::2,random440_expressivespeech_126,analysis,3.975232172012329,2.3624424934387207,5.375965595245361,0.10949631951870101,0.8960784313725491,0.96875,0.9033455882352942,0.8246873770499095,0.7460291658645245,0.6673709546791399,False,我干就不干!我答应你!,不干就不干！我答应你。,Chinese,gender: female; age: adult; voice timbre: bright; emotion: angry; emotion intensity: high; speaking rate: moderate; pitch: high; volume: high; emphasis: emphasized; emphasized words: 我干就不干!; prosody: rising intonation; pauses: short pause before emphasis
random440_expressivespeech_087::0,random440_expressivespeech_087,analysis,2.845418357849121,1.5106487274169922,4.44923210144043,0.9127754533984589,0.6,0.90625,0.630625,0.6619025453398459,0.6931800906796917,0.7244576360195376,False,It's almost there. Just gonna put a little more wood on it.,"It's uh, it's almost there. Just, just, just gonna put a little more wood on it.",English,gender: male; age: adult; accent: US English; emotion: happy; emotion intensity: high; speaking rate: moderate; emphasis: emphasized; emphasized words: it's; prosody: fluctuating pitch; pauses: a brief silence in the middle; nonverbal vocalizations: cough
random440_expressivespeech_087::1,random440_expressivespeech_087,analysis,2.827350401878357,1.4927946329116821,4.448519229888916,0.9182700401645271,0.8666666666666667,1.0,0.88,0.885160337349786,0.8903206746995721,0.8954810120493583,False,It's uh it's almost there. Just gonna put a little more wood on it.,"It's uh, it's almost there. Just, just, just gonna put a little more wood on it.",English,gender: male; age: adult; accent: US English; voice timbre: bright; emotion: happy; emotion intensity: low; speaking rate: moderate; pitch: medium; volume: medium; prosody: steady intonation with slight excitement; pauses: no significant pauses; nonverbal vocalizations: laughter
random440_expressivespeech_087::2,random440_expressivespeech_087,analysis,2.8395214080810547,1.5022034645080566,4.45772647857666,0.9146045222178024,0.36666666666666664,0.78125,0.40812499999999996,0.46291878555511357,0.5177125711102272,0.5725063566653408,False,You know what? Let's put a little more work into this.,"It's uh, it's almost there. Just, just, just gonna put a little more wood on it.",English,gender: female; emotion intensity: high; speaking rate: moderate; emphasis: emphasized; emphasized words: little more work; prosody: verysteady; pauses: no significant pauses
random440_expressivespeech_087::3,random440_expressivespeech_087,analysis,2.867543268203735,1.5313522815704346,4.453969955444336,0.9055934599296819,0.5666666666666667,0.9375,0.60375,0.6376426793263016,0.6715353586526029,0.7054280379789046,False,It's almost there. Just put a little more wood on it.,"It's uh, it's almost there. Just, just, just gonna put a little more wood on it.",English,"gender: male; age: adult; accent: US English; voice timbre: breathy; emotion: happy; emotion intensity: high; speaking rate: moderate; pitch: low; emphasis: emphasized; emphasized words: little, more; prosody: slightly slowed; pauses: no parenthetical pauses"
random440_expressivespeech_109::2,random440_expressivespeech_109,analysis,3.0617227315902706,1.3315693140029907,5.767178058624268,0.8171584980522965,0.4666666666666667,0.96875,0.5168750000000001,0.5519241831385631,0.586973366277126,0.622022549415689,False,"Listen to the speech, and you can read different words than I am listing here.",With different words.,English,"gender: female; age: adult; accent: US English; voice timbre: bright; emotion: neutral; speaking rate: moderate; pitch: medium; volume: medium; emphasis: emphasized; emphasized words: listen, speech, different, words; prosody: slightly monotone; pauses: brief pause between phrases"
random440_expressivespeech_135::0,random440_expressivespeech_135,calibration,3.5404618740081784,1.8783013820648193,5.540534973144531,0.40472567784326474,0.43333333333333335,0.84375,0.474375,0.47151423445099316,0.46865346890198634,0.4657927033529795,False,"不爽已经晚了,我们会错过很多好的经典的了",不上已经晚了，我们要错过很多好的景点了。,Chinese,gender: female; age: adult; voice timbre: bright; emotion: sad; prosody: אחרים tone; pauses: 掐死律拍子的关键速率减慢处理
random440_expressivespeech_135::3,random440_expressivespeech_135,calibration,3.5075215101242065,1.8461476564407349,5.537912845611572,0.43628615627926304,0.4,1.0,0.4600000000000001,0.46362861562792634,0.4672572312558526,0.470885846883779,False,误伤已经晚了我们要错过很多好的景点了,不上已经晚了，我们要错过很多好的景点了。,Chinese,"gender: female; age: adult; voice timbre: bright; emotion: sad; emotion intensity: high; speaking rate: slow; pitch: low; volume: medium; emphasis: emphasized; emphasized words: 误伤, 错过, 景点; prosody: slight monotony; pauses: no audible pause; nonverbal vocalizations: sigh"
random440_deear_032::0,random440_deear_032,analysis,3.288918614387512,1.5697320699691772,5.730621814727783,0.6464756322702493,0.6666666666666666,1.0,0.7,0.6979808965603582,0.6959617931207165,0.6939426896810748,False,那招人儿的事儿,那招人的事儿。,Chinese,gender: female; age: adult; voice timbre: bright; emotion: neutral; emotion intensity: low; speaking rate: moderate; pitch: medium; volume: medium; prosody: monotone; pauses: brief
random440_deear_032::1,random440_deear_032,analysis,3.275069785118103,1.5557998418807983,5.730899810791016,0.6588232766042231,0.6666666666666666,0.9375,0.69375,0.6929656609937557,0.6921813219875113,0.691396982981267,False,那招人儿的事儿。,那招人的事儿。,Chinese,gender: female; age: adult; accent: Jiang-Huai Mandarin; voice timbre: bright; emotion: neutral; emotion intensity: low; speaking rate: moderate; pitch: medium; prosody: Calm and neutral delivery; pauses: no apparent pause
random440_deear_032::3,random440_deear_032,analysis,3.309500908851623,1.5949715375900269,5.715097904205322,0.6277617672442447,0.6666666666666666,0.9375,0.69375,0.6898595100577578,0.6859690201155155,0.6820785301732735,False,那招人的事,那招人的事儿。,Chinese,gender: female; age: adult; voice timbre: neutral; emotion: neutral; emotion intensity: low; speaking rate: slow; pitch: high; volume: medium; prosody: moderate intonation
random440_expressivespeech_197::0,random440_expressivespeech_197,analysis,3.2173400640487673,1.5307494401931763,5.621968746185303,0.7078827560404392,0.4066666666666666,0.96875,0.462875,0.49299660893737723,0.5231182178747545,0.5532398268121318,False,Max is this where you kill me? Because I always knew it was going to happen. I just didn't know when. This feels right though.,"Max, is this where you kill me? Cause I always knew it was gonna happen. I just didn't know when. This feels right, though.",English,"gender: female; age: adult; accent: US English; voice timbre: bright; emotion: sad; emotion intensity: medium; speaking rate: moderate; pitch: medium; emphasis: emphasized; emphasized words: max is where you kill me, i didn't know when; prosody: slightly raised pitch with increasing emphasis; pauses: no distinct pauses"
random440_expressivespeech_197::2,random440_expressivespeech_197,analysis,3.2162501335144045,1.5286080837249756,5.625473499298096,0.7087684572745845,0.43333333333333335,0.96875,0.486875,0.5144185123941252,0.5419620247882503,0.5695055371823754,False,Max is this where you kill me because I always knew it was gonna happen I just didn't know when. This feels right though.,"Max, is this where you kill me? Cause I always knew it was gonna happen. I just didn't know when. This feels right, though.",English,"gender: female; age: adult; accent: US English; voice timbre: bright; emotion: disgusted; emotion intensity: high; speaking rate: moderate; pitch: high; emphasis: emphasized; emphasized words: Max is this where you kill me, because I always knew it was gonna happen I just didn't know when; prosody: monotone delivery with slight emphasis on key phrases; pauses: short to moderate; nonverbal vocalizations: sigh"
random440_expressivespeech_197::3,random440_expressivespeech_197,analysis,3.208254408836365,1.5211130380630493,5.623804569244385,0.7152172791259112,0.49523809523809526,0.96875,0.5425892857142858,0.5645872041030674,0.5865851224918489,0.6085830408806305,False,"Maxis, is this where you kill me? Because I always knew it was going to happen; I just didn't know when. This feels right though.","Max, is this where you kill me? Cause I always knew it was gonna happen. I just didn't know when. This feels right, though.",English,"gender: female; age: adult; accent: US English; voice timbre: bright; emotion: sad; emotion intensity: high; speaking rate: moderate; pitch: high; emphasis: emphasized; emphasized words: right, States; prosody: slightly agitated tone"
random440_expressivespeech_181::0,random440_expressivespeech_181,analysis,2.7543248653411867,1.185760736465454,5.228547096252441,0.9373975145659371,0.5666666666666667,0.96875,0.606875,0.6439480847899272,0.681021169579854,0.7180942543697812,False,I did want to see it I always do I mean I keep thinking that this is going to be the time and it never is,"I did want to see it. I always do. I'm. I keep thinking that this is going to be the time, and it never is.",English,gender: female; age: adult; accent: Scottish English; voice timbre: breathy; emotion: sad; emotion intensity: low; speaking rate: moderate; pitch: medium; prosody: slightly monotone; pauses: short breaks between sentences; nonverbal vocalizations: sigh
random440_expressivespeech_181::2,random440_expressivespeech_181,analysis,2.7396927833557125,1.1737828254699707,5.219699859619141,0.9406910682561342,0.45714285714285713,1.0,0.5114285714285715,0.5597833925398992,0.6081382136512268,0.6564930347625545,False,I did want to see it but I always do I mean I keep thinking that this is gonna be the time and it never is.,"I did want to see it. I always do. I'm. I keep thinking that this is going to be the time, and it never is.",English,gender: female; age: adult; voice timbre: bright; emotion: neutral; emotion intensity: low; speaking rate: moderate; pitch: low; volume: medium; prosody: 京津冀普通话 With a hint of sarcasm; pauses: a brief pause
random440_deear_003::0,random440_deear_003,calibration,2.9011566638946533,1.4210829734802246,4.933578968048096,0.8936680367926304,0.5904761904761905,0.96875,0.6283035714285715,0.6586227560602155,0.6889419406918594,0.7192611253235035,True,"Well, I guess I like guys who don't try too hard to impress a girl.","Well, I guess I like guys who don't try too hard to impress a girl.",English,gender: female; age: adult; accent: US English; voice timbre: bright; emotion: neutral; speaking rate: moderate; pitch: low; prosody: neutral intonation; pauses: no prominent pauses
random440_deear_003::1,random440_deear_003,calibration,2.8806010723114013,1.4003233909606934,4.934258937835693,0.9011100547920808,0.5333333333333333,1.0,0.58,0.6167776721458748,0.6535553442917494,0.6903330164376243,True,"Well, I guess I like guys who don't try too hard to impress a girl.","Well, I guess I like guys who don't try too hard to impress a girl.",English,gender: female; age: adult; accent: US English; voice timbre: neutral; emotion: neutral; emotion intensity: low; speaking rate: moderate; pitch: low; volume: medium; prosody: serious tone; pauses: short break between words
random440_deear_003::2,random440_deear_003,calibration,2.888479471206665,1.407224178314209,4.9375176429748535,0.8983141515013728,0.43333333333333335,0.96875,0.486875,0.533373081816804,0.5798711636336079,0.626369245450412,False,I guess I like guys who don't try too hard to impress a girl.,"Well, I guess I like guys who don't try too hard to impress a girl.",English,gender: female; age: adult; voice timbre: bright; emotion: neutral; emotion intensity: low; speaking rate: slow; pitch: low; prosody: varied intonation with occasional pauses; pauses: a brief pause between phrases
random440_deear_003::3,random440_deear_003,calibration,2.9135255098342894,1.4326533079147339,4.9362406730651855,0.8889556850924115,0.8,0.90625,0.8106250000000002,0.8195205685092413,0.8284161370184822,0.8373117055277235,True,"Well, I guess I like guys who don't try too hard to impress a girl.","Well, I guess I like guys who don't try too hard to impress a girl.",English,gender: female; age: adult; voice timbre: neutral; emotion: neutral; emotion intensity: low; speaking rate: moderate; pitch: medium; prosody: enthusiastic; pauses: a brief pause at the end
random440_deear_049::0,random440_deear_049,analysis,3.056553363800049,1.3590154647827148,5.658459663391113,0.8201768470152953,0.7666666666666667,0.9375,0.7837500000000001,0.789101018034863,0.7944520360697257,0.7998030541045886,True,难怪你会看我这种无聊的直播,难怪你会看我这种无聊的直播。,Chinese,gender: female; age: adult; voice timbre: bright; speaking rate: slow; pitch: low; volume: medium; prosody: monotonous; pauses: extended pause
random440_deear_049::1,random440_deear_049,analysis,2.978393769264221,1.2874706983566284,5.636410236358643,0.8611615979550412,0.4,1.0,0.4600000000000001,0.5061161597955042,0.5522323195910083,0.5983484793865124,True,难怪你会看我这种无聊的直播,难怪你会看我这种无聊的直播。,Chinese,gender: female; age: adult; voice timbre: bright; emotion: neutral; speaking rate: moderate; pitch: high; volume: medium; prosody: staccato rhythm; pauses: a noticeable decrease in speech rate
random440_deear_049::2,random440_deear_049,analysis,2.9650012969970705,1.2760331630706787,5.629893779754639,0.8673407541582431,0.6,0.96875,0.6368750000000001,0.6636090754158244,0.6903431508316487,0.7170772262474729,True,难怪你会看我这种无聊的直播。,难怪你会看我这种无聊的直播。,Chinese,gender: female; age: adult; voice timbre: bright; emotion: neutral; emotion intensity: low; speaking rate: fast; pitch: high; volume: medium; prosody: fast-paced; pauses: no distinct pauses; nonverbal vocalizations: cough
random440_deear_049::3,random440_deear_049,analysis,2.933990168571472,1.2403579950332642,5.645440578460693,0.8807576284721337,0.8,1.0,0.8200000000000001,0.8280757628472135,0.8361515256944266,0.8442272885416401,True,难怪你会看我这种无聊的直播。,难怪你会看我这种无聊的直播。,Chinese,gender: female; age: teenager; voice timbre: bright; emotion: sad; emotion intensity: medium; speaking rate: slow; pitch: high; volume: medium; prosody: monotone delivery; pauses: no pause
random440_expressivespeech_007::1,random440_expressivespeech_007,calibration,3.024530553817749,1.4168508052825928,5.3589324951171875,0.8380108274531659,0.7833333333333333,0.90625,0.795625,0.8010927494119833,0.8065604988239665,0.8120282482359498,False,那不挺好的么 我跟你学可贵了 你不怕破产啊,那不挺好的吗？跟我学可贵了，你不怕破产啊？,Chinese,gender: female; age: adult; voice timbre: neutral; speaking rate: moderate; pitch: medium; prosody: natural intonation; pauses: no pause
random440_expressivespeech_007::2,random440_expressivespeech_007,calibration,3.0553363084793093,1.4358617067337036,5.398248672485352,0.8208817914855554,0.4,0.90625,0.45062500000000005,0.4927131791485556,0.5348013582971111,0.5768895374456666,False,这不挺好的么?跟我学可贵了你不怕破产啊。,那不挺好的吗？跟我学可贵了，你不怕破产啊？,Chinese,gender: male; voice timbre: breathy; emotion: neutral; speaking rate: moderate; pitch: low; prosody: very expressive; pauses: oin infinito
random440_expressivespeech_007::3,random440_expressivespeech_007,calibration,3.054097294807434,1.4465206861495972,5.358588695526123,0.8215972334698552,0.7333333333333333,0.96875,0.756875,0.7657013900136522,0.7745277800273044,0.7833541700409566,True,"那不挺好的吗?跟我学可贵了,你不怕破产啊。",那不挺好的吗？跟我学可贵了，你不怕破产啊？,Chinese,gender: female; age: adult; voice timbre: bright; emotion: neutral; emotion intensity: low; speaking rate: moderate; pitch: medium; prosody: slightly faster than average; pauses: no pause
random440_expressivespeech_235::0,random440_expressivespeech_235,analysis,3.270138740539551,1.6606130599975586,5.365085601806641,0.6631693331042094,0.7333333333333333,1.0,0.7599999999999999,0.7529835999770876,0.7459671999541752,0.7389507999312629,False,你少给我装把钱包准备好。,你少给我装，把枪给我准备好。,Chinese,gender: female; age: adult; voice timbre: dark; emotion: neutral; speaking rate: moderate; pitch: medium; volume: medium; prosody: neutral; pauses: no pause
random440_expressivespeech_235::1,random440_expressivespeech_235,analysis,3.2539309740066527,1.6416312456130981,5.374332427978516,0.6772582275057873,0.7313725490196078,0.5625,0.714485294117647,0.709073861966265,0.7036624298148829,0.698250997663501,False,你少给我装把钱给我准备好,你少给我装，把枪给我准备好。,Chinese,Speak naturally in a neutral voice.
random440_expressivespeech_235::2,random440_expressivespeech_235,analysis,3.2603978395462034,1.6425455808639526,5.39284086227417,0.6716735284223617,0.43333333333333335,0.8125,0.47125,0.49508401950890285,0.5189180390178058,0.5427520585267086,False,You put your money in the right place.,你少给我装，把枪给我准备好。,Chinese,gender: male; age: adult; emotion: angry; emotion intensity: high; speaking rate: moderate; prosody: tight and fast; pauses: no pause
random440_expressivespeech_157::0,random440_expressivespeech_157,analysis,3.4191868066787716,1.7734299898147583,5.485856056213379,0.5227839051106793,0.62,0.96875,0.6548750000000001,0.645153390511068,0.6354317810221359,0.6257101715332039,False,哎呀这个怎么办啊怎么全赶上了,哎呀，这可怎么办呀？怎么全赶上了？,Chinese,"gender: female; age: adult; voice timbre: breathy; emotion: neutral; speaking rate: slow; pitch: low; emphasis: emphasized; emphasized words: 怎么办, 怎么全赶上了; prosody: slightly monotone; nonverbal vocalizations: laughter"
random440_expressivespeech_157::2,random440_expressivespeech_157,analysis,3.3713380813598635,1.725389003753662,5.486496925354004,0.5693996905147675,0.5266666666666667,1.0,0.5740000000000001,0.5782733023848101,0.5825466047696202,0.5868199071544303,False,这个怎么办呀?你怎么全赶上啦?,哎呀，这可怎么办呀？怎么全赶上了？,Chinese,gender: female; age: adult; accent: other; voice timbre: breathy; emotion: neutral; speaking rate: moderate; pitch: low; volume: medium; emphasis: emphasized; prosody: steady pitch with slight variation; pauses: no notable pauses
random440_expressivespeech_063::0,random440_expressivespeech_063,calibration,3.1096257925033566,1.4235020875930786,5.620412349700928,0.78731163681455,0.6666666666666666,1.0,0.7,0.7120644970147884,0.7241289940295766,0.7361934910443649,False,江雅菲你少在这给我挑拨离间。,江亚飞，你少在这给我挑拨。,Chinese,gender: female; age: adult; accent: Mandarin; voice timbre: bright; emotion: angry; emotion intensity: medium; speaking rate: moderate; pitch: high; volume: medium; prosody: strong insinuation; pauses: no notable pauses
random440_expressivespeech_063::2,random440_expressivespeech_063,calibration,3.0461711168289183,1.3488439321517944,5.65775728225708,0.8261211478227585,0.5666666666666667,0.96875,0.606875,0.6328204481156092,0.6587658962312184,0.6847113443468276,False,江亚飞你少在那给我挑拨离间。,江亚飞，你少在这给我挑拨。,Chinese,gender: male; voice timbre: neutral; emotion: angry; emotion intensity: high; speaking rate: moderate; pitch: medium; volume: medium; emphasis: emphasized; emphasized words: 挑拨离间; prosody: variable intonation; pauses: short pause before emphasis
random440_expressivespeech_063::3,random440_expressivespeech_063,calibration,3.128719997406006,1.429161787033081,5.665194034576416,0.7744642541281708,0.6333333333333333,1.0,0.6699999999999999,0.6841130920794838,0.6982261841589674,0.7123392762384513,False,姜亚飞你少在我这挑拨离间。,江亚飞，你少在这给我挑拨。,Chinese,gender: male; age: adult; voice timbre: bright; emotion: angry; emotion intensity: high; speaking rate: slow; pitch: low; volume: medium; emphasis: emphasized; emphasized words: 挑拨离间; prosody: intense; pauses: no patient pauses
random440_expressivespeech_089::0,random440_expressivespeech_089,analysis,2.908058214187622,1.2861669063568115,5.406304359436035,0.8910607833638776,0.5333333333333333,0.96875,0.576875,0.6126477450030545,0.6484204900061089,0.6841932350091634,True,"Then you should know better, officer.","Then you should know better, officer.",English,gender: male; age: adult; voice timbre: bright; emotion: neutral; emotion intensity: low; speaking rate: moderate; pitch: high; volume: medium; prosody: restrained; pauses: no specific pause
random440_expressivespeech_089::1,random440_expressivespeech_089,analysis,2.924922752380371,1.3001675605773926,5.415850639343262,0.8844527157027969,0.5666666666666667,1.0,0.61,0.641778604903613,0.673557209807226,0.7053358147108391,True,"Then you should know better, Officer.","Then you should know better, officer.",English,"gender: male; age: adult; accent: US English; voice timbre: bright; emotion: angry; emotion intensity: high; speaking rate: moderate; pitch: medium; volume: medium; emphasis: emphasized; emphasized words: then, you, should, know, better, Officer; prosody: rather flattened but serious; pauses: short pause before the last word"
random440_expressivespeech_113::1,random440_expressivespeech_113,analysis,2.3508421182632446,0.8292914628982544,5.071835517883301,0.9865246002343329,0.4,0.78125,0.43812500000000004,0.49677746002343337,0.5554299200468665,0.6140823800702999,False,"Oh, Ryan McGaion!","Oh, Ryan McGaughan.",English,gender: male; age: adult; accent: US English; prosody: acute intonation; pauses: brief neutral pause
random440_expressivespeech_113::2,random440_expressivespeech_113,analysis,2.3725786209106445,0.8544597625732422,5.060396194458008,0.9853394533563402,0.3333333333333333,0.9375,0.39375,0.4589506120023007,0.5241512240046013,0.5893518360069021,False,Ryan McGowan.,"Oh, Ryan McGaughan.",English,gender: male; age: adult; accent: African English; voice timbre: bright; emotion: angry; emotion intensity: high; speaking rate: fast; emphasis: emphasized; emphasized words: Ryan McGowan; prosody: sharp and fast; pauses: short pause; nonverbal vocalizations: agreement sound
random440_expressivespeech_113::3,random440_expressivespeech_113,analysis,2.380664503574371,0.862915575504303,5.0591630935668945,0.9848728587542914,0.6,1.0,0.64,0.6784872858754291,0.7169745717508583,0.7554618576262874,False,Ryan Maganion is an action star.,"Oh, Ryan McGaughan.",English,gender: male; age: adult; accent: Irish English; voice timbre: breathy; emotion: happy; speaking rate: fast; pitch: high; volume: high; prosody: energetic delivery; pauses: no pause; nonverbal vocalizations: sigh
random440_expressivespeech_020::0,random440_expressivespeech_020,analysis,2.8022744178771974,1.3801310062408447,4.740478038787842,0.9253735381048804,0.7666666666666667,0.9375,0.7837500000000001,0.7996206871438214,0.8154913742876427,0.8313620614314642,True,I could get used to this.,I could get used to this.,English,gender: female; age: adult; voice timbre: bright; emotion: neutral; emotion intensity: low; speaking rate: moderate; prosody: neutral; pauses: no noticeable pause at the end
random440_expressivespeech_020::2,random440_expressivespeech_020,analysis,2.7576397895812987,1.3326764106750488,4.7498779296875,0.9366279871012798,0.6666666666666666,1.0,0.7,0.7269961320434613,0.7539922640869225,0.780988396130384,True,I could get used to this.,I could get used to this.,English,gender: female; age: adult; voice timbre: neutral; emotion: neutral; emotion intensity: low; speaking rate: moderate; pitch: low; volume: medium; prosody: monotone delivery; pauses: no explicit pause
random440_expressivespeech_028::1,random440_expressivespeech_028,analysis,3.074585175514221,1.4448329210281372,5.432507514953613,0.8094779372062856,0.6444444444444444,1.0,0.6799999999999999,0.6965033492761841,0.7130066985523681,0.7295100478285523,False,This is crazy. Manny is terrified of mimes and he hates Central Valley wine.,"This is crazy. Manny's terrified of mimes, and he hates Central Valley wine.",English,gender: female; age: adult; accent: US English; voice timbre: neutral; emotion: happy; emotion intensity: medium; speaking rate: moderate; pitch: low; volume: medium; prosody: prominent emotional variation; pauses: slight break between phrases
random440_expressivespeech_028::2,random440_expressivespeech_028,analysis,3.095640444755554,1.4632893800735474,5.4411702156066895,0.7963773742197947,0.7333333333333333,0.96875,0.756875,0.7631794040886462,0.7694838081772923,0.7757882122659385,False,This is crazy. Manny is terrified of mimes and he hates Central Valley wine.,"This is crazy. Manny's terrified of mimes, and he hates Central Valley wine.",English,gender: female; age: adult; accent: US English; voice timbre: bright; emotion: surprised; speaking rate: fast; pitch: high; volume: medium; prosody: slightly monotone; pauses: no pause
random440_expressivespeech_028::3,random440_expressivespeech_028,analysis,3.1139611482620237,1.4827364683151245,5.437415599822998,0.7844422111501369,0.7,0.96875,0.726875,0.7353192211150137,0.7437634422300274,0.7522076633450412,False,This is crazy man is terrified of mimes he hates Central Valley wine.,"This is crazy. Manny's terrified of mimes, and he hates Central Valley wine.",English,gender: female; age: adult; accent: US English; voice timbre: bright; emotion: neutral; speaking rate: fast; volume: medium; prosody: tight; pauses: no clear pause
random440_deear_084::0,random440_deear_084,analysis,5.071757555007935,3.54223895072937,5.098395347595215,0.0016441877929357477,0.5,0.9375,0.54375,0.4939144187792936,0.4440788375585871,0.39424325633788077,True,"这句话的意思是:昨天晚上有人偷了你的电脑,然后他又用了一种很夸张的方式重复说了“偷偷偷”这个词,可能是想要强调或者是开玩笑吧。不过电脑被偷可不是小事,希望你能快点找回来",这句话的意思是，昨天晚上有人偷了你的电脑，然后他又用了一种很夸张的方式，重复说了“偷偷偷”这个词，可能是想要强调，或者是开玩笑吧。不过电脑被偷可不是小事，希望你能快点找回来。,Chinese,"gender: female; age: adult; voice timbre: bright; emotion: neutral; speaking rate: moderate; volume: medium; emphasis: emphasized; emphasized words: 偷偷突击踩使劲次语音; prosody: monotone pitch with occasional pauses; pauses: short pause before '坏消息"""
random440_deear_084::1,random440_deear_084,analysis,5.047206926345825,3.5181543827056885,5.096841812133789,0.0018105757932152353,0.5555555555555556,0.8125,0.58125,0.525875502023766,0.4705010040475319,0.4151265060712979,False,"这句话的意思是昨天晚上有人偷你的电脑,然后他又用一种很夸张的方式重复说偷这个字,可能是想强调或者是开玩笑。不过电脑被偷可不是小事,希望你能快点找回来。",这句话的意思是，昨天晚上有人偷了你的电脑，然后他又用了一种很夸张的方式，重复说了“偷偷偷”这个词，可能是想要强调，或者是开玩笑吧。不过电脑被偷可不是小事，希望你能快点找回来。,Chinese,"gender: female; age: adult; speaking rate: moderate; emphasis: emphasized; emphasized words: 偷, 玩笑; prosody: strenuous; pauses: very brief pause; nonverbal vocalizations: sigh"
random440_expressivespeech_093::0,random440_expressivespeech_093,analysis,2.11047078371048,0.6483145356178284,4.873854160308838,0.9947212637820639,0.5333333333333333,0.96875,0.576875,0.6230137930448731,0.6691525860897461,0.7152913791346193,False,"Anderson is great, he always does the right thing.",Anderson Pak can do no wrong. Everything that he does is just phenomenal.,English,gender: female; age: adult; accent: US English; voice timbre: bright; emotion: happy; emotion intensity: high; speaking rate: moderate; pitch: medium; volume: medium; emphasis: emphasized; emphasized words: Anderson is great and he does everything right; prosody: emotional; pauses: no notable pause
random440_expressivespeech_222::0,random440_expressivespeech_222,calibration,4.545135641098023,3.0000693798065186,5.15022087097168,0.012900567156223912,0.36666666666666664,0.9375,0.42374999999999996,0.3883733900489557,0.3529967800979114,0.31762017014686716,False,I-Day this I-An't bad dungeon-dmastering If you can'tHeart how to play+Blender myer the Bell row Offering The next talk tu dessert tih sit David's an't go shes eust picture-exec Why go be get we s dat makeshift vehicle?,"That's that's bad dungeon mastering. If you can't get out, your dungeon master needs to learn how to play. Oh, I hear the bell going off. I'll see you guys next time. We'll talk about the history of Dungeons and Dragons, and I promise this time I won't get sidetracked.",English,gender: male; age: adult; accent: US English; voice timbre: breathy; emotion: neutral; speaking rate: moderate; prosody: very monotone; pauses: very short pauses
random440_expressivespeech_222::3,random440_expressivespeech_222,calibration,4.551460647583008,3.0065274238586426,5.149777412414551,0.012587574045101175,0.48800000000000004,0.90625,0.529825,0.4822837574045102,0.43474251480902026,0.3872012722135304,False,"That's bad dungeon mastering. If you can't get out, your dungeon master needs to learn how to play... oh, I hear the bell going off. I'll see you guys next time. We'll talk about the history of Dungeons and Dragons... and I promise this time, I won't get sidetracked.","That's that's bad dungeon mastering. If you can't get out, your dungeon master needs to learn how to play. Oh, I hear the bell going off. I'll see you guys next time. We'll talk about the history of Dungeons and Dragons, and I promise this time I won't get sidetracked.",English,gender: male; age: adult; accent: US English; voice timbre: bright; emotion: neutral; speaking rate: moderate; prosody: vocal variation maintains администarius; pauses: no notable pauses
random440_deear_015::0,random440_deear_015,analysis,3.3426210403442385,1.693361759185791,5.497530937194824,0.5968495273648768,0.34736842105263155,0.96875,0.4095065789473684,0.43445468957859296,0.45940280020981744,0.484350910841042,False,"I can't believe that! Now, are you sure this is absolutely necessary? Like it's not worth it.","I can't believe it. Now, are are you sure this is absolutely necessary? Like.",English,gender: male; age: teenager; voice timbre: bright; emotion: surprised; emotion intensity: high; speaking rate: moderate; pitch: high; prosody: slightly monotone; pauses: no; nonverbal vocalizations: sigh
random440_deear_015::1,random440_deear_015,analysis,3.3294842720031737,1.6801278591156006,5.497854709625244,0.6092179397200945,0.4,0.96875,0.45687500000000003,0.4777967939720095,0.49871858794401885,0.5196403819160285,False,I can't believe that. Now are you sure this is absolutely necessary like.,"I can't believe it. Now, are are you sure this is absolutely necessary? Like.",English,"gender: male; age: adult; voice timbre: breathy; emotion: surprised; emotion intensity: medium; speaking rate: moderate; pitch: medium; emphasis: emphasized; emphasized words: that, sure, absolutely, necessary; prosody: nervous prosody; pauses: a brief pause at the end"
random440_deear_083::3,random440_deear_083,analysis,3.632637929916382,1.8980586528778076,5.781930923461914,0.3211767408069594,0.6071428571428571,0.9375,0.6401785714285714,0.6115819597949816,0.5829853481613918,0.5543887365278022,False,"Wow, I can't believe you passed,","Yeah, why not?",English,gender: female; age: adult; accent: Scottish English; voice timbre: neutral; emotion: happy; emotion intensity: high; speaking rate: fast; pitch: high; prosody: slightly monotone; pauses: no notable pause; nonverbal vocalizations: laughter
random440_deear_096::0,random440_deear_096,analysis,2.362151563167572,0.8115765452384949,5.168583393096924,0.9859202656484637,0.7,1.0,0.73,0.7585920265648463,0.7871840531296926,0.8157760796945391,True,The sentence is the sentence the word the word is the sentence.,"The sentence is the sentence. The word, the word is the sentence.",English,Speak naturally in a neutral voice.
random440_deear_096::1,random440_deear_096,analysis,2.4369876980781555,0.8849886059761047,5.173330307006836,0.9811919988244056,0.5666666666666667,0.84375,0.594375,0.6358275332157739,0.6772800664315477,0.7187325996473216,True,The sentence is the sentence the word the word is the sentence.,"The sentence is the sentence. The word, the word is the sentence.",English,age: adult; voice timbre: bright; emotion: neutral; emotion intensity: low; speaking rate: moderate; prosody: moderate intonation with slight variation; pauses: brief pause between 'word' duplicates
random440_expressivespeech_219::0,random440_expressivespeech_219,analysis,3.077162194252014,1.6557220220565796,4.738133907318115,0.8079097927479908,0.5866666666666667,0.96875,0.6248750000000001,0.6469993126081325,0.6691236252162649,0.6912479378243973,False,Yes! That's what I'm talking about. Your boys are going down.,"Yes, that's what I'm talking about. You boys are going down.",English,"gender: male; age: adult; accent: US English; voice timbre: bright; emotion: happy; emotion intensity: high; speaking rate: fast; pitch: medium; emphasis: emphasized; emphasized words: yes, that's what I'm talking about; prosody: emphatic delivery with joy; pauses: no pause; nonverbal vocalizations: laughter"
random440_expressivespeech_219::2,random440_expressivespeech_219,analysis,3.0614184856414797,1.6413078308105469,4.733702182769775,0.8173372284700173,0.548148148148148,1.0,0.5933333333333333,0.6202522413655202,0.647171149397707,0.674090057429894,False,That's what I'm talking about. Your boys are going down.,"Yes, that's what I'm talking about. You boys are going down.",English,"gender: male; age: adult; accent: US English; voice timbre: bright; emotion: happy; emotion intensity: high; speaking rate: moderate; pitch: medium; volume: medium; emphasis: emphasized; emphasized words: what I'm talking about, they're going down; prosody: emotional rise; pauses: no significant pause; nonverbal vocalizations: laughter"
random440_expressivespeech_219::3,random440_expressivespeech_219,analysis,3.0590082883834837,1.6379436254501343,4.736882209777832,0.8187483146878883,0.5666666666666667,0.9375,0.60375,0.6289581648021222,0.6541663296042443,0.6793744944063665,False,Successful achievement with pride and certainty,"Yes, that's what I'm talking about. You boys are going down.",English,gender: male; age: adult; accent: US English; voice timbre: bright; emotion: happy; emotion intensity: high; speaking rate: fast; emphasis: emphasized; emphasized words: going down; prosody: energetic and intentional delivery; pauses: slight pause at the end; nonverbal vocalizations: laughter
random440_deear_082::1,random440_deear_082,analysis,2.875605821609497,1.2742390632629395,5.337889194488525,0.9028471419243997,0.5666666666666667,1.0,0.61,0.6436180475257733,0.6772360950515466,0.7108541425773199,True,"Yes, I believe that the issue of the crisis is a complex issue.","Yes, I believe that the issue of the crisis is a complex issue.",English,gender: male; age: adult; voice timbre: bright; emotion: neutral; speaking rate: moderate; pitch: high; volume: medium; prosody: consistent delivery; pauses: short pause between clauses
random440_deear_082::2,random440_deear_082,analysis,2.8414306163787844,1.247281789779663,5.31382942199707,0.9140161784014416,0.5666666666666667,0.96875,0.606875,0.6416099511734776,0.676344902346955,0.7110798535204326,True,"Yes, I believe that the issue of the crisis is a complex issue.","Yes, I believe that the issue of the crisis is a complex issue.",English,gender: female; age: adult; accent: US English; voice timbre: neutral; emotion: neutral; emotion intensity: low; speaking rate: moderate; pitch: low; prosody: flowing intonation; pauses: no noticeable pause
random440_deear_082::3,random440_deear_082,analysis,2.8539696455001833,1.2593501806259155,5.315398216247559,0.9100601276480048,0.5333333333333333,0.9375,0.57375,0.6114226794314672,0.6490953588629342,0.6867680382944015,True,"Yes, I believe that the issue of the crisis is a complex issue.","Yes, I believe that the issue of the crisis is a complex issue.",English,"gender: female; age: adult; voice timbre: neutral; emotion: neutral; speaking rate: moderate; pitch: medium; emphasis: emphasized; emphasized words: issue, complex; prosody: fluctuating rhythm; pauses: no pause"
random440_expressivespeech_208::0,random440_expressivespeech_208,analysis,2.395938372611999,1.338386058807373,3.525174379348755,0.983951247531713,0.5857142857142857,1.0,0.6271428571428571,0.6669665533246,0.7067902495063426,0.7466139456880854,False,Yeah it's going to be everything. I'm going to be in the front. I'll be... It's not going to be safe.,"Yeah, it's gonna be everything. I'm gonna be in the front. I'll be. It's not gonna be safe.",English,gender: male; age: adult; voice timbre: neutral; emotion: neutral; speaking rate: moderate; pitch: medium; volume: medium; prosody: steady intonation; pauses: short pause after phrase
random440_expressivespeech_208::1,random440_expressivespeech_208,analysis,2.3853449583053585,1.3262652158737183,3.5302658081054688,0.9845961236792571,0.4666666666666667,0.6875,0.48875,0.540542945701259,0.5923358914025181,0.6441288371037771,False,"It's gonna be everything. It might be in front, but it's not going to be safe.","Yeah, it's gonna be everything. I'm gonna be in the front. I'll be. It's not gonna be safe.",English,gender: male; age: adult; voice timbre: bright
random440_expressivespeech_208::2,random440_expressivespeech_208,analysis,2.3928619861602782,1.3350683450698853,3.5259788036346436,0.9841412118855318,0.7,0.90625,0.7206250000000001,0.7490391211885532,0.7774532423771063,0.8058673635656595,False,"Yeah it's going to be everything. It's going to be at the front, it's going to be...","Yeah, it's gonna be everything. I'm gonna be in the front. I'll be. It's not gonna be safe.",English,gender: male; age: adult; voice timbre: neutral; emotion: neutral; speaking rate: moderate; prosody: steady intonation; pauses: a brief pause between phrases
random440_expressivespeech_208::3,random440_expressivespeech_208,analysis,2.4049405574798586,1.346606969833374,3.5277786254882812,0.9833824200232266,0.5533333333333333,0.5625,0.55425,0.5972549086689894,0.6402598173379787,0.6832647260069681,True,"Yeah, it's gonna be everything. I'm gonna be in the front. I'll be... It's not gonna be safe.","Yeah, it's gonna be everything. I'm gonna be in the front. I'll be. It's not gonna be safe.",English,Speak naturally in a neutral voice.
random440_expressivespeech_147::0,random440_expressivespeech_147,analysis,3.7354338645935057,2.1687581539154053,5.222252368927002,0.23999684226366114,0.5587301587301587,0.90625,0.5934821428571428,0.5616088112104931,0.5297354795638434,0.49786214791719363,True,"I never left my children Brenda. I never left them for a second, I wouldn't, I couldn't.","I never left my children, Brenda. I never left them for a second. I wouldn't. I couldn't.",English,gender: female; age: adult; voice timbre: bright; emotion: sad; emotion intensity: low; speaking rate: moderate; prosody: somewhat subdued; pauses: no pause
random440_expressivespeech_147::1,random440_expressivespeech_147,analysis,3.7156112670898436,2.1476874351501465,5.226412773132324,0.25450488831292895,0.5587301587301587,1.0,0.6028571428571429,0.57243461581542,0.5420120887736969,0.511589561731974,True,I never left my children Brenda I never left them for a second I wouldnt I couldnt.,"I never left my children, Brenda. I never left them for a second. I wouldn't. I couldn't.",English,"gender: female; age: adult; voice timbre: bright; emotion: sad; emotion intensity: low; speaking rate: moderate; pitch: medium; volume: medium; emphasis: emphasized; emphasized words: I, my, children, Brenda, for, second, him; prosody: slightly increasing intensity towards 'second'; pauses: no noticeable pause"
random440_expressivespeech_147::3,random440_expressivespeech_147,analysis,3.7243921756744385,2.156824827194214,5.225224494934082,0.24800765894877028,0.6944444444444444,0.9375,0.71875,0.6741063214504326,0.6294626429008651,0.5848189643512978,False,I never left my children Brendan - I never left them for a second. I wouldnt - I couldnt.,"I never left my children, Brenda. I never left them for a second. I wouldn't. I couldn't.",English,gender: female; age: adult; accent: US English; voice timbre: neutral; emotion: sad; emotion intensity: high; speaking rate: moderate; emphasis: emphasized; emphasized words: never left my children; prosody: a mix of不断提高; pauses: almost no pauses
random440_expressivespeech_266::0,random440_expressivespeech_266,calibration,3.7275351524353026,2.081963300704956,5.485239505767822,0.24570928445817256,0.43333333333333335,1.0,0.49,0.471237595112484,0.45247519022496785,0.43371278533745183,False,"又来了,又犯浑。",又来了啊！又犯浑。,Chinese,gender: male; age: adult; accent: Zhongyuan Mandarin; voice timbre: neutral; emotion: neutral; emotion intensity: low; speaking rate: slow; pitch: medium; volume: low; prosody: steady intonation; pauses: a brief pause at the end
random440_expressivespeech_266::1,random440_expressivespeech_266,calibration,3.7033650875091553,2.055356502532959,5.493361949920654,0.263751447678783,0.49333333333333335,1.0,0.544,0.521041811434545,0.4980836228690899,0.47512543430363496,False,又来了又反悔。,又来了啊！又犯浑。,Chinese,gender: male; age: adult; voice timbre: bright; emotion: neutral; speaking rate: moderate; pitch: medium; volume: medium; prosody: neutral; pauses: a brief pause at the end; nonverbal vocalizations: laughter
random440_expressivespeech_266::2,random440_expressivespeech_266,calibration,3.7527492523193358,2.1076629161834717,5.483621120452881,0.22779508145711597,0.7666666666666667,1.0,0.79,0.736112841479045,0.6822256829580898,0.6283385244371348,False,又来了又犯浑,又来了啊！又犯浑。,Chinese,gender: male; age: adult; voice timbre: bright; emotion: neutral; speaking rate: moderate; pitch: low; volume: medium; prosody: monotone; pauses: a slight pause after '来了'
random440_expressivespeech_266::3,random440_expressivespeech_266,calibration,3.73431077003479,2.085232734680176,5.496926784515381,0.24080350700844785,0.26666666666666666,0.96875,0.336875,0.3342886840341781,0.33170236806835623,0.32911605210253436,False,又来了。,又来了啊！又犯浑。,Chinese,gender: male; age: adult; voice timbre: neutral; emotion: neutral; speaking rate: slow; pitch: low; prosody: moderate intonation; pauses: no specific pause noted
random440_expressivespeech_188::3,random440_expressivespeech_188,analysis,3.373615574836731,1.7584224939346313,5.383976936340332,0.5672019656729014,0.26666666666666666,0.9375,0.33375,0.3638035299006235,0.3938570598012469,0.42391058970187045,False,My whole body aches.,每当我抱着别人，我。,Chinese,gender: male; age: adult; voice timbre: breathy; emotion intensity: high; speaking rate: slow; pitch: medium; prosody: monotone delivery; pauses: long pause; nonverbal vocalizations: sigh
random440_expressivespeech_045::1,random440_expressivespeech_045,calibration,2.844785761833191,1.2171493768692017,5.425454616546631,0.9129733509950102,0.4,0.9375,0.45375000000000004,0.5050473350995011,0.556344670199002,0.6076420052985031,False,This is an example sentence.,Just relax. She's not even around the school anymore. Ed hardly sees her. She's not.,English,gender: female; age: adult; accent: US English; voice timbre: bright; emotion: neutral; emotion intensity: low; speaking rate: moderate; prosody: neutral intonation; pauses: no prominent pause
random440_expressivespeech_045::3,random440_expressivespeech_045,calibration,2.84946448802948,1.2220920324325562,5.424574851989746,0.9115000337412915,0.45,0.96875,0.5018750000000001,0.5480250033741292,0.5941750067482583,0.6403250101223876,False,She's not cut herself and didn't need help at school. Ed hardly sees her. She's not falling.,Just relax. She's not even around the school anymore. Ed hardly sees her. She's not.,English,gender: female; age: adult; accent: US English; voice timbre: bright; emotion: neutral; speaking rate: moderate; volume: medium; prosody: neutral; pauses: no distinct pauses beyond natural pauses
random440_deear_092::0,random440_deear_092,analysis,2.9104671716690063,1.3523832559585571,5.193613052368164,0.8901376018548035,0.6235294117647059,0.9375,0.6549264705882353,0.681587289597245,0.7082481086062549,0.7349089276152647,False,"No, you're not gonna do this to me. That's it. Thoat's it, finalized.","No, you're not gonna do this to me. That's it. The order's finalized.",English,"gender: male; age: adult; voice timbre: neutral; emotion: angry; emotion intensity: high; speaking rate: moderate; pitch: medium; volume: medium; emphasis: emphasized; emphasized words: No, not, gonna do this to me, that's it, thoat's it, finalized; prosody: strong intonation; pauses: long pause after the fourth word"
random440_deear_092::3,random440_deear_092,analysis,2.957316541671753,1.3990452289581299,5.19423770904541,0.8707801842075059,0.75,1.0,0.775,0.7870780184207506,0.799156036841501,0.8112340552622518,False,"No, you're not going to do this to me. That's it. The order is finalized.","No, you're not gonna do this to me. That's it. The order's finalized.",English,gender: male; age: adult; voice timbre: dark; emotion: angry; emotion intensity: high; speaking rate: moderate; pitch: low; volume: medium; emphasis: emphasized; emphasized words: finalized; prosody: strong; pauses: two brief pauses
random440_expressivespeech_019::1,random440_expressivespeech_019,analysis,3.919801807403564,2.371814727783203,5.159956932067871,0.13263350713357397,0.6517857142857143,1.0,0.6866071428571429,0.6346919221419288,0.5827767014267148,0.5308614807115009,False,你你你你干什么呀?你你你你干嘛走啊!,哎，你你你走什么呀？你你干嘛走啊？啊？,Chinese,gender: female; age: teenager; voice timbre: strained; emotion: angry; emotion intensity: high; speaking rate: slow; pitch: high; volume: high; prosody: fluctuating intonation; pauses: a prolonged pause before and after speech
random440_expressivespeech_019::2,random440_expressivespeech_019,analysis,3.880950593948364,2.3318467140197754,5.163679599761963,0.15122077507463272,0.75,0.875,0.7625000000000001,0.7026220775074634,0.6427441550149264,0.5828662325223899,False,你你你躲什么呀你你你干嘛走啊,哎，你你你走什么呀？你你干嘛走啊？啊？,Chinese,"gender: female; age: adult; voice timbre: dark; emotion intensity: high; speaking rate: fast; pitch: medium; emphasis: emphasized; emphasized words: 躲, 走; prosody: increasing intensity; pauses: no pause"
random440_expressivespeech_313::1,random440_expressivespeech_313,analysis,5.2142692565917965,3.9659206867218018,4.16116189956665,0.0009393290286806941,0.8,0.875,0.8075000000000001,0.7275939329028682,0.6476878658057361,0.5677817987086043,False,通常你可别进了城就被猪油蒙了心我问问你你都投什么了啊不是就带回几个村啊带回几个店带回几个摊拉回几个人可这房子和地那全在村里头啊你整个一空手套白狼呗你,东城，你可别进了城就被猪油蒙了心。我问问你，你都投什么了啊？不是就带回几个车啊，带回几个库，带回几个机器，拉回几个人吗？可这房子和地，那全是村里的啊。你整个一空手套白狼吧你！,Chinese,gender: male; age: adult; voice timbre: bright; emotion: neutral; emotion intensity: low; speaking rate: moderate; pitch: medium; emphasis: emphasized; prosody: monic
random440_deear_047::1,random440_deear_047,analysis,2.3615946173667908,0.9641408324241638,4.65817928314209,0.9859506426150115,0.43333333333333335,0.875,0.47750000000000004,0.5327617309281678,0.5880234618563357,0.6432851927845035,True,生活中总会有意想不到的惊喜。让我感受到无尽的快乐与幸福。,生活中总会有意想不到的惊喜，让我感受到无尽的快乐与幸福。,Chinese,"gender: male; age: adult; emotion: happy; emotion intensity: high; speaking rate: moderate; pitch: low; emphasis: emphasized; emphasized words: 人际关系的改善, 内心的喜悦; prosody: emotional; pauses: very short pauses between words"
random440_deear_047::2,random440_deear_047,analysis,2.3607669234275814,0.9631659388542175,4.658669948577881,0.9859956674295952,0.4666666666666667,0.90625,0.5106250000000001,0.5625579000762928,0.6144908001525857,0.6664237002288786,True,生活中总会有意想不到的惊喜让我感受到无尽的快乐与幸福,生活中总会有意想不到的惊喜，让我感受到无尽的快乐与幸福。,Chinese,gender: male; age: adult; emotion: happy; emotion intensity: high; speaking rate: moderate; emphasis: emphasized; emphasized words: testing; prosody: steady intonation; pauses: a short pause between sentences
random440_expressivespeech_069::2,random440_expressivespeech_069,analysis,3.4690327644348145,1.9185278415679932,5.168349742889404,0.47380887160731183,0.5333333333333333,1.0,0.58,0.5740475538273979,0.5680951076547957,0.5621426614821936,False,"Ali is alive, hush you!",Holly is alive because of you.,English,gender: male; age: elderly; voice timbre: dark; emotion: neutral; speaking rate: slow; pitch: high; volume: medium; prosody: flat intonation; pauses: no pause
random440_deear_024::0,random440_deear_024,analysis,3.6516259670257565,2.0911169052124023,5.201696872711182,0.305115565748479,0.4,0.96875,0.45687500000000003,0.44738655657484794,0.4378981131496958,0.4284096697245437,False,This is an example sentence.,"Mhm, like one golden-colored background, and you like look at the colors, and the colors themselves are so vibrant and real, and but also dreamlike in the same way.",English,"gender: male; age: adult; voice timbre: neutral; emotion: neutral; speaking rate: moderate; pitch: medium; emphasis: emphasized; emphasized words: vibrant, real, dreamlike; prosody: varied; pauses: slight pause between phrases"
random440_deear_024::2,random440_deear_024,analysis,3.6345770359039307,2.0753703117370605,5.1973557472229,0.3195161380576197,0.36666666666666664,1.0,0.42999999999999994,0.42528494713909526,0.4205698942781906,0.4158548414172859,False,An auditory representation of a colorful foreground,"Mhm, like one golden-colored background, and you like look at the colors, and the colors themselves are so vibrant and real, and but also dreamlike in the same way.",English,voice timbre: nasal; prosody: monotone
random440_expressivespeech_088::1,random440_expressivespeech_088,analysis,4.076053667068481,2.396958351135254,5.596984386444092,0.07638860923509712,0.35333333333333333,0.5625,0.37425,0.34655552759017644,0.3188610551803528,0.29116658277052915,False,那那既然没进展怎么着这干嘛老上你这儿来啊.,那那既然没对你怎么着，这这干嘛老上你这儿来啊？,Chinese,Speak naturally in a neutral voice.
random440_expressivespeech_088::2,random440_expressivespeech_088,analysis,3.9782413482666015,2.301201820373535,5.590131759643555,0.10834755087743796,0.5627450980392157,0.75,0.5814705882352942,0.5360308335191164,0.49059107880293856,0.4451513240867609,False,他干嘛老上你这儿来啊,那那既然没对你怎么着，这这干嘛老上你这儿来啊？,Chinese,"gender: male; age: adult; speaking rate: fast; pitch: low; nonverbal vocalizations: cough, throat clearing"
random440_expressivespeech_088::3,random440_expressivespeech_088,analysis,4.010120391845703,2.330287218093872,5.5994439125061035,0.0968152811038759,0.4,1.0,0.4600000000000001,0.4296815281103876,0.39936305622077517,0.36904458433116283,False,"既然这么有气魄,你干嘛非来找茬儿?这这怎么着?",那那既然没对你怎么着，这这干嘛老上你这儿来啊？,Chinese,gender: male; age: adult; accent: Jiang-Huai Mandarin; voice timbre: bright; emotion: angry; emotion intensity: high; speaking rate: fast; pitch: high; volume: medium; prosody: regraphic and expressive; pauses: slight pause before final words
random440_expressivespeech_009::1,random440_expressivespeech_009,analysis,3.694955587387085,2.109799385070801,5.283854007720947,0.27022457438727,0.611111111111111,1.0,0.6499999999999999,0.6159113463276159,0.5818226926552317,0.5477340389828477,True,"You know, get yourself a glass, Kevin. You look naked.","You know, get yourself a glass, Kevin. You look naked.",English,gender: male; age: adult; accent: US English; voice timbre: bright; emotion: neutral; emotion intensity: low; speaking rate: moderate; pitch: medium; volume: medium; prosody: even tone; pauses: a brief pause at the end
random440_expressivespeech_168::1,random440_expressivespeech_168,analysis,4.153848505020141,2.4920642375946045,5.539280891418457,0.05740807294353849,0.14285714285714285,0.96875,0.22544642857142855,0.21690152158006815,0.2083566145887077,0.1998117075973473,False,他们还在那里面呢?,我也在耶。,English,gender: female; age: adult; voice timbre: bright; emotion: neutral; speaking rate: moderate; pitch: medium; volume: high; prosody: intonation; pauses: short pause
random440_expressivespeech_168::2,random440_expressivespeech_168,analysis,4.274833869934082,2.614229917526245,5.535346508026123,0.036462725667505656,0.07142857142857142,0.96875,0.16116071428571427,0.1576641297096077,0.15416754513350112,0.15067096055739457,False,我在打架。,我也在耶。,English,gender: female; age: adult; voice timbre: bright; emotion: neutral; speaking rate: fast; pitch: medium; volume: medium; prosody: variable; pauses: no notable pause
random440_expressivespeech_252::0,random440_expressivespeech_252,analysis,4.042136383056641,2.459599018096924,5.275124549865723,0.08634904600162985,0.21428571428571427,1.0,0.2928571428571428,0.2800634760287344,0.26726980920032595,0.2544761423719175,False,我不记得为什么他说的这些了,然后，老师说：“你怎么做人？”你。,Chinese,voice timbre: strained; emotion: neutral; speaking rate: fast; pitch: high; volume: medium; prosody: monotone delivery; pauses: very short pause between phrases
random440_expressivespeech_252::1,random440_expressivespeech_252,analysis,4.080748558044434,2.4970593452453613,5.278964042663574,0.07509588914393159,0.14285714285714285,0.9375,0.22232142857142856,0.21554530320010745,0.20876917782878632,0.2019930524574652,False,이거 대STITUTE_HOOK keinenstag.chi,然后，老师说：“你怎么做人？”你。,Chinese,gender: male; age: adult; voice timbre: neutral; emotion: neutral; speaking rate: slow; pitch: low; volume: low; prosody: neutral pitch variation; pauses: a short pause between phrases
random440_expressivespeech_252::3,random440_expressivespeech_252,analysis,4.152716445922851,2.5743727684020996,5.26114559173584,0.05764949627017909,0.35714285714285715,0.9375,0.41517857142857145,0.38522923534130366,0.3552798992540358,0.32533056316676806,False,What's just one thing you should know about this.,然后，老师说：“你怎么做人？”你。,Chinese,gender: male; age: adult; accent: US English; emotion: angry; emotion intensity: high; speaking rate: moderate; pitch: high; volume: high; emphasis: emphasized; emphasized words: one thing; prosody: slightly rushed; pauses: no significant pause
random440_expressivespeech_095::0,random440_expressivespeech_095,analysis,5.13639726638794,3.661722183227539,4.915583610534668,0.0012755380852826428,0.43333333333333335,0.9375,0.48375,0.4405442204751949,0.3973384409503899,0.35413266142558486,False,"Buster looks embarrassed as he drops the object, revealing its age and poor condition.","Oh, oh, Buster, drop it! Oh, oh, oh no, that's very old. You can see that it's rotted, and he's dropped it, and you can see all of the holes in it. It looks like almost like necrosis or whatever, like the peeling away of the skin.",English,"gender: female; voice timbre: breathy; emotion: disgusted; emotion intensity: high; speaking rate: moderate; pitch: medium; prosody: monotone; pauses: short pause between clauses; nonverbal vocalizations: cough, throat clearing"
random440_expressivespeech_095::1,random440_expressivespeech_095,analysis,5.138062191009522,3.6639397144317627,4.913741588592529,0.001267222869934855,0.7537777777777778,0.875,0.7659,0.6906489445092158,0.6153978890184314,0.5401468335276471,False,"No, oh, Buster drop it... Oh, oh, oh, no, that's very old, you could see that it's rotted when he's dropped it and you could see all of the holes in it. It looks like, almost like, necrosis or whatever, like the peeling away of the skin.","Oh, oh, Buster, drop it! Oh, oh, oh no, that's very old. You can see that it's rotted, and he's dropped it, and you can see all of the holes in it. It looks like almost like necrosis or whatever, like the peeling away of the skin.",English,"gender: female; age: adult; emotion: surprised; emotion intensity: high; speaking rate: moderate; emphasis: emphasized; emphasized words: that's very old, you could see that it's rotted, all of the holes in it, looks like necrosis; prosody: conversational; pauses: instantiation at the end"
random440_expressivespeech_095::2,random440_expressivespeech_095,analysis,5.129255199432373,3.6556057929992676,4.912164688110352,0.0013118307663860219,0.6676923076923077,0.90625,0.6915480769230768,0.6249100292304848,0.5582719815378925,0.49163393384530046,False,Oh Buster drop it. Oh no that's very old you can see that it's rotted and you could see all of the holes in it. It looks like almost like necrosis or whatever like the peeling away of the skin.,"Oh, oh, Buster, drop it! Oh, oh, oh no, that's very old. You can see that it's rotted, and he's dropped it, and you can see all of the holes in it. It looks like almost like necrosis or whatever, like the peeling away of the skin.",English,"gender: female; age: adult; accent: US English; voice timbre: bright; speaking rate: moderate; pitch: medium; emphasis: emphasized; emphasized words: necrosis, peeling away of skin; prosody: slightly monotone pitch variation with moderate intonation; pauses: short; nonverbal vocalizations: cough"
random440_expressivespeech_095::3,random440_expressivespeech_095,analysis,5.147392797470093,3.67275333404541,4.915464878082275,0.0012216145059856056,0.6903030303030303,0.90625,0.7118977272727274,0.6429895856930228,0.5740814441133184,0.505173302533614,False,Oh Buster drop it Oh oh oh no that's very old you can see that it's rotted and he's dropped it and you can see all of the holes in it it looks like necrosis or whatever like the peeling away of the skin,"Oh, oh, Buster, drop it! Oh, oh, oh no, that's very old. You can see that it's rotted, and he's dropped it, and you can see all of the holes in it. It looks like almost like necrosis or whatever, like the peeling away of the skin.",English,gender: female; age: adult; voice timbre: breathy; emotion intensity: high; speaking rate: moderate; pitch: low; prosody: moderate intonation with increasing emphasis; pauses: no natural pauses
random440_expressivespeech_090::1,random440_expressivespeech_090,analysis,3.8081153392791744,2.1866579055786133,5.404858112335205,0.19176609835594874,0.3333333333333333,0.96875,0.396875,0.38271827650226153,0.36856155300452303,0.3544048295067846,False,I know what's given you.,I know what she's getting you.,English,gender: male; age: adult; voice timbre: bright; emotion: neutral; speaking rate: moderate; volume: medium; emphasis: emphasized; emphasized words: given; prosody: intense; pauses: no distinct pause
random440_expressivespeech_090::3,random440_expressivespeech_090,analysis,3.6864560604095455,2.0603601932525635,5.420319557189941,0.2768677311162772,0.6666666666666666,0.8125,0.68125,0.6422701064449611,0.6032902128899221,0.5643103193348832,False,I know which school she's gonna go to.,I know what she's getting you.,English,gender: male; age: adult; emotion: angry; emotion intensity: high; pitch: high; emphasis: emphasized; emphasized words: I know which school she's gonna go to.
random440_expressivespeech_053::3,random440_expressivespeech_053,calibration,3.412335848808288,1.8992947340011597,5.04347038269043,0.5295021094254564,0.611111111111111,1.0,0.6499999999999999,0.6418390998314345,0.633678199662869,0.6255172994943036,True,"Well, you shouldn't have said what you said.","Well, you shouldn't have said what you said.",English,gender: female; age: adult; accent: US English; voice timbre: neutral; emotion: disgusted; emotion intensity: high; speaking rate: slow; pitch: medium; volume: medium; emphasis: emphasized; emphasized words: you shouldn't have said what you said.; prosody: monotone; pauses: momentary silence; nonverbal vocalizations: sniff
random440_expressivespeech_165::1,random440_expressivespeech_165,analysis,2.997062015533447,1.3647608757019043,5.441003799438477,0.8521473913925967,0.8615384615384616,0.9375,0.8691346153846154,0.868195508370029,0.8672564013554425,0.866317294340856,False,"你又怎么处理!人家老婆已经知道了,他老婆正来找你,你怎么办?",你要怎么处理？人家老婆已经知道了，他老婆真来找你，你怎么办？,Chinese,gender: male; age: adult; voice timbre: bright; emotion: angry; emotion intensity: medium; speaking rate: moderate; pitch: low; volume: medium; prosody: repetitive pitch variations; pauses: no obvious pauses; nonverbal vocalizations: sigh
random440_expressivespeech_165::2,random440_expressivespeech_165,analysis,3.0441185235977173,1.4191805124282837,5.416460037231445,0.8272778099550688,0.7579710144927536,1.0,0.7821739130434783,0.7891045925897099,0.7960352721359412,0.8029659516821729,True,你要怎么处理人家老婆已经知道了他老婆真来找你你怎么办,你要怎么处理？人家老婆已经知道了，他老婆真来找你，你怎么办？,Chinese,gender: female; age: adult; voice timbre: bright; prosody: rhythmically monotonous
random440_expressivespeech_165::3,random440_expressivespeech_165,analysis,3.0449869394302365,1.4183295965194702,5.422191143035889,0.8267891913189308,0.9900709219858156,0.875,0.9785638297872341,0.9622356567205456,0.945907483653857,0.9295793105871687,False,"你又怎么了处理,人家老婆已经知道了,他老婆真来找你,你怎么办?",你要怎么处理？人家老婆已经知道了，他老婆真来找你，你怎么办？,Chinese,gender: female; age: adult; emotion intensity: medium; speaking rate: moderate; pitch: high; prosody: fluctuating intonation; pauses: no dramatic pauses
random440_deear_010::0,random440_deear_010,analysis,3.1309047698974606,1.480041742324829,5.5028767585754395,0.7729597157684617,0.36666666666666664,0.9375,0.42374999999999996,0.46437930491017954,0.505008609820359,0.5456379147305386,True,他提出了原子结构理论并且在量子力学领域中做出了突出的贡献,他提出了原子结构理论，并且在量子力学领域中做出了突出的贡献。,Chinese,gender: male; age: adult; voice timbre: neutral; emotion: neutral; emotion intensity: low; speaking rate: moderate; prosody: monotone; pauses: no pause
random440_deear_010::1,random440_deear_010,analysis,3.124546670913696,1.4746246337890625,5.499740123748779,0.7773185212371687,0.596969696969697,0.9375,0.6310227272727273,0.6490576096994746,0.6670924921262217,0.6851273745529689,True,"他提出了原子结构理论,并且在量子力学领域中做出了突出的贡献。",他提出了原子结构理论，并且在量子力学领域中做出了突出的贡献。,Chinese,gender: male; age: adult; voice timbre: bright; emotion: neutral; emotion intensity: low; speaking rate: moderate; pitch: medium; prosody: monotonic intonation; pauses: a brief pause at the end
random440_expressivespeech_312::0,random440_expressivespeech_312,analysis,3.6088896989822388,1.985812783241272,5.410256385803223,0.34187263150393526,0.6173913043478261,1.0,0.6556521739130434,0.6281003066286543,0.6005484393442653,0.5729965720598763,False,"I did not. I said you could ride in the back of Robert's police car, I never said you should get out of a car.",I did not. I said you could ride in the back of Robert's police car. I never said you should get out of the car.,English,"gender: female; age: adult; accent: US English; voice timbre: bright; emotion: angry; emotion intensity: high; speaking rate: slow; pitch: low; volume: medium; emphasis: emphasized; emphasized words: did not, back of, police car, should get out of a car; prosody: monotone; pauses: no entailment pography"
random440_expressivespeech_312::1,random440_expressivespeech_312,analysis,3.6317874908447267,2.0065371990203857,5.417500972747803,0.3219064686180264,0.6449275362318841,0.96875,0.6773097826086958,0.64500767584731,0.6127055690859242,0.5804034623245384,False,I didn't. I said you could ride in the back of Robert's police car never said you should get out of a car,I did not. I said you could ride in the back of Robert's police car. I never said you should get out of the car.,English,gender: female; age: teenager; accent: US English; voice timbre: bright; emotion: neutral; emotion intensity: low; speaking rate: moderate; pitch: medium; prosody: consistent pitch without notable variation; pauses: short pause between phrases
random440_expressivespeech_312::3,random440_expressivespeech_312,analysis,3.630043840408325,2.0063111782073975,5.412442207336426,0.3234053430161744,0.5840579710144927,0.96875,0.6225271739130436,0.5964619111132117,0.5703966483133799,0.5443313855135481,False,"I did not. I sent you could ride in the back of Robert's police car, never said you should get一口a cold",I did not. I said you could ride in the back of Robert's police car. I never said you should get out of the car.,English,gender: female; age: adult; accent: US English; voice timbre: bright; emotion: neutral; emotion intensity: low; speaking rate: moderate; pitch: medium; prosody: ups and downs; pauses: short pause between phrases
random440_expressivespeech_057::0,random440_expressivespeech_057,analysis,3.652258348464966,2.125480890274048,5.089258193969727,0.3045884538679822,0.6706666666666667,0.9375,0.6973500000000001,0.6607421787201316,0.6241343574402631,0.5875265361603947,False,"I do. I just - I never knew that you thought Robert was more attractive. I mean, thanks. I'm growing up with Robert, okay? I see parts of him that aren't so pretty. I've been in the tub with this guy. Thank you. That's all.","I do. I just—I never knew that you thought Robert was more attractive. Let me tell you something. I grew up with Robert. Okay, I seen parts of him that aren't so pretty. I've been in a tub with this guy.",English,"gender: male; age: adult; accent: US English; voice timbre: bright; emotion intensity: high; pitch: high; volume: high; emphasis: emphasized; emphasized words: belief, implied; prosody: neutral and even with occasional emphasis; pauses: not provided"
random440_expressivespeech_057::1,random440_expressivespeech_057,analysis,3.643314838409424,2.1157302856445312,5.091948509216309,0.31209035557543585,0.5,0.875,0.5375,0.5187090355575436,0.4999180711150872,0.4811271066726308,False,"I do. I just... I never knew that you thought Robert was more attractive. Let me think some. I grew up with Robert, okay? I've seen parts of him that aren't so pretty. I've been in the tub with this guy.","I do. I just—I never knew that you thought Robert was more attractive. Let me tell you something. I grew up with Robert. Okay, I seen parts of him that aren't so pretty. I've been in a tub with this guy.",English,gender: male; age: adult; accent: US English; voice timbre: neutral; emotion: neutral; prosody: monotone with moments of intensity; pauses: oy?
random440_expressivespeech_057::2,random440_expressivespeech_057,analysis,3.629994773864746,2.102360725402832,5.092113494873047,0.32344757421971043,0.391358024691358,0.875,0.43972222222222224,0.43293117717505747,0.4261401321278927,0.419349087080728,False,I do. I just... I never knew that you felt Robert was more attractive. Let me tell you something... I grew up with Robert. Okay? I see parts of him that aren't so pretty. I've been in the tub with this guy. Yes.,"I do. I just—I never knew that you thought Robert was more attractive. Let me tell you something. I grew up with Robert. Okay, I seen parts of him that aren't so pretty. I've been in a tub with this guy.",English,gender: male; age: adult; voice timbre: breathy; emotion: neutral; emotion intensity: low; speaking rate: slow; pitch: high; volume: medium; prosody: repetitive intonation with slight emphasis on 'part'
random440_expressivespeech_309::0,random440_expressivespeech_309,analysis,3.983700227737427,2.3363564014434814,5.491146087646484,0.10629060793521317,0.5,0.9375,0.54375,0.5043790607935213,0.46500812158704263,0.42563718238056397,False,跟刘文文有什么关系啊跟我三鞠躬叫人师父我来知道知道,跟刘雯雯有什么关系啊？哎，跟我三鞠躬，叫人师傅，我来指导指导。,Chinese,gender: male; age: adult; voice timbre: neutral; emotion: neutral; emotion intensity: low; speaking rate: slow; pitch: low; prosody: monotone; pauses: a clear cutting word in the middle
random440_expressivespeech_309::1,random440_expressivespeech_309,analysis,3.983878707885742,2.3377742767333984,5.4870147705078125,0.106223939765424,0.36666666666666664,0.9375,0.42374999999999996,0.39770572730987575,0.3716614546197515,0.3456171819296272,False,跟刘雯雯有什么关系跟我三鞠躬叫声师傅我来试试 worthwhile,跟刘雯雯有什么关系啊？哎，跟我三鞠躬，叫人师傅，我来指导指导。,Chinese,gender: male; age: adult; emotion: angry; emotion intensity: low; speaking rate: moderate; pitch: high; emphasis: emphasized; prosody: strong intonation; pauses: short pause
random440_expressivespeech_309::3,random440_expressivespeech_309,analysis,3.9586907863616942,2.312941551208496,5.485830783843994,0.11600336960792147,0.5,0.96875,0.546875,0.5084753369607922,0.4700756739215843,0.43167601088237645,False,跟刘雯雯有什么关系啊跟我三鞠躬叫人师父我来知道知道,跟刘雯雯有什么关系啊？哎，跟我三鞠躬，叫人师傅，我来指导指导。,Chinese,gender: male; age: adult; voice timbre: bright; emotion: neutral; emotion intensity: low; speaking rate: moderate; pitch: high; volume: low; prosody: monotone; pauses: short pause at the end
random440_expressivespeech_076::0,random440_expressivespeech_076,analysis,2.5642974138259884,1.040906548500061,5.077969551086426,0.969342422189061,0.6666666666666666,1.0,0.7,0.7302675755522394,0.7605351511044788,0.7908027266567182,True,"It'll take approximately ten minutes, but maybe a little less.","It'll take approximately ten minutes, but maybe a little less.",English,gender: female; age: adult; voice timbre: bright; emotion: neutral; speaking rate: moderate; prosody: somewhat expressive; pauses: serious
random440_expressivespeech_076::1,random440_expressivespeech_076,analysis,2.5818903207778927,1.0538774728775024,5.093376159667969,0.9672178570999758,0.5,1.0,0.55,0.5967217857099976,0.6434435714199951,0.6901653571299927,False,This announcement will take approximately 10 minutes.,"It'll take approximately ten minutes, but maybe a little less.",English,"age: adult; voice timbre: breathy; emotion: neutral; speaking rate: slow; pitch: low; volume: medium; emphasis: emphasized; emphasized words: approximately, minutes; prosody: stately; pauses: short segment at the end"
random440_expressivespeech_076::3,random440_expressivespeech_076,analysis,2.6040460824966427,1.0688227415084839,5.117411136627197,0.9643393180871501,0.5333333333333333,1.0,0.58,0.6231005984753817,0.6662011969507633,0.709301795426145,False,"It'll take approximately 10 minutes, but maybe a little less.","It'll take approximately ten minutes, but maybe a little less.",English,gender: male; age: adult; accent: US English; voice timbre: neutral; emotion: neutral; speaking rate: moderate; pitch: low; volume: medium; prosody: steady intonation; pauses: a brief pause after 'little less'
random440_expressivespeech_292::0,random440_expressivespeech_292,analysis,3.0207018613815304,1.6895681619644165,4.437112331390381,0.84004473080429,0.4,0.90625,0.45062500000000005,0.4946294730804291,0.538633946160858,0.582638419241287,False,"Yep, you're gonna want to break off all the other little parts, take off like all the little—","Yep, you're gonna want to break off all the other little parts. Take off like all the little. You see the it's got a little extra branch sticking off there. We want it to be just a straight stick. Yeah. Okay, great. Uh, here's a marshmallow. How many do you want?",English,gender: female; age: adult; voice timbre: neutral; emotion: neutral; speaking rate: moderate; pitch: low; volume: medium
random440_expressivespeech_292::1,random440_expressivespeech_292,analysis,3.008330678939819,1.6769394874572754,4.4379706382751465,0.8464754286004531,0.5072463768115942,0.96875,0.5533967391304349,0.5873196443093207,0.6212425494882067,0.6551654546670926,False,"Yeah! You're gonna want to break off all the other little parts, take off like all the little. You see the it's got a little extra branch sticking off there? We want it to be just a straight stick. Yeah?","Yep, you're gonna want to break off all the other little parts. Take off like all the little. You see the it's got a little extra branch sticking off there. We want it to be just a straight stick. Yeah. Okay, great. Uh, here's a marshmallow. How many do you want?",English,gender: female; age: adult; voice timbre: neutral; prosody: slightly changed rhythm; pauses: a pause at the end of the sentence
random440_expressivespeech_148::0,random440_expressivespeech_148,analysis,3.6449175596237184,1.9119876623153687,5.776432991027832,0.31073855825662067,0.7388888888888889,0.9375,0.75875,0.7159349669367732,0.6731199338735464,0.6303049008103196,False,你请我吃饭嗯不是这不是过年也不是过节的你请我吃什么饭啊,请我吃饭，嗯，不是这不不是过年，也不是过节的，你请我吃什么饭啊？,Chinese,gender: male; age: adult; voice timbre: neutral; emotion: neutral; emotion intensity: low; speaking rate: moderate; pitch: low; volume: medium; prosody: verbal
random440_expressivespeech_148::3,random440_expressivespeech_148,analysis,3.6644295215606686,1.9301927089691162,5.780789375305176,0.2945441662154298,0.8190476190476191,0.90625,0.8277678571428573,0.7753175118596385,0.7228671665764193,0.6704168212932005,False,"你请我吃饭,不是这不是过年也不是过节的,你请我吃什么饭啊。",请我吃饭，嗯，不是这不不是过年，也不是过节的，你请我吃什么饭啊？,Chinese,gender: male; age: adult; voice timbre: bright; emotion: neutral; speaking rate: moderate; volume: medium; prosody: steady intonation; pauses: no significant pauses
random440_expressivespeech_111::0,random440_expressivespeech_111,analysis,3.307785606384277,1.6837131977081299,5.413574695587158,0.6293369761206716,0.3333333333333333,0.96875,0.396875,0.42647536427873384,0.45607572855746764,0.48567609283620145,True,Jeff heard you.,Jeff heard you.,English,gender: male; age: adult; accent: US English; voice timbre: bright; emotion: neutral; speaking rate: moderate; pitch: medium; prosody: steady intonation
random440_expressivespeech_111::1,random440_expressivespeech_111,analysis,3.1803289413452145,1.5513720512390137,5.429856300354004,0.7370514299280058,0.36666666666666664,0.90625,0.42062499999999997,0.4576634763261339,0.49470195265226785,0.5317404289784018,True,Jeff heard you!,Jeff heard you.,English,gender: male; accent: US English; voice timbre: bright; emotion: angry; emotion intensity: high; speaking rate: moderate; pitch: low; prosody: strong intonation with emphasis; pauses: no significant pauses; nonverbal vocalizations: sigh
random440_expressivespeech_111::2,random440_expressivespeech_111,analysis,3.2783607721328734,1.6556955575942993,5.408884048461914,0.6559077323699412,0.4,0.84375,0.4443750000000001,0.4699657732369942,0.49555654647398817,0.5211473197109824,True,Jeff heard you.,Jeff heard you.,English,gender: male; age: adult; accent: US English; voice timbre: bright; speaking rate: moderate; pitch: medium; prosody: clear and articulate; pauses: no specific pause
random440_expressivespeech_111::3,random440_expressivespeech_111,analysis,3.317267966270447,1.689996361732483,5.424238681793213,0.6205954782676142,0.5333333333333333,0.90625,0.5706249999999999,0.5793512144934281,0.5880774289868562,0.5968036434802844,True,Jeff heard you!,Jeff heard you.,English,gender: male; age: adult; voice timbre: bright; emotion: surprised; emotion intensity: high; speaking rate: fast; pitch: high; prosody: advocating; pauses: no
random440_expressivespeech_016::1,random440_expressivespeech_016,analysis,2.831395220756531,1.311336874961853,5.066861152648926,0.9170680562584397,0.7818181818181817,0.9375,0.7973863636363636,0.8109113510803895,0.8244363385244151,0.8379613259684411,False,"Uh, you know, it looks like a fun party and my phone is dead, I might as well. Can't keep boozering. Sweet, let's do it.","Uh, you know, it looks like a fun party, and my phone is dead. I might as well. Can't keep boobering. Sweet, let's do it.",English,"gender: female; age: adult; voice timbre: neutral; emotion: happy; emotion intensity: high; speaking rate: moderate; pitch: medium; volume: medium; emphasis: emphasized; emphasized words: fun party, phone is dead, might as well, boozering, let's do it; prosody: and"
random440_expressivespeech_016::2,random440_expressivespeech_016,analysis,2.8369004011154173,1.316846489906311,5.0668463706970215,0.9154062698274636,0.5641025641025641,0.96875,0.6045673076923077,0.6396976782647977,0.6748280488372876,0.7099584194097777,False,"Uh, you know it looks like a fun party and my phone is dead. I might as well can't keep babering sweet, let's do it","Uh, you know, it looks like a fun party, and my phone is dead. I might as well. Can't keep boobering. Sweet, let's do it.",English,"gender: female; age: adult; accent: US English; voice timbre: bright; emotion: happy; emotion intensity: high; speaking rate: moderate; pitch: medium; volume: high; emphasis: emphasized; emphasized words: fun party, phone is dead, can't keep babering; prosody: fluctuating intonation; pauses: no distinct pauses"
random440_expressivespeech_016::3,random440_expressivespeech_016,analysis,2.835813593864441,1.316318154335022,5.0649847984313965,0.9157367084830809,0.4,1.0,0.4600000000000001,0.5115736708483082,0.5631473416966162,0.6147210125449243,False,This is an example sentence.,"Uh, you know, it looks like a fun party, and my phone is dead. I might as well. Can't keep boobering. Sweet, let's do it.",English,gender: female; age: adult; accent: US English; voice timbre: bright; emotion: neutral; emotion intensity: low; speaking rate: moderate; pitch: medium; volume: medium; prosody: steady intonation; pauses: a brief pause at the end
random440_deear_016::2,random440_deear_016,analysis,3.8537542819976807,2.4278926849365234,4.752871990203857,0.16546887745620462,0.7777777777777778,0.9375,0.7937500000000001,0.7325191099678426,0.6712882199356853,0.6100573299035281,False,"It's probably going to be a little hot. Um, but I would also take some pants too. Did you get the pants? Okay, cool. And then, I think the rest of the stuff is mostly like snacks and stuff. So do you want like some? This is trail mix.","It's probably gonna be a little hot, but I would also take some pants too. Did you get the pants? Okay, cool. And then I think that the rest of the stuff is just mostly like snacks and stuff. So do you want like some? It says trail mix. It says.",English,gender: female; age: adult; voice timbre: neutral; emotion: neutral; emotion intensity: low; speaking rate: moderate; prosody: consistent volume; pauses: no noticeable pause at the end
random440_expressivespeech_138::0,random440_expressivespeech_138,analysis,5.871150970458984,4.218202114105225,5.509829521179199,7.09744245370466e-05,0.16666666666666666,0.5625,0.20625,0.18959043077578702,0.17293086155157406,0.15627129232736112,False,"大家好,我们在 essays 在唐家贡英成立了个说古 autobots 支援中心。",那个老姜，别吃醋了，快下来吃螃蟹吧！啊，都准备好了，大螃蟹。老姜，刚才你说我们什么？别吃醋啊，快下来吃螃蟹。谁说我们吃醋了？你老婆呀，你太太，快下来，来来来来来，太太，快上来吧。,Chinese,Speak naturally in a neutral voice.
random440_expressivespeech_138::2,random440_expressivespeech_138,analysis,5.871150970458984,4.218202114105225,5.509829521179199,7.09744245370466e-05,0.5737373737373737,0.5625,0.5726136363636364,0.5152469964323526,0.45788035650106895,0.40051371656978535,False,一个人叫人老家别吃醋快下来吃螃蟹吧就准备好了大螃蟹触动态你什么别吃醋这下来吃螃蟹真说我们吃醋了你老婆你们太太拿到了来人上衣吧。,那个老姜，别吃醋了，快下来吃螃蟹吧！啊，都准备好了，大螃蟹。老姜，刚才你说我们什么？别吃醋啊，快下来吃螃蟹。谁说我们吃醋了？你老婆呀，你太太，快下来，来来来来来，太太，快上来吧。,Chinese,Speak naturally in a neutral voice.
random440_expressivespeech_254::1,random440_expressivespeech_254,analysis,2.9473838090896605,1.337354302406311,5.366765022277832,0.8751129320416906,0.6444444444444444,0.84375,0.6643749999999999,0.6874418487597246,0.7105086975194491,0.7335755462791739,False,Let's do it! Let's do it! We we we can uh... take the tram from um... from the from the from the park and ride.,Let's do it. Let's do it. We we we can you know we we can take the tram from um you know from the from the from the park and ride.,English,"gender: male; voice timbre: breathy; emotion intensity: high; speaking rate: fast; emphasis: emphasized; emphasized words: do it, take the tram, park and ride; prosody: slightly reverberant with papered resonance; pauses: short nasal込むs before and after emphasis; nonverbal vocalizations: laughter"
random440_expressivespeech_254::3,random440_expressivespeech_254,analysis,2.9138499975204466,1.3045064210891724,5.364478588104248,0.8888296336878392,0.5901960784313726,0.96875,0.6280514705882354,0.6579148261138821,0.6877781816395288,0.7176415371651754,False,Let's do it! We can take the tram from the park and ride.,Let's do it. Let's do it. We we we can you know we we can take the tram from um you know from the from the from the park and ride.,English,gender: male; age: adult; voice timbre: neutral; emotion: happy; emotion intensity: high; speaking rate: moderate; emphasis: emphasized; emphasized words: we can take the tram; prosody: moderate pace; pauses: short pause between 'do it' and 'we'
random440_deear_087::0,random440_deear_087,analysis,2.696430230140686,1.1557098627090454,5.135734558105469,0.9495027531894203,0.4666666666666667,0.84375,0.504375,0.5526586086522753,0.6009422173045508,0.6492258259568261,False,"我真的很生气,帮我翻译成中文,保持我的情绪",我真的很神奇，帮我翻译成中文，保持我的情绪。我真的很神奇，你能帮我做点什么吗？,Chinese,gender: male; age: adult; emotion: angry; emotion intensity: high; prosody: 변화가 나의 목소리를 더 강조; pauses: no significant pauses
random440_deear_087::2,random440_deear_087,analysis,2.7299425840377807,1.1865342855453491,5.1446943283081055,0.9427948813794478,0.43333333333333335,0.96875,0.486875,0.5378211548046115,0.588767309609223,0.6397134644138345,False,"我真的很生气, 帮我翻译成中文, 保持我的情绪。我真的很生气, 你能帮我做点什么吗?",我真的很神奇，帮我翻译成中文，保持我的情绪。我真的很神奇，你能帮我做点什么吗？,Chinese,"gender: male; age: adult; voice timbre: bright; emotion: angry; emotion intensity: high; speaking rate: moderate; pitch: high; emphasis: emphasized; emphasized words: 我真的很生气, 帮我翻译成中文; prosody: very expressive; pauses: no pause"
random440_expressivespeech_246::0,random440_expressivespeech_246,analysis,3.9130371570587155,2.454665184020996,4.861239910125732,0.13572450555254575,0.6901960784313725,0.96875,0.7180514705882354,0.6626043133003526,0.6071571560124699,0.5517099987245874,False,结婚不就是得生孩子吗?有问题吗?,那结婚不就是得生孩子吗？有问题吗？,Chinese,gender: male; age: adult; voice timbre: neutral; emotion: neutral; emotion intensity: low; speaking rate: moderate; pitch: medium; volume: medium; prosody: varied intonation with minimal intensity variation; pauses: no specific pausation
random440_expressivespeech_246::1,random440_expressivespeech_246,analysis,3.860900068283081,2.402060031890869,4.862800121307373,0.16162407868533313,0.8733333333333333,0.53125,0.839125,0.7679540745351999,0.6967831490703998,0.6256122236056,False,这结婚不就是得生孩子吗?有意见吗.,那结婚不就是得生孩子吗？有问题吗？,Chinese,Speak naturally in a neutral voice.
random440_expressivespeech_338::2,random440_expressivespeech_338,calibration,3.1744266986846923,1.6828536987304688,4.971909999847412,0.7415258859131513,0.3,0.90625,0.36062500000000003,0.40477758859131513,0.44893017718263023,0.49308276577394544,False,"头,你有车,还有司机。那是的,你送我走吧。小金呢?小金",啊，原来你有车还有司机，那是得你送我走吧？小金呢？小金。,Chinese,gender: female; age: adult; accent: Mandarin; voice timbre: bright; emotion: neutral; emotion intensity: low; speaking rate: moderate; prosody: neutral intonation; nonverbal vocalizations: laughter
random440_expressivespeech_215::0,random440_expressivespeech_215,analysis,3.2976686000823974,1.5949606895446777,5.675693035125732,0.6385708830615847,0.5,0.875,0.5375,0.5513570883061585,0.565214176612317,0.5790712649184755,False,"I'm... no... I'm... (laughter) I owe you, and you owe me. That's marriage, all right? I mean, it's not-- it's not my fault. You made a bad deal.","I know. I own you, and you own me. That's marriage. All right. It's not my fault. You made a bad deal.",English,gender: male; age: elderly; voice timbre: bright; emotion: angry; emotion intensity: high; speaking rate: slow; pitch: low; prosody: irregular intonation with emphasized segments; pauses: occasional filler sounds for emphasis
random440_expressivespeech_215::1,random440_expressivespeech_215,analysis,3.300063896179199,1.6015071868896484,5.661855697631836,0.6363936093252234,0.5333333333333333,0.75,0.5549999999999999,0.565306027599189,0.5756120551983779,0.585918082797567,False,"I'm no!现代物流企业响应速度为什么特别快?我们现在使用的是高速数据库,能够立即处理大量事务,数据传输延迟不超过0.005秒。此外,我们采用的网络技术也支持瞬间响应,客户可以很快收到答案。","I know. I own you, and you own me. That's marriage. All right. It's not my fault. You made a bad deal.",English,gender: male; age: adult; accent: US English; speaking rate: fast; prosody: variable; pauses: short
random440_expressivespeech_215::2,random440_expressivespeech_215,analysis,3.2838744163513183,1.582702875137329,5.670571804046631,0.6509967580552738,0.6,0.84375,0.624375,0.6294746758055273,0.6345743516110547,0.6396740274165822,False,"I’m no! *(laughter andHigher-pitched, halting speech)* I owe you, and you owe me. That’s marriage. All right? It’s not my fault. You made a bad deal.","I know. I own you, and you own me. That's marriage. All right. It's not my fault. You made a bad deal.",English,gender: male; voice timbre: breathy; emotion: angry; emotion intensity: high; speaking rate: fast; prosody: emotional and demonstrative; pauses: no pauses; nonverbal vocalizations: laughter
random440_expressivespeech_031::1,random440_expressivespeech_031,calibration,2.586932754516601,1.1315276622772217,4.8513503074646,0.9665831284845954,0.611111111111111,0.96875,0.646875,0.6824222017373485,0.7179694034746968,0.7535166052120453,False,Formatting and computer labs. I thought it would be0nerdy and lame. Haha.,"Formatting in computer labs. In here, I thought it would be nerdy and lame.",English,gender: female; age: adult; accent: US English; voice timbre: breathy; emotion: neutral; speaking rate: moderate; pitch: low; volume: medium; prosody: monotone intonation; pauses: no notable pauses
random440_expressivespeech_031::2,random440_expressivespeech_031,calibration,2.6057588338851927,1.1402689218521118,4.8849663734436035,0.9641069212020996,0.43333333333333335,0.9375,0.48375,0.5368273587868766,0.5899047175737533,0.64298207636063,False,"Formatting and computer labs are commonplace in this area, yet some offices fear they are gritty and outdated.","Formatting in computer labs. In here, I thought it would be nerdy and lame.",English,gender: male; age: adult; accent: US English; voice timbre: neutral; emotion: neutral; speaking rate: moderate; prosody: monotone delivery; pauses: a brief natural pause
random440_expressivespeech_031::3,random440_expressivespeech_031,calibration,2.5857497215270993,1.128138780593872,4.858703136444092,0.9667331027101821,0.6333333333333333,0.71875,0.641875,0.675214976937685,0.7085549538753698,0.7418949308130547,False,In computer labs here I thought it would be nerdy.,"Formatting in computer labs. In here, I thought it would be nerdy and lame.",English,gender: female; age: adult; accent: US English; voice timbre: bright
random440_expressivespeech_068::2,random440_expressivespeech_068,analysis,4.095061159133911,2.273576021194458,6.071617126464844,0.0712781107156846,0.3333333333333333,0.96875,0.396875,0.3706694777382351,0.34446395547647024,0.31825843321470537,False,没人啊连这耳朵也没了,哎呦，没人啊！哎呦，等等等，关吧关吧，这耳朵也是没治了。,Chinese,"gender: male; age: adult; emotion: sad; emotion intensity: high; speaking rate: moderate; pitch: low; volume: medium; emphasis: emphasized; emphasized words: 耳朵, 没人; prosody: melancholic; pauses: a momentary pause after announcement"
random440_expressivespeech_310::1,random440_expressivespeech_310,analysis,3.7644444465637203,2.3357033729553223,4.762470245361328,0.21980480424026738,0.5933333333333334,0.9375,0.62775,0.5903971470906935,0.5530442941813868,0.5156914412720803,False,Why werestripe noirc ... because of me? again?,Why? Why? Because of me?,English,gender: female; age: adult; accent: US English; voice timbre: bright; speaking rate: moderate; prosody: neutral intonation; pauses: no pauses implied
random440_expressivespeech_310::3,random440_expressivespeech_310,analysis,3.6198160648345947,2.185847043991089,4.7798967361450195,0.3322697917258804,0.3,1.0,0.37,0.37322697917258807,0.37645395834517603,0.3796809375177641,False,"Why,温暖为什么,因为是我?",Why? Why? Because of me?,English,voice timbre: breathy; speaking rate: fast; pitch: high; volume: high; prosody: emphasized
random440_expressivespeech_101::1,random440_expressivespeech_101,calibration,3.234260582923889,1.7278367280960083,5.0214128494262695,0.6939326441046819,0.4,0.8125,0.44125000000000003,0.4706432644104683,0.5000365288209364,0.5294297932314046,False,A homeless and desperate person截图 is cherished by a shady party.,"Chip Fielder, no, that's all fake. Fake is Trisha Tazaki's shelter dogs. Careful, buddy. Look, maybe you should go.",English,gender: male; age: teenager; emotion: neutral; speaking rate: fast; prosody: fluctuating intonation; pauses: no significant pauses
random440_expressivespeech_101::2,random440_expressivespeech_101,calibration,3.25181405544281,1.7441104650497437,5.025678634643555,0.6790755333957498,0.5266666666666667,0.875,0.5615000000000001,0.5767408866729083,0.5919817733458167,0.607222660018725,False,"Ship Palmer does not only think it’s Trisha taking Jessica to foster dogs. Jeff says, 'Well, maybe you should go.'","Chip Fielder, no, that's all fake. Fake is Trisha Tazaki's shelter dogs. Careful, buddy. Look, maybe you should go.",English,gender: male; age: adult; accent: US English; voice timbre: bright; emotion: neutral; speaking rate: moderate; prosody: slightly monotone; pauses: short to moderate pauses
random440_expressivespeech_101::3,random440_expressivespeech_101,calibration,3.2684934377670287,1.7592843770980835,5.030696868896484,0.6646133739030234,0.3814814814814815,0.96875,0.4402083333333333,0.46852152257548757,0.49683471181764166,0.525147901059796,False,ship fielder no thats no fake fake is tricia to_props dogs yep oh somebody but maybe you should go,"Chip Fielder, no, that's all fake. Fake is Trisha Tazaki's shelter dogs. Careful, buddy. Look, maybe you should go.",English,gender: male; age: adult; accent: US English; voice timbre: neutral; emotion: neutral; speaking rate: moderate; pitch: low; prosody: neutral; pauses: a moderate pause between phrases
random440_deear_014::0,random440_deear_014,calibration,3.0847568035125734,1.4890751838684082,5.318938732147217,0.8032312410027077,0.6666666666666666,1.0,0.7,0.7136564574336041,0.7273129148672082,0.7409693723008123,False,"Barry, what's this? And I go, I don't know. Just goes back.","Barry, what's this? And I go, I don't know. She goes, is this?",English,gender: male; age: adult; voice timbre: neutral; emotion: neutral; speaking rate: slow; pitch: low; volume: medium; prosody: emotionally neutral; pauses: no pause
random440_deear_014::3,random440_deear_014,calibration,3.0740676164627074,1.4815176725387573,5.308499813079834,0.8097916945965229,0.4,0.9375,0.45375000000000004,0.49472916945965234,0.5357083389193046,0.5766875083789569,False,"What's this, and I go, 'I don't know. Is he just本地词汇, 强调可能词 upcoming?'.","Barry, what's this? And I go, I don't know. She goes, is this?",English,gender: male; age: adult; voice timbre: bright; emotion: neutral; speaking rate: moderate; volume: medium; prosody: stretches with emphasis传递强弱; pauses: a brief moment before emphasis fabric; nonverbal vocalizations: laughter
random440_expressivespeech_041::1,random440_expressivespeech_041,calibration,3.296908736228943,1.7801395654678345,5.055897235870361,0.6392604006044953,0.7595238095238095,0.9375,0.7773214285714286,0.7652950876794972,0.7532687467875657,0.7412424058956343,False,"你有本事什么玩意儿,我弄你。他说就你这样的还不着急。你现在都是重点观察对象了,你知道不?天天袭了马刷,你说你那哪有一点学生的样啊?",你耳朵那什么玩意儿？无脑，给我说，就你这样的还不着急？你现在都是重点观察对象了，你知道不？天天吸了马哈，你说你哪有一点学生的样子？,Chinese,"gender: male; age: elderly; voice timbre: rough; emotion: angry; emotion intensity: high; speaking rate: moderate; pitch: low; volume: high; emphasis: emphasized; emphasized words: 你有那什么玩意儿, 弄你, 重点观察对象, 袭了马刷, 哪有一点学生的样子; pauses: momentary emphasis on '重点观察对象'"
random440_expressivespeech_319::1,random440_expressivespeech_319,analysis,3.075934910774231,1.6160212755203247,4.8663787841796875,0.808657832261752,0.8333333333333334,0.9375,0.84375,0.841282449892842,0.8388148997856838,0.8363473496785256,True,"Oh, come on. You know your girl Sophie is always on trend. I was the first one wearing Crocs. I brought the Crocs craze to America.",Oh come on! You know your girl Sophie is always on trend. I was the first one wearing Crocs. I brought the Crocs craze to America.,English,gender: female; age: adult; accent: US English; voice timbre: bright; emotion: happy; emotion intensity: high; speaking rate: moderate; pitch: medium; prosody: elevated intonation; pauses: brief pause at the end; nonverbal vocalizations: laughter
random440_deear_040::2,random440_deear_040,analysis,2.3163975238800045,1.1533128023147583,3.8769490718841553,0.9882118640648955,0.5,0.96875,0.546875,0.5956961864064896,0.6445173728129792,0.6933385592194687,False,dogs is sitting by the door,Dogs are sitting by the door.,English,gender: male; age: adult; voice timbre: breathy; emotion: neutral; emotion intensity: low; speaking rate: slow; pitch: low; volume: medium; prosody: slightly monotone; pauses: long pause between phrases
random440_deear_040::3,random440_deear_040,analysis,2.3089874267578123,1.1463056802749634,3.875605821609497,0.9885466058952338,0.3333333333333333,0.96875,0.396875,0.46239632725619,0.5279176545123802,0.5934389817685701,False,The dog is sitting by the door.,Dogs are sitting by the door.,English,gender: male; age: adult; voice timbre: breathy; emotion: neutral; emotion intensity: low; speaking rate: moderate; pitch: low; volume: medium; prosody: slightly slow intonation; pauses: momentary silence after the sentence
random440_expressivespeech_185::0,random440_expressivespeech_185,analysis,3.4814056873321535,1.8404226303100586,5.469943523406982,0.461693474688117,0.9333333333333333,1.0,0.9400000000000001,0.8928360141354784,0.8456720282709567,0.7985080424064351,False,"You know that wasn't a serious offer, whatever.","Hey, you know that wasn't a serious offer.",English,gender: male; age: adult; accent: US English; voice timbre: neutral; emotion: neutral; emotion intensity: low; speaking rate: moderate; pitch: medium; volume: medium; prosody: complete prosody; pauses: a brief pause at the end
random440_expressivespeech_185::2,random440_expressivespeech_185,analysis,3.466620373725891,1.8249322175979614,5.472293853759766,0.47617509900822946,0.8666666666666667,0.9375,0.87375,0.8347008432341563,0.7956516864683125,0.756602529702469,False,"You know that wasn't a serious offer after all, oh, right?","Hey, you know that wasn't a serious offer.",English,gender: male; age: adult; accent: US English; voice timbre: bright; emotion: neutral; emotion intensity: low; speaking rate: moderate; pitch: high; prosody: 迢递缓说; pauses: a pause at the end
random440_expressivespeech_185::3,random440_expressivespeech_185,analysis,3.4668708086013793,1.825684905052185,5.4706196784973145,0.475929404845025,0.9333333333333333,1.0,0.9400000000000001,0.8942596071511691,0.8485192143023383,0.8027788214535075,False,"Hey, you know that wasn't a serious offer, after all.","Hey, you know that wasn't a serious offer.",English,gender: male; age: adult; accent: US English; voice timbre: bright; emotion: neutral; emotion intensity: low; speaking rate: moderate; pitch: medium; volume: medium; prosody: moderate intonation; pauses: short pause at the end
random440_expressivespeech_340::0,random440_expressivespeech_340,analysis,4.34826078414917,2.9748194217681885,4.5781378746032715,0.027568361810535253,0.5,0.5625,0.50625,0.4590068361810536,0.41176367236210704,0.36452050854316065,False,我知道。所以你给自己设定这样我还挺内疚的呢老公你会可别这么干了啊。你说那账号还拘守拘守的万一啊。我说万一他练过他特别能打他在商场你可怎么办啊。,我知道，所以你你给自己摔成这样，我还挺内疚的呢。老公，你以后可别这么干了啊！你说那赵凯精瘦精瘦的，万一啊，我说万一他练过，他特别能打，他再伤着你可怎么办啊？,Chinese,Speak naturally in a neutral voice.
random440_expressivespeech_340::1,random440_expressivespeech_340,analysis,4.34826078414917,2.9748194217681885,4.5781378746032715,0.027568361810535253,0.5587301587301587,0.5625,0.5591071428571429,0.5059909631651806,0.45287478347321813,0.3997586037812559,False,我知道啊所以我给自己选这个我还挺内疚的呢老公你以后可别这么干了啊你说那张卡还是受经受的万一呀万一说万一他练过他特别能打他在商量你还怎么办啊,我知道，所以你你给自己摔成这样，我还挺内疚的呢。老公，你以后可别这么干了啊！你说那赵凯精瘦精瘦的，万一啊，我说万一他练过，他特别能打，他再伤着你可怎么办啊？,Chinese,Speak naturally in a neutral voice.
random440_expressivespeech_340::2,random440_expressivespeech_340,analysis,4.34826078414917,2.9748194217681885,4.5781378746032715,0.027568361810535253,0.6296296296296297,0.5625,0.6229166666666667,0.5627105398847573,0.5025044131028478,0.4422982863209384,False,"我知道了。所以你给自己设成这样我还是挺内疚的呢。老公你以后可别这么干了啊。你说那招都还是金手金手的。万一啊。我说万一,他练过,他特别能打。他在伤着你,你可怎么办啊。",我知道，所以你你给自己摔成这样，我还挺内疚的呢。老公，你以后可别这么干了啊！你说那赵凯精瘦精瘦的，万一啊，我说万一他练过，他特别能打，他再伤着你可怎么办啊？,Chinese,Speak naturally in a neutral voice.
random440_expressivespeech_294::0,random440_expressivespeech_294,analysis,3.750188779830933,2.2883687019348145,4.8727335929870605,0.22957149055870057,0.5666666666666667,1.0,0.61,0.5762904823892034,0.5425809647784068,0.5088714471676102,True,可是我觉得您说的挺有道理的呀。,可是，我觉得您说的挺有道理的呀。,Chinese,gender: female; age: adult; voice timbre: neutral; emotion: neutral; speaking rate: moderate; prosody: neutral cadence; pauses: no pause
random440_expressivespeech_294::1,random440_expressivespeech_294,analysis,3.7227522850036623,2.2600317001342773,4.875735282897949,0.24921257228319627,0.6666666666666666,1.0,0.7,0.6582545905616529,0.6165091811233059,0.5747637716849588,True,可是我觉得您说的挺有道理的呀。,可是，我觉得您说的挺有道理的呀。,Chinese,gender: female; age: adult; accent: Mandarin; voice timbre: bright; emotion: neutral; emotion intensity: low; speaking rate: moderate; pitch: medium; volume: medium; emphasis: emphasized; emphasized words: 可是; prosody: stealthy with reduced pitch variation
random440_expressivespeech_294::2,random440_expressivespeech_294,analysis,3.7183000564575197,2.256793260574341,4.871689319610596,0.25250352927126535,0.7666666666666667,0.96875,0.7868750000000001,0.73545868626046,0.6840423725209197,0.6326260587813797,True,可是我觉得您说的挺有道理的呀,可是，我觉得您说的挺有道理的呀。,Chinese,gender: female; age: adult; accent: Mandarin; voice timbre: bright; emotion: neutral; emotion intensity: low; speaking rate: moderate; volume: medium; prosody: monotone intonation; pauses: no notable pauses
random440_expressivespeech_294::3,random440_expressivespeech_294,analysis,3.7216136932373045,2.2592294216156006,4.874614238739014,0.2500514520777257,0.7333333333333333,0.84375,0.7443749999999999,0.6960468118744392,0.6477186237488785,0.5993904356233177,True,可是我觉得您说的挺有道理的呀。,可是，我觉得您说的挺有道理的呀。,Chinese,gender: female; age: adult; voice timbre: bright; emotion: neutral; emotion intensity: low; speaking rate: moderate; prosody: slightly slower pace; pauses: no notable pauses
random440_expressivespeech_270::0,random440_expressivespeech_270,analysis,4.6341469287872314,2.926027536392212,5.693731307983398,0.009124661829270362,0.6444444444444444,0.90625,0.670625,0.6070930217384827,0.5435610434769651,0.4800290652154478,False,"你也真是的。我说,再生一个也不是不行。现在大家都在生,多生一个孩子将来多一份依靠啊。",你也真是的啊！我说再生一个也不是不行。现在大家都在生，多生一个孩子，将来多一份依靠啊。,Chinese,gender: female; age: adult; emotion: neutral; emotion intensity: low; speaking rate: moderate; pitch: high; prosody: remarkable; pauses: very brief pause at the end
random440_expressivespeech_270::1,random440_expressivespeech_270,analysis,4.6506634712219235,2.9417073726654053,5.6965203285217285,0.00855563703348919,0.596969696969697,0.90625,0.6278977272727273,0.5690563212791067,0.5102149152854858,0.45137350929186504,False,"我也真是的。我说再生一个也不是不行,现在大家都在生,多生一个孩子将来多一份依靠啊。",你也真是的啊！我说再生一个也不是不行。现在大家都在生，多生一个孩子，将来多一份依靠啊。,Chinese,gender: female; age: adult; voice timbre: bright; emotion: neutral; speaking rate: moderate; prosody: natural variances with noง שחורסiltentia ا_reservation; pauses: no distinct pause
random440_expressivespeech_270::2,random440_expressivespeech_270,analysis,4.645417881011963,2.93487548828125,5.701807975769043,0.008732437349774885,0.20833333333333334,0.90625,0.278125,0.2581649104016442,0.23820482080328834,0.2182447312049325,False,真的生气了再说也不会轻易放过你这个年纪轻轻就失业的人,你也真是的啊！我说再生一个也不是不行。现在大家都在生，多生一个孩子，将来多一份依靠啊。,Chinese,gender: female; age: adult; voice timbre: bright; emotion: angry; emotion intensity: high; speaking rate: fast; pitch: high; prosody: emotional intonation; pauses: no pause
random440_expressivespeech_270::3,random440_expressivespeech_270,analysis,4.64684739112854,2.9381906986236572,5.695522308349609,0.008683900461748623,0.5666666666666667,1.0,0.61,0.5542017233795082,0.4984034467590164,0.44260517013852463,False,"你也真是的。我说再生一个也不是不行。现在大家都在生,多生一个孩子将来多一份依靠啊。",你也真是的啊！我说再生一个也不是不行。现在大家都在生，多生一个孩子，将来多一份依靠啊。,Chinese,gender: female; age: adult; voice timbre: bright; emotion: neutral; speaking rate: moderate; pitch: medium; volume: medium; prosody: monotone; pauses: a brief pause at the end
random440_expressivespeech_334::0,random440_expressivespeech_334,calibration,3.0375359773635866,1.4225481748580933,5.3832926750183105,0.830946088265787,0.8830065359477125,0.90625,0.8853308823529413,0.8801248375847488,0.874918792816556,0.8697127480483635,True,你永远都是这样不在自己身上找原因你被同一个人骗了五次是五次啊你怎么不知道总结你自己呢,你永远都是这样，不在自己身上找原因。你被同一个人骗了五次，是五次啊！你怎么不知道总结你自己呢？,Chinese,gender: female; age: adult; voice timbre: bright; emotion: sad; speaking rate: moderate; pitch: high; emphasis: emphasized; prosody: monotone; pauses: withLongpause
random440_expressivespeech_334::1,random440_expressivespeech_334,calibration,3.045734429359436,1.4321502447128296,5.3786139488220215,0.8263677377668616,0.8539007092198581,1.0,0.8685106382978722,0.8657573411525726,0.8630040440072729,0.8602507468619734,True,你永远都是这样不在自己身上找原因你被同一个人骗了五次是五次啊你怎么不知道总结你自己呢,你永远都是这样，不在自己身上找原因。你被同一个人骗了五次，是五次啊！你怎么不知道总结你自己呢？,Chinese,gender: female; age: adult; voice timbre: neutral; emotion: angry; emotion intensity: high; speaking rate: moderate; pitch: low; volume: medium; emphasis: emphasized; emphasized words: 永远都是这样; prosody: slightly monotone; nonverbal vocalizations: sigh
random440_expressivespeech_334::2,random440_expressivespeech_334,calibration,3.0370209932327272,1.4222384691238403,5.382608413696289,0.8312304414995164,0.4666666666666667,0.9375,0.51375,0.550206377483285,0.5866627549665699,0.623119132449855,False,posited functional disconnection from temporal cortex and dysfunction in globus pallidus in Huntington tapetumUNCTIONE HD've cylinder SH должна drenchedانت Toxic Problem marshalقاره IMPACTS करें,你永远都是这样，不在自己身上找原因。你被同一个人骗了五次，是五次啊！你怎么不知道总结你自己呢？,Chinese,"gender: female; age: adult; voice timbre: breathy; emotion: angry; emotion intensity: high; speaking rate: fast; pitch: high; emphasis: emphasized; emphasized words: position of control, authority, weakness, ineffectiveness, submissive; prosody: isolated signature phrases; pauses: singleentence unstoppableizing"
random440_expressivespeech_334::3,random440_expressivespeech_334,calibration,3.0371150255203245,1.423343300819397,5.379239082336426,0.8311785491665321,0.879047619047619,1.0,0.891142857142857,0.8863559501547484,0.8815690431666398,0.8767821361785311,True,你永远都是这样不在自己身上找原因你被同一个人骗了五次是五次啊你怎么不知道总结你自己呢,你永远都是这样，不在自己身上找原因。你被同一个人骗了五次，是五次啊！你怎么不知道总结你自己呢？,Chinese,gender: female; age: adult; voice timbre: bright; emotion: sad; emotion intensity: low; speaking rate: moderate; pitch: low; volume: low; emphasis: emphasized; emphasized words: 你自己; prosody: slightly tense; pauses: no pause
random440_expressivespeech_080::2,random440_expressivespeech_080,calibration,2.93668954372406,1.4860790967941284,4.8353681564331055,0.8796380285042494,0.7333333333333333,1.0,0.7599999999999999,0.7746304695170916,0.7892609390341832,0.8038914085512748,False,She just graduated from high school and she's planning to apply for colleges and stuff. So great! She's got so much life and energy and stuff about.,"Just graduated from high school, and she's planning to apply for colleges and stuff. So great! She's so much life and energy and stuff.",English,gender: male; age: teenager; accent: US English; voice timbre: bright; emotion: happy; emotion intensity: high; speaking rate: moderate; pitch: low; volume: medium; emphasis: emphasized; emphasized words: her life and energy; prosody: varied intonation; pauses: short pause; nonverbal vocalizations: laughter
random440_expressivespeech_329::0,random440_expressivespeech_329,analysis,2.5546576976776123,1.2187530994415283,4.453015327453613,0.9704493647297334,0.5833333333333334,0.9375,0.61875,0.6574616031396401,0.69617320627928,0.7348848094189201,True,I hope so. My billable hours need to one day get paid.,I hope so. My billable hours need to one day get paid.,English,gender: female; age: adult; accent: US English; voice timbre: neutral; emotion: neutral; emotion intensity: low; speaking rate: moderate; prosody: neutral; pauses: no pause
random440_expressivespeech_329::1,random440_expressivespeech_329,analysis,2.6120996236801144,1.2746437788009644,4.458186149597168,0.9632338087425546,0.3333333333333333,0.90625,0.390625,0.45361504754092213,0.5166050950818442,0.5795951426227663,True,I hope so. My billable hours need to one day get paid.,I hope so. My billable hours need to one day get paid.,English,gender: female; age: adult; accent: US English; voice timbre: bright; emotion: happy; emotion intensity: high; speaking rate: moderate; prosody: 起来的语调和清晰的重音; pauses: a natural pause between phrases
random440_expressivespeech_329::2,random440_expressivespeech_329,analysis,2.5572788238525392,1.2215147018432617,4.452547073364258,0.9701522715140746,0.6666666666666666,0.96875,0.696875,0.7272235604847408,0.7575721209694816,0.7879206814542224,True,I hope so. My billable hours need to one day get paid.,I hope so. My billable hours need to one day get paid.,English,gender: female; age: adult; accent: US English; emotion: neutral; emotion intensity: low; speaking rate: moderate; pitch: medium; volume: medium; prosody: steady intonation; pauses: a brief pause after one clause
random440_expressivespeech_329::3,random440_expressivespeech_329,analysis,2.6227742433547974,1.2854706048965454,4.45767879486084,0.9617176131975608,0.4166666666666667,0.90625,0.465625,0.5201300946530895,0.5746351893061789,0.6291402839592684,True,I hope so. My billable hours need to one day get paid.,I hope so. My billable hours need to one day get paid.,English,gender: female; age: adult; accent: US English; voice timbre: bright; emotion: angry; emotion intensity: medium; speaking rate: moderate; prosody: slightly monotone; pauses: no pause at the end
random440_expressivespeech_110::0,random440_expressivespeech_110,analysis,4.817500972747803,3.19427227973938,5.410762310028076,0.0044570774786651945,0.8487179487179487,0.5625,0.8200961538461539,0.7356700667222256,0.651243979598297,0.5668178924743689,False,你这次还真的挺幸运的 前几天有个老太太被另一个人盗刷了一万多元 为主线在这个地方哭了整整一下午 我们看都挺心酸的 可惜啊 这伙人还到现在都没有被抓 现在的科技啊 对生活虽然说提供了便利 但是对老年人不太友好 这就给不法分子提供了不少可乘之机,你这次还真的挺幸运的。前几天有个老太太被另外一伙人盗刷了一万多块钱，在我们这儿哭了整整一个下午，我们看着都挺心酸的。可惜啊，这伙人到现在都没抓着。现在的科技对生活虽然说提供了便利，但是对老年人不太友好，这就给不法分子提供了不少可乘之机。,Chinese,Speak naturally in a neutral voice.
random440_expressivespeech_110::1,random440_expressivespeech_110,analysis,4.817500972747803,3.19427227973938,5.410762310028076,0.0044570774786651945,0.726984126984127,0.53125,0.7074107142857142,0.6351580093351681,0.5629053043846218,0.4906525994340758,False,您这次还真的挺幸运的前几天有个老太太被另外一会人盗刷了一万多块钱在我们这儿哭了整整一个下午我们看着都挺心酸的可惜啊啊这会人到现在都没抓着现在的科技啊啊对生活虽然说提供了便利但是对老年人不太友好啊这给不法分子提供了不少可乘之机,你这次还真的挺幸运的。前几天有个老太太被另外一伙人盗刷了一万多块钱，在我们这儿哭了整整一个下午，我们看着都挺心酸的。可惜啊，这伙人到现在都没抓着。现在的科技对生活虽然说提供了便利，但是对老年人不太友好，这就给不法分子提供了不少可乘之机。,Chinese,Speak naturally in a neutral voice.
random440_expressivespeech_180::0,random440_expressivespeech_180,calibration,4.016616582870483,2.311619997024536,5.683321952819824,0.09460390745488326,0.7851851851851852,0.9375,0.8004166666666667,0.7313585388936366,0.6623004111206062,0.5932422833475761,False,"真的呀,我你真是个老诸葛,我算是服了你了。",真的，我，我，你还真是个老诸葛，我算是服了你了。,Chinese,"gender: female; age: adult; voice timbre: bright; emotion: happy; emotion intensity: medium; speaking rate: moderate; emphasis: emphasized; emphasized words: , sudah pudingdeng pollen, 我算是服了你了。; prosody: slightly expressive; pauses: short vowel; nonverbal vocalizations: sigh"
random440_expressivespeech_180::3,random440_expressivespeech_180,calibration,4.0153515338897705,2.3107104301452637,5.6821370124816895,0.09503096707126489,0.5133333333333333,0.9375,0.55575,0.5139197633737932,0.47208952674758625,0.43025929012137953,False,真的啊晟波你俩还真是个老珠江我算是服了你了,真的，我，我，你还真是个老诸葛，我算是服了你了。,Chinese,"gender: female; age: adult; voice timbre: dark; emotion: happy; emotion intensity: high; speaking rate: moderate; pitch: high; emphasis: emphasized; emphasized words: 真的啊, 是一个, 真是个, 篱珠江, 我算是, 服了你了; prosody: strong intonation; pauses: no significant pauses; nonverbal vocalizations: sigh"
random440_expressivespeech_107::3,random440_expressivespeech_107,calibration,3.5942788124084473,1.9091956615447998,5.616943836212158,0.35491787994213586,0.8459770114942529,0.9375,0.8551293103448276,0.8060233971896159,0.7569174840344042,0.7078115708791926,False,我跟你说你看好你妹妹别让她胡来。我告诉你钟子存这大学不能说退就退。我在家等着你我要跟你好好谈谈。,我跟你说啊，你看好你妹妹，别让她胡来。我告诉你，钟思存，这大学不能说退就退。我在家等着你，我要跟你好好谈谈。,Chinese,"gender: male; age: adult; voice timbre: bright; emotion: angry; emotion intensity: high; speaking rate: moderate; emphasis: emphasized; emphasized words: 胡来, 退, 好好谈谈; prosody: strong"
random440_expressivespeech_025::2,random440_expressivespeech_025,calibration,3.574572896957397,1.851304531097412,5.744227886199951,0.3728564788245479,0.6071428571428571,0.90625,0.6370535714285714,0.6136249335967405,0.5901962957649096,0.5667676579330787,True,关门了啊 关大门了啊,关门了啊！关大门了啊！,Chinese,gender: male; age: elderly; voice timbre: bright; emotion: neutral; pitch: high; prosody: monotone; pauses: short breaking plane sound at the end
random440_expressivespeech_025::3,random440_expressivespeech_025,calibration,3.6811794519424437,1.9546841382980347,5.754984378814697,0.2810422133643672,0.6218487394957982,0.96875,0.6565388655462184,0.6224582129330753,0.5883775603199322,0.5542969077067892,False,关门了 关上门口了啊,关门了啊！关大门了啊！,Chinese,gender: male; age: adult; accent: Scottish English; voice timbre: bright; emotion: neutral; emotion intensity: low; speaking rate: slow; pitch: medium; emphasis: emphasized; emphasized words: 关上门口了啊; prosody: emotional delivery with occasional emphasis; pauses: no exclamation point
random440_expressivespeech_096::0,random440_expressivespeech_096,analysis,3.7581185340881347,2.049473285675049,5.695484161376953,0.22410152271361924,0.6745562130177516,0.96875,0.7039755917159765,0.6589301226855633,0.61388465365515,0.5688391846247368,False,"It was fine. Good. If it's alright with you, I invited him to your wedding. Is that alright?","It was fine, good. If it's all right with you, I I invited him to your wedding. Is that all right? Yeah, of course. Are you kidding?",English,gender: female; age: adult; accent: Scottish English; voice timbre: dark; emotion: neutral; emotion intensity: low; speaking rate: moderate; pitch: low; volume: medium; prosody: _monotone; pauses: _loud_currency
random440_expressivespeech_096::1,random440_expressivespeech_096,analysis,3.773733139038086,2.063488721847534,5.700814723968506,0.21360352356412207,0.5164835164835165,1.0,0.5648351648351649,0.5345471655432255,0.504259166251286,0.4739711669593466,False,"It was fine. Good if it's alright with you I invited him to your wedding. Is that alright? Yeah of course, you're kidding again? of course no not no","It was fine, good. If it's all right with you, I I invited him to your wedding. Is that all right? Yeah, of course. Are you kidding?",English,gender: female; age: teenager; accent: US English; voice timbre: breathy; emotion: neutral; emotion intensity: low; speaking rate: slow; pitch: low; volume: medium; prosody: very monotone; pauses: no pauses
random440_expressivespeech_096::3,random440_expressivespeech_096,analysis,3.758469009399414,2.0496463775634766,5.696075439453125,0.22386191579121276,0.6538461538461539,0.9375,0.6822115384615385,0.6392131146560444,0.5962146908505502,0.5532162670450562,False,"It was fine. Good, good. If it's alright with you, I... uh, I invited him to your wedding. Is that alright? Yeah. Of course.","It was fine, good. If it's all right with you, I I invited him to your wedding. Is that all right? Yeah, of course. Are you kidding?",English,gender: female; age: adult; accent: US English; voice timbre: bright; emotion: neutral; emotion intensity: low; speaking rate: moderate; pitch: medium; volume: medium; prosody: slightly monotone; pauses: a brief pause between 'fine' and 'good'
random440_deear_030::0,random440_deear_030,analysis,3.421823024749756,1.888153076171875,5.1122331619262695,0.5201964383316424,0.5355555555555556,0.84375,0.5663750000000001,0.5648390882776088,0.5633031765552173,0.561767264832826,False,石头剪刀布的手也要管吧化管太宽了吧,石头剪刀布的手也要管啊，爸，你管太宽了吧。,Chinese,gender: female; age: adult; voice timbre: bright; emotion: neutral; speaking rate: moderate; pitch: low; volume: medium
random440_deear_030::2,random440_deear_030,analysis,3.4570814609527587,1.9246165752410889,5.108216285705566,0.48554093472294907,0.5568627450980392,0.78125,0.5793014705882353,0.5721692895507263,0.5650371085132173,0.5579049274757083,False,"石头剪刀布的手也要管啊爸,你管突然宽了吧。",石头剪刀布的手也要管啊，爸，你管太宽了吧。,Chinese,gender: female; age: adult; emotion intensity: high; speaking rate: moderate; prosody: upward intonation; pauses: a soft halftime
random440_deear_030::3,random440_deear_030,analysis,3.4340841293334963,1.9012112617492676,5.109576225280762,0.5081500504276933,0.7022222222222222,0.96875,0.728875,0.7094677828205472,0.6900605656410943,0.6706533484616415,False,石头剪刀布的手也要管啊吧?你管得太宽了吧?,石头剪刀布的手也要管啊，爸，你管太宽了吧。,Chinese,gender: female; age: adult; voice timbre: bright; emotion: neutral; speaking rate: moderate; pitch: medium; prosody: a mix of neutral and slightly.rcParams.influenced tones; pauses: a soft pause between phrases
random440_expressivespeech_315::0,random440_expressivespeech_315,calibration,3.0905457019805906,1.5608229637145996,5.099075794219971,0.7996076417029561,0.4666666666666667,1.0,0.52,0.553294097503629,0.5865881950072579,0.6198822925108868,False,My friend that my old firm called me and she needs a new paralegal and I told her about you,"Surprise! My friend at my old firm called me, and she needs a new paralegal. And I told her about you. I.",English,gender: female; age: adult; accent: US English; voice timbre: neutral; emotion: neutral; emotion intensity: low; speaking rate: moderate; pitch: low; volume: medium; prosody: fluent flow; pauses: no significant pauses
random440_expressivespeech_315::1,random440_expressivespeech_315,calibration,3.0625503063201904,1.529102087020874,5.111494064331055,0.8166716494287325,0.5666666666666667,0.96875,0.606875,0.6318754982762067,0.6568759965524131,0.6818764948286198,False,My friend from my old firm called me asking for a new paralegal. I shared that information with you.,"Surprise! My friend at my old firm called me, and she needs a new paralegal. And I told her about you. I.",English,gender: female; age: adult; voice timbre: bright; speaking rate: fast; pitch: low; prosody: slight tension; pauses: abrupt cut-off
random440_expressivespeech_315::2,random440_expressivespeech_315,calibration,3.0917901277542112,1.5623470544815063,5.098143577575684,0.7988221872337368,0.3,0.90625,0.36062500000000003,0.4105072187233737,0.4603894374467474,0.510271656170121,False,lúc tôi và một người bạn cũ do công ty gọi tôi lên nói rằng cô ta cần một tên giá bạn tiết kiệm. Tôi đã nói với cô ta về lửa của bạn. Tôi,"Surprise! My friend at my old firm called me, and she needs a new paralegal. And I told her about you. I.",English,"gender: female; age: adult; accent: Jiang-Huai Mandarin; voice timbre: neutral; emotion: neutral; speaking rate: moderate; prosody: monotonous; pauses: no clear pause at end, but slightly slower than natural pace"
random440_expressivespeech_265::0,random440_expressivespeech_265,analysis,3.3575793504714966,1.78719961643219,5.2345991134643555,0.5826154999226155,0.6333333333333333,0.90625,0.660625,0.6555532166589282,0.6504814333178564,0.6454096499767847,False,This is incredible!,Unbelievable.,English,"gender: male; age: adult; accent: Indian English; emotion: surprised; emotion intensity: high; speaking rate: slow; emphasis: heavily emphasized; emphasized words: incredible, !; prosody: slurred and monotone; pauses: very long gap"
random440_expressivespeech_265::1,random440_expressivespeech_265,analysis,3.3159508228302004,1.7484581470489502,5.2249755859375,0.6218145503883894,0.5666666666666667,0.90625,0.600625,0.6061397883721724,0.6116545767443444,0.6171693651165169,False,It's unbelievable!,Unbelievable.,English,gender: male; age: elderly; voice timbre: bright; emotion: surprised; emotion intensity: high; speaking rate: fast; emphasis: emphasized; emphasized words: unbelievable!; prosody: intense delivery; pauses: no measurable pause; nonverbal vocalizations: sigh
random440_expressivespeech_265::2,random440_expressivespeech_265,analysis,3.030892324447632,1.4718289375305176,5.196877956390381,0.8345852240646899,0.6333333333333333,1.0,0.6699999999999999,0.6901251890731357,0.7102503781462713,0.730375567219407,False,ysterious declaration about unrelated events,Unbelievable.,English,age: adult; voice timbre: dark; emotion: surprised; emotion intensity: high; pitch: high; volume: high; prosody: energetic delivery with strong emphasis; pauses: no distinct pauses
random440_expressivespeech_027::0,random440_expressivespeech_027,analysis,3.5766231536865236,1.8864047527313232,5.634061336517334,0.3709727130449931,0.5933333333333334,0.90625,0.624625,0.602388937971166,0.580152875942332,0.557916813913498,True,It's Carnival themed carnival's have Lively piano music.,It's carnival themed. Carnivals have lively piano music.,English,gender: female; age: adult; accent: US English; voice timbre: breathy; emotion: happy; emotion intensity: high; speaking rate: moderate; pitch: high; prosody: slightly emphatic with minor upturns; pauses: shortened pause between phrases
random440_expressivespeech_027::1,random440_expressivespeech_027,analysis,3.542787170410156,1.8559918403625488,5.622651100158691,0.4025241085127164,0.5,1.0,0.55,0.5402524108512716,0.5305048217025433,0.520757232553815,True,It's carnival themed. Carnivals have lively piano music.,It's carnival themed. Carnivals have lively piano music.,English,gender: female; age: adult; accent: US English; voice timbre: neutral; emotion: neutral; emotion intensity: low; speaking rate: moderate; pitch: medium; volume: medium; prosody: controlled intonation; pauses: brief silence between sentences
random440_expressivespeech_027::2,random440_expressivespeech_027,analysis,3.568650960922241,1.8808190822601318,5.626106262207031,0.3783190633818309,0.5166666666666667,1.0,0.5650000000000001,0.5511652396715164,0.5373304793430329,0.5234957190145493,True,It's carnival themed. Carnivals have lively piano music.,It's carnival themed. Carnivals have lively piano music.,English,gender: female; age: adult; accent: US English; voice timbre: bright; emotion: neutral; emotion intensity: low; speaking rate: moderate; pitch: medium; volume: medium; prosody: monotone delivery; pauses: no pauses
random440_expressivespeech_155::0,random440_expressivespeech_155,analysis,3.8295058727264406,2.269305944442749,5.200666427612305,0.17906272192672007,0.4666666666666667,1.0,0.52,0.4912396055260053,0.46247921105201073,0.43371881657801603,False,这是不是有见人心?成语您得不落,日久见人心，瞅着您这不老。,Chinese,gender: male; age: adult; accent: Southwestern Mandarin; voice timbre: bright; emotion: neutral; emotion intensity: low; speaking rate: moderate; pitch: high; volume: low; prosody: monotone; pauses: a brief pause at the end
random440_expressivespeech_155::1,random440_expressivespeech_155,analysis,3.8427849292755125,2.2829556465148926,5.1994309425354,0.17151313639840288,0.3333333333333333,0.96875,0.396875,0.38069298030650695,0.36451096061301386,0.3483289409195209,False,这是第九件人心传克林宾的。,日久见人心，瞅着您这不老。,Chinese,gender: male; age: adult; voice timbre: rough; emotion: neutral; emotion intensity: low; speaking rate: moderate; pitch: high; volume: medium; prosody: monologue; pauses: no notable pauses beyond anticipation
random440_expressivespeech_155::3,random440_expressivespeech_155,analysis,3.8177474975585937,2.2592694759368896,5.194926738739014,0.18596251301574454,0.4,1.0,0.4600000000000001,0.43859625130157454,0.4171925026031489,0.39578875390472346,False,这是半日九见人心承中您那不了,日久见人心，瞅着您这不老。,Chinese,gender: male; age: adult; voice timbre: bright; emotion: neutral; speaking rate: moderate; pitch: high; volume: medium; emphasis: emphasized; emphasized words: 半日九见人心承中您那不了; prosody: flourishing intonation; pauses: no distinct pause
random440_expressivespeech_010::0,random440_expressivespeech_010,analysis,3.7317724227905273,2.2879199981689453,4.812841415405273,0.24263349060333533,0.5,0.6875,0.51875,0.49301334906033356,0.4672766981206671,0.4415400471810006,False,你容易来开饭。,对，容易来开班。,Chinese,gender: male; speaking rate: moderate
random440_expressivespeech_010::1,random440_expressivespeech_010,analysis,3.7091185569763185,2.263819456100464,4.817663669586182,0.2593805320767278,0.4666666666666667,0.90625,0.5106250000000001,0.48989638654100615,0.46916777308201224,0.4484391596230184,False,决定一起吃饭,对，容易来开班。,Chinese,gender: male; age: adult; emotion: neutral; speaking rate: slow; pitch: medium; emphasis: emphasized; emphasized words: 吃饭; prosody: floating pitch; pauses: long finalize
random440_expressivespeech_010::3,random440_expressivespeech_010,analysis,3.7330401897430416,2.287785291671753,4.817516326904297,0.24171833317504554,0.5333333333333333,0.9375,0.57375,0.5445884999841712,0.5154269999683424,0.4862654999525137,False,"villain 揭晓灵童,对,对 你说 了 一下 跟你说 明白  concise the task",对，容易来开班。,Chinese,gender: male; age: adult; voice timbre: rough; emotion: angry; emotion intensity: medium; speaking rate: moderate; pitch: high; volume: medium; prosody: endlessly confusing; pauses: a long pause
random440_expressivespeech_295::0,random440_expressivespeech_295,analysis,3.508422231674194,2.0184895992279053,4.966442108154297,0.43541503294001416,0.4666666666666667,0.90625,0.5106250000000001,0.5074998366273348,0.5043746732546694,0.5012495098820042,False,"Haben Sie Zeit, dass ich Ihnen helfen kann?",嗯，老三，哎，你说，嗯，好了，慢点啊。,Chinese,gender: male; age: adult; voice timbre: neutral; emotion: neutral; emotion intensity: low; speaking rate: moderate; pitch: low; emphasis: emphasized; emphasized words: Haben Sie Zeit; prosody: steady intonation; pauses: short pause after 'Haben Sie Zeit'
random440_expressivespeech_295::1,random440_expressivespeech_295,analysis,3.507860851287842,2.020620584487915,4.957467555999756,0.43595791959275776,0.36666666666666664,0.5625,0.38625,0.3931791252926091,0.40010825058521826,0.4070373758778274,False,culturally appreciation to someone),嗯，老三，哎，你说，嗯，好了，慢点啊。,Chinese,Speak naturally in a neutral voice.
random440_expressivespeech_295::2,random440_expressivespeech_295,analysis,3.507860851287842,2.020620584487915,4.957467555999756,0.43595791959275776,0.2,0.5625,0.23625000000000002,0.2598457919592758,0.28344158391855157,0.30703737587782737,False,The exact transcription is unavailable due to audio quality issues.,嗯，老三，哎，你说，嗯，好了，慢点啊。,Chinese,Speak naturally in a neutral voice.
random440_expressivespeech_295::3,random440_expressivespeech_295,analysis,3.490143823623657,2.0010955333709717,4.963494300842285,0.45316354344651527,0.26666666666666666,1.0,0.33999999999999997,0.3586496876779849,0.3772993753559697,0.3959490630339546,False,fermin gates italica itart,嗯，老三，哎，你说，嗯，好了，慢点啊。,Chinese,gender: male; age: elderly; voice timbre: nasal; prosody: not determinable; pauses: brief pause
random440_expressivespeech_150::0,random440_expressivespeech_150,analysis,3.2042047023773192,1.4886579513549805,5.718489170074463,0.718450513518959,0.5111111111111112,0.90625,0.5506250000000001,0.5713589402407848,0.5920928804815697,0.6128268207223544,True,"What? Well, I never said that.","What? Well, I never said that.",English,gender: male; age: adult; emotion: angry; emotion intensity: high; speaking rate: moderate; volume: high; prosody: Emotional rising pitch; pauses: extended pause between clauses
random440_expressivespeech_150::1,random440_expressivespeech_150,analysis,3.210298204421997,1.4925999641418457,5.725660800933838,0.7135770813830618,0.5666666666666667,0.90625,0.600625,0.6153160414716397,0.6300070829432789,0.6446981244149186,True,"What? Well, I never said that.","What? Well, I never said that.",English,"gender: male; age: adult; accent: US English; voice timbre: breathy; emotion: angry; emotion intensity: high; speaking rate: moderate; emphasis: emphasized; emphasized words: what, that; prosody: strong área; pauses: no pause"
random440_expressivespeech_211::0,random440_expressivespeech_211,analysis,3.332638311386108,1.8581225872039795,4.91505241394043,0.6062605053631549,0.6,0.96875,0.6368750000000001,0.6375010505363156,0.638127101072631,0.6387531516089465,False,你说呢大庄他也有好的地方是不是你也看看他好的方面的是不是,你说那大庄，他也有好的地方，是不是？你也看看他好的方面，是不是？,Chinese,gender: female; age: adult; voice timbre: bright; emotion: sad; emotion intensity: low; speaking rate: slow; pitch: low; prosody: fluctuating; pauses: no major pauses
random440_expressivespeech_211::2,random440_expressivespeech_211,analysis,3.323481488227844,1.8503769636154175,4.910348415374756,0.6148242720032687,0.6666666666666666,0.96875,0.696875,0.6916907605336602,0.6865065210673205,0.6813222816009807,False,你说的大庄它也有好的地方是不是。你也看看它好的方面不是不是。,你说那大庄，他也有好的地方，是不是？你也看看他好的方面，是不是？,Chinese,gender: female; age: adult; voice timbre: neutral; emotion: neutral; emotion intensity: low; speaking rate: moderate; pitch: low; prosody: very monotone with a lack of variation.; pauses: no audible pauses separating phrases.
random440_expressivespeech_211::3,random440_expressivespeech_211,analysis,3.35261447429657,1.8803244829177856,4.907633304595947,0.5873565040037396,0.6,0.5625,0.5962500000000001,0.594985650400374,0.5937213008007479,0.592456951201122,True,你说那大庄他也有好的地方是不是你也看看他好的方面是不是,你说那大庄，他也有好的地方，是不是？你也看看他好的方面，是不是？,Chinese,Speak naturally in a neutral voice.
random440_deear_062::0,random440_deear_062,calibration,3.038330340385437,1.3579105138778687,5.6013994216918945,0.8305067252649422,0.7222222222222222,0.875,0.7375,0.7483284503042721,0.759156900608544,0.7699853509128161,False,"我已经花了很多时间和金钱,这次旅行就这样被搞砸了啊!",我已经花了很多时间和金钱，这次旅行就这样被搞砸了。,Chinese,"gender: female; age: adult; voice timbre: breathy; emotion: sad; speaking rate: moderate; pitch: high; emphasis: emphasized; emphasized words: 我已经花了很多时间和金钱, 这次旅行就这样被搞砸了啊!; prosody: slightly rising intonation; pauses: no attic pause detected"
random440_deear_062::2,random440_deear_062,calibration,3.049913382530212,1.3680604696273804,5.606176376342773,0.823996610041645,0.4,0.96875,0.45687500000000003,0.49927466100416457,0.541674322008329,0.5840739830124936,True,"我已经花了很多时间和金钱,这次旅行就这样被搞砸了。",我已经花了很多时间和金钱，这次旅行就这样被搞砸了。,Chinese,"gender: female; age: adult; voice timbre: breathy; emotion: sad; emotion intensity: medium; speaking rate: slow; pitch: low; volume: medium; emphasis: emphasized; emphasized words: 已经, 花了很多, 时间和金钱; prosody: steady but slightly monotonous; pauses: non-existent"
random440_deear_062::3,random440_deear_062,calibration,3.021099638938904,1.3380852937698364,5.610047817230225,0.8398343870085543,0.7666666666666667,0.96875,0.7868750000000001,0.7941917720341889,0.8015085440683776,0.8088253161025665,False,"我已經花了很多時間和金錢,這次旅行就这样被搞砸了!",我已经花了很多时间和金钱，这次旅行就这样被搞砸了。,Chinese,"gender: female; age: adult; accent: other; voice timbre: bright; emotion: angry; speaking rate: moderate; pitch: high; volume: medium; emphasis: emphasized; emphasized words: 已經, 花, 搞砸; prosody: varied intonation; pauses: no notable pause"
random440_expressivespeech_026::0,random440_expressivespeech_026,calibration,3.7746282577514645,2.081768274307251,5.642866611480713,0.2130127107543878,0.3,0.84375,0.354375,0.34567627107543875,0.3369775421508776,0.32827881322631636,False,"Thank you, выплат. Maxi chocolate潘 zijn met een boat full of boats and behind the boat. See more boats and trade ex and when doesn't AM and a boat full of chocolate and you won't know win win and a boat full of boats full of",你报吧，报报，你报完给他抓上去判十年，你报。你看到时候一分钱能进你们兜不？,Chinese,gender: male; voice timbre: bright; emotion: neutral; speaking rate: moderate; pitch: medium; prosody: 엉뚱한 곡 brilliantly shot; pauses: sWithmgpauswtevall
random440_expressivespeech_026::3,random440_expressivespeech_026,calibration,3.7625638484954833,2.0689697265625,5.645313739776611,0.22107594294072783,0.7460317460317459,0.96875,0.7683035714285714,0.7158079911194697,0.6633124108103677,0.610816830501266,False,你们给别人的抓两次了还十年你们给我吧。,你报吧，报报，你报完给他抓上去判十年，你报。你看到时候一分钱能进你们兜不？,Chinese,gender: male; age: adult; voice timbre: breathy; speaking rate: moderate; prosody: slightly rough; pauses: short pause for emphasis
random440_expressivespeech_102::0,random440_expressivespeech_102,analysis,3.5222335815429684,1.9752929210662842,5.156468868255615,0.42211052511271613,0.3333333333333333,0.5625,0.35625,0.3651277191779383,0.3740054383558766,0.38288315753381486,False,belle orPhase researching,蔡桂珍，你不是一直嚷嚷着要找狐狸精吗？你听清楚了啊！我就是那个狐狸精。怎么样？意外吗？,Chinese,Speak naturally in a neutral voice.
random440_expressivespeech_102::1,random440_expressivespeech_102,analysis,3.5222335815429684,1.9752929210662842,5.156468868255615,0.42211052511271613,0.5484848484848485,0.5625,0.5498863636363637,0.5372489312991504,0.5246114989619372,0.5119740666247239,False,在慧贞你不是一直嚷着要找狐狸精吗你听清楚了啊我就是那个狐狸精怎么样意外吗,蔡桂珍，你不是一直嚷嚷着要找狐狸精吗？你听清楚了啊！我就是那个狐狸精。怎么样？意外吗？,Chinese,Speak naturally in a neutral voice.
random440_expressivespeech_102::2,random440_expressivespeech_102,analysis,3.545031714439392,1.9987937211990356,5.1541266441345215,0.40040271393743176,0.6228070175438596,1.0,0.6605263157894736,0.6382858854288309,0.616045455068188,0.5938050247075453,False,刘桂珍你不是一直嚷嚷着要找狐狸精吗你听清楚了啊我就是那个狐狸精怎么样意外吗,蔡桂珍，你不是一直嚷嚷着要找狐狸精吗？你听清楚了啊！我就是那个狐狸精。怎么样？意外吗？,Chinese,gender: female; age: adult; voice timbre: bright; emotion: neutral; speaking rate: fast; pitch: high; volume: medium; emphasis: emphasized; emphasized words: 狐狸精; prosody: monotone; pauses: non-speech sound effect; nonverbal vocalizations: sigh
random440_expressivespeech_102::3,random440_expressivespeech_102,analysis,3.545236802101135,1.9983590841293335,5.156259059906006,0.4002090633905164,0.4022222222222222,0.96875,0.458875,0.4586736841168294,0.4584723682336588,0.4582710523504882,False,崔贵珍你不是一直嚷嚷着要找狐狸精吗你听清楚了啊我就是那个狐狸精怎么样意外吗,蔡桂珍，你不是一直嚷嚷着要找狐狸精吗？你听清楚了啊！我就是那个狐狸精。怎么样？意外吗？,Chinese,gender: female; age: adult; voice timbre: bright; speaking rate: moderate; pitch: medium; prosody: monotone; pauses: a fast speech rate
random440_deear_080::2,random440_deear_080,analysis,2.249895071983337,1.0166212320327759,4.110912799835205,0.9909003482582348,0.4,0.96875,0.45687500000000003,0.5159650348258236,0.575055069651647,0.6341451044774705,True,Dogs are sitting by the door,Dogs are sitting by the door.,English,gender: male; age: adult; voice timbre: bright; emotion: neutral; emotion intensity: low; speaking rate: moderate; pitch: medium; prosody: neutral tone; pauses: no notable pause
random440_deear_080::3,random440_deear_080,analysis,2.230774426460266,0.9976369142532349,4.1104583740234375,0.99155403915412,0.5333333333333333,1.0,0.58,0.6258220705820786,0.6716441411641573,0.717466211746236,True,Dogs are sitting by the door.,Dogs are sitting by the door.,English,gender: male; voice timbre: bright; speaking rate: moderate; pitch: medium; volume: medium; prosody: enthusiastic delivery; pauses: no notable pause
random440_expressivespeech_074::2,random440_expressivespeech_074,calibration,3.3021851778030396,1.817865014076233,4.9477338790893555,0.6344607284909949,0.8344086021505376,1.0,0.8509677419354839,0.8309729545695296,0.8109781672035752,0.7909833798376211,False,"我说你怎么就不明白啊,去了有用干啥我早干上了,还用等你啊,是不是我不跟你说,不就是因为说了也没用吗?不是什么叫有的没用的,你现在除了着急上班,还能干啥吗",说你怎么就不明白？要去了有用，我早去了，还用等你啊？是不是？我不跟你说，不就是因为说了也没用吗？是。所以你除了着急上火，还能干什么？,Chinese,"gender: male; age: adult; voice timbre: neutral; emotion: angry; emotion intensity: high; speaking rate: moderate; pitch: high; volume: high; emphasis: emphasized; emphasized words: 不明白了, 去了有用, 还用等你; prosody: monotone intonation; pauses: no clear pauses; nonverbal vocalizations: other"
random440_expressivespeech_073::0,random440_expressivespeech_073,analysis,5.868642377853393,4.171657085418701,5.656617641448975,7.167814906853791e-05,0.5666666666666667,0.5625,0.56625,0.5095905011482402,0.45293100229648037,0.3962715034447206,False,这女人要有本事啊那也是男人的老婆。要想笼住个男人没个一男半女的是不行的。你看啊英杰和白丽都已经离婚了可是只要莎莎有事儿那英杰和贝,这就对了，你听我一句啊，嫂子，我是过来人。这女人再有本事，那也是男人的老婆。要想笼着个男人，没个一男半女的是不行的。嗯，你看啊，英姐和白丽早离婚了，哎，可是只要啥啥有事，那英姐和白……不说了。,Chinese,Speak naturally in a neutral voice.
random440_expressivespeech_073::2,random440_expressivespeech_073,analysis,5.866063976287842,4.169367790222168,5.655653953552246,7.240872846040216e-05,0.5070707070707071,0.96875,0.5532386363636365,0.5025388065294117,0.451838976695187,0.4011391468609624,False,对了他就对了...嫂子我是过来人...这...这女人再 ... 纽本面啊那个一男半女的是不行的...英姐和白丽都已经离婚了...可是只要莎莎有事啊英姐和贝...不说了,这就对了，你听我一句啊，嫂子，我是过来人。这女人再有本事，那也是男人的老婆。要想笼着个男人，没个一男半女的是不行的。嗯，你看啊，英姐和白丽早离婚了，哎，可是只要啥啥有事，那英姐和白……不说了。,Chinese,gender: male; age: adult; voice timbre: neutral; speaking rate: moderate; prosody: fluently; pauses: significant
random440_expressivespeech_233::0,random440_expressivespeech_233,analysis,4.452034425735474,3.1620516777038574,4.299942493438721,0.01850012891044124,0.5,0.9375,0.54375,0.49560001289104416,0.4474500257820882,0.3993000386731324,False,"苏联入侵阿富汗了
阿富汗在哪儿啊
离咱们近吗
啊
还有一个
美国试验证这个叫
三十二级导弹
什么玩意
你当过兵
你给我讲讲",苏联入侵阿富汗了，阿富汗在哪儿啊？离咱们近吗？啊，还有，你看啊，美国试验成功的这个叫“三叉戟”导弹，什么玩意儿？你当过兵，你给我讲讲。,Chinese,gender: male; age: adult; voice timbre: breathy; emotion: neutral; emotion intensity: low; speaking rate: moderate; pitch: medium; volume: medium; prosody: monotone; pauses: no significant pauses
random440_expressivespeech_233::2,random440_expressivespeech_233,analysis,4.460779905319214,3.169567346572876,4.304041862487793,0.017885759369254465,0.4166666666666667,0.5625,0.43125,0.39137190927025883,0.3514938185405176,0.3116157278107764,False,苏联入侵阿富汗了哈华在哪儿啊你咱们近吗啊?还有你看啊美国试验成功的这个叫三十二级导弹什么样你当过兵你给我讲讲.,苏联入侵阿富汗了，阿富汗在哪儿啊？离咱们近吗？啊，还有，你看啊，美国试验成功的这个叫“三叉戟”导弹，什么玩意儿？你当过兵，你给我讲讲。,Chinese,Speak naturally in a neutral voice.
random440_expressivespeech_233::3,random440_expressivespeech_233,analysis,4.46608452796936,3.175997495651245,4.300290107727051,0.017522916231697536,0.4801587301587302,0.96875,0.5290178571428572,0.4827542757501539,0.4364906943574506,0.3902271129647474,False,"苏联入侵阿富汗了。 افغانistan 在哪里啊?你咱们近吗?啊!还有你看啊!美国试验成功的这个叫三十二级导弹。什么玩意儿?你当过兵,你给我讲讲。",苏联入侵阿富汗了，阿富汗在哪儿啊？离咱们近吗？啊，还有，你看啊，美国试验成功的这个叫“三叉戟”导弹，什么玩意儿？你当过兵，你给我讲讲。,Chinese,"age: adult; voice timbre: breathy; emotion: neutral; speaking rate: moderate; pitch: high; volume: medium; emphasis: emphasized; emphasized words: 苏联入侵阿富汗了。, 阿富汗 tinistan 在哪里啊?你咱们近吗?; prosody: varied styles; pauses: yes"
random440_expressivespeech_128::0,random440_expressivespeech_128,analysis,3.5975713968276977,1.8607479333877563,5.789411544799805,0.3519583963110233,0.8333333333333334,0.96875,0.846875,0.7987375062977691,0.7506000125955381,0.7024625188933071,True,Who needs an invitation it's at my house.,Who needs an invitation? It's at my house.,English,"gender: male; age: child; voice timbre: breathy; emotion: happy; emotion intensity: high; speaking rate: fast; pitch: low; emphasis: emphasized; emphasized words: Who, needs, an, invitation, it's, at, my, house.; prosody: fluctuating pitch; pauses: no significant pauses"
random440_expressivespeech_128::1,random440_expressivespeech_128,analysis,3.601307511329651,1.8697370290756226,5.771901607513428,0.3486139806471435,0.9166666666666666,0.9375,0.91875,0.8619447313980477,0.8051394627960953,0.748334194194143,True,Who needs an invitation? It's at my house!,Who needs an invitation? It's at my house.,English,"gender: male; age: adult; accent: US English; voice timbre: bright; emotion: happy; emotion intensity: high; speaking rate: moderate; pitch: medium; emphasis: emphasized; emphasized words: invitation, my true, honesty, instantly 握sulturated motivation; prosody: moderate to high; pauses: short"
random440_expressivespeech_128::2,random440_expressivespeech_128,analysis,3.592865300178528,1.8685907125473022,5.747581958770752,0.35619182067901334,1.0,0.96875,0.9968750000000001,0.9324941820679015,0.8681133641358026,0.8037325462037042,True,Who needs an invitation? It's at my house!,Who needs an invitation? It's at my house.,English,gender: male; age: adult; voice timbre: dark; emotion: happy; emotion intensity: high; pitch: high; volume: medium; prosody: angry intonation; pauses: no clear pause
random440_expressivespeech_128::3,random440_expressivespeech_128,analysis,3.6704559564590453,1.9364513158798218,5.780015468597412,0.2896429031892066,0.6666666666666666,0.90625,0.690625,0.6529226236522541,0.6152202473045079,0.577517870956762,True,Who needs an invitation? It's at my house!,Who needs an invitation? It's at my house.,English,speaking rate: moderate
random440_expressivespeech_279::1,random440_expressivespeech_279,analysis,3.5165728330612183,1.9426289796829224,5.246479511260986,0.42755101636318527,0.38181818181818183,0.5625,0.3998863636363637,0.404459647090864,0.4090329305453644,0.41360621399986475,False,He gets like he just needs to nap nap time nap lets go,He gets like this. He just needs a nap. Nap time. Nap. Let's go.,English,Speak naturally in a neutral voice.
random440_expressivespeech_146::1,random440_expressivespeech_146,calibration,4.299832439422607,2.6445655822753906,5.517556190490723,0.03316131725547876,0.3777777777777778,1.0,0.44000000000000006,0.40553835394777016,0.37107670789554026,0.33661506184331036,False,I told you you'd have an accident. What's wrong? What did you say about an accident?,I told you you'd have an accident.,English,"gender: male; age: teenager; accent: Indian English; voice timbre: bright; emotion: angry; emotion intensity: high; speaking rate: fast; pitch: low; volume: high; emphasis: emphasized; emphasized words: accident, what's wrong, what did you say about an accident; prosody: very expressive with quick delivery; pauses: no notable pauses; nonverbal vocalizations: sigh"
random440_expressivespeech_146::2,random440_expressivespeech_146,calibration,4.331874752044678,2.681201696395874,5.502243518829346,0.029349819500482165,0.5,0.96875,0.546875,0.4998099819500482,0.4527449639000964,0.40567994585014466,False,"I told you you'd have an accident! What was it? I'm sorry, I don't mean to upset you.",I told you you'd have an accident.,English,gender: female; age: adult; accent: US English; voice timbre: bright; emotion: angry; emotion intensity: high; speaking rate: moderate; pitch: high; emphasis: emphasized; emphasized words: I told you you'd have an accident!; prosody: slightly rising pitch throughout; pauses: 这个时候的停顿稍微长一些; nonverbal vocalizations: cough
random440_expressivespeech_223::1,random440_expressivespeech_223,analysis,4.675191831588745,3.011810541152954,5.544604301452637,0.007774895796029412,0.6,0.90625,0.630625,0.5714024895796029,0.5121799791592059,0.4529574687388089,True,"Well, me for instance.","Well, me, for instance.",English,"gender: male; age: adult; emotion: neutral; emotion intensity: low; speaking rate: moderate; emphasis: emphasized; emphasized words: me, instance; prosody: 平铺直叙; pauses: no notable pause"
random440_expressivespeech_223::3,random440_expressivespeech_223,analysis,4.66751766204834,3.0054943561553955,5.5400776863098145,0.008011248836197409,0.4,0.96875,0.45687500000000003,0.41767612488361977,0.37847724976723945,0.33927837465085925,False,"Well, me for instance. Or me for short raise your hand. Okay, we're done. Got any questions?","Well, me, for instance.",English,gender: male; age: adult; accent: US English; voice timbre: neutral; emotion: neutral; emotion intensity: low; speaking rate: moderate; pitch: low; prosody: mechanical; pauses: no significant pauses
random440_expressivespeech_055::1,random440_expressivespeech_055,calibration,3.080216407775879,1.50341796875,5.25599479675293,0.8060385544062235,0.8333333333333334,0.9375,0.84375,0.8410205221072891,0.8382910442145781,0.8355615663218672,True,"Okay, now let's do 'my mother'","Okay, now let's do my mother.",English,gender: male; age: adult; accent: US English; voice timbre: bright; emotion: neutral; emotion intensity: low; speaking rate: slow; pitch: low; prosody: slightly monotone
random440_expressivespeech_055::3,random440_expressivespeech_055,calibration,3.0955405712127684,1.5189571380615234,5.25527811050415,0.7964410687697946,0.6,1.0,0.64,0.6596441068769794,0.6792882137539589,0.6989323206309384,True,"Okay, now let's do my mother.","Okay, now let's do my mother.",English,gender: male; age: adult; accent: US English; voice timbre: bright; emotion: neutral; emotion intensity: low; speaking rate: moderate; pitch: medium; volume: medium; prosody: monic tone; pauses: no pause
random440_expressivespeech_098::0,random440_expressivespeech_098,analysis,3.725703930854797,1.9940491914749146,5.772182464599609,0.24704665872849135,0.3,0.96875,0.366875,0.3615796658728491,0.35628433174569824,0.3509889976185474,False,你可真是个商量的人。,亏你是个女人，你是个当妈的，那是什么呀？那是一孩子，一生命，是说做就做的吗？,Chinese,gender: male; age: adult; voice timbre: breathy; emotion: neutral; emotion intensity: low; speaking rate: moderate; pitch: low; volume: medium; prosody: varied; pauses: a brief pause
random440_expressivespeech_098::1,random440_expressivespeech_098,analysis,3.7038552284240724,1.9683003425598145,5.785182952880859,0.2633772511031901,0.6115942028985508,0.90625,0.6410597826086957,0.6062380874291597,0.5714163922496236,0.5365946970700877,False,"你是个当妈的,那是一孩子一生命,说错就错了吗?",亏你是个女人，你是个当妈的，那是什么呀？那是一孩子，一生命，是说做就做的吗？,Chinese,"gender: female; age: adult; voice timbre: bright; emotion: angry; emotion intensity: high; speaking rate: moderate; pitch: medium; emphasis: emphasized; emphasized words: 你是个当妈的, 那是一孩子一生命; prosody: splendid; pauses: very short at the end"
random440_expressivespeech_098::3,random440_expressivespeech_098,analysis,3.7417162895202636,2.004629611968994,5.790288925170898,0.2355186538855856,0.5686274509803921,0.9375,0.6055147058823529,0.5722038261728724,0.5388929464633916,0.505582066753911,False,"你是个当妈的,那是什么呀?那些孩子,生命啊,说做就做的吧。",亏你是个女人，你是个当妈的，那是什么呀？那是一孩子，一生命，是说做就做的吗？,Chinese,"gender: female; age: adult; voice timbre: neutral; emotion: sad; emotion intensity: medium; speaking rate: moderate; volume: medium; emphasis: emphasized; emphasized words: 孩子, 生命; prosody: 平缓且带有一丝悲伤情绪; pauses: 稍长停顿"
random440_expressivespeech_003::2,random440_expressivespeech_003,calibration,5.453463888168335,3.7967679500579834,5.522319793701172,0.00036683554901861636,0.7403100775193798,0.9375,0.7600290697674419,0.6860347455704057,0.6120404213733697,0.5380460971763336,False,对啊我就是要跟你合伙呀我是这么想的我负责教来负责管咱们还可以把之前的那些老师学生全都拉回米们两个一起把这个学校做大做强你觉得行吗不急啊不急着回答我你慢慢考虑,对呀，我就是要跟你合伙呀！我是这么想的，我负责教，你来负责管，咱们还可以把之前的那些老师、学生全都拉回来，我们两个一起把这个学校做大做强。你觉得行吗？不急啊，不急着回答我，你慢慢考虑。,Chinese,gender: female; age: adult; voice timbre: bright; emotion: happy; emotion intensity: low; speaking rate: moderate; volume: medium; prosody: steady intonation; pauses: in
random440_expressivespeech_003::3,random440_expressivespeech_003,calibration,5.451097297668457,3.7948057651519775,5.520971775054932,0.00037026491648174735,0.7,0.9375,0.72375,0.6537870264916481,0.5838240529832963,0.5138610794749445,False,"对呀,我就是要跟你合伙呀。我是这么想的,我要联手-Z,你来负责管。咱们可以把之前的那些老师学生全都拉回来,我们两个一起把这个学校做大做强。你觉得行吗?不急啊,不急着回答我,你慢慢考虑。",对呀，我就是要跟你合伙呀！我是这么想的，我负责教，你来负责管，咱们还可以把之前的那些老师、学生全都拉回来，我们两个一起把这个学校做大做强。你觉得行吗？不急啊，不急着回答我，你慢慢考虑。,Chinese,gender: female; age: adult; voice timbre: bright; emotion: neutral; speaking rate: moderate; prosody: rhythm-like intonation; pauses: several pauses
random440_expressivespeech_144::1,random440_expressivespeech_144,analysis,3.8672300338745114,2.2641711235046387,5.34352970123291,0.15827875694352675,0.41111111111111115,0.9375,0.46375000000000005,0.43846676458324163,0.41318352916648315,0.38790029374972473,False,"Yes, I have heard of that one. It terrifies our F-O family. Is is... it is said to be 100 pounds!","Yes, I have heard of that one. It terrifies our F.L. family. Is the is it? It is said to be one hundred pounds.",English,gender: male; age: adult; accent: England English; voice timbre: neutral; emotion: neutral; speaking rate: moderate; emphasis: emphasized; emphasized words: that one; prosody: uely monotonous; pauses: no prolongation between phrases
random440_expressivespeech_144::3,random440_expressivespeech_144,analysis,3.8939377784729006,2.289031505584717,5.349687576293945,0.14478032260164903,0.3333333333333333,1.0,0.4,0.38114469892683156,0.3622893978536631,0.34343409678049475,False,"Yes, I have already said I'm thinking of selling our house. It's going to be put on the market today. It is listed at 100,000 pounds.","Yes, I have heard of that one. It terrifies our F.L. family. Is the is it? It is said to be one hundred pounds.",English,gender: male; age: adult; accent: US English; voice timbre: neutral; emotion: neutral; emotion intensity: low; speaking rate: moderate; pitch: low; volume: medium; prosody: monotone; pauses: no significant pauses
random440_expressivespeech_217::1,random440_expressivespeech_217,calibration,3.8834595680236816,2.3219962120056152,5.204877853393555,0.1499584708149375,0.6333333333333333,0.9375,0.66375,0.6154125137481604,0.5670750274963208,0.5187375412444812,False,"解决,现在我已经错过了我的航班,你知道这给我带来了多大的损失吗?",解决啊！现在我已经错过了我的航班，你知道这给我带来多大的损失吗？,Chinese,Speak naturally in a neutral voice.
random440_expressivespeech_217::3,random440_expressivespeech_217,calibration,3.9794571876525877,2.417555809020996,5.206337928771973,0.10788640868666698,0.7172413793103448,1.0,0.7455172413793103,0.6845817443169425,0.6236462472545747,0.5627107501922071,False,"姐,别念了,现在我已错过我的航班,你知道这一趟给我多大的损失吗?",解决啊！现在我已经错过了我的航班，你知道这给我带来多大的损失吗？,Chinese,"gender: female; age: adult; voice timbre: dark; emotion: sad; emotion intensity: high; speaking rate: slow; pitch: low; volume: high; emphasis: emphasized; emphasized words: 姐, 你, 你知道; prosody: somewhat monotone; pauses: long pause after 'condition 4.5解决啊' and after '损失吗? Professioning querying mood mankind; nonverbal vocalizations: cough, throat clearing"
random440_expressivespeech_321::0,random440_expressivespeech_321,analysis,3.0378914833068844,1.4610867500305176,5.256015777587891,0.8307495698167839,0.5333333333333333,0.90625,0.5706249999999999,0.6003666236483451,0.6301082472966901,0.6598498709450353,False,This is an example sentence.,Short for Minerva Mouse. No way! All these short names. I never knew that. I wonder.,English,gender: male; speaking rate: moderate; prosody: variable pitch; pauses: no pause
random440_expressivespeech_321::1,random440_expressivespeech_321,analysis,3.033960485458374,1.4582805633544922,5.2522664070129395,0.8329124687476599,0.4,0.5625,0.41625000000000006,0.45954124687476605,0.502832493749532,0.546123740624298,False,This is a short chart for Minerva Mouse.,Short for Minerva Mouse. No way! All these short names. I never knew that. I wonder.,English,Speak naturally in a neutral voice.
random440_expressivespeech_321::2,random440_expressivespeech_321,analysis,3.0264901638031008,1.45125412940979,5.250786781311035,0.8369617839789307,0.4,1.0,0.4600000000000001,0.5036961783978932,0.5473923567957861,0.5910885351936792,False,"Minerva Mouse, I never knew that.",Short for Minerva Mouse. No way! All these short names. I never knew that. I wonder.,English,gender: male; age: adult; accent: US English; voice timbre: neutral; emotion: neutral; speaking rate: moderate; pitch: low; volume: medium; prosody: hollow and flat; pauses: a brief silence after the phrase
random440_expressivespeech_321::3,random440_expressivespeech_321,analysis,3.040245604515076,1.4621778726577759,5.260225772857666,0.8294436541018573,0.4666666666666667,0.75,0.49500000000000005,0.531277698743519,0.5675553974870382,0.6038330962305571,False,a product for Minerva Mouse,Short for Minerva Mouse. No way! All these short names. I never knew that. I wonder.,English,gender: male; age: adult; accent: Indian English; voice timbre: neutral; pauses: nervous pauses; nonverbal vocalizations: sigh
random440_expressivespeech_230::0,random440_expressivespeech_230,analysis,4.2454935073852536,2.77908992767334,4.888011932373047,0.04074139280258538,0.5951690821256039,0.96875,0.6325271739130436,0.5770844049807416,0.5216416360484398,0.466198867116138,False,"行了行了,说实话那是我不让你去分场的 得我也不怕你恨我,你是我徒弟,你出去我高兴啊 可我是过来人,你不能为了那顶乌纱帽影响家庭关系吧,这样你老婆会后悔的",行了行了，说实话，那是我不让你去分厂的。得，我也不怕你恨我。你是我徒弟，你出息我高兴啊。可我是过来人，你不能为了那顶乌纱帽影响家庭关系吧？这样你老了会后悔的。,Chinese,gender: female; age: adult; voice timbre: neutral; emotion: neutral; prosody: slow speech rate; pauses: a brief pause at the end
random440_expressivespeech_230::1,random440_expressivespeech_230,analysis,4.259994459152222,2.7916719913482666,4.894408226013184,0.03856978646276329,0.4066666666666666,0.84375,0.45037499999999997,0.41356531197960966,0.37675562395921924,0.33994593593882905,False,行了 行了 说是说 那是我不让你去分厂的 得 我也不怕你恨我 你是我徒弟 你去我也高兴 可我是过来人 你不能为了那顶乌纱帽影响家庭关系吧 这样你老了会后悔的,行了行了，说实话，那是我不让你去分厂的。得，我也不怕你恨我。你是我徒弟，你出息我高兴啊。可我是过来人，你不能为了那顶乌纱帽影响家庭关系吧？这样你老了会后悔的。,Chinese,gender: male; emotion intensity: high; speaking rate: slow; volume: medium; emphasis: emphasized; emphasized words: 密报; prosody: combined intonation; pauses: short pause on key points
random440_deear_002::0,random440_deear_002,analysis,4.095930480957032,2.544698715209961,5.170772552490234,0.07105209258480857,0.4666666666666667,0.96875,0.5168750000000001,0.4773135425918142,0.43775208518362835,0.39819062777544256,False,"It sounds like you are feeling a lot about your feelings. It's important to remember that it's important to recognize that your feelings are true. It's always okay to talk about your feelings and feelings. Remember, it's always a good idea to talk to a trusted friend or family member.","It sounds like you're feeling a bit of feeling a bit about your feelings. It's important to remember that it's important to recognize that your feelings are true. It's always okay to talk about your feelings and feelings. Remember, it's always a good idea to talk to a trusted friend or family member.",English,"voice timbre: breathy; emotion: neutral; speaking rate: moderate; pitch: high; volume: medium; emphasis: emphasized; emphasized words: emotionally, importantly; prosody: monotone; pauses: a momentary pause after 'remember'; nonverbal vocalizations: sneeze"
random440_deear_002::2,random440_deear_002,analysis,4.089999485015869,2.539700984954834,5.167661666870117,0.07260734590066194,0.5,0.9375,0.54375,0.5010107345900663,0.45827146918013234,0.4155322037701986,False,"It sounds like you're feeling a bit about your feelings. It's important to remember that it's important to recognize that your feelings are true. It's always okay to talk about your feelings and feelings. Remember, it's always a good idea to talk to a trusted friend or family member.","It sounds like you're feeling a bit of feeling a bit about your feelings. It's important to remember that it's important to recognize that your feelings are true. It's always okay to talk about your feelings and feelings. Remember, it's always a good idea to talk to a trusted friend or family member.",English,"gender: female; age: adult; accent: US English; emotion: neutral; emotion intensity: low; speaking rate: moderate; pitch: low; volume: medium; emphasis: emphasized; emphasized words: true, talk; prosody: soft and monotone with brief emphasis; pauses: a mild pause after key phrases"
random440_deear_002::3,random440_deear_002,analysis,4.087905931472778,2.53838849067688,5.165058135986328,0.0731637808661685,0.5,1.0,0.55,0.5073163780866169,0.46463275617323363,0.4219491342598506,False,"It sounds like you're feeling a bit about your feelings. It's important to remember that it's important to recognize that your feelings are true. It's always okay to talk about your feelings and feelings. Remember, it's always a good idea to talk to a trusted friend or family member.","It sounds like you're feeling a bit of feeling a bit about your feelings. It's important to remember that it's important to recognize that your feelings are true. It's always okay to talk about your feelings and feelings. Remember, it's always a good idea to talk to a trusted friend or family member.",English,emotion: neutral; speaking rate: moderate; prosody: ודי; pauses: no pause detected
random440_expressivespeech_210::0,random440_expressivespeech_210,analysis,4.615484428405762,2.8813235759735107,5.78053617477417,0.009812836352964836,0.5846153846153846,0.875,0.6136538461538462,0.5561735913276042,0.4986933365013622,0.4412130816751203,False,仨这就叫个解决方案吗房子说收就收了让人岂不是散了呀这么跟我说呀天天给你想办法看他们敢收你房。,啥？这叫个解决呀！房子说收就收了，让人气不成啥了都。哎，早跟我说呀，铁定给你想办法，看他们敢收你房！,Chinese,gender: female; age: adult; voice timbre: bright; speaking rate: moderate; prosody: monotone pitch; pauses: slightly long pauses between sentences
random440_expressivespeech_210::1,random440_expressivespeech_210,analysis,4.608084201812744,2.873568296432495,5.78171968460083,0.010099732266561858,0.5047619047619047,0.5625,0.5105357142857143,0.46106949703618005,0.4116032797866457,0.3621370625371115,False,"啥这叫个解决啊,房子说售就售了,让人气不成啥呀都。哎咋跟我说呀,铁定给你想办法,看他们敢收你房。",啥？这叫个解决呀！房子说收就收了，让人气不成啥了都。哎，早跟我说呀，铁定给你想办法，看他们敢收你房！,Chinese,Speak naturally in a neutral voice.
random440_expressivespeech_210::2,random440_expressivespeech_210,analysis,4.643344736099243,2.9087953567504883,5.78183126449585,0.008803306024286505,0.6904761904761905,0.9375,0.7151785714285714,0.6470112829833811,0.5788439945381906,0.5106767060930003,False,啥这叫个解决啊房子说收就收了让人给不成啥呀都嗖跟你说啊铁定给你想办法看他们敢收你房,啥？这叫个解决呀！房子说收就收了，让人气不成啥了都。哎，早跟我说呀，铁定给你想办法，看他们敢收你房！,Chinese,gender: female; age: adult; voice timbre: neutral; emotion: disgusted; speaking rate: moderate; volume: medium; prosody: relaxed
random440_expressivespeech_210::3,random440_expressivespeech_210,analysis,4.61004228591919,2.87471342086792,5.784429550170898,0.01002302219314244,0.7,0.90625,0.7206250000000001,0.6516273022193142,0.5826296044386284,0.5136319066579428,False,房子说收就收了让人气不成三个呀都到底搁哪儿说啊,啥？这叫个解决呀！房子说收就收了，让人气不成啥了都。哎，早跟我说呀，铁定给你想办法，看他们敢收你房！,Chinese,"gender: female; age: adult; voice timbre: bright; emotion: angry; emotion intensity: high; emphasis: emphasized; emphasized words: 说收就收了, 让人气不成三个呀都; prosody: rising intonation; nonverbal vocalizations: sigh"
random440_expressivespeech_105::0,random440_expressivespeech_105,analysis,2.943542718887329,1.317396640777588,5.420486927032471,0.8767547726172163,0.4666666666666667,1.0,0.52,0.561008810595055,0.6020176211901099,0.6430264317851649,True,no I totally understand I totally understand,"No, I totally understand. I totally understand.",English,gender: male; age: adult; voice timbre: neutral; emotion: neutral; emotion intensity: low; speaking rate: slow; pitch: low; volume: medium; prosody: dull intonation; pauses: no significant pauses
random440_expressivespeech_105::3,random440_expressivespeech_105,analysis,2.876787567138672,1.250938892364502,5.419495582580566,0.902438667932448,0.5777777777777777,0.8125,0.6012500000000001,0.633716089015467,0.666182178030934,0.6986482670464012,False,"No, I totally understand.","No, I totally understand. I totally understand.",English,gender: male; age: adult; emotion: neutral; speaking rate: moderate; pitch: medium; volume: medium; prosody: soft intonation
random440_expressivespeech_199::1,random440_expressivespeech_199,calibration,3.6039077758789064,2.0128631591796875,5.3034820556640625,0.34629507798563364,0.5587301587301587,0.9375,0.5966071428571429,0.5753636347826905,0.5541201267082378,0.5328766186337854,False,行行行你不想去那那你陪你去医院快快快怎么回事儿怎么突然就烧起来了,啊，行行行，你不想去，那那我陪你去医院。快快快！哎，怎么回事啊？怎么突然就烧起来了？,Chinese,gender: female; age: adult; emotion: surprised; emotion intensity: high; speaking rate: fast; volume: medium; emphasis: emphasized; emphasized words: 给你; prosody: sharply intonation; pauses: no brief pause
random440_expressivespeech_199::2,random440_expressivespeech_199,calibration,3.602888059616089,2.0100674629211426,5.309401988983154,0.34720359296959813,0.5666666666666667,0.90625,0.600625,0.5786786926302931,0.5567323852605863,0.5347860778908795,False,行行行你不想去那那我陪你去医院快快快你怎么回事啊怎么突然就烧起来了,啊，行行行，你不想去，那那我陪你去医院。快快快！哎，怎么回事啊？怎么突然就烧起来了？,Chinese,"gender: female; age: adult; voice timbre: bright; emotion: neutral; speaking rate: moderate; pitch: high; emphasis: emphasized; emphasized words: 伴你去医院, 怎么突然就烧起来了; prosody: slightly monotone; pauses: no significant pauses"
random440_expressivespeech_065::0,random440_expressivespeech_065,calibration,2.982451844215393,1.503494381904602,4.929858207702637,0.8592421633318083,0.625925925925926,0.875,0.6508333333333335,0.6741649570739217,0.6974965808145098,0.7208282045550981,False,"Yes, but I thought you be doing a lot more than this. What do you mean? For starters, not sleeping all morning.","Yes, but I thought you'd be doing a lot more than this. What do you mean? Okay, for starters, not sleeping all morning.",English,gender: male; age: adult; accent: US English; voice timbre: bright; emotion intensity: high; speaking rate: moderate; pitch: medium; volume: medium; emphasis: emphasized; emphasized words: not sleeping
random440_expressivespeech_065::1,random440_expressivespeech_065,calibration,2.989524555206299,1.5114009380340576,4.927078723907471,0.8558438352149175,0.6266666666666667,1.0,0.664,0.6869177168548252,0.7098354337096501,0.7327531505644752,False,"Yes, but I thought you've be doing a lot more than this. What do you mean?","Yes, but I thought you'd be doing a lot more than this. What do you mean? Okay, for starters, not sleeping all morning.",English,gender: male; voice timbre: neutral; speaking rate: moderate; pitch: medium; volume: medium; prosody: monotonous
random440_expressivespeech_065::2,random440_expressivespeech_065,calibration,2.992134213447571,1.513053297996521,4.930269718170166,0.8545728099147223,0.6238095238095238,0.9375,0.6551785714285715,0.6782549000390913,0.7013312286496112,0.724407557260131,False,"Yes but I thought you'd be doing a lot more with this. What do you mean? Okay for starters, not sleeping all morning.","Yes, but I thought you'd be doing a lot more than this. What do you mean? Okay, for starters, not sleeping all morning.",English,gender: male; age: adult; accent: US English; voice timbre: bright; emotion: neutral; speaking rate: moderate; volume: medium; prosody: consistent intonation with slight variation; pauses: brief pause between clauses
random440_expressivespeech_065::3,random440_expressivespeech_065,calibration,2.980435872077942,1.5020893812179565,4.927821636199951,0.860198459666394,0.6,1.0,0.64,0.6660198459666393,0.6920396919332787,0.7180595378999183,False,"Yes. But. I thought you'd be doing a lot more. Than this. What do you mean? Oh, for starters. Not sleeping all morning.","Yes, but I thought you'd be doing a lot more than this. What do you mean? Okay, for starters, not sleeping all morning.",English,gender: male; age: adult; accent: US English; voice timbre: bright; emotion: neutral; speaking rate: moderate; pitch: low; volume: medium; prosody: slightly monotone intonation; pauses: no significant pauses
random440_expressivespeech_195::0,random440_expressivespeech_195,analysis,2.983970260620117,1.3242952823638916,5.532249927520752,0.8585182809784616,0.4777777777777778,0.90625,0.5206250000000001,0.5586990503200684,0.5967731006401367,0.6348471509602052,False,You're a geologist you know rocks this is a living thing you chop off the branches and you make tools.,You're a geologist. You know rocks. This is a living thing. You chop off the branches and you make wounds.,English,gender: male; age: adult; voice timbre: neutral; emotion: neutral; speaking rate: moderate; prosody: neutral intonation; pauses: a brief pause after the phrase
random440_expressivespeech_195::2,random440_expressivespeech_195,analysis,2.9558284044265744,1.298944354057312,5.522946834564209,0.8714373808258854,0.6166666666666667,0.9375,0.64875,0.674227071415922,0.6997041428318438,0.7251812142477656,False,"You're a geologist, you know rocks. This is a living thing. You chop off the branches and you make woofs.",You're a geologist. You know rocks. This is a living thing. You chop off the branches and you make wounds.,English,gender: female; age: adult; accent: US English; voice timbre: bright; emotion: neutral; emotion intensity: low; speaking rate: moderate; pitch: medium; prosody: steady intonation; pauses: no notable pauses
random440_expressivespeech_195::3,random440_expressivespeech_195,analysis,2.970209169387817,1.312976360321045,5.524109363555908,0.8649660472048096,0.5296296296296297,0.96875,0.5735416666666667,0.6070753084241848,0.6406089501817027,0.6741425919392208,False,You're a geologist you know rocks. This is a living thing. You chop off the branches and you make rooms.,You're a geologist. You know rocks. This is a living thing. You chop off the branches and you make wounds.,English,gender: female; age: adult; voice timbre: neutral; emotion: neutral; emotion intensity: low; speaking rate: moderate; pitch: low; prosody: slightly accelerated pace; pauses: no pause
random440_expressivespeech_200::0,random440_expressivespeech_200,analysis,3.312596321105957,1.7061963081359863,5.354666709899902,0.6249123077765609,0.5,1.0,0.55,0.5624912307776562,0.5749824615553122,0.5874736923329683,False,"You get to go from where oh, my god, you get to wear mermaid outfits.",And you get to go from wear. Oh my God! You get to wear a mermaid outfit.,English,gender: female; age: adult; accent: US English; voice timbre: breathy; emotion: happy; emotion intensity: low; speaking rate: slow; pitch: high; volume: high; prosody: very expressive with frequent pitch changes; pauses: no notable pauses
random440_expressivespeech_200::2,random440_expressivespeech_200,analysis,3.296906661987305,1.695054531097412,5.339507102966309,0.6392622820338404,0.5,0.96875,0.546875,0.5608012282033841,0.5747274564067681,0.5886536846101522,False,"You get to go from where, oh my gosh, you get to wear a mermaid outfit!",And you get to go from wear. Oh my God! You get to wear a mermaid outfit.,English,gender: female; age: adult; accent: US English; voice timbre: bright; emotion: surprised; emotion intensity: high; speaking rate: moderate; pitch: high; volume: high; emphasis: emphasized; emphasized words: mermaid outfit; prosody: varied intonation; pauses: no distinct pause
random440_expressivespeech_005::1,random440_expressivespeech_005,analysis,2.7647639989852903,1.1724120378494263,5.307839870452881,0.9349442419201244,0.5666666666666667,0.875,0.5975,0.6343277575253459,0.6711555150506915,0.7079832725760373,False,We could get some bugs sprayed. Do we have any of them here? I think I do have some bees here. Let me spray those.,Maybe we could just get some bug spray. Do we have any off? I think I do have some breeze here. Let me spray this.,English,gender: female; age: adult; voice timbre: bright; speaking rate: moderate; volume: medium; emphasis: emphasized; emphasized words: some bees; prosody: monotone; pauses: a brief pause after 'some bugs sprayed'
random440_expressivespeech_005::2,random440_expressivespeech_005,analysis,2.772490382194519,1.1787375211715698,5.312509536743164,0.9330711889222395,0.4666666666666667,0.96875,0.5168750000000001,0.5635154522255573,0.6101559044511147,0.6567963566766719,False,We can just get some bugs sprayed. Do we have any off? I think I do have some breeze here.,Maybe we could just get some bug spray. Do we have any off? I think I do have some breeze here. Let me spray this.,English,gender: female; age: adult; accent: US English; voice timbre: bright; emotion: neutral; emotion intensity: low; speaking rate: slow; pitch: low; volume: medium; prosody: monotone; pauses: no distinct pauses
random440_expressivespeech_237::0,random440_expressivespeech_237,analysis,3.641906666755676,1.8983575105667114,5.811830520629883,0.3132807089680483,0.4818181818181818,0.96875,0.5305113636363636,0.5136576163513503,0.4968038690663369,0.4799501217813236,False,清楚检验报告真准建筑面积二百实有面积一百,哎呦，听听我眼光真准！建筑面积二百，使用面积一百。,Chinese,gender: male; age: adult; voice timbre: bright; emotion: neutral; emotion intensity: low; speaking rate: moderate; pitch: medium; volume: medium; prosody: steady intonation; pauses: slight pause between phrases
random440_expressivespeech_237::1,random440_expressivespeech_237,analysis,3.6412573575973513,1.8966745138168335,5.815276145935059,0.31383041282115987,0.4666666666666667,0.96875,0.5168750000000001,0.5015913746154493,0.48630774923089864,0.47102412384634795,False,请听我验房真准建筑面积二百实际面积一百,哎呦，听听我眼光真准！建筑面积二百，使用面积一百。,Chinese,gender: male; age: adult; voice timbre: breathy; emotion: neutral; speaking rate: moderate; pitch: medium; volume: medium; prosody: monotone; pauses: a brief pause at the end
random440_expressivespeech_317::0,random440_expressivespeech_317,analysis,2.7185468673706055,1.0677716732025146,5.502583980560303,0.9451648617229033,0.6666666666666666,1.0,0.7,0.7278498195056237,0.7556996390112473,0.783549458516871,True,Bobby didn't tell me you were coming over.,Bobby didn't tell me you were coming over.,English,speaking rate: moderate; prosody: neutral
random440_expressivespeech_317::1,random440_expressivespeech_317,analysis,2.7200955152511597,1.0684226751327515,5.505576133728027,0.9448483028206034,0.5666666666666667,0.9375,0.60375,0.6415681636153937,0.6793863272307873,0.717204490846181,True,Bobby didn't tell me you were coming over,Bobby didn't tell me you were coming over.,English,gender: female; age: adult; voice timbre: bright; emotion: neutral; emotion intensity: low; speaking rate: moderate; pitch: medium; prosody: monotone delivery; pauses: immediate afterwards
random440_expressivespeech_317::2,random440_expressivespeech_317,analysis,2.7958678007125854,1.1385151147842407,5.524508953094482,0.9270951804923796,0.5666666666666667,0.9375,0.60375,0.6397928513825714,0.6758357027651425,0.711878554147714,True,Bobby didn't tell me you were coming over.,Bobby didn't tell me you were coming over.,English,gender: female; age: adult; accent: US English; voice timbre: neutral; emotion: neutral; speaking rate: slow; pitch: low; prosody: monotone; pauses: no pause
random440_expressivespeech_317::3,random440_expressivespeech_317,analysis,2.7208855152130127,1.0694222450256348,5.50487756729126,0.9446861569625178,0.6814814814814815,0.96875,0.7102083333333333,0.736528800881437,0.7628492684295406,0.7891697359776443,True,Bobby didn't tell me you were coming over.,Bobby didn't tell me you were coming over.,English,gender: female; age: adult; voice timbre: bright; emotion: neutral; emotion intensity: low; speaking rate: moderate; pitch: medium; volume: medium; prosody: moderate intonation; pauses: brief interjection at the end
random440_expressivespeech_280::1,random440_expressivespeech_280,calibration,3.3759284257888793,1.9070247411727905,4.896345615386963,0.5649674125728049,0.8,1.0,0.8200000000000001,0.7964967412572806,0.7729934825145609,0.7494902237718416,False,I hope you have a good time with Shortie.,Fine. I hope you have a good time with Shorty.,English,gender: male; age: adult; accent: US English; voice timbre: bright; emotion: neutral; emotion intensity: low; speaking rate: moderate; pitch: medium; volume: medium; prosody: steady intonation; pauses: no significant pause at the end
random440_expressivespeech_280::2,random440_expressivespeech_280,calibration,3.408079981803894,1.9408258199691772,4.890847206115723,0.5336702878334956,0.7666666666666667,1.0,0.79,0.7667003621166829,0.7434007242333657,0.7201010863500487,False,I hope you have a good time with Shorty.,Fine. I hope you have a good time with Shorty.,English,gender: male; age: adult; accent: US English; voice timbre: neutral; emotion: happy; emotion intensity: low; speaking rate: moderate; pitch: medium; volume: medium; prosody: varying pitch with slight rises and falls; pauses: a slight pause between phrases
random440_expressivespeech_280::3,random440_expressivespeech_280,calibration,3.3958165884017943,1.9281710386276245,4.892151832580566,0.545652731149609,0.6,1.0,0.64,0.6345652731149608,0.6291305462299218,0.6236958193448827,True,Fine. I hope you have a good time with Shorty.,Fine. I hope you have a good time with Shorty.,English,gender: male; age: adult; accent: US English; voice timbre: neutral; emotion: neutral; emotion intensity: low; speaking rate: moderate; pitch: medium; volume: medium; prosody: monotone; pauses: short breathable pause
random440_deear_038::1,random440_deear_038,analysis,2.5522500872612,0.896000325679779,5.520832538604736,0.9707197291870752,0.7333333333333333,0.96875,0.756875,0.7806136395853742,0.8043522791707484,0.8280909187561226,False,"Alright, well then, let's book. Go ahead and book your ticket to Boston. How about it?","All right. Well then, let's book. Go ahead and book your ticket to Boston. How about it?",English,"gender: male; age: adult; accent: US English; voice timbre: bright; emotion: neutral; speaking rate: moderate; pitch: high; emphasis: emphasized; emphasized words: ticket, Boston; prosody: c life; pauses: no specific pause; nonverbal vocalizations: laughter"
random440_expressivespeech_038::2,random440_expressivespeech_038,analysis,3.1300758600234984,1.6498008966445923,4.9342498779296875,0.7735313757910575,0.39166666666666666,0.96875,0.44937499999999997,0.4875614709124391,0.5257479418248782,0.5639344127373173,False,"You're gonna put your marshmallows on the stick. You got 'em on there, okay?","Good for you. I feel that that's this is the right way to do it. We're gonna you're gonna put your your marshmallows on the stick. You got them on there, okay?",English,gender: female; age: adult; accent: US English; voice timbre: neutral; emotion: neutral; speaking rate: moderate; pitch: medium; prosody: very smooth intonation; pauses: no notable pause
random440_expressivespeech_038::3,random440_expressivespeech_038,analysis,3.123408770561218,1.643135666847229,4.934243679046631,0.7780922795850092,0.4666666666666667,1.0,0.52,0.5511425612918343,0.5822851225836685,0.6134276838755027,False,You're gonna put your marshmallows on the stick. You got 'em on there okay?,"Good for you. I feel that that's this is the right way to do it. We're gonna you're gonna put your your marshmallows on the stick. You got them on there, okay?",English,gender: female; age: adult; accent: US English; voice timbre: bright; emotion: neutral; speaking rate: moderate; pitch: medium; volume: medium; prosody: moderate intonation; pauses: minimal
random440_expressivespeech_056::0,random440_expressivespeech_056,analysis,3.6069784641265867,2.1228268146514893,4.947172164916992,0.3435660343836392,0.4235294117647059,0.90625,0.4718014705882353,0.4638051328501287,0.45580879511202194,0.44781245737391534,False,"核名都能把它治了。嗯,你说你们我们本来可以得到一个桶涨的情况,就是那帮货家给我搅黄了。",我恨不得把它吃了。哼，你说，你妈我本来可以得到一个组长的位置，就那帮坏家伙给我搅黄了。,Chinese,gender: female; age: adult; voice timbre: breathy; emotion: neutral; emotion intensity: low; speaking rate: moderate; volume: medium; prosody: steady intonation; pauses: a brief pause at the end
random440_expressivespeech_056::2,random440_expressivespeech_056,analysis,3.5692816257476805,2.0840842723846436,4.950657844543457,0.37773581904259607,0.5666666666666667,1.0,0.61,0.591106915237593,0.5722138304751858,0.5533207457127788,False,"我恨不得灭了 Holinger ( Yellowstone ) 认为事情是这么简单,移动端客户端Mini Translate行情火爆",我恨不得把它吃了。哼，你说，你妈我本来可以得到一个组长的位置，就那帮坏家伙给我搅黄了。,Chinese,emotion: neutral; speaking rate: moderate; volume: medium; prosody: steady intonation; pauses: no pause
random440_expressivespeech_056::3,random440_expressivespeech_056,analysis,3.619681930541992,2.1356945037841797,4.946624755859375,0.33238685686027886,0.43333333333333335,0.96875,0.486875,0.47678035235269456,0.4666857047053891,0.4565910570580837,False,我恨不得把他吃了。,我恨不得把它吃了。哼，你说，你妈我本来可以得到一个组长的位置，就那帮坏家伙给我搅黄了。,Chinese,"gender: female; age: adult; accent: Mandarin; voice timbre: neutral; emotion: angry; emotion intensity: high; speaking rate: moderate; pitch: low; emphasis: emphasized; emphasized words: 你他妈我本来可以在一个同长人位时,就那帮货假我给搅黄了。; prosody: intense delivery; pauses: no distinct pauses; nonverbal vocalizations: sigh"
random440_expressivespeech_216::1,random440_expressivespeech_216,analysis,2.9812038421630858,1.3423445224761963,5.462864398956299,0.8598348086438993,0.7333333333333333,0.96875,0.756875,0.7695251475310566,0.7821752950621133,0.7948254425931699,False,"No, it's just - it's making me look at you with awe and wonder.","No, it's just it's it's making me look at you in awe and wonder.",English,gender: male; age: adult; voice timbre: neutral; emotion: happy; emotion intensity: high; speaking rate: moderate; volume: medium; emphasis: emphasized; emphasized words: it's making me look at you with awe and wonder; prosody: stealthy and composed; pauses: short stress at 'awe'
random440_expressivespeech_216::2,random440_expressivespeech_216,analysis,2.9684654474258423,1.3295313119888306,5.463113784790039,0.8657651253843226,0.8666666666666667,0.96875,0.8768750000000001,0.8767848458717656,0.8766946917435312,0.8766045376152969,False,You know it's just—that's making me look at you with awe and wonder.,"No, it's just it's it's making me look at you in awe and wonder.",English,gender: male; age: adult; accent: US English; voice timbre: breathy; emotion: happy; emotion intensity: low; speaking rate: moderate; pitch: medium; volume: medium; prosody: even pitch; pauses: momentary silence
random440_expressivespeech_260::0,random440_expressivespeech_260,calibration,3.1337491512298583,1.4799396991729736,5.512698173522949,0.770990339122732,0.7444444444444444,1.0,0.7699999999999999,0.7726545894678287,0.7753091789356573,0.7779637684034862,False,我承认我是着急了才给袁小帅写了推荐信但是我们绝对没有过铁子上说的其他乱七八糟的事情,我承认我是着急了，才给元帅写了推荐信，但是我们绝对没有过帖子上说的其他乱七八糟的事情。,Chinese,gender: female; age: adult; voice timbre: bright; emotion: neutral; emotion intensity: low; speaking rate: moderate; pitch: medium; volume: medium; prosody: neutral intonation; pauses: slight pause between clauses
random440_expressivespeech_260::1,random440_expressivespeech_260,calibration,3.169973373413086,1.5151233673095703,5.516166687011719,0.7448689192229391,0.6980392156862745,1.0,0.728235294117647,0.7329182644713136,0.73760123482498,0.7422842051786465,False,我承认我是着急了才给袁帅推荐的信但是我们绝对没有帖子上说的其他乱七八糟的事情。,我承认我是着急了，才给元帅写了推荐信，但是我们绝对没有过帖子上说的其他乱七八糟的事情。,Chinese,gender: female; age: adult; voice timbre: bright; emotion: neutral; emotion intensity: low; speaking rate: slow; pitch: high; volume: low; prosody: {{neutral prosody lacrosse}}; pauses: short pause
random440_expressivespeech_260::2,random440_expressivespeech_260,calibration,3.1282299041748045,1.4745512008666992,5.512262344360352,0.7748007835609036,0.5980392156862745,0.9375,0.631985294117647,0.64966145090511,0.6673376076925729,0.6850137644800358,False,"我承认我是着急了才给袁帅写了推荐信,但是我们绝对没有过帖子上说的其他乱七八糟的事情。",我承认我是着急了，才给元帅写了推荐信，但是我们绝对没有过帖子上说的其他乱七八糟的事情。,Chinese,gender: female; age: adult; accent: Jiang-Huai Mandarin; voice timbre: bright; emotion: neutral; emotion intensity: low; speaking rate: moderate; prosody: consistent pitch variations; pauses: a brief pause at the end
random440_expressivespeech_311::0,random440_expressivespeech_311,analysis,3.2994539022445677,1.6808942556381226,5.395198822021484,0.6369486156916574,0.75,0.90625,0.765625,0.7543198615691658,0.7430147231383315,0.7317095847074973,True,我听说了。,我听说了。,Chinese,"gender: female; age: adult; voice timbre: bright; emotion: neutral; speaking rate: slow; volume: medium; emphasis: emphasized; emphasized words: 这个消息, 我听说了; pauses: significant pause between words"
random440_expressivespeech_311::1,random440_expressivespeech_311,analysis,3.232306480407715,1.6156847476959229,5.388739109039307,0.6955626534988634,0.8333333333333334,1.0,0.85,0.8362229320165531,0.822445864033106,0.8086687960496591,True,我听说了,我听说了。,Chinese,gender: female; age: adult; voice timbre: bright; emotion: neutral; speaking rate: moderate; pitch: low; volume: medium; emphasis: emphasized; emphasized words: 我; prosody: steady intonation; pauses: no clear pause
random440_expressivespeech_311::2,random440_expressivespeech_311,analysis,3.1705960512161253,1.558651089668274,5.373149871826172,0.7444031997861341,0.6666666666666666,0.9375,0.69375,0.7015236533119468,0.7092973066238935,0.7170709599358402,True,我听说了,我听说了。,Chinese,gender: female; age: elderly; voice timbre: dark; emotion: neutral; speaking rate: fast; pitch: high; emphasis: emphasized; emphasized words: 我; prosody: varied intonation; pauses: no noticeable pauses
random440_expressivespeech_311::3,random440_expressivespeech_311,analysis,3.2217220783233644,1.6055841445922852,5.387126445770264,0.7043059297805766,0.75,0.96875,0.7718750000000001,0.7673055929780578,0.7627361859561153,0.7581667789341731,True,我听说了。,我听说了。,Chinese,gender: female; age: elderly; voice timbre: bright; emotion: neutral; emotion intensity: low; speaking rate: moderate; pitch: high; volume: medium; prosody: clear addressing; pauses: no بهذه
random440_expressivespeech_103::1,random440_expressivespeech_103,calibration,4.056864261627197,2.496971607208252,5.199642181396484,0.08188701213837592,0.26666666666666666,0.96875,0.336875,0.31839703454717094,0.29991906909434185,0.2814411036415128,False,这是一句话。,改改，就老不正经，一个小不正经的你。,Chinese,gender: female; age: elderly; voice timbre: rough; emotion: neutral; speaking rate: slow; pitch: low; volume: medium; prosody: monotone delivery; pauses: no pause detected
random440_expressivespeech_024::1,random440_expressivespeech_024,analysis,4.015793514251709,2.3707778453826904,5.4833855628967285,0.09488156606370597,0.2857142857142857,0.9375,0.3508928571428571,0.3318095851777991,0.3127263132127412,0.29364304124768326,False,I need to wake up early tomorrow.,奶奶，你。,English,gender: male; age: adult; voice timbre: bright; emotion: neutral; emotion intensity: low; speaking rate: moderate; pitch: low; volume: medium; prosody: steady intonation; pauses: slight break before ending
random440_expressivespeech_024::2,random440_expressivespeech_024,analysis,3.768174076080322,2.1285431385040283,5.4654364585876465,0.21729941987693543,0.35714285714285715,1.0,0.4214285714285715,0.4074442277019793,0.3934598839753871,0.37947554024879493,False,"Now, everyone, please remember that...",奶奶，你。,English,gender: female; age: adult; voice timbre: neutral; emotion: neutral; emotion intensity: low; speaking rate: moderate; pitch: low; volume: medium; prosody: monotone delivery; pauses: long pause between clauses
random440_expressivespeech_296::2,random440_expressivespeech_296,analysis,3.762541103363037,2.0678482055664062,5.6489763259887695,0.2210913490632757,0.7333333333333334,1.0,0.76,0.7087758015729944,0.6575516031459884,0.6063274047189828,False,"I know that's not nice, right?","All right! All right! Now that's not nice, right there.",English,age: adult; emotion: sad; emotion intensity: medium; speaking rate: slow; pitch: low; volume: medium; prosody: somewhat sad inflection; pauses: no clear pauses
random440_expressivespeech_296::3,random440_expressivespeech_296,analysis,3.7172560691833496,2.0268678665161133,5.634627342224121,0.253279365808637,0.6666666666666666,0.9375,0.69375,0.6524112699141971,0.611072539828394,0.5697338097425911,False,astonished expression,"All right! All right! Now that's not nice, right there.",English,voice timbre: rough; prosody: vocal fry; pauses: no distinct pauses
random440_expressivespeech_115::1,random440_expressivespeech_115,analysis,3.372677898406982,1.9313204288482666,4.804524898529053,0.5681071256116293,0.48333333333333334,0.96875,0.531875,0.5403523792278296,0.5488297584556592,0.5573071376834888,False,这孩子 这不明白这就是有事嘛,哎，这孩子，这不明摆着就是有事儿吗？,Chinese,gender: female; age: adult; voice timbre: bright; emotion: neutral; speaking rate: moderate; pitch: medium; volume: medium
random440_expressivespeech_115::2,random440_expressivespeech_115,analysis,3.266212725639343,1.8250237703323364,4.8039631843566895,0.6666100102266646,0.4962962962962963,1.0,0.5466666666666666,0.5636980380597035,0.5807294094527403,0.5977607808457771,False,"这孩子,这不明白着就是有事儿。",哎，这孩子，这不明摆着就是有事儿吗？,Chinese,gender: female; age: adult; voice timbre: breathy; emotion: sad; emotion intensity: high; speaking rate: moderate; pitch: low; volume: medium; emphasis: emphasized; emphasized words: 不明白着就是有事儿; prosody: sl stylized; pauses: no significant pause
random440_expressivespeech_264::1,random440_expressivespeech_264,calibration,4.552680635452271,2.760826826095581,5.972846031188965,0.012528071140679631,0.33999999999999997,0.5625,0.36225,0.32950280711406793,0.2967556142281359,0.2640084213422039,False,"请解释一下什么叫芝麻和油条,明白了吧, premiums 便宜的价格 保证 草很简单 明白 吗",什么？怎么了？方子成？什么？我什么都不知道。邵西西，这名字好好听。是你大姨妈吗？,Chinese,Speak naturally in a neutral voice.
random440_expressivespeech_264::2,random440_expressivespeech_264,calibration,4.7085967540740965,2.9120163917541504,5.988601207733154,0.006824138539193914,0.5666666666666667,0.96875,0.606875,0.5508907471872527,0.4949064943745054,0.4389222415617582,False,"这名字给我提上去了Xiangzi,行了吧!",什么？怎么了？方子成？什么？我什么都不知道。邵西西，这名字好好听。是你大姨妈吗？,Chinese,gender: female; age: adult; voice timbre: bright; emotion: disgusted; emotion intensity: high; speaking rate: moderate; pitch: low; volume: medium; prosody: sharp delivery; pauses: no distinct pauses; nonverbal vocalizations: cough
random440_expressivespeech_286::0,random440_expressivespeech_286,analysis,4.7900471687316895,3.0367043018341064,5.844476222991943,0.0049627960610000976,0.6666666666666666,1.0,0.7,0.6338296129394333,0.5676592258788666,0.5014888388183001,False,先走了我先走了,俺先走了，俺先走了。,Chinese,gender: female; age: adult; voice timbre: bright; pauses: brief pause at the end
random440_expressivespeech_286::1,random440_expressivespeech_286,analysis,4.876984024047852,3.119626998901367,5.857856750488281,0.003530567489667951,0.4166666666666667,0.5625,0.43125,0.3899363900823002,0.3486227801646003,0.30730917024690046,False,请先过来.,俺先走了，俺先走了。,Chinese,Speak naturally in a neutral voice.
random440_expressivespeech_307::0,random440_expressivespeech_307,analysis,3.387808847427368,1.8783600330352783,5.031496047973633,0.5534494491773412,0.7313725490196078,1.0,0.758235294117647,0.7404429841334204,0.7226506741491936,0.704858364164967,False,"是谁不愿意来啊?为什么不来啊?你告诉他,他就是升了官,当了了国の部长,也得给老子发福利。狗东西。",是谁不愿意来啊？啊？为什么不来啊？你告诉他，他就是升了官，当了当了国防部长，也得给老子来，狗东西！,Chinese,gender: male; age: adult; voice timbre: breathy; emotion: angry; emotion intensity: high; speaking rate: moderate; pitch: low; volume: medium; emphasis: emphasized; emphasized words: 狗东西。; prosody: emotional and forceful; pauses: no specific pauses; nonverbal vocalizations: cough
random440_expressivespeech_307::1,random440_expressivespeech_307,analysis,3.3809849500656126,1.8714066743850708,5.031927585601807,0.5600729848990692,0.3,1.0,0.37,0.3960072984899069,0.4220145969798138,0.4480218954697208,False,是谁不愿意来啊 为什么不来啊 你告诉他 他就是升了官当了当了龚things longest Putang You have to come here一面子 through,是谁不愿意来啊？啊？为什么不来啊？你告诉他，他就是升了官，当了当了国防部长，也得给老子来，狗东西！,Chinese,gender: male; age: adult; voice timbre: breathy; emotion: angry; emotion intensity: low; speaking rate: slow; pitch: high; volume: medium; emphasis: emphasized; emphasized words: wasted words; prosody: varied pitch; pauses: long; nonverbal vocalizations: cough
random440_deear_071::0,random440_deear_071,calibration,1.4591858446598054,0.4639863073825836,3.3173317909240723,0.9995906280932744,0.8666666666666667,0.9375,0.87375,0.8870423961426608,0.9003347922853215,0.9136271884279824,False,The captain is standing at the bow of the ship.,Dogs are sitting by the door.,English,gender: male; age: adult; accent: US English; voice timbre: neutral; emotion: neutral; speaking rate: slow; prosody: even intonation; pauses: extended silence
random440_deear_071::3,random440_deear_071,calibration,1.4575043082237245,0.4625822901725769,3.316406726837158,0.9995933256444011,0.5,0.96875,0.546875,0.5968343325644402,0.6467936651288803,0.6967529976933204,True,Dogs are sitting by the door.,Dogs are sitting by the door.,English,gender: male; age: adult; accent: US English; voice timbre: neutral; emotion: neutral; emotion intensity: low; speaking rate: moderate; pitch: low; volume: medium; prosody: steady intonation; pauses: an extended pause between the nouns
random440_expressivespeech_231::0,random440_expressivespeech_231,calibration,3.3381552457809445,1.8054267168045044,5.109095096588135,0.6010688124215878,0.8,0.875,0.8075000000000001,0.7876068812421589,0.7677137624843176,0.7478206437264765,False,人愣着干什么赶快去救人去。,你还愣着干什么？快去救人去！,Chinese,"gender: male; age: adult; emotion intensity: high; speaking rate: moderate; emphasis: emphasized; emphasized words: 人, 愣开人; prosody: energy with emphasis; pauses: no pause; nonverbal vocalizations: sniff"
random440_expressivespeech_231::2,random440_expressivespeech_231,calibration,3.3531882524490353,1.813184142112732,5.133347034454346,0.5868094078303739,0.6333333333333333,0.90625,0.660625,0.6559726074497041,0.6513202148994082,0.6466678223491122,False,村民愣着干什么快去救人去,你还愣着干什么？快去救人去！,Chinese,gender: male; age: adult; emotion: disgusted; speaking rate: moderate; pitch: medium; volume: medium; prosody: Gentle cadence; pauses: brief pause at the end
random440_expressivespeech_282::1,random440_expressivespeech_282,analysis,4.73527979850769,2.9730148315429688,5.874216556549072,0.006148411424069731,0.4,1.0,0.4600000000000001,0.420614841142407,0.3812296822848139,0.34184452342722094,False,你说让她买什么?,你说的刚才。,Chinese,gender: male; age: elderly; voice timbre: bright; speaking rate: moderate; pitch: medium; volume: medium; prosody: neutral; pauses: complete silence
random440_expressivespeech_282::2,random440_expressivespeech_282,analysis,4.761613130569458,3.000316619873047,5.870988368988037,0.005546804007127783,0.7,0.96875,0.726875,0.6574296804007128,0.5879843608014255,0.5185390412021383,False,你说让她有点惊喜?,你说的刚才。,Chinese,gender: male; age: adult; voice timbre: bright; emotion: happy; speaking rate: moderate; pitch: medium; volume: medium; prosody: happy; pauses: no pause; nonverbal vocalizations: laughter
random440_expressivespeech_282::3,random440_expressivespeech_282,analysis,4.791808700561523,3.031959295272827,5.866164684295654,0.00492869837582365,0.4,0.96875,0.45687500000000003,0.4173678698375824,0.3778607396751647,0.3383536095127471,False,你说让它卖就行   horrible,你说的刚才。,Chinese,gender: male; age: adult; accent: Mandarin; emotion: angry; emotion intensity: high; speaking rate: moderate; pitch: low; volume: high; emphasis: emphasized; emphasized words: 你说让它卖就行; prosody: loud; pauses: brief; nonverbal vocalizations: laughter
