round_index,branch,id,valid_candidates,scores,mean,span,std,top2_gap,pairwise_gap
0,audio,random440_expressivespeech_287,2,"[0.7592592592592593, 0.4666666666666667]",0.6129629629629629,0.2925925925925926,0.1462962962962963,0.2925925925925926,0.2925925925925926
0,audio,random440_expressivespeech_245,3,"[0.5777777777777777, 0.6333333333333333, 0.36666666666666664]",0.5259259259259259,0.26666666666666666,0.11487453643904312,0.05555555555555558,0.17777777777777778
0,audio,random440_expressivespeech_304,3,"[0.6666666666666666, 0.7444444444444444, 0.7666666666666667]",0.7259259259259259,0.10000000000000009,0.04287347001033419,0.022222222222222365,0.06666666666666672
0,audio,random440_expressivespeech_178,2,"[0.611111111111111, 0.74]",0.6755555555555555,0.12888888888888894,0.06444444444444447,0.12888888888888894,0.12888888888888894
0,audio,random440_deear_090,3,"[0.43333333333333335, 0.43333333333333335, 0.5666666666666667]",0.4777777777777778,0.1333333333333333,0.06285393610547088,0.1333333333333333,0.08888888888888886
0,audio,random440_expressivespeech_017,3,"[0.34320987654320984, 0.4, 0.41111111111111115]",0.38477366255144035,0.06790123456790131,0.029738027596937756,0.011111111111111127,0.04526748971193421
0,audio,random440_expressivespeech_326,3,"[0.6818181818181818, 0.5511111111111112, 0.43333333333333335]",0.5554208754208755,0.24848484848484842,0.10148927868807557,0.13070707070707055,0.1656565656565656
0,audio,random440_expressivespeech_283,3,"[0.711111111111111, 0.7, 0.8444444444444444]",0.7518518518518519,0.1444444444444445,0.06562979683951614,0.13333333333333341,0.09629629629629632
0,audio,random440_expressivespeech_004,4,"[0.5666666666666667, 0.62, 0.5666666666666667, 0.5866666666666667]",0.585,0.053333333333333344,0.021794494717703373,0.033333333333333326,0.03000000000000001
0,audio,random440_expressivespeech_192,4,"[0.17857142857142858, 0.39285714285714285, 0.4642857142857143, 0.21428571428571427]",0.3125,0.2857142857142857,0.11945614428803261,0.07142857142857145,0.1726190476190476
0,audio,random440_deear_093,1,[0.6333333333333333],,,,,
0,audio,random440_expressivespeech_079,1,[0.34736842105263155],,,,,
0,audio,random440_expressivespeech_122,2,"[0.6151515151515151, 0.8484848484848484]",0.7318181818181817,0.23333333333333328,0.11666666666666664,0.23333333333333328,0.23333333333333328
0,audio,random440_expressivespeech_183,4,"[0.36666666666666664, 0.3, 0.3333333333333333, 0.4666666666666667]",0.36666666666666664,0.16666666666666669,0.062360956446232366,0.10000000000000003,0.0888888888888889
0,audio,random440_deear_086,3,"[0.4666666666666667, 0.8777777777777778, 0.5777777777777777]",0.6407407407407407,0.4111111111111111,0.17364012103305249,0.30000000000000004,0.2740740740740741
0,audio,random440_deear_044,4,"[0.4666666666666667, 0.7333333333333333, 0.8666666666666667, 0.5333333333333333]",0.65,0.4,0.15898986690282427,0.13333333333333341,0.2333333333333333
0,audio,random440_expressivespeech_158,2,"[0.5, 0.3333333333333333]",0.41666666666666663,0.16666666666666669,0.08333333333333334,0.16666666666666669,0.16666666666666669
0,audio,random440_expressivespeech_271,0,[],,,,,
0,audio,random440_expressivespeech_225,0,[],,,,,
0,audio,random440_expressivespeech_176,4,"[0.5844444444444445, 0.7266666666666667, 0.6454545454545454, 0.6714285714285714]",0.656998556998557,0.14222222222222214,0.05113519891479174,0.05523809523809531,0.0754401154401154
0,audio,random440_deear_070,4,"[0.5333333333333333, 0.7666666666666667, 0.7333333333333333, 0.7333333333333333]",0.6916666666666667,0.2333333333333334,0.09242113755341182,0.03333333333333344,0.1166666666666667
0,audio,random440_expressivespeech_043,2,"[0.3, 0.38666666666666666]",0.3433333333333333,0.08666666666666667,0.043333333333333335,0.08666666666666667,0.08666666666666667
0,audio,random440_expressivespeech_154,1,[0.6578947368421052],,,,,
0,audio,random440_expressivespeech_249,3,"[0.8, 0.5904761904761905, 0.7777777777777778]",0.7227513227513228,0.20952380952380956,0.09397159057901937,0.022222222222222254,0.1396825396825397
0,audio,random440_deear_072,2,"[0.3333333333333333, 0.6777777777777777]",0.5055555555555555,0.3444444444444444,0.1722222222222222,0.3444444444444444,0.3444444444444444
0,audio,random440_expressivespeech_050,3,"[0.5666666666666667, 0.5666666666666667, 0.3]",0.4777777777777778,0.26666666666666666,0.1257078722109418,0.0,0.17777777777777778
0,audio,random440_expressivespeech_046,3,"[0.36666666666666664, 0.5546666666666666, 0.62]",0.5137777777777778,0.25333333333333335,0.10738829970522976,0.06533333333333335,0.1688888888888889
0,audio,random440_expressivespeech_011,1,[0.26666666666666666],,,,,
0,audio,random440_expressivespeech_167,0,[],,,,,
0,audio,random440_expressivespeech_227,3,"[0.7481481481481481, 0.7546666666666667, 0.876]",0.7929382716049383,0.12785185185185188,0.05879376845607773,0.1213333333333333,0.08523456790123458
0,audio,random440_expressivespeech_175,3,"[0.5666666666666667, 0.66, 0.5333333333333333]",0.5866666666666667,0.1266666666666667,0.053610391474732545,0.09333333333333338,0.08444444444444447
0,audio,random440_expressivespeech_160,3,"[0.6, 0.5, 0.3]",0.4666666666666666,0.3,0.12472191289246472,0.09999999999999998,0.19999999999999998
0,audio,random440_expressivespeech_202,3,"[0.7666666666666667, 0.7333333333333333, 0.43333333333333335]",0.6444444444444445,0.33333333333333337,0.14989708403591157,0.03333333333333344,0.22222222222222224
0,audio,random440_expressivespeech_314,2,"[0.23333333333333334, 0.6666666666666666]",0.44999999999999996,0.4333333333333333,0.21666666666666665,0.4333333333333333,0.4333333333333333
0,audio,random440_expressivespeech_238,4,"[0.47222222222222227, 0.5, 0.9166666666666666, 0.875]",0.6909722222222222,0.44444444444444436,0.20562475374295733,0.04166666666666663,0.28472222222222215
0,audio,random440_expressivespeech_179,2,"[0.3282051282051282, 0.33999999999999997]",0.3341025641025641,0.011794871794871764,0.005897435897435882,0.011794871794871764,0.011794871794871764
0,audio,random440_deear_054,0,[],,,,,
0,audio,random440_deear_037,4,"[0.74, 0.4166666666666667, 0.5280701754385965, 0.4614035087719298]",0.5365350877192983,0.3233333333333333,0.12397864512698271,0.21192982456140352,0.17277777777777778
0,audio,random440_expressivespeech_220,3,"[0.7076923076923076, 0.5533333333333333, 0.7866666666666667]",0.6825641025641026,0.2333333333333334,0.0969009154784239,0.07897435897435912,0.15555555555555559
0,audio,random440_expressivespeech_228,2,"[0.5833333333333334, 0.75]",0.6666666666666667,0.16666666666666663,0.08333333333333331,0.16666666666666663,0.16666666666666663
0,audio,random440_expressivespeech_272,2,"[0.8419047619047618, 0.8488888888888888]",0.8453968253968254,0.0069841269841269815,0.0034920634920634908,0.0069841269841269815,0.0069841269841269815
0,audio,random440_expressivespeech_285,3,"[0.45714285714285713, 0.6019607843137255, 0.6133333333333333]",0.5574789915966386,0.15619047619047616,0.07110011076243757,0.011372549019607825,0.10412698412698411
0,audio,random440_expressivespeech_013,4,"[0.4380952380952381, 0.4311111111111111, 0.41111111111111115, 0.5]",0.4450793650793651,0.08888888888888885,0.03321900271828429,0.06190476190476191,0.04560846560846559
0,audio,random440_expressivespeech_290,2,"[0.6666666666666666, 0.7]",0.6833333333333333,0.033333333333333326,0.016666666666666663,0.033333333333333326,0.033333333333333326
0,audio,random440_expressivespeech_256,4,"[0.5285714285714286, 0.4119047619047619, 0.5625, 0.4489795918367347]",0.4879889455782313,0.15059523809523812,0.06022741867605727,0.03392857142857142,0.08856292517006803
0,audio,random440_expressivespeech_083,2,"[0.6472222222222223, 0.6933333333333334]",0.6702777777777778,0.0461111111111111,0.02305555555555555,0.0461111111111111,0.0461111111111111
0,audio,random440_expressivespeech_126,1,[0.7666666666666667],,,,,
0,audio,random440_expressivespeech_087,2,"[0.24444444444444444, 0.5]",0.37222222222222223,0.25555555555555554,0.12777777777777777,0.25555555555555554,0.25555555555555554
0,audio,random440_expressivespeech_109,1,[0.7333333333333333],,,,,
0,audio,random440_expressivespeech_135,4,"[0.5, 0.4, 0.5507936507936508, 0.36666666666666664]",0.45436507936507936,0.1841269841269842,0.07420847123695365,0.050793650793650835,0.10873015873015875
0,audio,random440_deear_032,3,"[0.9166666666666666, 0.75, 0.8333333333333334]",0.8333333333333334,0.16666666666666663,0.06804138174397716,0.08333333333333326,0.11111111111111109
0,audio,random440_expressivespeech_197,2,"[0.3888888888888889, 0.5]",0.4444444444444444,0.1111111111111111,0.05555555555555555,0.1111111111111111,0.1111111111111111
0,audio,random440_expressivespeech_181,4,"[0.5666666666666667, 0.4533333333333333, 0.4777777777777778, 0.56]",0.5144444444444445,0.11333333333333334,0.049702820547433434,0.006666666666666599,0.07037037037037037
0,audio,random440_deear_003,4,"[0.5666666666666667, 0.8444444444444444, 0.5, 0.7]",0.6527777777777778,0.34444444444444444,0.1320248293146238,0.1444444444444445,0.19444444444444442
0,audio,random440_deear_049,2,"[0.8666666666666667, 0.8666666666666667]",0.8666666666666667,0.0,0.0,0.0,0.0
0,audio,random440_expressivespeech_007,2,"[0.7666666666666667, 0.8333333333333334]",0.8,0.06666666666666665,0.033333333333333326,0.06666666666666665,0.06666666666666665
0,audio,random440_expressivespeech_235,2,"[0.7980392156862746, 0.6370370370370371]",0.7175381263616558,0.1610021786492375,0.08050108932461875,0.1610021786492375,0.1610021786492375
0,audio,random440_expressivespeech_157,2,"[0.6076923076923076, 0.5]",0.5538461538461539,0.10769230769230764,0.05384615384615382,0.10769230769230764,0.10769230769230764
0,audio,random440_expressivespeech_063,0,[],,,,,
0,audio,random440_expressivespeech_089,0,[],,,,,
0,audio,random440_expressivespeech_113,4,"[0.4666666666666667, 0.8, 0.43333333333333335, 0.6666666666666666]",0.5916666666666667,0.3666666666666667,0.14976833963009525,0.13333333333333341,0.21666666666666667
0,audio,random440_expressivespeech_020,3,"[0.6666666666666666, 0.7333333333333333, 0.7333333333333333]",0.7111111111111111,0.06666666666666665,0.03142696805273544,0.0,0.04444444444444443
0,audio,random440_expressivespeech_028,2,"[0.7, 0.7333333333333333]",0.7166666666666666,0.033333333333333326,0.016666666666666663,0.033333333333333326,0.033333333333333326
0,audio,random440_deear_084,3,"[0.5238095238095238, 0.8333333333333334, 0.4]",0.5857142857142857,0.43333333333333335,0.18224268454327303,0.30952380952380953,0.2888888888888889
0,audio,random440_expressivespeech_093,2,"[0.6933333333333334, 0.6904761904761905]",0.6919047619047619,0.0028571428571428914,0.0014285714285714457,0.0028571428571428914,0.0028571428571428914
0,audio,random440_expressivespeech_222,1,[0.4666666666666667],,,,,
0,audio,random440_deear_015,3,"[0.4158730158730159, 0.62, 0.33809523809523806]",0.457989417989418,0.28190476190476194,0.11887785661921509,0.2041269841269841,0.18793650793650796
0,audio,random440_deear_083,2,"[0.6071428571428571, 0.42857142857142855]",0.5178571428571428,0.17857142857142855,0.08928571428571427,0.17857142857142855,0.17857142857142855
0,audio,random440_deear_096,3,"[0.4666666666666667, 0.7333333333333333, 0.6]",0.6,0.2666666666666666,0.10886621079036345,0.1333333333333333,0.17777777777777773
0,audio,random440_expressivespeech_219,0,[],,,,,
0,audio,random440_deear_082,2,"[0.5666666666666667, 0.5666666666666667]",0.5666666666666667,0.0,0.0,0.0,0.0
0,audio,random440_expressivespeech_208,4,"[0.5933333333333334, 0.48666666666666664, 0.5533333333333333, 0.6866666666666668]",0.5800000000000001,0.20000000000000012,0.07241853660800149,0.09333333333333338,0.10666666666666673
0,audio,random440_expressivespeech_035,3,"[0.7, 0.7898989898989899, 0.7898989898989899]",0.75993265993266,0.08989898989898992,0.04237879025293114,0.0,0.05993265993265995
0,audio,random440_expressivespeech_147,1,[0.6253968253968254],,,,,
0,audio,random440_expressivespeech_266,3,"[0.6444444444444444, 0.4, 0.4]",0.48148148148148145,0.24444444444444435,0.11523221619336325,0.24444444444444435,0.1629629629629629
0,audio,random440_expressivespeech_188,2,"[0.2, 0.6]",0.4,0.39999999999999997,0.19999999999999998,0.39999999999999997,0.39999999999999997
0,audio,random440_expressivespeech_045,3,"[0.26666666666666666, 0.3, 0.4523809523809524]",0.33968253968253964,0.18571428571428572,0.08084337509997996,0.1523809523809524,0.12380952380952381
0,audio,random440_deear_092,3,"[0.7166666666666667, 0.75, 0.85]",0.7722222222222221,0.1333333333333333,0.05665577237325315,0.09999999999999998,0.08888888888888886
0,audio,random440_expressivespeech_019,3,"[0.6666666666666667, 0.8303571428571429, 0.8622448979591837]",0.7864229024943311,0.19557823129251695,0.08567525603918673,0.03188775510204078,0.13038548752834464
0,audio,random440_expressivespeech_313,4,"[0.7020408163265306, 0.2, 0.7770114942528735, 0.5449275362318841]",0.555994961702822,0.5770114942528735,0.22194177163028925,0.07497067792634293,0.31469129380887784
0,audio,random440_deear_047,3,"[0.36666666666666664, 0.43333333333333335, 0.36666666666666664]",0.38888888888888884,0.06666666666666671,0.03142696805273546,0.06666666666666671,0.044444444444444474
0,audio,random440_expressivespeech_069,1,[0.4],,,,,
0,audio,random440_deear_024,3,"[0.36666666666666664, 0.5111111111111112, 0.55]",0.4759259259259259,0.1833333333333334,0.07887236829276617,0.03888888888888886,0.12222222222222227
0,audio,random440_expressivespeech_187,2,"[0.84, 0.6666666666666666]",0.7533333333333333,0.17333333333333334,0.08666666666666667,0.17333333333333334,0.17333333333333334
0,audio,random440_expressivespeech_088,2,"[0.39333333333333337, 0.5]",0.44666666666666666,0.10666666666666663,0.053333333333333316,0.10666666666666663,0.10666666666666663
0,audio,random440_expressivespeech_009,2,"[0.5444444444444444, 0.4777777777777778]",0.5111111111111111,0.0666666666666666,0.0333333333333333,0.0666666666666666,0.0666666666666666
0,audio,random440_expressivespeech_168,3,"[0.25, 0.25, 0.21428571428571427]",0.2380952380952381,0.035714285714285726,0.01683587574253685,0.0,0.02380952380952382
0,audio,random440_expressivespeech_252,2,"[0.2857142857142857, 0.17857142857142858]",0.23214285714285715,0.10714285714285712,0.05357142857142856,0.10714285714285712,0.10714285714285712
0,audio,random440_expressivespeech_095,2,"[0.48000000000000004, 0.5444444444444444]",0.5122222222222222,0.06444444444444436,0.03222222222222218,0.06444444444444436,0.06444444444444436
0,audio,random440_expressivespeech_090,3,"[0.6666666666666666, 0.4166666666666667, 0.3333333333333333]",0.47222222222222215,0.3333333333333333,0.1416394309331329,0.24999999999999994,0.2222222222222222
0,audio,random440_expressivespeech_053,3,"[0.34444444444444444, 0.4777777777777778, 0.35238095238095235]",0.39153439153439157,0.13333333333333336,0.06106929557260339,0.12539682539682545,0.0888888888888889
0,audio,random440_expressivespeech_165,3,"[0.8641025641025641, 0.6579710144927536, 0.9307692307692308]",0.8176142697881829,0.27279821627647716,0.11611944376977326,0.06666666666666665,0.18186547751765145
0,audio,random440_deear_010,1,[0.5333333333333333],,,,,
0,audio,random440_expressivespeech_312,3,"[0.6833333333333333, 0.7873873873873873, 0.48405797101449277]",0.6515928972450712,0.30332941637289457,0.12585116916841363,0.10405405405405399,0.20221961091526305
0,audio,random440_expressivespeech_057,3,"[0.6484848484848484, 0.5777777777777777, 0.3333333333333333]",0.5198653198653198,0.3151515151515151,0.13501977376584653,0.07070707070707072,0.2101010101010101
0,audio,random440_expressivespeech_309,3,"[0.6666666666666666, 0.7333333333333333, 0.5]",0.6333333333333333,0.23333333333333328,0.09813067629253161,0.06666666666666665,0.15555555555555553
0,audio,random440_expressivespeech_076,2,"[0.5, 0.5666666666666667]",0.5333333333333333,0.06666666666666665,0.033333333333333326,0.06666666666666665,0.06666666666666665
0,audio,random440_expressivespeech_292,2,"[0.5849462365591397, 0.6814814814814815]",0.6332138590203106,0.09653524492234178,0.04826762246117089,0.09653524492234178,0.09653524492234178
0,audio,random440_expressivespeech_148,3,"[0.5185185185185185, 0.5333333333333333, 0.7151515151515151]",0.5890011223344557,0.1966329966329966,0.08940660262875115,0.18181818181818177,0.13108866442199774
0,audio,random440_expressivespeech_111,1,[0.4666666666666667],,,,,
0,audio,random440_expressivespeech_016,3,"[0.5333333333333333, 0.74, 0.6484848484848484]",0.6406060606060606,0.20666666666666667,0.08455504815052728,0.09151515151515155,0.13777777777777778
0,audio,random440_deear_016,4,"[0.8, 0.6444444444444444, 0.7333333333333333, 0.5777777777777777]",0.6888888888888889,0.22222222222222232,0.08461970117626567,0.06666666666666676,0.12592592592592597
0,audio,random440_expressivespeech_138,2,"[0.5578947368421052, 0.26666666666666666]",0.4122807017543859,0.29122807017543856,0.14561403508771928,0.29122807017543856,0.29122807017543856
0,audio,random440_expressivespeech_254,1,[0.6333333333333333],,,,,
0,audio,random440_deear_087,4,"[0.5333333333333333, 0.36666666666666664, 0.43333333333333335, 0.4666666666666667]",0.45,0.16666666666666669,0.060092521257733164,0.06666666666666665,0.0888888888888889
0,audio,random440_expressivespeech_246,2,"[0.9333333333333333, 0.5]",0.7166666666666667,0.43333333333333335,0.21666666666666667,0.43333333333333335,0.43333333333333335
0,audio,random440_expressivespeech_338,3,"[0.6285714285714286, 0.5333333333333333, 0.6177777777777779]",0.5932275132275132,0.09523809523809523,0.04258020129325451,0.010793650793650689,0.06349206349206349
0,audio,random440_expressivespeech_215,1,[0.44222222222222224],,,,,
0,audio,random440_expressivespeech_031,2,"[0.62, 0.4666666666666667]",0.5433333333333333,0.15333333333333332,0.07666666666666666,0.15333333333333332,0.15333333333333332
0,audio,random440_expressivespeech_068,2,"[0.518840579710145, 0.39166666666666666]",0.4552536231884058,0.1271739130434783,0.06358695652173915,0.1271739130434783,0.1271739130434783
0,audio,random440_expressivespeech_310,3,"[0.4166666666666667, 0.6666666666666666, 0.36666666666666664]",0.48333333333333334,0.3,0.1312334645668635,0.24999999999999994,0.19999999999999998
0,audio,random440_expressivespeech_101,3,"[0.4848484848484848, 0.36666666666666664, 0.32105263157894737]",0.39085592769803296,0.16379585326953744,0.06902227007281365,0.11818181818181817,0.10919723551302496
0,audio,random440_deear_014,2,"[0.6666666666666666, 0.6666666666666666]",0.6666666666666666,0.0,0.0,0.0,0.0
0,audio,random440_expressivespeech_041,3,"[0.7805970149253731, 0.7463768115942029, 0.6354166666666666]",0.7207968310620809,0.14518034825870652,0.06196819040522663,0.03422020333117026,0.09678689883913767
0,audio,random440_expressivespeech_319,3,"[0.5944444444444444, 0.8, 0.7222222222222222]",0.7055555555555556,0.2055555555555556,0.08474119398998187,0.07777777777777783,0.13703703703703707
0,audio,random440_deear_040,3,"[0.6666666666666666, 0.7, 0.6333333333333333]",0.6666666666666666,0.06666666666666665,0.02721655269759086,0.033333333333333326,0.04444444444444443
0,audio,random440_expressivespeech_185,2,"[0.5333333333333333, 0.36666666666666664]",0.44999999999999996,0.16666666666666669,0.08333333333333334,0.16666666666666669,0.16666666666666669
0,audio,random440_expressivespeech_340,1,[0.6688888888888889],,,,,
0,audio,random440_expressivespeech_294,2,"[0.5666666666666667, 0.6333333333333333]",0.6,0.06666666666666665,0.033333333333333326,0.06666666666666665,0.06666666666666665
0,audio,random440_expressivespeech_270,2,"[0.56, 0.6518518518518519]",0.605925925925926,0.09185185185185185,0.045925925925925926,0.09185185185185185,0.09185185185185185
0,audio,random440_expressivespeech_334,3,"[0.7155555555555555, 0.7694444444444444, 0.7909090909090909]",0.7586363636363637,0.0753535353535354,0.03169805231276974,0.02146464646464652,0.050235690235690265
0,audio,random440_expressivespeech_080,4,"[0.6666666666666666, 0.42962962962962964, 0.7333333333333333, 0.6173913043478261]",0.6117552334943639,0.30370370370370364,0.11291368465696489,0.06666666666666665,0.16006441223832524
0,audio,random440_expressivespeech_329,4,"[0.4166666666666667, 0.3888888888888889, 0.5833333333333334, 0.5833333333333334]",0.4930555555555556,0.19444444444444448,0.09081039465709738,0.0,0.12500000000000003
0,audio,random440_expressivespeech_110,4,"[0.611111111111111, 0.5234567901234568, 0.6580246913580247, 0.6922431865828093]",0.6212089447938505,0.16878639645935245,0.06336148808503198,0.034218495224784595,0.09221212827082849
0,audio,random440_expressivespeech_180,3,"[0.575, 0.6, 0.6904761904761905]",0.6218253968253968,0.11547619047619051,0.049604761879365904,0.09047619047619049,0.076984126984127
0,audio,random440_expressivespeech_107,3,"[0.8666666666666667, 0.8466666666666666, 0.7939393939393938]",0.8357575757575756,0.07272727272727286,0.03067648662992432,0.02000000000000013,0.048484848484848575
0,audio,random440_expressivespeech_025,3,"[0.3831168831168831, 0.42857142857142855, 0.5714285714285714]",0.46103896103896097,0.18831168831168832,0.08023269693874735,0.14285714285714285,0.12554112554112554
0,audio,random440_expressivespeech_096,3,"[0.8131868131868132, 0.6923076923076923, 0.5897435897435898]",0.6984126984126985,0.22344322344322343,0.0913224026926259,0.1208791208791209,0.14896214896214896
0,audio,random440_deear_030,2,"[0.6266666666666667, 0.5952380952380952]",0.6109523809523809,0.03142857142857147,0.015714285714285736,0.03142857142857147,0.03142857142857147
0,audio,random440_expressivespeech_315,2,"[0.26666666666666666, 0.5333333333333333]",0.4,0.26666666666666666,0.13333333333333333,0.26666666666666666,0.26666666666666666
0,audio,random440_expressivespeech_265,4,"[0.6333333333333333, 0.7, 0.7666666666666667, 0.6]",0.675,0.16666666666666674,0.06400954789890509,0.06666666666666676,0.09444444444444448
0,audio,random440_expressivespeech_027,3,"[0.7166666666666667, 0.6666666666666666, 0.7666666666666667]",0.7166666666666667,0.10000000000000009,0.04082482904638634,0.050000000000000044,0.06666666666666672
0,audio,random440_expressivespeech_155,3,"[0.36666666666666664, 0.4, 0.43333333333333335]",0.39999999999999997,0.06666666666666671,0.027216552697590886,0.033333333333333326,0.044444444444444474
0,audio,random440_expressivespeech_010,2,"[0.43333333333333335, 0.3333333333333333]",0.3833333333333333,0.10000000000000003,0.05000000000000002,0.10000000000000003,0.10000000000000003
0,audio,random440_expressivespeech_295,3,"[0.13333333333333333, 0.13333333333333333, 0.4]",0.22222222222222224,0.2666666666666667,0.1257078722109418,0.2666666666666667,0.1777777777777778
0,audio,random440_expressivespeech_150,3,"[0.7, 0.5666666666666667, 0.7]",0.6555555555555556,0.1333333333333333,0.06285393610547088,0.0,0.08888888888888886
0,audio,random440_expressivespeech_211,3,"[0.6, 0.6925925925925926, 0.6]",0.6308641975308642,0.09259259259259267,0.043648566739910376,0.09259259259259267,0.06172839506172845
0,audio,random440_deear_062,4,"[0.6974358974358974, 0.7555555555555556, 0.6888888888888889, 0.43333333333333335]",0.6438034188034188,0.3222222222222223,0.12419273260093006,0.058119658119658246,0.16253561253561258
0,audio,random440_expressivespeech_026,4,"[0.5, 0.774074074074074, 0.43333333333333335, 0.6733333333333333]",0.5951851851851852,0.3407407407407407,0.13542951031209735,0.10074074074074069,0.19925925925925925
0,audio,random440_expressivespeech_102,3,"[0.4507936507936508, 0.5666666666666667, 0.6]",0.5391534391534392,0.14920634920634918,0.06394459542978186,0.033333333333333326,0.09947089947089945
0,audio,random440_deear_080,0,[],,,,,
0,audio,random440_expressivespeech_137,1,[0.7],,,,,
0,audio,random440_expressivespeech_074,1,[0.7103030303030303],,,,,
0,audio,random440_expressivespeech_073,1,[0.6],,,,,
0,audio,random440_expressivespeech_233,4,"[0.5341880341880342, 0.4166666666666667, 0.5, 0.43803418803418803]",0.4722222222222222,0.11752136752136749,0.04708133447976645,0.03418803418803418,0.06908831908831907
0,audio,random440_expressivespeech_128,3,"[0.75, 0.5833333333333334, 0.5833333333333334]",0.638888888888889,0.16666666666666663,0.0785674201318386,0.16666666666666663,0.11111111111111109
0,audio,random440_expressivespeech_279,1,[0.6350877192982457],,,,,
0,audio,random440_expressivespeech_146,1,[0.4444444444444445],,,,,
0,audio,random440_expressivespeech_223,1,[0.6],,,,,
0,audio,random440_deear_078,1,[0.5],,,,,
0,audio,random440_expressivespeech_055,4,"[0.5, 0.6, 0.7666666666666667, 0.3]",0.5416666666666666,0.46666666666666673,0.16894279110594412,0.16666666666666674,0.25000000000000006
0,audio,random440_expressivespeech_098,1,[0.26666666666666666],,,,,
0,audio,random440_expressivespeech_003,1,[0.5079365079365079],,,,,
0,audio,random440_expressivespeech_144,3,"[0.5333333333333333, 0.4, 0.3333333333333333]",0.4222222222222222,0.2,0.08314794192830981,0.1333333333333333,0.13333333333333333
0,audio,random440_expressivespeech_217,1,[0.4],,,,,
0,audio,random440_expressivespeech_321,4,"[0.5111111111111112, 0.5333333333333333, 0.4, 0.6]",0.5111111111111111,0.19999999999999996,0.07200822998230955,0.06666666666666665,0.10370370370370367
0,audio,random440_expressivespeech_230,3,"[0.6066666666666667, 0.41190476190476194, 0.5761904761904761]",0.5315873015873016,0.19476190476190475,0.08553803160050026,0.030476190476190546,0.12984126984126984
0,audio,random440_deear_002,3,"[0.4666666666666667, 0.43333333333333335, 0.4666666666666667]",0.45555555555555555,0.033333333333333326,0.01571348402636772,0.0,0.022222222222222216
0,audio,random440_expressivespeech_210,3,"[0.7512820512820514, 0.7825396825396825, 0.6923809523809524]",0.7420675620675622,0.0901587301587301,0.03737939953656855,0.03125763125763115,0.06010582010582007
0,audio,random440_expressivespeech_105,4,"[0.4777777777777778, 0.5, 0.5, 0.6333333333333333]",0.5277777777777778,0.1555555555555555,0.06161409170227452,0.1333333333333333,0.07777777777777775
0,audio,random440_expressivespeech_199,2,"[0.7813333333333333, 0.8444444444444444]",0.8128888888888889,0.06311111111111112,0.03155555555555556,0.06311111111111112,0.06311111111111112
0,audio,random440_expressivespeech_065,3,"[0.6627450980392157, 0.6777777777777777, 0.7083333333333334]",0.6829520697167756,0.04558823529411771,0.01896754723398967,0.03055555555555567,0.03039215686274514
0,audio,random440_expressivespeech_195,3,"[0.4, 0.4266666666666667, 0.5511111111111112]",0.4592592592592593,0.1511111111111112,0.0658551430248678,0.12444444444444452,0.1007407407407408
0,audio,random440_expressivespeech_200,1,[0.5333333333333333],,,,,
0,audio,random440_expressivespeech_005,3,"[0.711111111111111, 0.43333333333333335, 0.6666666666666666]",0.6037037037037036,0.2777777777777777,0.12182877187702608,0.0444444444444444,0.18518518518518512
0,audio,random440_expressivespeech_237,3,"[0.616, 0.5333333333333333, 0.4]",0.5164444444444444,0.21599999999999997,0.08898661294796321,0.08266666666666667,0.144
0,audio,random440_expressivespeech_317,4,"[0.6333333333333333, 0.8333333333333334, 0.5666666666666667, 0.5777777777777777]",0.6527777777777778,0.2666666666666667,0.10725963653504349,0.20000000000000007,0.14259259259259263
0,audio,random440_expressivespeech_280,3,"[0.4666666666666667, 0.6333333333333333, 0.4666666666666667]",0.5222222222222223,0.16666666666666663,0.0785674201318386,0.16666666666666663,0.11111111111111109
0,audio,random440_deear_038,2,"[0.8, 0.788888888888889]",0.7944444444444445,0.011111111111111072,0.005555555555555536,0.011111111111111072,0.011111111111111072
0,audio,random440_expressivespeech_038,1,[0.3333333333333333],,,,,
0,audio,random440_expressivespeech_056,2,"[0.6285714285714286, 0.475]",0.5517857142857143,0.15357142857142858,0.07678571428571429,0.15357142857142858,0.15357142857142858
0,audio,random440_expressivespeech_216,3,"[0.8200000000000001, 0.8333333333333334, 0.7333333333333333]",0.7955555555555556,0.10000000000000009,0.04433319409613339,0.013333333333333308,0.06666666666666672
0,audio,random440_expressivespeech_260,4,"[0.762962962962963, 0.611111111111111, 0.711111111111111, 0.7296296296296296]",0.7037037037037037,0.1518518518518519,0.05659521033309678,0.033333333333333326,0.07901234567901239
0,audio,random440_expressivespeech_311,4,"[0.6666666666666666, 0.6666666666666666, 0.75, 0.6666666666666666]",0.6875,0.08333333333333337,0.03608439182435163,0.08333333333333337,0.041666666666666685
0,audio,random440_expressivespeech_103,2,"[0.611111111111111, 0.4285714285714286]",0.5198412698412698,0.18253968253968245,0.09126984126984122,0.18253968253968245,0.18253968253968245
0,audio,random440_expressivespeech_024,3,"[0.35714285714285715, 0.2857142857142857, 0.42857142857142855]",0.35714285714285715,0.14285714285714285,0.05832118435198043,0.0714285714285714,0.09523809523809523
0,audio,random440_expressivespeech_296,3,"[0.8166666666666668, 0.7333333333333334, 0.4166666666666667]",0.6555555555555556,0.4000000000000001,0.17231180465856472,0.08333333333333337,0.2666666666666667
0,audio,random440_expressivespeech_115,4,"[0.3962962962962963, 0.65, 0.5833333333333334, 0.6424242424242425]",0.5680134680134681,0.2537037037037037,0.10244540022806448,0.007575757575757569,0.13670033670033668
0,audio,random440_expressivespeech_264,3,"[0.5666666666666667, 0.4708333333333333, 0.3742857142857143]",0.47059523809523807,0.19238095238095237,0.07853937537633536,0.09583333333333333,0.12825396825396826
0,audio,random440_expressivespeech_286,2,"[0.5833333333333334, 0.3333333333333333]",0.45833333333333337,0.25000000000000006,0.12500000000000003,0.25000000000000006,0.25000000000000006
0,audio,random440_expressivespeech_307,2,"[0.772972972972973, 0.5561904761904762]",0.6645817245817246,0.21678249678249673,0.10839124839124836,0.21678249678249673,0.21678249678249673
0,audio,random440_deear_071,2,"[0.8666666666666667, 0.4666666666666667]",0.6666666666666667,0.4,0.2,0.4,0.4
0,audio,random440_expressivespeech_231,2,"[0.8333333333333334, 0.7416666666666667]",0.7875000000000001,0.09166666666666667,0.04583333333333334,0.09166666666666667,0.09166666666666667
0,audio,random440_expressivespeech_282,1,[0.4],,,,,
0,caption,random440_expressivespeech_164,4,"[-1.9088058045163052, -1.8979336841439363, -1.9806800370424753, -1.9444041995157022]",-1.9329559313046047,0.08274635289853904,0.03247475763414782,0.010872120372368954,0.04730624228250235
0,caption,random440_expressivespeech_186,4,"[-2.227166537443797, -2.0677467435598373, -1.7693374320864677, -2.0577981611092886]",-2.0305122185498474,0.45782910535732935,0.1650879483320269,0.28846072902282094,0.23057264975375613
0,caption,random440_deear_053,4,"[-2.0947929063113406, -2.2575493287295103, -2.261062278179452, -1.903319478733465]",-2.129180997988442,0.35774279944598675,0.14668594609865235,0.19147342757787555,0.20599747012602165
0,caption,random440_expressivespeech_336,4,"[-1.1722913701087236, -1.0433147901203483, -1.1370900727342814, -1.1515566259622574]",-1.1260632147314027,0.1289765799883753,0.049385852576426664,0.09377528261393309,0.06689938219885032
0,caption,random440_expressivespeech_044,4,"[-1.335870489179797, -1.2139609346195357, -1.1774137323554896, -1.1917916871025227]",-1.2297592108143363,0.15845675682430738,0.06263140366256412,0.014377954747033073,0.08292325299832252
0,caption,random440_expressivespeech_100,4,"[-1.496227901079692, -1.529639130923897, -1.4619132042862475, -1.4688582062954083]",-1.4891596106463112,0.06772592663764954,0.026660204283307183,0.006945002009160817,0.03842457911620537
0,caption,random440_expressivespeech_140,4,"[-1.0099874474690296, -1.2173226237064227, -1.0669589638127945, -1.0775110614486039]",-1.0929450241092127,0.20733517623739317,0.07626471880351017,0.05697151634376496,0.10542627105799814
0,caption,random440_expressivespeech_206,4,"[-1.3881380811944837, -1.3508829174097627, -1.3129784782286151, -1.3430697849107673]",-1.3487673154359072,0.07515960296586854,0.026776088637361847,0.030091306682152208,0.03888199023276684
0,caption,random440_expressivespeech_133,4,"[-1.9717543465230847, -1.9605184402898885, -2.096999440473155, -2.082679539642413]",-2.0279879417321354,0.1364810001832666,0.062185425735179274,0.011235906233196147,0.08672803227818804
0,caption,random440_expressivespeech_277,4,"[-1.3880051320884377, -1.3794560737442225, -1.358170616964344, -1.3463047897676006]",-1.3679841531411512,0.04170034232083708,0.016573660194015783,0.01186582719674334,0.024397747290398304
0,caption,random440_expressivespeech_244,4,"[-2.121048560773488, -2.175438946695067, -2.0095813296502456, -2.0754539067856967]",-2.0953806859761244,0.16585761704482138,0.060882614474073185,0.06587257713545114,0.09052791752037592
0,caption,random440_deear_022,4,"[-1.6045040606986731, -1.5364419925026596, -1.5183693496510386, -1.619946988299489]",-1.569815597787965,0.10157763864845037,0.043234707558951,0.018072642851620913,0.06213249735689411
0,caption,random440_expressivespeech_145,4,"[-1.3940971741249086, -1.3478569099243032, -1.4301367401785683, -1.480906762953964]",-1.413249396795436,0.13304985302966088,0.048748555195158604,0.04624026420060545,0.07253152085710705
0,caption,random440_expressivespeech_047,4,"[-1.3493661779357353, -1.3822377456963295, -1.3343054793804185, -1.386680889147101]",-1.363147573039896,0.052375409766682424,0.022022970262507328,0.015060698555316776,0.03166629951010691
0,caption,random440_expressivespeech_121,4,"[-1.0920024092774838, -1.0366386397217866, -1.0565774672286352, -1.0166974042294896]",-1.0504789801143488,0.0753050050479942,0.02781248193705255,0.019941235492296983,0.040975640441805204
0,caption,random440_deear_026,4,"[-1.31961689889431, -1.2898284973343834, -1.2649687537923455, -1.2597681963816285]",-1.2835455866006669,0.059848702512681484,0.023722760909568083,0.0052005574107170105,0.034067641846680395
0,caption,random440_deear_025,4,"[-1.727871415958119, -1.471806396008469, -1.7510119719042754, -1.73832509846737]",-1.6722537205845582,0.2792055758958063,0.1160180450346532,0.2560650199496499,0.14134506836611163
0,caption,random440_expressivespeech_072,4,"[-1.7317252400098369, -1.7317082562367432, -1.6710405880585313, -1.7251626211218536]",-1.7149091763567412,0.06068465195130557,0.02546848665718432,0.054122033063322306,0.031433265161467716
0,caption,random440_expressivespeech_207,4,"[-1.7057139888347592, -1.6979728108417476, -1.6602610819536494, -1.648911919670354]",-1.6782149503251276,0.05680206916440511,0.024122495549814972,0.0113491622832953,0.03468632273021891
0,caption,random440_deear_019,4,"[-1.4940013970481232, -1.4516948274613242, -1.481877706846717, -1.4714419092488242]",-1.4747539601512472,0.042306569586799014,0.015523408740287669,0.019747081787500065,0.02289258439304831
0,caption,random440_deear_079,4,"[-1.362053801988562, -1.473118492712577, -1.3522388434658448, -1.4375955904523532]",-1.4062516821548343,0.12087964924673233,0.05080465110588624,0.009814958522717188,0.07303012270066471
0,caption,random440_expressivespeech_209,4,"[-1.3777412127237767, -1.461524375481531, -1.2243241568212397, -1.6713032383704558]",-1.4337232458492508,0.44697908154921606,0.16139944406179754,0.15341705590253696,0.23745340123423375
0,caption,random440_expressivespeech_143,4,"[-1.8750416431576014, -1.878814740877715, -1.9094610367610585, -1.9986195356177632]",-1.9154842391035345,0.12357789246016182,0.04981970533821563,0.003773097720113583,0.06689666221063817
0,caption,random440_expressivespeech_149,4,"[-1.6108273947174894, -1.641025512246415, -1.6478286761703203, -1.4837178619636688]",-1.5958498612744734,0.1641108142066514,0.06622036774322221,0.12710953275382053,0.08708842669147998
0,caption,random440_expressivespeech_012,4,"[-1.9229771556783817, -1.853772032802226, -1.9138115594832925, -1.8486559867706092]",-1.8848041836836273,0.07432116890777252,0.03379456380131165,0.005116046031616861,0.047167172234064005
0,caption,random440_expressivespeech_239,4,"[-1.5587504071736475, -1.7453663743799552, -1.5285344598960364, -1.5766241128440015]",-1.6023188385734102,0.2168319144839188,0.08435810450406682,0.03021594727761112,0.1113949081870184
0,caption,random440_deear_005,4,"[-1.5719576319679618, -1.491350489668548, -1.618768509477377, -1.704009051900357]",-1.596521420753561,0.2126585622318089,0.07699485091716697,0.08060714229941368,0.1141310940341403
0,caption,random440_expressivespeech_316,4,"[-1.2368563068409761, -1.2340500194579362, -1.1168178160985311, -1.1423765870432059]",-1.1825251823601624,0.12003849074244499,0.05370299715161787,0.025558770944674736,0.07529815077367756
0,caption,random440_expressivespeech_001,4,"[-1.7811099818209186, -1.7452741245506331, -1.8127466852311045, -1.7057249946519732]",-1.7612139465636574,0.10702169057913125,0.03995177431475875,0.039549129898659885,0.05948348816794654
0,caption,random440_expressivespeech_081,4,"[-2.158594231957977, -2.2946095783263445, -2.143511577436584, -2.1665071550523862]",-2.190805635693323,0.15109800088976044,0.06049788662550715,0.015082654521393124,0.07686782096061506
0,caption,random440_expressivespeech_191,4,"[-1.957188708242029, -1.989529572892934, -1.809934876684565, -1.8945252606936265]",-1.9127946046282887,0.179594696208369,0.06850727032714019,0.08459038400906138,0.10024125602891824
0,caption,random440_expressivespeech_242,4,"[-2.0422646406805143, -1.8729913748247782, -1.9121110087144189, -2.051033783587627]",-1.9696002019518346,0.17804240876284894,0.07834191357718696,0.03911963388964068,0.11071347637577371
0,caption,random440_expressivespeech_136,4,"[-1.4122570443432778, -1.476502157165669, -1.480042236042209, -1.490809999522753]",-1.4649028592684772,0.07855295517947525,0.03084844479912185,0.06424511282239109,0.03986649073582763
0,caption,random440_expressivespeech_243,4,"[-1.8582660058164038, -1.953742194804363, -1.8570183034971706, -1.9203508701175451]",-1.8973443435588706,0.09672389130719239,0.04142259008432423,0.0012477023192332126,0.058709423037119755
0,caption,random440_deear_052,4,"[-1.5174414271488785, -1.568898277853926, -1.5729138340801, -1.5912069229098658]",-1.5626151154981927,0.07376549576098723,0.027402989361404506,0.05145685070504746,0.037552007251522634
0,caption,random440_expressivespeech_184,4,"[-1.8408552366927324, -1.7791436494517257, -2.0941633736147196, -1.8605024388816673]",-1.8936661746602113,0.31501972416299395,0.11958612389040575,0.06171158724100678,0.16078439577965278
0,caption,random440_expressivespeech_015,4,"[-1.2772323223762214, -1.2512211529683555, -1.2613864017184824, -1.3918323256075382]",-1.2954180506676494,0.14061117263918277,0.056431267977326435,0.01016524875012692,0.07294657309588122
0,caption,random440_deear_050,4,"[-1.5516332907252945, -1.4994566821842454, -1.5465382055806307, -1.4961807390713753]",-1.5234522293903865,0.05545255165391927,0.025722825391859848,0.003275943112870161,0.035573196393023844
0,caption,random440_deear_066,4,"[-1.6369809666648507, -1.6559569331584498, -1.7636061396915466, -1.6344802605453879]",-1.6727560750150587,0.1291258791461587,0.05310565358233123,0.0025007061194628477,0.06772560065534587
0,caption,random440_expressivespeech_084,4,"[-1.573393412749283, -1.6389531812164932, -1.5319968999538105, -1.5779480733908713]",-1.5805728918276145,0.10695628126268275,0.03816516660292199,0.04139651279547252,0.054237250738272756
0,caption,random440_expressivespeech_281,4,"[-1.1978337163105608, -1.121448958168427, -1.2205280149976412, -1.1423065858582655]",-1.1705293188337236,0.09907905682921414,0.04015844929558554,0.020857627689838454,0.058794050156656286
0,caption,random440_expressivespeech_094,4,"[-1.7619291599839926, -1.7850771227385849, -1.7340451295021921, -1.7387640724191442]",-1.7549538711609785,0.051031993236392736,0.0203429963428891,0.004718942916952074,0.029376844545671094
0,caption,random440_expressivespeech_152,4,"[-1.8709676371508976, -1.7150366005807882, -1.4638445970886096, -1.6338720553649182]",-1.6709302225463034,0.40712304006228806,0.14681459724007262,0.1700274582763086,0.21708894423378902
0,caption,random440_deear_094,4,"[-1.7752987653017045, -1.8123551776011786, -1.7594478537018101, -1.7365717197457948]",-1.770918379087622,0.07578345785538376,0.02760191123367949,0.022876133956015288,0.040533547527674275
0,caption,random440_expressivespeech_091,4,"[-1.5055925729102455, -1.8656632743077353, -1.6381021271226928, -1.4945726714213379]",-1.6259826614405029,0.3710906028863974,0.14946240039387343,0.011019901488907635,0.20763022714527324
0,caption,random440_expressivespeech_194,4,"[-1.9633323260893425, -1.8762237280607224, -1.928681005164981, -1.9142313031479716]",-1.9206170906157545,0.08710859802862014,0.03122966130118737,0.03800757508724928,0.04596258268381163
0,caption,random440_deear_034,4,"[-1.2475082070178662, -1.215083504964908, -1.3361197641352192, -1.3860084209823982]",-1.296179974275098,0.17092491601749016,0.06820908098346881,0.03242470205295822,0.10023105086163724
0,caption,random440_expressivespeech_171,4,"[-1.3321014694447513, -1.4211690846132115, -1.3237596322433092, -1.334608086690423]",-1.3529095682479237,0.09740945236990228,0.03961376511548174,0.008341837201442104,0.04912249572589644
0,caption,random440_expressivespeech_052,4,"[-1.761376069032849, -1.7527387626323616, -1.7669986272740061, -1.73299052582297]",-1.7535259961905467,0.034008101451036055,0.012898262594562886,0.01974823680939153,0.018443601792265934
0,caption,random440_deear_059,4,"[-1.5198524773586541, -1.4385742916492745, -1.5999179180944338, -1.5211566165089607]",-1.5198753259028308,0.16134362644515932,0.05704891971615793,0.08127818570937961,0.08088916974763076
0,caption,random440_expressivespeech_203,4,"[-1.944129200419411, -1.9279099821578711, -1.9586261877557263, -1.95360213087406]",-1.9460668753017671,0.03071620559785515,0.01170409926526297,0.016219218261539936,0.01693692454136908
0,caption,random440_expressivespeech_201,4,"[-1.52664244222251, -1.5776649648905732, -1.5845300770815811, -1.6376374090323225]",-1.5816187233067467,0.11099496680981247,0.03932109109208928,0.051022522668063175,0.056641668770074226
0,caption,random440_deear_085,4,"[-1.4792338755292198, -1.495915807535251, -1.5113736587266127, -1.5367230787873267]",-1.5058116051446024,0.05748920325810691,0.02115867531680341,0.016681932006031186,0.03132091016094707
0,caption,random440_expressivespeech_189,4,"[-1.66893415376544, -1.6023326953252157, -1.7062509031345447, -1.6852844186127185]",-1.6657005427094798,0.10391820780932903,0.03890308550929071,0.06660145844022436,0.05468414804587759
0,caption,random440_expressivespeech_161,4,"[-1.588789603265468, -1.5747985726775369, -1.6740955541899893, -1.4983483956602868]",-1.5840080314483203,0.17574715852970257,0.062371893744223035,0.0764501770172501,0.09020541769617314
0,caption,random440_expressivespeech_117,4,"[-1.6126209385693073, -1.511755220941268, -1.620932987309061, -1.6319795047165826]",-1.5943221628840547,0.12022428377531469,0.04816211286850143,0.10086571762803942,0.061497483344282955
0,caption,random440_expressivespeech_182,4,"[-1.3007512433687225, -1.3465745771536604, -1.3485946878790855, -1.354486507596448]",-1.3376017539994791,0.053735264227725565,0.02147330428936981,0.04582333378493786,0.02720431723476698
0,caption,random440_deear_001,4,"[-2.119416976478533, -2.0165004475566093, -2.030072302761255, -1.9683355927700177]",-2.0335813298916037,0.1510813837085152,0.05460960137713597,0.048164854786591604,0.07780266772169853
0,caption,random440_expressivespeech_268,4,"[-1.569039260968566, -1.5781739960657433, -1.5357552453497192, -1.508047400857322]",-1.5477539758103376,0.07012659520842135,0.027834432919373493,0.02770784449239727,0.040610633540685136
0,caption,random440_deear_099,4,"[-0.9761191661159198, -0.9742286811272304, -1.055043639615178, -0.9261798312266668]",-0.9828928295212488,0.1288638083885113,0.04621432017268505,0.04804884990056357,0.06474698502570388
0,caption,random440_expressivespeech_159,4,"[-1.3438820691080764, -1.401878827251494, -1.3971063764765859, -1.6178220205474645]",-1.4401723233459052,0.2739399514393881,0.10506223822082215,0.05322430736850947,0.13776538418217874
0,caption,random440_expressivespeech_276,4,"[-1.819541874807328, -1.7524475778336637, -1.822782359435223, -1.6979957798612304]",-1.7731918979843613,0.12478657957399264,0.05170183076473561,0.05445179797243327,0.07357567261594038
0,caption,random440_expressivespeech_339,4,"[-1.696323391457554, -1.6553212534054182, -1.629580473760143, -1.5851297688786872]",-1.6415887218754506,0.11119362257886678,0.04036173272040336,0.04445070488145575,0.05988694123031261
0,caption,random440_expressivespeech_299,4,"[-1.7390634868934285, -1.6332193311536685, -1.7822211678430904, -1.3947187522644526]",-1.63730568453866,0.38750241557863774,0.1501834425258213,0.23850057888921583,0.21139190041261222
0,caption,random440_expressivespeech_253,4,"[-1.512681515654549, -1.695394600275904, -1.5049670324660838, -1.454304373357445]",-1.5418368804384954,0.24109022691845894,0.0914485293795804,0.05066265910863876,0.12183086065730701
0,caption,random440_deear_076,4,"[-1.854774812469259, -1.807798050576821, -1.8811932469252497, -1.879065799061209]",-1.8557079772581346,0.07339519634842873,0.029543690868448536,0.046976761892437935,0.04074609593953937
0,caption,random440_deear_007,4,"[-1.3262317782500759, -1.3090595981338993, -1.3225988027406856, -1.3537581469863653]",-1.3279120815277565,0.04469854885246605,0.01623645266353211,0.01353920460678637,0.02295477034446473
0,caption,random440_expressivespeech_051,4,"[-2.149080745934043, -2.355462177300069, -2.4140267916736775, -2.377372817354626]",-2.323985633065604,0.26494604573963443,0.10312625037938031,0.20638143136602594,0.13612479621224338
0,caption,random440_expressivespeech_177,4,"[-2.2769817176740617, -2.2520394787192344, -2.2568337759779147, -2.2070871570846067]",-2.2482355323639545,0.06989456058945498,0.025533956602590585,0.0449523216346277,0.03574632983784087
0,caption,random440_expressivespeech_132,4,"[-1.5650047494564205, -1.5670918753603473, -1.684255582615151, -1.596291099791415]",-1.6031608268058335,0.11925083315873053,0.048426253381034706,0.0020871259039267898,0.06449195398454322
0,caption,random440_expressivespeech_134,4,"[-1.718170859196107, -1.770946644282958, -1.9220247710181866, -1.5899437745392788]",-1.7502715122591326,0.33208099647890776,0.11901898838840394,0.12822708465682808,0.17483646242059572
0,caption,random440_deear_041,4,"[-1.2603665150391559, -1.2634711685590445, -1.3618182818094888, -1.3776174050600578]",-1.3158183426169368,0.11725089002090194,0.054199285830466605,0.003104653519888645,0.0750166305521917
0,caption,random440_expressivespeech_300,4,"[-2.345267941884231, -2.2692577723646536, -2.294487698090961, -2.2658739343460184]",-2.293721836671466,0.07939400753821246,0.031747376319370135,0.003383838018635288,0.04390199139015749
0,caption,random440_expressivespeech_302,4,"[-2.0186787070706487, -1.9890771460341057, -1.995897768829309, -1.9262538737384602]",-1.9824768739181309,0.09242483333218843,0.03426106567602568,0.06282327229564544,0.04734918713196142
0,caption,random440_deear_097,4,"[-1.3384011671102296, -1.3631317612249405, -1.37192905874302, -1.4091282612023255]",-1.3706475620701288,0.07072709409209588,0.0253905675875886,0.024730594114710902,0.03682976329906118
0,caption,random440_deear_073,4,"[-2.776416867680382, -2.6804532803653274, -2.4577554748684634, -2.6000039476784877]",-2.628657392648165,0.31866139281191863,0.116773457874227,0.1422484728100244,0.17273891852043258
0,caption,random440_deear_029,4,"[-1.2317956910701469, -1.3277008491568267, -1.3370238670613617, -1.312749879900366]",-1.3023175717971753,0.10522817599121481,0.0416263330540867,0.08095418883021921,0.055105916205017515
0,caption,random440_deear_060,4,"[-2.6506718611344695, -2.492401236668229, -2.446163561195135, -2.572027604561299]",-2.540316065889783,0.2045082999393344,0.0780136978815397,0.046237675473093987,0.11552521128517886
0,caption,random440_expressivespeech_190,4,"[-1.4287677127867937, -1.6492165762465447, -1.4581450782716274, -1.4514025361277163]",-1.4968829758581705,0.220448863459751,0.08862041240322222,0.022634823340922594,0.1113481887538607
0,caption,random440_expressivespeech_198,4,"[-1.3466643720894353, -1.257560172743979, -1.2781010568869533, -1.355565366015071]",-1.3094727419338597,0.09800519327109214,0.042387630303242475,0.02054088414297439,0.060429815835959744
0,caption,random440_deear_088,4,"[-1.506973201005409, -1.7986694244667887, -1.7114080159614484, -1.7303635278794294]",-1.686853542328269,0.2916962234613796,0.10880690432011723,0.20443481495603932,0.14900736371701995
0,caption,random440_expressivespeech_331,4,"[-1.6998350609646877, -1.6582870210404508, -1.6242982359835878, -1.746620027566678]",-1.682260086388851,0.12232179158309009,0.04578582128878825,0.03398878505686298,0.0680855691122512
0,caption,random440_expressivespeech_273,4,"[-1.3455320152143637, -1.3204256755610306, -1.3522271275520326, -1.3541081281999747]",-1.3430732366318505,0.033682452638944094,0.013458456128705774,0.025106339653333087,0.017957078375750186
0,caption,random440_expressivespeech_141,4,"[-1.4614512500935235, -1.471876783874662, -1.4793942906544544, -1.5145353127658987]",-1.4818144093471346,0.0530840626723752,0.019936957828652114,0.01042553378113853,0.027794949132819657
0,caption,random440_expressivespeech_156,4,"[-1.121241900138557, -1.086042976938188, -1.086111965647433, -1.1515663942554966]",-1.1112408092449186,0.06552341731730849,0.02735216700287737,6.89887092448771e-05,0.03861669774050824
0,caption,random440_expressivespeech_058,4,"[-1.9561798943323083, -2.001777353056241, -2.0176597621757537, -2.1137665576534346]",-2.0223458918044344,0.15758666332112625,0.05740361914306597,0.045597458723932505,0.08144039984714861
0,caption,random440_expressivespeech_214,4,"[-1.492330922279507, -1.3931255247443914, -1.5004974955227226, -1.4660991920391098]",-1.4630132836464327,0.10737197077833116,0.0423036988629953,0.07297366729471833,0.05805794042923177
0,caption,random440_expressivespeech_049,4,"[-1.082000725902617, -1.0015985832869774, -0.9275936320336768, -0.9960170169506455]",-1.0018024895434792,0.15440709386894014,0.054708831368687975,0.06842338491696864,0.07813380799052538
0,caption,random440_expressivespeech_332,4,"[-1.2145760857674759, -1.0347232418425847, -1.2192783598147798, -1.2679245250765234]",-1.184125553125341,0.23320128323393874,0.08875003249723272,0.1798528439248912,0.1173843539581867
0,caption,random440_expressivespeech_284,4,"[-1.5691959735995624, -1.5620400522602722, -1.5602297239383915, -1.6533316033019219]",-1.586199338275037,0.09310187936353032,0.038903558280266586,0.001810328321880661,0.04774359323831353
0,caption,random440_deear_091,4,"[-1.8464742004871368, -1.832821278522412, -1.8011411995937427, -1.8846078575899203]",-1.841261134048303,0.08346665799617758,0.0299455956921265,0.03168007892866931,0.04400881599220959
0,caption,random440_expressivespeech_172,4,"[-1.8226613260339946, -1.9076535168278497, -2.0170661777156056, -1.8777029877528548]",-1.9062710020825762,0.19440485168161104,0.07085935305636558,0.05504166171886027,0.10219418068663799
0,caption,random440_expressivespeech_139,4,"[-1.9488798988313647, -1.857782086917723, -2.020550681394525, -1.8842488779700943]",-1.9278653862784267,0.1627685944768018,0.0629409292807324,0.026466791052371264,0.09215613404861263
0,caption,random440_expressivespeech_193,4,"[-1.6648556168365758, -1.5557744801044464, -1.6617407241137698, -1.6653945900616236]",-1.636941352779104,0.10962010995717719,0.04688246710686295,0.10596624400932342,0.05532920376572292
0,caption,random440_expressivespeech_232,4,"[-1.4338347564373786, -1.4039986769668757, -1.4461500286590308, -1.4952381462790072]",-1.444805402085573,0.09123946931213145,0.03290445862019912,0.02983607947050282,0.047672280026341086
0,caption,random440_expressivespeech_236,4,"[-1.1433139812278872, -1.1194747972961825, -1.0369119436945766, -1.1547584820538759]",-1.1136148010681306,0.11784653835929926,0.04607741223278224,0.08256285360160587,0.06289646650160041
0,caption,random440_expressivespeech_229,4,"[-1.7372455135919154, -1.6299716190551408, -1.7276956881396472, -1.7751236341428012]",-1.7175091137323761,0.1451520150876604,0.05356196811652085,0.09772406908450648,0.07416764511920822
0,caption,random440_expressivespeech_030,4,"[-2.2474005559148886, -2.1992453296358385, -2.144946305352884, -2.187593844719231]",-2.1947965089057107,0.10245425056200475,0.03648252641085208,0.04264753936634724,0.05316903943377027
0,caption,random440_deear_043,4,"[-0.9900050807744265, -1.067409075393031, -1.082461382759114, -1.049803136739259]",-1.0474196689164577,0.09245630198468757,0.03510560471882547,0.059798055964832564,0.049162474101305774
0,caption,random440_expressivespeech_061,4,"[-1.4205798804177903, -1.3109820276295068, -1.499823736725375, -1.5429290308966301]",-1.4435786689173256,0.23194700326712336,0.08823946910454496,0.10959785278828349,0.12918081101815915
0,caption,random440_expressivespeech_142,4,"[-1.2916933470405638, -1.4159463825635612, -1.2710208939388394, -1.2787147494964302]",-1.3143438432598487,0.14492548862472177,0.05912366538074135,0.007693855557590723,0.07462584390304983
0,caption,random440_expressivespeech_092,4,"[-1.6759640739765018, -1.6506565799936652, -1.7467401231988333, -1.8110548501135781]",-1.7211039068206446,0.16039827011991292,0.06274714765577448,0.025307493982836604,0.09199514326367837
0,caption,random440_expressivespeech_322,4,"[-1.505746663858493, -1.5719514371206362, -1.556804580365618, -1.5927233887215455]",-1.5568065175165733,0.08697672486305241,0.03211891532378239,0.05105791650712499,0.046012838557362566
0,caption,random440_expressivespeech_040,4,"[-1.6744855181314051, -1.6386263446329394, -1.5809501825133339, -1.5822634476498934]",-1.619081373231893,0.09353533561807126,0.039563785615416826,0.0013132651365594938,0.056161483972876645
0,caption,random440_deear_036,4,"[-1.9108913140371442, -1.9799161478877068, -1.8959382744506001, -1.9721808955073357]",-1.9397316579706967,0.08397787343710661,0.03680139985429687,0.014953039586544037,0.05220386696358522
0,caption,random440_expressivespeech_097,4,"[-1.4873486676806351, -1.5263152955449186, -1.606889999617124, -1.5088466595916543]",-1.532350155608583,0.11954133193648886,0.045194457960995214,0.0214979919110192,0.06268210529378848
0,caption,random440_expressivespeech_308,4,"[-1.445205203606747, -1.4700008385116234, -1.4589793734485283, -1.4761654182802886]",-1.4625877084617969,0.030960214673541486,0.011773702239043338,0.013774169841781259,0.017317018180619925
0,caption,random440_expressivespeech_224,4,"[-1.61904639005661, -1.5204344456394514, -1.5050076961517334, -1.6295763476441303]",-1.5685162198729814,0.12456865149239693,0.056184577289750924,0.01542674948771805,0.07871964981572492
0,caption,random440_expressivespeech_062,4,"[-1.814541230094619, -1.8076295084320009, -1.7285191979026422, -1.8627154515124857]",-1.803351346985437,0.13419625360984355,0.0481338331945629,0.07911031052935869,0.06825008041535814
0,caption,random440_expressivespeech_275,4,"[-1.6195303119020537, -1.3966663682367653, -1.3928181971423328, -1.433481669635512]",-1.460624136729166,0.22671211475972086,0.09310763612855198,0.003848171094432473,0.11949194094631821
0,caption,random440_expressivespeech_174,4,"[-1.8637761886348017, -1.783784799015848, -1.8309472003820702, -1.812074869783828]",-1.822645764454137,0.07999138961895369,0.02907982152917055,0.02829007076798007,0.0431410832425172
0,caption,random440_expressivespeech_258,4,"[-1.7132970836246386, -1.7605426657828502, -1.8097532062674873, -1.830958379607182]",-1.7786378338205395,0.11766129598254338,0.045558903236359194,0.04724558215821162,0.0670324047387112
0,caption,random440_expressivespeech_335,4,"[-1.4824944734573364, -1.5202005190658383, -1.4682152708992362, -1.4837384768761694]",-1.488662185074645,0.051985248166602105,0.019203036083225298,0.014279202558100224,0.026199957986439888
0,caption,random440_expressivespeech_212,4,"[-2.2119875731877983, -2.085998142370954, -2.0681175821227953, -2.1146777564426884]",-2.120195263531059,0.14386999106500298,0.05553782268213356,0.017880560248158872,0.07671493121112387
0,caption,random440_expressivespeech_006,4,"[-1.6744948052801192, -1.4743580558570102, -1.5450441692955792, -1.7280361451557837]",-1.605483293897123,0.25367808929877356,0.10078257027962477,0.07068611343856901,0.1484141506468101
0,caption,random440_expressivespeech_250,4,"[-1.8242504640404755, -1.6267428880246977, -1.7547315588764225, -1.8488688811349372]",-1.7636484480191332,0.2221259931102395,0.08625220263226561,0.12798867085172483,0.12264948074912858
0,caption,random440_deear_046,4,"[-1.941247107166176, -1.730575622121493, -1.749608905861775, -1.9950761312929293]",-1.8541269416105934,0.2645005091714363,0.11580754040953928,0.019033283740282014,0.16418995480311835
0,caption,random440_expressivespeech_060,4,"[-1.4339768948266283, -1.4420632924156962, -1.4517467195692006, -1.4577296956558712]",-1.446379150616849,0.023752800829242915,0.009084165479553447,0.008086397589067928,0.013490304940205533
0,caption,random440_expressivespeech_029,4,"[-1.7906611799262464, -1.745560756069608, -1.696716157021001, -1.6332833837950602]",-1.716555369202979,0.1573777961311862,0.058439715827538326,0.06343277322594076,0.08682966457369427
0,caption,random440_expressivespeech_114,4,"[-1.2219354161061347, -1.2981661325902678, -1.2073045980505412, -1.2449290364747867]",-1.2430837958054326,0.09086153453972656,0.03451403227201636,0.014630818055593409,0.04926303733130529
0,caption,random440_expressivespeech_125,4,"[-1.9102702111704275, -1.8339229959528893, -1.641223855665885, -1.7763847039313987]",-1.79045044168015,0.2690463555045426,0.09837817223295649,0.13516084826551378,0.1441128930891864
0,caption,random440_expressivespeech_002,4,"[-1.1155185245443135, -1.2758104286622256, -1.08859749592375, -1.1475014119641855]",-1.1568569652736187,0.1872129327384755,0.07177338411229858,0.026921028620563447,0.09893694760588308
0,caption,random440_expressivespeech_119,4,"[-1.1667977222241461, -1.216926600318402, -1.0227126161917113, -1.0885179718025029]",-1.1237387276341906,0.19421398412669078,0.07413641727425571,0.0658053556107916,0.11015361713361926
0,caption,random440_expressivespeech_170,4,"[-1.7018086925148963, -1.4735993108401695, -1.9052097839613755, -1.9961623837550482]",-1.7691950427678724,0.5225630729148787,0.20120383981861265,0.22820938167472682,0.29518171836518586
0,caption,random440_expressivespeech_297,4,"[-1.80601423420012, -1.83930450148182, -1.6581030690576881, -1.8490470596589148]",-1.7881172160996357,0.1909439906012267,0.07674074163847001,0.14791116514243186,0.10102037318089667
0,caption,random440_expressivespeech_289,4,"[-1.0556459409199306, -1.116694601958443, -1.077723972597596, -0.8377480645067408]",-1.0219531449956776,0.27894653745170217,0.10857375955307925,0.2178978764131898,0.14315294067212866
0,caption,random440_deear_067,4,"[-1.3283640565350652, -1.4012245507910848, -1.3335155276581645, -1.9374301079660654]",-1.500133560737595,0.6090660514310002,0.25410509341008,0.005151471123099327,0.3158178629043202
0,caption,random440_expressivespeech_318,4,"[-1.7897130295168608, -1.5424834924342576, -1.5924931284971535, -1.5385072460048832]",-1.6157992241132888,0.25120578351197764,0.1026382387250993,0.0039762464293744415,0.1339378310998048
0,caption,random440_expressivespeech_278,4,"[-1.2179853100096807, -1.2797560929320753, -1.1794801090145484, -1.3200330975232646]",-1.2493136523698922,0.14055298850871623,0.054282066381964963,0.03850520099513233,0.08057162474142388
0,caption,random440_expressivespeech_075,4,"[-1.5867647445411421, -1.5601760363206267, -1.595596776169259, -1.562138625246007]",-1.5761690455692587,0.035420739848632365,0.015348734412345742,0.0019625889253802598,0.02181472314017204
0,caption,random440_expressivespeech_039,4,"[-1.2870771121233702, -1.3756118372548372, -1.3004050101153553, -1.268698493950069]",-1.3079481133609079,0.1069133433047682,0.04065528641615985,0.01837861817330122,0.055677987984381616
0,caption,random440_deear_028,4,"[-1.3445990800391883, -1.5703722811304033, -1.4578125374391675, -1.3445712195243686]",-1.429338779533282,0.22580106160603464,0.09363167114048834,2.786051481962204e-05,0.13176944036968052
0,caption,random440_deear_045,4,"[-1.3246656723320485, -1.3677840615312258, -1.4720249973237514, -1.300875261425972]",-1.3663374981532495,0.17114973589777938,0.06556253795257619,0.023790410906076476,0.09276126614875257
0,caption,random440_expressivespeech_018,4,"[-1.7371766518881486, -1.7507839894769859, -1.7597699494072003, -1.739681432940415]",-1.7468530059281875,0.022593297519051703,0.009046592550900848,0.0025047810522664804,0.013147074848954313
0,caption,random440_expressivespeech_234,4,"[-1.202679450623691, -1.348263944964856, -1.1962859857594594, -1.3383261288981885]",-1.2713888775615487,0.15197795920539647,0.07202742760909317,0.006393464864231646,0.09859675931511447
0,caption,random440_expressivespeech_118,4,"[-1.2671674704761244, -1.252235835767351, -1.207937703380594, -1.2226922726840712]",-1.2375083205770352,0.059229767095530406,0.0234013971429202,0.014754569303477183,0.03453881072831185
0,caption,random440_expressivespeech_257,4,"[-1.4201376872661058, -1.3926470472652, -1.3925983441004064, -1.4167859902372584]",-1.4055422672172426,0.027539343165699393,0.012973814367984804,4.870316479355097e-05,0.017792828744859435
0,caption,random440_expressivespeech_262,4,"[-1.339455793844536, -1.3844496527453884, -1.401745162671432, -1.3013368354877457]",-1.3567468611872755,0.1004083271836862,0.03924775074588668,0.038118958356790245,0.057703140075318515
0,caption,random440_expressivespeech_077,4,"[-1.719562472193502, -1.6108186125638895, -1.9347677459008992, -1.6665485857520252]",-1.732924354102579,0.3239491333370097,0.12271394525648045,0.05572997318813577,0.17081021440875097
0,caption,random440_expressivespeech_221,4,"[-1.4699079027632251, -1.4529185490682721, -1.4590616451678216, -1.4580265893455362]",-1.4599786715862137,0.016989353694953024,0.00618640695923893,0.005108040277264081,0.008667186151190739
0,caption,random440_deear_051,4,"[-1.4137879784102552, -1.5244923242134973, -1.425564436125569, -1.4830306642106734]",-1.4617188507399987,0.11070434580324218,0.044719158600478856,0.011776457715313882,0.06492987758247182
0,caption,random440_expressivespeech_130,4,"[-1.453617662540637, -1.4808820764301345, -1.5340006798505783, -1.4489525317912921]",-1.4793632376531605,0.08504814805928618,0.033820122079903404,0.004665130749344826,0.047068143011226006
0,caption,random440_deear_081,4,"[-1.055068233916245, -1.0692724304753938, -1.0725659367453773, -1.0453832345301635]",-1.0605724589167949,0.027182702215213794,0.010960634628857541,0.009684999386081472,0.01595871720079837
0,caption,random440_expressivespeech_213,4,"[-1.1002616362529807, -1.0384392085834406, -1.0331781614077045, -0.923195300536463]",-1.0237685766951472,0.17706633571651764,0.06377683702229558,0.10998286087124143,0.08941000905421485
0,caption,random440_expressivespeech_173,4,"[-1.7281722964098056, -1.730902148410678, -1.4657836907853683, -1.3721542748312154]",-1.5742531026092668,0.3587478735794625,0.15877625079131433,0.09362941595415286,0.2231053710604708
0,caption,random440_deear_027,4,"[-1.9136386868776754, -1.8520400620764121, -1.885286191070918, -1.9272188941540662]",-1.894545958544768,0.07517883207765408,0.028829444691026863,0.03324612899450585,0.04231483200661993
0,caption,random440_expressivespeech_059,4,"[-1.5291013731621206, -1.7075845117215067, -1.5128729647258297, -1.661761763272807]",-1.602830153220566,0.19471154699567705,0.08362810391710006,0.01622840843629092,0.11946583851628627
0,caption,random440_expressivespeech_248,4,"[-1.7839523243892472, -1.920457850326784, -1.843556656705914, -1.9015851097065024]",-1.862387985282112,0.13650552593753673,0.05342119341865353,0.05960433231666684,0.07792417180219975
0,caption,random440_expressivespeech_108,4,"[-1.6730837263457943, -1.6784010543487966, -1.6331918787327595, -1.6286933267256245]",-1.6533424965382437,0.049707727623172104,0.022534842157497906,0.004498552007135004,0.03150250508042518
0,caption,random440_expressivespeech_116,4,"[-1.6807560869929148, -1.7305386927037034, -1.7337858875107486, -1.67068850636133]",-1.7039422933921742,0.06309738114941865,0.02846674852057363,0.01006758063158486,0.03984579152650743
0,caption,random440_deear_065,4,"[-1.3522792423027568, -1.3237972333226935, -1.3978588841855526, -1.260957689883071]",-1.3337232624235185,0.1369011943024816,0.049626245498050094,0.0628395434396225,0.07319759864791801
0,caption,random440_expressivespeech_131,4,"[-2.071888664038852, -2.092138574051205, -2.0834691102306047, -2.0963793992996216]",-2.0859689369050707,0.024490735260769725,0.00936676794808206,0.011580446191752802,0.013690278267151598
0,caption,random440_expressivespeech_320,4,"[-1.861364894049863, -2.040025453766187, -2.0445976215104262, -1.9543525684004028]",-1.9750851344317197,0.18323272746056318,0.07485212639244139,0.09298767435053978,0.10589517795791226
0,caption,random440_expressivespeech_330,4,"[-1.7352384241148684, -1.6768887571743107, -1.6490165284776594, -1.7513299653073773]",-1.703118418768554,0.10231343682971783,0.041746429917745353,0.02787222869665129,0.06088166290495186
0,caption,random440_expressivespeech_104,4,"[-1.7262332433601841, -1.776267129695043, -1.6779142708983272, -1.7453651796095073]",-1.7314449558907654,0.09835285879671574,0.03569137177309718,0.0483189724618569,0.05236508543991173
0,caption,random440_expressivespeech_032,4,"[-1.9465009550694958, -2.012340336070338, -2.072225087453262, -2.115612981142476]",-2.036669839933893,0.16911202607298037,0.06367603105953126,0.06583938100084197,0.0945368049336442
0,caption,random440_deear_098,4,"[-1.1708201928413473, -1.3077443160582334, -1.2088302303454839, -1.2287057001958601]",-1.2290251098602312,0.13692412321688607,0.04998114887326921,0.03801003750413656,0.07177463991683908
0,caption,random440_expressivespeech_305,4,"[-1.58075590536464, -1.8221786739304662, -1.7033241565804929, -1.7379466546699405]",-1.711051347636385,0.24142276856582612,0.08676008867576192,0.1225682512158528,0.12648180063115433
0,caption,random440_expressivespeech_106,4,"[-1.166697441949509, -1.156693023207481, -1.1133398584497627, -1.1835009577916935]",-1.1550578203496116,0.07016109934193082,0.025920817367521377,0.04335316475771833,0.03674795279463675
0,caption,random440_expressivespeech_324,4,"[-1.7486457444756525, -1.4845887422998203, -1.4440279879490845, -1.4269301994063426]",-1.526048168532725,0.3217155450693099,0.13021160342490654,0.01709778854274191,0.16761789825977758
0,caption,random440_deear_100,4,"[-1.624121289079388, -1.6700403573612372, -1.6880230761443575, -1.6023900649820766]",-1.6461436968917649,0.08563301116228095,0.0343667700668788,0.02173122409731132,0.05046968362811536
0,caption,random440_deear_004,4,"[-1.6697520347661339, -1.7596270493231714, -1.6226764974708203, -1.6286440692201722]",-1.6701749126950745,0.13695055185235105,0.05473292880347942,0.005967571749351919,0.07532660351716913
0,caption,random440_expressivespeech_066,4,"[-1.290683809085749, -1.2896000345353968, -1.2117086615180597, -1.2704284409992397]",-1.2656052365346113,0.07897514756768942,0.03214338669199145,0.05871977948118001,0.04268283937320424
0,caption,random440_expressivespeech_240,4,"[-1.4677032845720532, -1.5130192247452214, -1.5366375379089732, -1.4514602795024985]",-1.4922050816821866,0.08517725840647472,0.03416119393435278,0.016243005069554783,0.050141285898765396
0,caption,random440_expressivespeech_166,4,"[-1.6803150381019805, -1.8592013130837586, -1.6802922611823305, -1.7237773248343728]",-1.7358964843006106,0.17890905190142803,0.07336906980725635,2.2776919649913907e-05,0.09669824040611275
0,caption,random440_expressivespeech_034,4,"[-1.4888395424932241, -1.4285774156451225, -1.56788451038301, -1.4032429091166705]",-1.4721360944095068,0.16464160126633942,0.06342395804191883,0.02533450652845204,0.09236448844118665
0,caption,random440_expressivespeech_151,4,"[-1.722043452464277, -1.8039098983426811, -1.7902011227051844, -1.7732205079082632]",-1.7723437453551014,0.08186644587840419,0.03100885404902888,0.05117705544398632,0.04376332540535562
0,caption,random440_expressivespeech_328,4,"[-1.7455271747458028, -1.8255508441798156, -1.7762387743714498, -1.7359357800305588]",-1.7708131433319068,0.0896150641492568,0.034933737434191266,0.00959139471524395,0.049926132012236245
0,caption,random440_expressivespeech_306,4,"[-2.0989092375462253, -2.0703471417228383, -2.158706881292164, -2.1503747085730236]",-2.119584492283563,0.08835973956932586,0.036504731164554494,0.02856209582338698,0.052757448289129316
0,caption,random440_expressivespeech_274,4,"[-1.490009931352688, -1.5650185539780068, -1.5068473320861813, -1.4603051098965807]",-1.5055452318283642,0.10471344408142613,0.038166692632021326,0.02970482145610731,0.055162955496295275
0,caption,random440_expressivespeech_023,4,"[-1.514319688838441, -1.6007857934455387, -1.67073603872268, -1.465884778983309]",-1.5629315749974921,0.20485125973937102,0.07879711344006646,0.04843490985513199,0.1168366473042018
0,caption,random440_expressivespeech_226,4,"[-1.785790230089333, -1.7367986500030383, -1.7481335238408064, -1.7054213473165873]",-1.7440359378124413,0.08036888277274556,0.028738806815882992,0.031377302686451,0.0420735870260008
0,caption,random440_deear_018,4,"[-1.6007116762193618, -1.7107013059285237, -1.6309230253100395, -1.7363399680471048]",-1.6696689938762574,0.13562829182774294,0.055644027459855694,0.030211349090677686,0.08111052601695216
0,caption,random440_expressivespeech_247,4,"[-1.5808942323856172, -1.6257418415116263, -1.6006644561784924, -1.6292639188686735]",-1.6091411122361023,0.048369686483056284,0.01968661651006747,0.019770223792875186,0.028364407463717118
0,caption,random440_expressivespeech_196,4,"[-1.5221053414279595, -1.5676511191995814, -1.447170582250692, -1.461661911685951]",-1.499647238641046,0.1204805369488895,0.0482845179162117,0.014491329435259104,0.07031417343144615
0,caption,random440_expressivespeech_042,4,"[-1.4379573823243845, -1.4392366386018693, -1.4206220011692494, -1.3802169402479194]",-1.4195082405858557,0.059019698353949934,0.02384652628817042,0.040405060921330005,0.032399079369497485
0,caption,random440_expressivespeech_033,4,"[-1.5596166536706733, -1.5567268620652612, -1.6135340045730118, -1.5022451734985225]",-1.5580306734518672,0.11128883107448928,0.03936005915891872,0.05448168856673874,0.05612604747147998
0,caption,random440_deear_061,4,"[-1.5987390717491508, -1.5498716777811448, -1.5848718132823705, -1.5700315214693545]",-1.575878521070505,0.04886739396800599,0.018124757821500168,0.020159843688209778,0.026907078952838986
0,caption,random440_deear_020,4,"[-1.4617182958871127, -1.4621866361548503, -1.4819323347260556, -1.4525475315749645]",-1.4645961995857457,0.029384803151091043,0.010721477370950588,0.009170764312148139,0.014770458286835134
0,caption,random440_deear_021,4,"[-1.3728116259444505, -1.5395211419090629, -1.3870086965616792, -1.4763183970935643]",-1.4439149653771892,0.16670951596461236,0.06797891527347268,0.014197070617228746,0.09823970807095368
0,caption,random440_expressivespeech_153,4,"[-0.8394824287854135, -1.0909283106370518, -1.0129916574379119, -1.2390934012985477]",-1.0456239495397313,0.39961097251313427,0.14408513712820514,0.1735092286524984,0.21279492845642378
0,caption,random440_expressivespeech_241,4,"[-1.548139515783017, -1.8969303867508036, -1.5573614504964401, -1.5637383636436426]",-1.6415424291684757,0.3487908709677867,0.14755255240874238,0.009221934713423252,0.17545825434176043
0,caption,random440_deear_058,4,"[-1.1675959326967131, -1.2664925861463416, -1.3145396081672516, -1.163973151222308]",-1.2281503195581536,0.15056645694494364,0.06465056321734206,0.003622781474405201,0.09176600404740991
0,caption,random440_expressivespeech_218,4,"[-1.8203991322079673, -1.7586300142575055, -1.7901994382264093, -1.8691223724745214]",-1.8095877392916009,0.11049235821701586,0.04072423947682123,0.03156942396890372,0.06027946143876761
0,caption,random440_expressivespeech_337,4,"[-1.814680464977088, -1.864044821743543, -1.8349519583707055, -1.8021505267669757]",-1.828956942964578,0.06189429497656729,0.02339605319286465,0.01252993821011228,0.03432572972055322
0,caption,random440_expressivespeech_288,4,"[-1.7455467684194446, -1.8435323052108288, -1.7885496942908503, -1.766056530061178]",-1.7859213244955754,0.09798553679138422,0.03657406274608932,0.02050976164173335,0.05274162910063751
0,caption,random440_deear_068,4,"[-1.137049806540987, -1.1155075074794392, -1.1117352387091766, -1.1338574611775887]",-1.124537503476798,0.02531456783181052,0.011055068412353231,0.003772268770262599,0.015715609532263513
0,caption,random440_expressivespeech_325,4,"[-2.3784730231855065, -2.745592315302929, -2.4804364307783544, -2.406963209854439]",-2.502866244780307,0.36711929211742245,0.1449914717787226,0.028490186668932438,0.1958051828793638
0,caption,random440_deear_089,4,"[-1.3844728435506113, -1.3696238572592847, -1.405239464249462, -1.367442881804891]",-1.3816947617160622,0.03779658244457096,0.015090506713434338,0.0021809754543937743,0.02137312227083991
0,caption,random440_expressivespeech_036,4,"[-1.8501230514918765, -1.9070201276646306, -2.038679612738391, -1.759307314331333]",-1.8887825265565577,0.2793722984070579,0.10131649931406136,0.09081573716054359,0.1491689952323213
0,caption,random440_expressivespeech_048,4,"[-1.5537345269694924, -1.4733195453882217, -1.4060417572036386, -1.5566655546426773]",-1.4974403460510075,0.15062379743903875,0.06247434514645622,0.06727778818458319,0.08871439564973116
0,caption,random440_expressivespeech_064,4,"[-1.6623002387583257, -1.6252871967541676, -1.66483138675491, -1.714003978545467]",-1.6666057002032175,0.08871678179129949,0.031525785888478694,0.037013042004158114,0.04478024889508048
0,caption,random440_expressivespeech_327,4,"[-1.5218336558900774, -1.5108060925849713, -1.4865720008965582, -1.5637681891093962]",-1.5207449846202508,0.07719618821283802,0.0279229104908374,0.024234091688413173,0.04043602132393668
0,caption,random440_deear_017,4,"[-1.1775014278478921, -1.2268886312842369, -1.158975508560737, -1.2203978390743335]",-1.1959408516918,0.06791312272349992,0.02855852866493635,0.01852591928715519,0.04110596323282353
0,caption,random440_deear_075,4,"[-0.9318092994217295, -0.913135782815516, -1.0310321902652504, -0.822789924859535]",-0.9246917993405077,0.20824226540571544,0.07395348384304673,0.09034585795598105,0.10723338547055998
0,caption,random440_expressivespeech_269,4,"[-1.5345634605037048, -1.4667472201399505, -1.436372434021905, -1.5261703814612702]",-1.4909633740317076,0.09819102648179978,0.04094842412405522,0.03037478611804545,0.05899937346111983
1,audio,random440_expressivespeech_287,4,"[0.625925925925926, 0.7925925925925926, 0.625925925925926, 0.6857142857142857]",0.6825396825396826,0.16666666666666663,0.06806606348297484,0.1068783068783069,0.0932980599647266
1,audio,random440_expressivespeech_245,2,"[0.5866666666666667, 0.6]",0.5933333333333333,0.013333333333333308,0.006666666666666654,0.013333333333333308,0.013333333333333308
1,audio,random440_expressivespeech_304,2,"[0.6, 0.5444444444444444]",0.5722222222222222,0.05555555555555558,0.02777777777777779,0.05555555555555558,0.05555555555555558
1,audio,random440_expressivespeech_178,2,"[0.5301587301587302, 0.4444444444444445]",0.48730158730158735,0.08571428571428569,0.042857142857142844,0.08571428571428569,0.08571428571428569
1,audio,random440_deear_090,4,"[0.43333333333333335, 0.5, 0.5666666666666667, 0.5666666666666667]",0.5166666666666666,0.1333333333333333,0.05527707983925666,0.0,0.07777777777777777
1,audio,random440_expressivespeech_017,3,"[0.7200000000000001, 0.7333333333333333, 0.3]",0.5844444444444444,0.4333333333333333,0.20120623901182577,0.013333333333333197,0.28888888888888886
1,audio,random440_expressivespeech_326,2,"[0.7666666666666667, 0.662962962962963]",0.7148148148148148,0.10370370370370374,0.05185185185185187,0.10370370370370374,0.10370370370370374
1,audio,random440_expressivespeech_283,3,"[0.4666666666666667, 0.6, 0.6666666666666666]",0.5777777777777778,0.19999999999999996,0.0831479419283098,0.06666666666666665,0.1333333333333333
1,audio,random440_expressivespeech_004,3,"[0.6, 0.5, 0.7]",0.6,0.19999999999999996,0.08164965809277258,0.09999999999999998,0.1333333333333333
1,audio,random440_expressivespeech_192,2,"[0.42857142857142855, 0.32142857142857145]",0.375,0.1071428571428571,0.05357142857142855,0.1071428571428571,0.1071428571428571
1,audio,random440_deear_093,2,"[0.43333333333333335, 0.7333333333333333]",0.5833333333333333,0.29999999999999993,0.14999999999999997,0.29999999999999993,0.29999999999999993
1,audio,random440_expressivespeech_079,2,"[0.43333333333333335, 0.5]",0.4666666666666667,0.06666666666666665,0.033333333333333326,0.06666666666666665,0.06666666666666665
1,audio,random440_expressivespeech_122,3,"[0.7266666666666667, 0.7666666666666667, 0.4666666666666667]",0.6533333333333333,0.30000000000000004,0.13299958228840003,0.040000000000000036,0.20000000000000004
1,audio,random440_expressivespeech_183,2,"[0.4, 0.5]",0.45,0.09999999999999998,0.04999999999999999,0.09999999999999998,0.09999999999999998
1,audio,random440_deear_086,2,"[0.711111111111111, 0.5266666666666667]",0.6188888888888888,0.1844444444444443,0.09222222222222215,0.1844444444444443,0.1844444444444443
1,audio,random440_deear_044,3,"[0.6, 0.5333333333333333, 0.8666666666666667]",0.6666666666666666,0.33333333333333337,0.14401645996461915,0.2666666666666667,0.22222222222222224
1,audio,random440_expressivespeech_158,3,"[0.26666666666666666, 0.3333333333333333, 0.3333333333333333]",0.3111111111111111,0.06666666666666665,0.03142696805273544,0.0,0.04444444444444443
1,audio,random440_expressivespeech_271,2,"[0.6666666666666666, 0.8333333333333334]",0.75,0.16666666666666674,0.08333333333333337,0.16666666666666674,0.16666666666666674
1,audio,random440_expressivespeech_225,1,[0.5555555555555556],,,,,
1,audio,random440_expressivespeech_176,3,"[0.5769230769230769, 0.3333333333333333, 0.36666666666666664]",0.4256410256410256,0.24358974358974356,0.10783466374611542,0.21025641025641023,0.16239316239316237
1,audio,random440_deear_070,3,"[0.7, 0.7, 0.5]",0.6333333333333333,0.19999999999999996,0.09428090415820632,0.0,0.1333333333333333
1,audio,random440_expressivespeech_043,0,[],,,,,
1,audio,random440_expressivespeech_154,4,"[0.6266666666666667, 0.3333333333333333, 0.3333333333333333, 0.4543859649122807]",0.4369298245614035,0.2933333333333334,0.12017617492411126,0.17228070175438598,0.16684210526315793
1,audio,random440_expressivespeech_249,2,"[0.7782608695652175, 0.7454545454545455]",0.7618577075098815,0.03280632411067197,0.016403162055335985,0.03280632411067197,0.03280632411067197
1,audio,random440_deear_072,2,"[0.5333333333333333, 0.5]",0.5166666666666666,0.033333333333333326,0.016666666666666663,0.033333333333333326,0.033333333333333326
1,audio,random440_expressivespeech_050,3,"[0.4, 0.4666666666666667, 0.4]",0.4222222222222222,0.06666666666666665,0.03142696805273544,0.06666666666666665,0.04444444444444443
1,audio,random440_expressivespeech_046,3,"[0.2, 0.3, 0.2]",0.2333333333333333,0.09999999999999998,0.04714045207910316,0.09999999999999998,0.06666666666666665
1,audio,random440_expressivespeech_011,2,"[0.6333333333333333, 0.5333333333333333]",0.5833333333333333,0.09999999999999998,0.04999999999999999,0.09999999999999998,0.09999999999999998
1,audio,random440_expressivespeech_167,0,[],,,,,
1,audio,random440_expressivespeech_227,0,[],,,,,
1,audio,random440_expressivespeech_175,1,[0.5],,,,,
1,audio,random440_expressivespeech_160,1,[0.4666666666666667],,,,,
1,audio,random440_expressivespeech_202,2,"[0.7444444444444444, 0.43333333333333335]",0.5888888888888888,0.311111111111111,0.1555555555555555,0.311111111111111,0.311111111111111
1,audio,random440_expressivespeech_314,2,"[0.6, 0.7047619047619047]",0.6523809523809523,0.10476190476190472,0.05238095238095236,0.10476190476190472,0.10476190476190472
1,audio,random440_expressivespeech_238,2,"[0.4166666666666667, 0.4166666666666667]",0.4166666666666667,0.0,0.0,0.0,0.0
1,audio,random440_expressivespeech_179,3,"[0.38181818181818183, 0.3222222222222222, 0.4948717948717949]",0.39963739963739964,0.1726495726495727,0.07160126687327335,0.11305361305361306,0.11509971509971513
1,audio,random440_deear_054,3,"[0.46, 0.41111111111111115, 0.611111111111111]",0.49407407407407405,0.1999999999999999,0.08513041717664376,0.15111111111111103,0.13333333333333328
1,audio,random440_deear_037,4,"[0.4575757575757576, 0.7688888888888888, 0.5909090909090909, 0.6151515151515151]",0.6081313131313131,0.31131313131313126,0.11051681053890706,0.15373737373737373,0.15969696969696967
1,audio,random440_expressivespeech_220,0,[],,,,,
1,audio,random440_expressivespeech_228,2,"[0.6666666666666666, 0.5]",0.5833333333333333,0.16666666666666663,0.08333333333333331,0.16666666666666663,0.16666666666666663
1,audio,random440_expressivespeech_272,3,"[0.6986666666666667, 0.7793103448275862, 0.8076923076923077]",0.7618897730621869,0.10902564102564105,0.04618264349831047,0.0283819628647215,0.0726837606837607
1,audio,random440_expressivespeech_285,3,"[0.43137254901960786, 0.711111111111111, 0.7904761904761906]",0.6443199502023031,0.3591036414565827,0.15402305175633976,0.07936507936507953,0.2394024276377218
1,audio,random440_expressivespeech_013,2,"[0.6311111111111111, 0.42]",0.5255555555555556,0.21111111111111108,0.10555555555555554,0.21111111111111108,0.21111111111111108
1,audio,random440_expressivespeech_290,4,"[0.6, 0.6666666666666666, 0.4666666666666667, 0.5]",0.5583333333333333,0.19999999999999996,0.07949493345141212,0.06666666666666665,0.11666666666666664
1,audio,random440_expressivespeech_256,1,[0.5],,,,,
1,audio,random440_expressivespeech_083,3,"[0.6711111111111111, 0.4277777777777778, 0.5303030303030303]",0.543063973063973,0.2433333333333333,0.09974938269780191,0.14080808080808083,0.16222222222222218
1,audio,random440_expressivespeech_126,2,"[0.5, 0.8960784313725491]",0.6980392156862745,0.39607843137254906,0.19803921568627453,0.39607843137254906,0.39607843137254906
1,audio,random440_expressivespeech_087,4,"[0.6, 0.8666666666666667, 0.36666666666666664, 0.5666666666666667]",0.6,0.5,0.17795130420052188,0.2666666666666667,0.2555555555555556
1,audio,random440_expressivespeech_109,1,[0.4666666666666667],,,,,
1,audio,random440_expressivespeech_135,2,"[0.43333333333333335, 0.4]",0.4166666666666667,0.033333333333333326,0.016666666666666663,0.033333333333333326,0.033333333333333326
1,audio,random440_deear_032,3,"[0.6666666666666666, 0.6666666666666666, 0.6666666666666666]",0.6666666666666666,0.0,0.0,0.0,0.0
1,audio,random440_expressivespeech_197,3,"[0.4066666666666666, 0.43333333333333335, 0.49523809523809526]",0.445079365079365,0.08857142857142863,0.03710077659681362,0.06190476190476191,0.05904761904761909
1,audio,random440_expressivespeech_181,2,"[0.5666666666666667, 0.45714285714285713]",0.5119047619047619,0.10952380952380952,0.05476190476190476,0.10952380952380952,0.10952380952380952
1,audio,random440_deear_003,4,"[0.5904761904761905, 0.5333333333333333, 0.43333333333333335, 0.8]",0.5892857142857143,0.3666666666666667,0.13402774106187743,0.20952380952380956,0.19285714285714287
1,audio,random440_deear_049,4,"[0.7666666666666667, 0.4, 0.6, 0.8]",0.6416666666666667,0.4,0.1587713240271471,0.033333333333333326,0.22777777777777777
1,audio,random440_expressivespeech_007,3,"[0.7833333333333333, 0.4, 0.7333333333333333]",0.6388888888888888,0.3833333333333333,0.17014880923459502,0.050000000000000044,0.25555555555555554
1,audio,random440_expressivespeech_235,3,"[0.7333333333333333, 0.7313725490196078, 0.43333333333333335]",0.6326797385620915,0.29999999999999993,0.14096146784849262,0.0019607843137254832,0.19999999999999996
1,audio,random440_expressivespeech_157,2,"[0.62, 0.5266666666666667]",0.5733333333333334,0.09333333333333327,0.046666666666666634,0.09333333333333327,0.09333333333333327
1,audio,random440_expressivespeech_063,3,"[0.6666666666666666, 0.5666666666666667, 0.6333333333333333]",0.6222222222222222,0.09999999999999998,0.0415739709641549,0.033333333333333326,0.06666666666666665
1,audio,random440_expressivespeech_089,2,"[0.5333333333333333, 0.5666666666666667]",0.55,0.033333333333333326,0.016666666666666663,0.033333333333333326,0.033333333333333326
1,audio,random440_expressivespeech_113,3,"[0.4, 0.3333333333333333, 0.6]",0.4444444444444444,0.26666666666666666,0.11331154474650633,0.19999999999999996,0.17777777777777778
1,audio,random440_expressivespeech_020,2,"[0.7666666666666667, 0.6666666666666666]",0.7166666666666667,0.10000000000000009,0.050000000000000044,0.10000000000000009,0.10000000000000009
1,audio,random440_expressivespeech_028,3,"[0.6444444444444444, 0.7333333333333333, 0.7]",0.6925925925925925,0.0888888888888889,0.036664796061524695,0.033333333333333326,0.05925925925925927
1,audio,random440_deear_084,2,"[0.5, 0.5555555555555556]",0.5277777777777778,0.05555555555555558,0.02777777777777779,0.05555555555555558,0.05555555555555558
1,audio,random440_expressivespeech_093,1,[0.5333333333333333],,,,,
1,audio,random440_expressivespeech_222,2,"[0.36666666666666664, 0.48800000000000004]",0.42733333333333334,0.1213333333333334,0.0606666666666667,0.1213333333333334,0.1213333333333334
1,audio,random440_deear_015,2,"[0.34736842105263155, 0.4]",0.3736842105263158,0.052631578947368474,0.026315789473684237,0.052631578947368474,0.052631578947368474
1,audio,random440_deear_083,1,[0.6071428571428571],,,,,
1,audio,random440_deear_096,2,"[0.7, 0.5666666666666667]",0.6333333333333333,0.1333333333333333,0.06666666666666665,0.1333333333333333,0.1333333333333333
1,audio,random440_expressivespeech_219,3,"[0.5866666666666667, 0.548148148148148, 0.5666666666666667]",0.5671604938271605,0.03851851851851862,0.0157289958603783,0.020000000000000018,0.02567901234567908
1,audio,random440_deear_082,3,"[0.5666666666666667, 0.5666666666666667, 0.5333333333333333]",0.5555555555555555,0.033333333333333326,0.01571348402636772,0.0,0.022222222222222216
1,audio,random440_expressivespeech_208,4,"[0.5857142857142857, 0.4666666666666667, 0.7, 0.5533333333333333]",0.5764285714285714,0.23333333333333328,0.0835721069026873,0.11428571428571421,0.12206349206349204
1,audio,random440_expressivespeech_035,0,[],,,,,
1,audio,random440_expressivespeech_147,3,"[0.5587301587301587, 0.5587301587301587, 0.6944444444444444]",0.6039682539682539,0.13571428571428568,0.06397632782163999,0.13571428571428568,0.09047619047619045
1,audio,random440_expressivespeech_266,4,"[0.43333333333333335, 0.49333333333333335, 0.7666666666666667, 0.26666666666666666]",0.49,0.5,0.18003086155187703,0.2733333333333334,0.26
1,audio,random440_expressivespeech_188,1,[0.26666666666666666],,,,,
1,audio,random440_expressivespeech_045,2,"[0.4, 0.45]",0.42500000000000004,0.04999999999999999,0.024999999999999994,0.04999999999999999,0.04999999999999999
1,audio,random440_deear_092,2,"[0.6235294117647059, 0.75]",0.6867647058823529,0.1264705882352941,0.06323529411764706,0.1264705882352941,0.1264705882352941
1,audio,random440_expressivespeech_019,2,"[0.6517857142857143, 0.75]",0.7008928571428572,0.0982142857142857,0.04910714285714285,0.0982142857142857,0.0982142857142857
1,audio,random440_expressivespeech_313,1,[0.8],,,,,
1,audio,random440_deear_047,2,"[0.43333333333333335, 0.4666666666666667]",0.45,0.033333333333333326,0.016666666666666663,0.033333333333333326,0.033333333333333326
1,audio,random440_expressivespeech_069,1,[0.5333333333333333],,,,,
1,audio,random440_deear_024,2,"[0.4, 0.36666666666666664]",0.3833333333333333,0.03333333333333338,0.01666666666666669,0.03333333333333338,0.03333333333333338
1,audio,random440_expressivespeech_187,0,[],,,,,
1,audio,random440_expressivespeech_088,3,"[0.35333333333333333, 0.5627450980392157, 0.4]",0.43869281045751635,0.20941176470588235,0.08976328865460134,0.16274509803921566,0.1396078431372549
1,audio,random440_expressivespeech_009,1,[0.611111111111111],,,,,
1,audio,random440_expressivespeech_168,2,"[0.14285714285714285, 0.07142857142857142]",0.10714285714285714,0.07142857142857142,0.03571428571428571,0.07142857142857142,0.07142857142857142
1,audio,random440_expressivespeech_252,3,"[0.21428571428571427, 0.14285714285714285, 0.35714285714285715]",0.2380952380952381,0.2142857142857143,0.08908708063747481,0.14285714285714288,0.14285714285714288
1,audio,random440_expressivespeech_095,4,"[0.43333333333333335, 0.7537777777777778, 0.6676923076923077, 0.6903030303030303]",0.6362766122766123,0.3204444444444444,0.12134485786962587,0.06347474747474746,0.163990675990676
1,audio,random440_expressivespeech_090,2,"[0.3333333333333333, 0.6666666666666666]",0.5,0.3333333333333333,0.16666666666666666,0.3333333333333333,0.3333333333333333
1,audio,random440_expressivespeech_053,1,[0.611111111111111],,,,,
1,audio,random440_expressivespeech_165,3,"[0.8615384615384616, 0.7579710144927536, 0.9900709219858156]",0.8698601326723435,0.23209990749306197,0.0949369244021782,0.128532460447354,0.15473327166204132
1,audio,random440_deear_010,2,"[0.36666666666666664, 0.596969696969697]",0.4818181818181818,0.2303030303030304,0.1151515151515152,0.2303030303030304,0.2303030303030304
1,audio,random440_expressivespeech_312,3,"[0.6173913043478261, 0.6449275362318841, 0.5840579710144927]",0.6154589371980677,0.0608695652173914,0.024887433569838215,0.02753623188405807,0.040579710144927596
1,audio,random440_expressivespeech_057,3,"[0.6706666666666667, 0.5, 0.391358024691358]",0.5206748971193416,0.27930864197530875,0.11496062484953799,0.17066666666666674,0.1862057613168725
1,audio,random440_expressivespeech_309,3,"[0.5, 0.36666666666666664, 0.5]",0.45555555555555555,0.13333333333333336,0.06285393610547091,0.0,0.0888888888888889
1,audio,random440_expressivespeech_076,3,"[0.6666666666666666, 0.5, 0.5333333333333333]",0.5666666666666667,0.16666666666666663,0.07200822998230955,0.1333333333333333,0.11111111111111109
1,audio,random440_expressivespeech_292,2,"[0.4, 0.5072463768115942]",0.45362318840579713,0.10724637681159421,0.053623188405797106,0.10724637681159421,0.10724637681159421
1,audio,random440_expressivespeech_148,2,"[0.7388888888888889, 0.8190476190476191]",0.7789682539682541,0.08015873015873021,0.040079365079365104,0.08015873015873021,0.08015873015873021
1,audio,random440_expressivespeech_111,4,"[0.3333333333333333, 0.36666666666666664, 0.4, 0.5333333333333333]",0.4083333333333333,0.2,0.07592027982620249,0.1333333333333333,0.10555555555555557
1,audio,random440_expressivespeech_016,3,"[0.7818181818181817, 0.5641025641025641, 0.4]",0.581973581973582,0.3818181818181817,0.15638800242035875,0.21771561771561765,0.25454545454545446
1,audio,random440_deear_016,1,[0.7777777777777778],,,,,
1,audio,random440_expressivespeech_138,2,"[0.16666666666666666, 0.5737373737373737]",0.37020202020202014,0.407070707070707,0.2035353535353535,0.407070707070707,0.407070707070707
1,audio,random440_expressivespeech_254,2,"[0.6444444444444444, 0.5901960784313726]",0.6173202614379085,0.054248366013071814,0.027124183006535907,0.054248366013071814,0.054248366013071814
1,audio,random440_deear_087,2,"[0.4666666666666667, 0.43333333333333335]",0.45,0.033333333333333326,0.016666666666666663,0.033333333333333326,0.033333333333333326
1,audio,random440_expressivespeech_246,2,"[0.6901960784313725, 0.8733333333333333]",0.7817647058823529,0.18313725490196076,0.09156862745098038,0.18313725490196076,0.18313725490196076
1,audio,random440_expressivespeech_338,1,[0.3],,,,,
1,audio,random440_expressivespeech_215,3,"[0.5, 0.5333333333333333, 0.6]",0.5444444444444444,0.09999999999999998,0.0415739709641549,0.06666666666666665,0.06666666666666665
1,audio,random440_expressivespeech_031,3,"[0.611111111111111, 0.43333333333333335, 0.6333333333333333]",0.5592592592592592,0.19999999999999996,0.08950404424884865,0.022222222222222254,0.1333333333333333
1,audio,random440_expressivespeech_068,1,[0.3333333333333333],,,,,
1,audio,random440_expressivespeech_310,2,"[0.5933333333333334, 0.3]",0.44666666666666666,0.2933333333333334,0.1466666666666667,0.2933333333333334,0.2933333333333334
1,audio,random440_expressivespeech_101,3,"[0.4, 0.5266666666666667, 0.3814814814814815]",0.4360493827160494,0.14518518518518525,0.06452055483833703,0.1266666666666667,0.09679012345679017
1,audio,random440_deear_014,2,"[0.6666666666666666, 0.4]",0.5333333333333333,0.2666666666666666,0.1333333333333333,0.2666666666666666,0.2666666666666666
1,audio,random440_expressivespeech_041,1,[0.7595238095238095],,,,,
1,audio,random440_expressivespeech_319,1,[0.8333333333333334],,,,,
1,audio,random440_deear_040,2,"[0.5, 0.3333333333333333]",0.41666666666666663,0.16666666666666669,0.08333333333333334,0.16666666666666669,0.16666666666666669
1,audio,random440_expressivespeech_185,3,"[0.9333333333333333, 0.8666666666666667, 0.9333333333333333]",0.9111111111111111,0.06666666666666665,0.03142696805273544,0.0,0.04444444444444443
1,audio,random440_expressivespeech_340,3,"[0.5, 0.5587301587301587, 0.6296296296296297]",0.5627865961199294,0.12962962962962965,0.05299874987646147,0.0708994708994709,0.08641975308641976
1,audio,random440_expressivespeech_294,4,"[0.5666666666666667, 0.6666666666666666, 0.7666666666666667, 0.7333333333333333]",0.6833333333333333,0.20000000000000007,0.07637626158259735,0.03333333333333344,0.11111111111111115
1,audio,random440_expressivespeech_270,4,"[0.6444444444444444, 0.596969696969697, 0.20833333333333334, 0.5666666666666667]",0.5041035353535354,0.436111111111111,0.1729984483604962,0.047474747474747336,0.22310606060606056
1,audio,random440_expressivespeech_334,4,"[0.8830065359477125, 0.8539007092198581, 0.4666666666666667, 0.879047619047619]",0.7706553827204641,0.4163398692810458,0.17586257589345253,0.003958916900093534,0.21236108627848305
1,audio,random440_expressivespeech_080,1,[0.7333333333333333],,,,,
1,audio,random440_expressivespeech_329,4,"[0.5833333333333334, 0.3333333333333333, 0.6666666666666666, 0.4166666666666667]",0.5,0.3333333333333333,0.13176156917368248,0.08333333333333326,0.19444444444444442
1,audio,random440_expressivespeech_110,2,"[0.8487179487179487, 0.726984126984127]",0.7878510378510378,0.12173382173382175,0.06086691086691087,0.12173382173382175,0.12173382173382175
1,audio,random440_expressivespeech_180,2,"[0.7851851851851852, 0.5133333333333333]",0.6492592592592592,0.2718518518518519,0.13592592592592595,0.2718518518518519,0.2718518518518519
1,audio,random440_expressivespeech_107,1,[0.8459770114942529],,,,,
1,audio,random440_expressivespeech_025,2,"[0.6071428571428571, 0.6218487394957982]",0.6144957983193277,0.014705882352941124,0.007352941176470562,0.014705882352941124,0.014705882352941124
1,audio,random440_expressivespeech_096,3,"[0.6745562130177516, 0.5164835164835165, 0.6538461538461539]",0.6149619611158074,0.15807269653423506,0.07014617918137876,0.02071005917159774,0.10538179768949003
1,audio,random440_deear_030,3,"[0.5355555555555556, 0.5568627450980392, 0.7022222222222222]",0.5982135076252724,0.16666666666666663,0.07405789904136789,0.14535947712418296,0.11111111111111109
1,audio,random440_expressivespeech_315,3,"[0.4666666666666667, 0.5666666666666667, 0.3]",0.4444444444444444,0.26666666666666666,0.10999438818457406,0.09999999999999998,0.17777777777777778
1,audio,random440_expressivespeech_265,3,"[0.6333333333333333, 0.5666666666666667, 0.6333333333333333]",0.611111111111111,0.06666666666666665,0.03142696805273544,0.0,0.04444444444444443
1,audio,random440_expressivespeech_027,3,"[0.5933333333333334, 0.5, 0.5166666666666667]",0.5366666666666667,0.09333333333333338,0.04064298035149309,0.07666666666666666,0.062222222222222255
1,audio,random440_expressivespeech_155,3,"[0.4666666666666667, 0.3333333333333333, 0.4]",0.39999999999999997,0.13333333333333336,0.054433105395181744,0.06666666666666665,0.0888888888888889
1,audio,random440_expressivespeech_010,3,"[0.5, 0.4666666666666667, 0.5333333333333333]",0.5,0.06666666666666665,0.02721655269759086,0.033333333333333326,0.04444444444444443
1,audio,random440_expressivespeech_295,4,"[0.4666666666666667, 0.36666666666666664, 0.2, 0.26666666666666666]",0.325,0.26666666666666666,0.10103629710818451,0.10000000000000003,0.15
1,audio,random440_expressivespeech_150,2,"[0.5111111111111112, 0.5666666666666667]",0.538888888888889,0.05555555555555547,0.027777777777777735,0.05555555555555547,0.05555555555555547
1,audio,random440_expressivespeech_211,3,"[0.6, 0.6666666666666666, 0.6]",0.6222222222222222,0.06666666666666665,0.03142696805273544,0.06666666666666665,0.04444444444444443
1,audio,random440_deear_062,3,"[0.7222222222222222, 0.4, 0.7666666666666667]",0.6296296296296297,0.3666666666666667,0.1633832962971317,0.04444444444444451,0.24444444444444446
1,audio,random440_expressivespeech_026,2,"[0.3, 0.7460317460317459]",0.5230158730158729,0.44603174603174595,0.22301587301587297,0.44603174603174595,0.44603174603174595
1,audio,random440_expressivespeech_102,4,"[0.3333333333333333, 0.5484848484848485, 0.6228070175438596, 0.4022222222222222]",0.47671185539606586,0.28947368421052627,0.11467482829633957,0.07432216905901112,0.16911394648236752
1,audio,random440_deear_080,2,"[0.4, 0.5333333333333333]",0.4666666666666667,0.1333333333333333,0.06666666666666665,0.1333333333333333,0.1333333333333333
1,audio,random440_expressivespeech_137,0,[],,,,,
1,audio,random440_expressivespeech_074,1,[0.8344086021505376],,,,,
1,audio,random440_expressivespeech_073,2,"[0.5666666666666667, 0.5070707070707071]",0.5368686868686869,0.059595959595959536,0.029797979797979768,0.059595959595959536,0.059595959595959536
1,audio,random440_expressivespeech_233,3,"[0.5, 0.4166666666666667, 0.4801587301587302]",0.4656084656084656,0.08333333333333331,0.035542404345355556,0.019841269841269826,0.055555555555555546
1,audio,random440_expressivespeech_128,4,"[0.8333333333333334, 0.9166666666666666, 1.0, 0.6666666666666666]",0.8541666666666666,0.33333333333333337,0.12325166214790867,0.08333333333333337,0.18055555555555558
1,audio,random440_expressivespeech_279,1,[0.38181818181818183],,,,,
1,audio,random440_expressivespeech_146,2,"[0.3777777777777778, 0.5]",0.4388888888888889,0.12222222222222218,0.06111111111111109,0.12222222222222218,0.12222222222222218
1,audio,random440_expressivespeech_223,2,"[0.6, 0.4]",0.5,0.19999999999999996,0.09999999999999998,0.19999999999999996,0.19999999999999996
1,audio,random440_deear_078,0,[],,,,,
1,audio,random440_expressivespeech_055,2,"[0.8333333333333334, 0.6]",0.7166666666666667,0.2333333333333334,0.1166666666666667,0.2333333333333334,0.2333333333333334
1,audio,random440_expressivespeech_098,3,"[0.3, 0.6115942028985508, 0.5686274509803921]",0.49340721795964765,0.31159420289855083,0.13787989800732892,0.042966751918158685,0.20772946859903388
1,audio,random440_expressivespeech_003,2,"[0.7403100775193798, 0.7]",0.7201550387596899,0.04031007751937987,0.020155038759689936,0.04031007751937987,0.04031007751937987
1,audio,random440_expressivespeech_144,2,"[0.41111111111111115, 0.3333333333333333]",0.37222222222222223,0.07777777777777783,0.03888888888888892,0.07777777777777783,0.07777777777777783
1,audio,random440_expressivespeech_217,2,"[0.6333333333333333, 0.7172413793103448]",0.6752873563218391,0.08390804597701151,0.04195402298850576,0.08390804597701151,0.08390804597701151
1,audio,random440_expressivespeech_321,4,"[0.5333333333333333, 0.4, 0.4, 0.4666666666666667]",0.45,0.1333333333333333,0.05527707983925666,0.06666666666666665,0.07777777777777777
1,audio,random440_expressivespeech_230,2,"[0.5951690821256039, 0.4066666666666666]",0.5009178743961353,0.1885024154589373,0.09425120772946866,0.1885024154589373,0.1885024154589373
1,audio,random440_deear_002,3,"[0.4666666666666667, 0.5, 0.5]",0.48888888888888893,0.033333333333333326,0.01571348402636772,0.0,0.022222222222222216
1,audio,random440_expressivespeech_210,4,"[0.5846153846153846, 0.5047619047619047, 0.6904761904761905, 0.7]",0.61996336996337,0.1952380952380952,0.08046548585732179,0.00952380952380949,0.11526251526251524
1,audio,random440_expressivespeech_105,2,"[0.4666666666666667, 0.5777777777777777]",0.5222222222222221,0.11111111111111105,0.055555555555555525,0.11111111111111105,0.11111111111111105
1,audio,random440_expressivespeech_199,2,"[0.5587301587301587, 0.5666666666666667]",0.5626984126984127,0.007936507936507908,0.003968253968253954,0.007936507936507908,0.007936507936507908
1,audio,random440_expressivespeech_065,4,"[0.625925925925926, 0.6266666666666667, 0.6238095238095238, 0.6]",0.6191005291005292,0.026666666666666727,0.011077424368770891,0.0007407407407407085,0.013686067019400394
1,audio,random440_expressivespeech_195,3,"[0.4777777777777778, 0.6166666666666667, 0.5296296296296297]",0.5413580246913581,0.1388888888888889,0.05730443439642062,0.08703703703703702,0.0925925925925926
1,audio,random440_expressivespeech_200,2,"[0.5, 0.5]",0.5,0.0,0.0,0.0,0.0
1,audio,random440_expressivespeech_005,2,"[0.5666666666666667, 0.4666666666666667]",0.5166666666666666,0.09999999999999998,0.04999999999999999,0.09999999999999998,0.09999999999999998
1,audio,random440_expressivespeech_237,2,"[0.4818181818181818, 0.4666666666666667]",0.47424242424242424,0.015151515151515138,0.007575757575757569,0.015151515151515138,0.015151515151515138
1,audio,random440_expressivespeech_317,4,"[0.6666666666666666, 0.5666666666666667, 0.5666666666666667, 0.6814814814814815]",0.6203703703703703,0.11481481481481481,0.05395852697901283,0.014814814814814836,0.07407407407407407
1,audio,random440_expressivespeech_280,3,"[0.8, 0.7666666666666667, 0.6]",0.7222222222222223,0.20000000000000007,0.08748897637790905,0.033333333333333326,0.1333333333333334
1,audio,random440_deear_038,1,[0.7333333333333333],,,,,
1,audio,random440_expressivespeech_038,2,"[0.39166666666666666, 0.4666666666666667]",0.4291666666666667,0.07500000000000001,0.037500000000000006,0.07500000000000001,0.07500000000000001
1,audio,random440_expressivespeech_056,3,"[0.4235294117647059, 0.5666666666666667, 0.43333333333333335]",0.47450980392156866,0.14313725490196078,0.0652875421133061,0.1333333333333333,0.09542483660130718
1,audio,random440_expressivespeech_216,2,"[0.7333333333333333, 0.8666666666666667]",0.8,0.13333333333333341,0.06666666666666671,0.13333333333333341,0.13333333333333341
1,audio,random440_expressivespeech_260,3,"[0.7444444444444444, 0.6980392156862745, 0.5980392156862745]",0.6801742919389978,0.14640522875816986,0.061090039435274114,0.04640522875816988,0.09760348583877991
1,audio,random440_expressivespeech_311,4,"[0.75, 0.8333333333333334, 0.6666666666666666, 0.75]",0.75,0.16666666666666674,0.05892556509887899,0.08333333333333337,0.08333333333333337
1,audio,random440_expressivespeech_103,1,[0.26666666666666666],,,,,
1,audio,random440_expressivespeech_024,2,"[0.2857142857142857, 0.35714285714285715]",0.3214285714285714,0.07142857142857145,0.035714285714285726,0.07142857142857145,0.07142857142857145
1,audio,random440_expressivespeech_296,2,"[0.7333333333333334, 0.6666666666666666]",0.7,0.06666666666666676,0.03333333333333338,0.06666666666666676,0.06666666666666676
1,audio,random440_expressivespeech_115,2,"[0.48333333333333334, 0.4962962962962963]",0.4898148148148148,0.012962962962962954,0.006481481481481477,0.012962962962962954,0.012962962962962954
1,audio,random440_expressivespeech_264,2,"[0.33999999999999997, 0.5666666666666667]",0.4533333333333333,0.22666666666666668,0.11333333333333334,0.22666666666666668,0.22666666666666668
1,audio,random440_expressivespeech_286,2,"[0.6666666666666666, 0.4166666666666667]",0.5416666666666666,0.24999999999999994,0.12499999999999997,0.24999999999999994,0.24999999999999994
1,audio,random440_expressivespeech_307,2,"[0.7313725490196078, 0.3]",0.5156862745098039,0.4313725490196078,0.2156862745098039,0.4313725490196078,0.4313725490196078
1,audio,random440_deear_071,2,"[0.8666666666666667, 0.5]",0.6833333333333333,0.3666666666666667,0.18333333333333335,0.3666666666666667,0.3666666666666667
1,audio,random440_expressivespeech_231,2,"[0.8, 0.6333333333333333]",0.7166666666666667,0.16666666666666674,0.08333333333333337,0.16666666666666674,0.16666666666666674
1,audio,random440_expressivespeech_282,3,"[0.4, 0.7, 0.4]",0.5,0.29999999999999993,0.14142135623730948,0.29999999999999993,0.19999999999999996
1,caption,random440_expressivespeech_164,4,"[-1.8991235079156468, -1.9683452794706682, -1.9041022923047422, -1.924737715467927]",-1.924077198789746,0.0692217715550214,0.02730285162203548,0.004978784389095381,0.038050122971374854
1,caption,random440_expressivespeech_186,4,"[-2.1237493738532067, -2.1583142469326657, -1.7452503244082134, -2.0753376851479213]",-2.025662907585502,0.41306392252445234,0.16455708206084418,0.3300873607397079,0.21460057604644042
1,caption,random440_deear_053,4,"[-2.023635445162654, -2.018837460782379, -2.108140782220289, -2.0260297880740836]",-2.0441608690598514,0.0893033214379102,0.03702949303824192,0.004797984380275011,0.04505071787086005
1,caption,random440_expressivespeech_336,4,"[-1.0645682519534603, -1.1302830544300377, -1.0963062680093572, -1.1492111679981463]",-1.1100921855977504,0.08464291604468599,0.032405424030742196,0.03173801605589688,0.047984255759123094
1,caption,random440_expressivespeech_044,4,"[-1.1292985458858311, -1.263330194662558, -1.150072499003727, -1.1844395210791845]",-1.1817851901578251,0.1340316487767268,0.0510322835063429,0.02077395311789587,0.07274366140093964
1,caption,random440_expressivespeech_100,4,"[-1.553630176698789, -1.5139268138445914, -1.532004514010623, -1.4489674931392074]",-1.5121322494233027,0.10466268355958164,0.03908321815652255,0.06495932070538402,0.055344291807462774
1,caption,random440_expressivespeech_140,4,"[-0.9624020141200162, -1.0813103700056672, -1.0534719591378234, -1.1929840119264554]",-1.0725420887974906,0.23058199780643918,0.08227643267902614,0.09106994501780719,0.11993073404786021
1,caption,random440_expressivespeech_206,4,"[-1.3785691243356268, -1.3901555382471997, -1.27727840996522, -1.3377609577582916]",-1.3459410075765845,0.11287712828197982,0.044161590356990084,0.06048254779307172,0.06323992523721245
1,caption,random440_expressivespeech_133,4,"[-1.8529535315028625, -1.9304009792431316, -1.9179773071882664, -1.9077406002143107]",-1.9022681045371428,0.07744744774026913,0.029580876464562894,0.05478706871144823,0.04042984169912719
1,caption,random440_expressivespeech_277,4,"[-1.306861268938519, -1.3483592341654003, -1.4274035083362833, -1.4045281545259058]",-1.371788041491527,0.1205422393977642,0.04724772470907695,0.041497965226881206,0.06963260642563303
1,caption,random440_expressivespeech_244,4,"[-2.09191236353945, -2.065735555574065, -2.1523379941936582, -2.0566202842164785]",-2.091651549380913,0.09571770997717977,0.03735552463175016,0.009115271357586607,0.05222165631615402
1,caption,random440_deear_022,4,"[-1.5259257975267246, -1.8087073501665145, -1.5034479985479265, -1.5970588482450694]",-1.6087849986215588,0.30525935161858797,0.12048649306094798,0.02247779897879809,0.16448518426235145
1,caption,random440_expressivespeech_145,4,"[-1.4080404097185237, -1.5101280445232987, -1.4416715567349456, -1.5844547113811132]",-1.4860736805894703,0.17641430166258942,0.0676723348376172,0.03363114701642189,0.09961656546268689
1,caption,random440_expressivespeech_047,4,"[-1.3827279197139433, -1.3970948052738095, -1.466187766607618, -1.277055035898229]",-1.3807663818734,0.18913273070938885,0.0676818315638248,0.10567288381571416,0.09696084628133879
1,caption,random440_expressivespeech_121,4,"[-1.060975880107435, -1.0452910081803566, -1.0189697947207605, -1.0393501239595935]",-1.0411467017420364,0.042006085386674386,0.015045053067870623,0.020380329238832928,0.02199319006346438
1,caption,random440_deear_026,4,"[-1.1931066502002068, -1.2028976221918128, -1.2453818854992278, -1.2817001097137108]",-1.2307715669012396,0.08859345951350406,0.03536516869144115,0.009790971991606057,0.051377440307987854
1,caption,random440_deear_025,4,"[-1.6714676220358038, -1.6380171371934316, -1.5090979615536828, -1.7761648482875898]",-1.648686892267627,0.267066886733907,0.09535264046029861,0.12891917563974875,0.13910852417401554
1,caption,random440_expressivespeech_072,4,"[-1.699305918358732, -1.7215782214188948, -1.749944510840578, -1.6799514949088916]",-1.7126950363817741,0.06999301593168639,0.026066464631217902,0.019354423449840397,0.038708558475870326
1,caption,random440_expressivespeech_207,4,"[-1.5999500812395127, -1.608246831834549, -1.8676936008414486, -1.696517613789183]",-1.6931020319261734,0.267743519601936,0.10767029887006896,0.008296750595036428,0.14858355679340698
1,caption,random440_deear_019,4,"[-1.48623193520325, -1.458828291433747, -1.5214772713115963, -1.4852428311569383]",-1.487945082276383,0.06264897987784934,0.022262256424685576,0.02641453972319141,0.031489340613309956
1,caption,random440_deear_079,4,"[-1.3755990713834763, -1.4652708389485876, -1.3881412369509538, -1.4615613795816897]",-1.422643131716177,0.0896717675651113,0.041034363025977745,0.012542165567477559,0.05707257422101164
1,caption,random440_expressivespeech_209,4,"[-1.4937185637536459, -1.3945477624656633, -1.2140641645237338, -1.2672739929694217]",-1.3424011209281161,0.2796543992299121,0.10923678462560732,0.05320982844568789,0.1610394945309963
1,caption,random440_expressivespeech_143,4,"[-1.8432978687924333, -1.8842858995776623, -1.8325727144547272, -1.8157931881432887]",-1.843987417742028,0.06849271143437363,0.025247045123213824,0.01677952631143853,0.036033881440137826
1,caption,random440_expressivespeech_149,4,"[-1.4854100369630032, -1.4828266630938742, -1.4936151081346907, -1.542537269051536]",-1.501097269310776,0.059710605957661755,0.024254693487267595,0.002583373869128991,0.031222814840778785
1,caption,random440_expressivespeech_012,4,"[-1.907435647211969, -1.8344115496147424, -1.8075525337917497, -1.824469976432738]",-1.8434674267627997,0.09988311342021916,0.03815994233001196,0.016917442640988156,0.051598485573777
1,caption,random440_expressivespeech_239,4,"[-1.5407671515495167, -1.6564809487535967, -1.6715057689580135, -1.5499779940582812]",-1.604682965829852,0.1307386174084968,0.05963678249310625,0.009210842508764472,0.08311980115346766
1,caption,random440_deear_005,4,"[-1.44845156557858, -1.593170506414026, -1.5363127139862627, -1.6409323359257542]",-1.5547167804761557,0.19248077034717426,0.07166382734786776,0.08786114840768278,0.10571668391154769
1,caption,random440_expressivespeech_316,4,"[-1.2564040839672088, -1.1785877645015717, -1.2555146728952726, -1.2024753957986831]",-1.223245479290684,0.07781631946563716,0.03378794821543204,0.023887631297111467,0.04774803924891683
1,caption,random440_expressivespeech_001,4,"[-1.8293718511704355, -1.7184722367674112, -1.6875285194255412, -1.61114682815969]",-1.7116298588807695,0.21822502301074564,0.07840234197699861,0.07638169126585126,0.11426979772901784
1,caption,random440_expressivespeech_081,4,"[-2.1458631554996828, -2.1839465425146045, -2.11854443026823, -2.2130441201661597]",-2.1653495621121692,0.09449968989792978,0.03602450193149701,0.027318725231452845,0.053597076118118515
1,caption,random440_expressivespeech_191,4,"[-1.7831615507311653, -1.8834982801927254, -1.8075293057772797, -1.8492505808826536]",-1.830859929395956,0.10033672946156003,0.03849826412448689,0.024367755046114326,0.05712191058167567
1,caption,random440_expressivespeech_242,4,"[-1.9364118864323245, -1.9235470534476917, -1.9237294108897913, -1.906100742489798]",-1.9224472733149014,0.03031114394252654,0.010782774256154896,0.01744631095789373,0.01518596487827987
1,caption,random440_expressivespeech_136,4,"[-1.4588348881807178, -1.457359375373926, -1.4568163346266374, -1.4432593632955104]",-1.454067490369198,0.015575524885207415,0.006283636374947897,0.013556971331126988,0.007878269233818477
1,caption,random440_expressivespeech_243,4,"[-1.9223899259814061, -1.8478134375764057, -1.9110034511541016, -1.8634858261502814]",-1.8861731602155487,0.07457648840500042,0.03128250676725407,0.01567238857387565,0.04520784836980359
1,caption,random440_deear_052,4,"[-1.6347137880822022, -1.6141450511291624, -1.6020221131543317, -1.8565394846101602]",-1.676855109243964,0.2545173714558284,0.1043969520538214,0.012122937974830661,0.13068680855342085
1,caption,random440_expressivespeech_184,4,"[-1.7943142051663017, -1.8461295530032658, -1.7914151646546088, -1.931989927914401]",-1.8409622126846443,0.14057476325979223,0.056885175836592375,0.002899040511692874,0.07892327293605679
1,caption,random440_expressivespeech_015,4,"[-1.2102598730125464, -1.1873518647335004, -1.2336009402060881, -1.3469866431842092]",-1.244549830284086,0.15963477845070884,0.06136079217196621,0.022908008279046044,0.08370756709094469
1,caption,random440_deear_050,4,"[-1.523918008057323, -1.4871495864334672, -1.4181532344548031, -1.4953975687812393]",-1.4811545994317081,0.10576477360251979,0.03884804741321448,0.06899635197866405,0.054257050525888584
1,caption,random440_deear_066,4,"[-1.8086766638443805, -1.605764067848213, -1.6306009636027738, -1.6513303972315043]",-1.674093023131718,0.2029125959961675,0.07935883513754559,0.024836895754560828,0.10491120360287216
1,caption,random440_expressivespeech_084,4,"[-1.4726174137904309, -1.4737786060431972, -1.5933778792386875, -1.5109815755859017]",-1.5126888686645543,0.12076046544825658,0.04907484414157847,0.001161192252766341,0.06658072764791238
1,caption,random440_expressivespeech_281,4,"[-1.1508308067917823, -1.1393165496488413, -1.1691277084251246, -1.1695771969854831]",-1.1572130654628079,0.0302606473366418,0.01280477420000965,0.011514257142940965,0.01817980727387795
1,caption,random440_expressivespeech_094,4,"[-1.7009551851078868, -1.6970008282223716, -1.7271132173482329, -1.7163648917339742]",-1.7103585306031164,0.030112389125861228,0.012079393831609166,0.003954356885515153,0.017624479000611853
1,caption,random440_expressivespeech_152,4,"[-1.6421063079833402, -1.634554745425703, -1.5632239414044307, -1.5334881684539141]",-1.593343290816847,0.10861813952942612,0.04627641601363054,0.029735772950516548,0.06619753710159178
1,caption,random440_deear_094,4,"[-1.6117806628346443, -1.8484465373059114, -1.6352371423194805, -1.6490472190082073]",-1.686127890367061,0.23666587447126708,0.09465687747211204,0.0234564794848362,0.12063461668375468
1,caption,random440_expressivespeech_091,4,"[-1.5755364354408812, -1.416500047838781, -1.5551921633305028, -1.5858794848900288]",-1.5332770328750485,0.1693794370512478,0.0683191266049443,0.13869211549172178,0.0880804305440203
1,caption,random440_expressivespeech_194,4,"[-2.0225630892440676, -1.8402466466029486, -1.922056058421731, -1.854470049838225]",-1.909833961026743,0.18231644264111901,0.07204997051383283,0.014223403235276377,0.10242255608447719
1,caption,random440_deear_034,4,"[-1.3954792801678801, -1.3643760547662775, -1.4431923317257316, -1.3533226602322732]",-1.3890925817230406,0.08986967149345837,0.03484955830293634,0.011053394534004335,0.05011870664699628
1,caption,random440_expressivespeech_171,4,"[-1.3170747288677376, -1.3265857977676205, -1.3178541774323094, -1.3610885806847364]",-1.330650821188101,0.044013851816998795,0.017965564231939273,0.0007794485645717941,0.02346219596438459
1,caption,random440_expressivespeech_052,4,"[-1.6525833604428044, -1.729178227018565, -1.8077669741760474, -1.7464477331341186]",-1.7339940736928838,0.15518361373324296,0.055336315133586125,0.07659486657576053,0.08047005788588042
1,caption,random440_deear_059,4,"[-1.4944299941998906, -1.5260798507370055, -1.522719983709976, -1.5409560111584142]",-1.5210464599513216,0.04652601695852354,0.01682975180251574,0.028289989510085434,0.023822986317100003
1,caption,random440_expressivespeech_203,4,"[-1.936367641435936, -1.9849293521838263, -1.8776485453126952, -1.957855504588224]",-1.9392002608801704,0.10728080687113106,0.039483557753450325,0.05871909612324089,0.05722171396094685
1,caption,random440_expressivespeech_201,4,"[-1.457233378838282, -1.584024446143303, -1.6650751646520803, -1.6584514968562871]",-1.5911961216224881,0.2078417858137982,0.08363439465951422,0.126791067305021,0.11632540135906311
1,caption,random440_deear_085,4,"[-1.4571313266952832, -1.46793923911949, -1.478258723889788, -1.484293093966941]",-1.4719055959178755,0.027161767271657755,0.010341945661441481,0.010807912424206867,0.015300797764211857
1,caption,random440_expressivespeech_189,4,"[-1.7068284825732312, -1.8057738844305278, -1.6296804323792458, -1.8082125023007394]",-1.737623825420936,0.17853206992149362,0.0745441498192726,0.0771480501939854,0.10575693527029624
1,caption,random440_expressivespeech_161,4,"[-1.5934014924860094, -1.4409258551313542, -1.4928613343217876, -1.5309065039618872]",-1.5145237964752596,0.1524756373546552,0.05562374328730539,0.0519354791904334,0.08257868028401087
1,caption,random440_expressivespeech_117,4,"[-1.581991504994221, -1.5749206446344033, -1.5496670507709496, -1.5973062278935686]",-1.5759713570732856,0.047639177122619,0.017207842838255775,0.025253593863453716,0.024998065287945792
1,caption,random440_expressivespeech_182,4,"[-1.3180372873321176, -1.322847014584113, -1.3677605750854127, -1.3112342925742269]",-1.3299697923939675,0.056526282511185855,0.022205184364845792,0.006802994757890701,0.02906476246425882
1,caption,random440_deear_001,4,"[-1.9831488773706951, -1.8449083729938138, -2.1171462089259876, -2.0064201281638816]",-1.9879058968635945,0.27223783593217377,0.09684621325840469,0.1382405043768813,0.1399974597649513
1,caption,random440_expressivespeech_268,4,"[-1.502533616265282, -1.4879988085012883, -1.555469309387263, -1.4960512573597953]",-1.5105132478784071,0.06747050088597462,0.02646115614110421,0.008052448858506978,0.03481564359390177
1,caption,random440_deear_099,4,"[-1.0158163053294023, -0.9290658558408419, -1.0297332861771187, -1.0097962180773417]",-0.9961029163561761,0.10066743033627679,0.039373510999358874,0.08073036223649976,0.051337063043481825
1,caption,random440_expressivespeech_159,4,"[-1.5395919311558828, -1.5751640617381781, -1.5520513444207609, -1.611781324725598]",-1.569647165510105,0.07218939356971532,0.027471137347602106,0.012459413264878094,0.03994681633776054
1,caption,random440_expressivespeech_276,4,"[-1.7202798360958695, -1.6814565852982923, -1.7345454868627712, -1.8370466293999925]",-1.7433321344142314,0.1555900441017002,0.05748826789395286,0.0388232507975772,0.08017263051200037
1,caption,random440_expressivespeech_339,4,"[-1.647725268470822, -1.574862472145469, -1.665469960164046, -1.5460544087836752]",-1.608528027391003,0.11941555138037074,0.04953566908825181,0.028808063361793756,0.0718515750777442
1,caption,random440_expressivespeech_299,4,"[-1.5459875139495125, -1.6292004574497696, -1.6116002106427914, -1.6156170535687124]",-1.6006013089026965,0.0832129435002571,0.032198704648515084,0.06561269669327885,0.04227594557111539
1,caption,random440_expressivespeech_253,4,"[-1.4818010120652616, -1.5047395057044923, -1.4819092155667022, -1.517324956599623]",-1.4964436724840198,0.03552394453436136,0.015252104913411677,0.00010820350144058466,0.02156702062347904
1,caption,random440_deear_076,4,"[-1.7369270680937916, -1.8173532490327489, -1.8481527483090758, -1.842700689099729]",-1.8112834386338363,0.11122568021528423,0.0444749987659711,0.08042618093895726,0.05983741345213881
1,caption,random440_deear_007,4,"[-1.3336510960943997, -1.2503439760766923, -1.274705265997909, -1.3950662750285119]",-1.3134416532993782,0.14472229895181954,0.05601969524769186,0.024361289921216667,0.08218545449199155
1,caption,random440_expressivespeech_051,4,"[-2.3003780299331993, -2.32406823556812, -2.1268361367692705, -2.2194775437092176]",-2.242689986494952,0.19723209879884962,0.07731633361439463,0.09264140693994705,0.11209946377008843
1,caption,random440_expressivespeech_177,4,"[-2.272481591394171, -2.2379385497110587, -2.2031246558763087, -2.199498522778352]",-2.2282608299399724,0.07298306861581905,0.029615163191239604,0.003626133097956785,0.04229384994703452
1,caption,random440_expressivespeech_132,4,"[-1.5990829654037952, -1.6305640020000283, -1.5577964717522264, -1.6055075564072467]",-1.5982377488908242,0.07276753024780191,0.026144062561893642,0.04128649365156889,0.03745453029114287
1,caption,random440_expressivespeech_134,4,"[-1.7930874521989608, -1.6971704531897558, -1.7281124800938414, -1.8103977762220893]",-1.7571920404261618,0.11322732303233352,0.04628051066978247,0.03094202690408565,0.06744282353368665
1,caption,random440_deear_041,4,"[-1.2900371701146165, -1.1954316964761043, -1.2019320235898097, -1.232273173875486]",-1.229918516014004,0.09460547363851224,0.03739111346484242,0.006500327113705406,0.05235959520020217
1,caption,random440_expressivespeech_300,4,"[-2.2543505693320185, -2.355404982838081, -2.263360175769776, -2.286248951451853]",-2.289841169847932,0.1010544135060627,0.03959906368577379,0.009009606437757611,0.054342002700044155
1,caption,random440_expressivespeech_302,4,"[-2.014050064244657, -1.8541310655054986, -1.9343792219442548, -1.9005842117912835]",-1.9257861408714234,0.15991899873915827,0.0583822495854199,0.046453146285784896,0.08559200106174103
1,caption,random440_deear_097,4,"[-1.3478167120367288, -1.473526276772221, -1.3608438950031996, -1.383200471351544]",-1.3913468387909234,0.12570956473549222,0.049104798249083086,0.013027182966470763,0.06658087842580351
1,caption,random440_deear_073,4,"[-2.7553899976192042, -2.5488801660831086, -2.4134505026158877, -2.703102335333824]",-2.605205750413006,0.34193949500331655,0.13424017278360645,0.13542966346722096,0.19667344237677753
1,caption,random440_deear_029,4,"[-1.3028061054646969, -1.381845511496067, -1.323581356788054, -1.2948187817819417]",-1.32576293888269,0.0870267297141254,0.0340388429247662,0.007987323682755232,0.0469759067442889
1,caption,random440_deear_060,4,"[-2.571825621649623, -2.4344692258164287, -2.3529217578470707, -2.445686695165932]",-2.4512258251197636,0.21890386380255222,0.07829346420081237,0.08154746796935797,0.11132151012619336
1,caption,random440_expressivespeech_190,4,"[-1.5291252927854657, -1.3980322001734748, -1.515344891231507, -1.483287792885676]",-1.481447544269031,0.13109309261199087,0.05095023056925743,0.08525559271220118,0.0708893960303006
1,caption,random440_expressivespeech_198,4,"[-1.364998709075735, -1.3209508296858985, -1.3057110720183118, -1.3320825591945322]",-1.3309357924936194,0.059287637057423126,0.02178062995688747,0.015239757667586673,0.03149910678015052
1,caption,random440_deear_088,4,"[-1.6595990465333064, -1.4576395719467352, -1.4234596108319237, -1.7043150063293675]",-1.561253308910333,0.28085539549744376,0.12233299135424133,0.034179961114811475,0.17408761017981708
1,caption,random440_expressivespeech_331,4,"[-1.583042338505038, -1.4937389764891122, -1.5707338532229187, -1.6273332421988016]",-1.5687121026039677,0.13359426570968935,0.048132241749622925,0.07699487673380645,0.06884854706853123
1,caption,random440_expressivespeech_273,4,"[-1.3846094289484123, -1.335005517055591, -1.2879032803078492, -1.2953909641752641]",-1.325727297621779,0.09670614864056315,0.038419201443326036,0.00748768386741494,0.05495549980033606
1,caption,random440_expressivespeech_141,4,"[-1.4534347880942127, -1.4239435762516224, -1.4189061018250262, -1.4798115423182026]",-1.444024002122266,0.060905440493176366,0.024512462872863554,0.005037474426596189,0.03536792222035323
1,caption,random440_expressivespeech_156,4,"[-1.1563681333791465, -1.0218955663731322, -1.0337984915822744, -1.0245818723924458]",-1.0591610159317497,0.1344725670060143,0.05629589732504351,0.0026863060193136334,0.06877238670131192
1,caption,random440_expressivespeech_058,4,"[-1.9767886681074742, -2.011751425161492, -1.9780194957274944, -2.0356960410717875]",-2.000563907517062,0.058907372964313254,0.024662420152289973,0.0012308276200201362,0.03507567472115625
1,caption,random440_expressivespeech_214,4,"[-1.4638071520021185, -1.4749727633898146, -1.4524915873771533, -1.4774013372370973]",-1.467168210001546,0.024909749859943986,0.009903634549291334,0.011315564624965191,0.01431581016125468
1,caption,random440_expressivespeech_049,4,"[-0.8870105764217442, -0.9784887257264927, -0.872955626444309, -0.8621780987305101]",-0.900158256830764,0.1163106269959826,0.0460733094286291,0.010777527713798918,0.060497805160897165
1,caption,random440_expressivespeech_332,4,"[-1.2938854236526822, -1.2607261867960915, -1.2219525161854108, -1.3156122363870963]",-1.2730440907553202,0.09365972020168556,0.03538533569661366,0.03877367061068071,0.052356399576941236
1,caption,random440_expressivespeech_284,4,"[-1.4328170260996558, -1.5059425804647617, -1.5190264701886917, -1.519723987505131]",-1.49437751606456,0.08690696140547516,0.03596338135242957,0.07312555436510593,0.04563412899005925
1,caption,random440_deear_091,4,"[-1.8160597689449787, -1.8521880040566125, -1.7924105666577816, -1.8059797267119089]",-1.8166595165928205,0.0597774373988309,0.02216248295858546,0.013569160054127227,0.03156872573826042
1,caption,random440_expressivespeech_172,4,"[-1.8336388070019893, -1.9097917147737462, -1.9528854966556537, -1.8578196756425314]",-1.8885339235184802,0.11924668965366436,0.046232719729175004,0.02418086864054203,0.06828535134870133
1,caption,random440_expressivespeech_139,4,"[-1.8268922205606941, -1.8309498963790247, -1.7734093468025094, -1.8972605893795844]",-1.8321280132804532,0.12385124257707503,0.04392873702684506,0.053482873758184724,0.06260190059159261
1,caption,random440_expressivespeech_193,4,"[-1.6680572163313627, -1.7127132531022653, -1.4962922472623177, -1.5281109892530367]",-1.6012934264872456,0.2164210058399476,0.09117661179742705,0.03181874199071899,0.1315348740996948
1,caption,random440_expressivespeech_232,4,"[-1.388857013778761, -1.3950225272215904, -1.41703905503576, -1.4469062288291752]",-1.4119562062163218,0.05804921505041416,0.02273577361958628,0.00616551344282934,0.0326940288275687
1,caption,random440_expressivespeech_236,4,"[-1.0924469608037422, -1.084391611861065, -1.1026846050905685, -1.0027630721218883]",-1.070571562469316,0.09992153296868023,0.03968238175523167,0.08162853973917672,0.051303324641452965
1,caption,random440_expressivespeech_229,4,"[-1.6729811555123888, -1.7238616935210302, -1.705622215056792, -1.6764053549268283]",-1.6947176047542598,0.05088053800864145,0.02107190164224734,0.0034241994144394994,0.030309745692647994
1,caption,random440_expressivespeech_030,4,"[-2.0604571072074274, -2.174048407841474, -2.1087163359547656, -2.1196907320059837]",-2.1157281457524126,0.11359130063404654,0.04037637997156696,0.048259228747338234,0.05862471632555962
1,caption,random440_deear_043,4,"[-1.2073331107385457, -1.0919677903720488, -1.0607719457087417, -1.0622363086789846]",-1.10557728887458,0.14656116502980399,0.060052945542298425,0.0014643629702428829,0.07823582946374603
1,caption,random440_expressivespeech_061,4,"[-1.2783448349073296, -1.3229487712014816, -1.1472569961624686, -1.4794160947203636]",-1.3069916742479109,0.33215909855789505,0.11865982734871962,0.13108783874486107,0.17351353866130617
1,caption,random440_expressivespeech_142,4,"[-1.2885384522378445, -1.3431756515055895, -1.4086955464445055, -1.3095405229832977]",-1.3374875432928093,0.12015709420666099,0.04549720801098612,0.02100207074545324,0.06568440185704578
1,caption,random440_expressivespeech_092,4,"[-1.5863728538970463, -1.6944866280537099, -1.706065094738733, -1.7267020344152115]",-1.6784066527761752,0.14032918051816523,0.05437421043221322,0.10811377415666357,0.07209433470658648
1,caption,random440_expressivespeech_322,4,"[-1.5069571839024622, -1.5077416916688284, -1.5495080968985955, -1.5726936137924592]",-1.5342251465655863,0.06573642988999695,0.028099407078852907,0.0007845077663661826,0.03982928248329298
1,caption,random440_expressivespeech_040,4,"[-1.560134881758131, -1.5517800245434046, -1.5834402425971348, -1.6681833314942196]",-1.5908846200982225,0.11640330695081502,0.04611188930566153,0.008354857214726508,0.062085880281908125
1,caption,random440_deear_036,4,"[-1.8492208900861442, -1.896786761470139, -1.8844230552203953, -2.0059877950698137]",-1.909104625461623,0.15676690498366952,0.0585946243241118,0.03520216513425112,0.08044407020012538
1,caption,random440_expressivespeech_097,4,"[-1.5318743882526178, -1.6033249275933485, -1.4498957919422537, -1.4875245375733357]",-1.518154911340389,0.15342913565109484,0.05709571545526172,0.03762874563108198,0.08410620960542776
1,caption,random440_expressivespeech_308,4,"[-1.4491431866772473, -1.4334579809219576, -1.445433291781228, -1.4845469383290038]",-1.4531453494273592,0.05108895740704611,0.019033821240301414,0.011975310859270394,0.026162794519526262
1,caption,random440_expressivespeech_224,4,"[-1.7137157990286747, -1.4883614556863904, -1.592314007009069, -1.5434814874082803]",-1.5844681872831037,0.2253543433422842,0.08319091815507527,0.05512003172188984,0.12081592493794024
1,caption,random440_expressivespeech_062,4,"[-1.8303299704566598, -1.8626302848570049, -1.8040584770496935, -1.9415954127907753]",-1.8596535362885334,0.13753693574108183,0.05165756063156415,0.02627149340696633,0.07415185360393177
1,caption,random440_expressivespeech_275,4,"[-1.4659007699228823, -1.3510968907503411, -1.287720353808254, -1.3344203341985121]",-1.3597845871699974,0.17818041611462831,0.06552236139277393,0.04669998039025813,0.09186963414928566
1,caption,random440_expressivespeech_174,4,"[-1.7740833178977482, -1.7357560598175041, -1.8507321945944568, -1.7257093595253536]",-1.7715702329587657,0.12502283506910317,0.049139613540881845,0.01004670029215049,0.06889929388125893
1,caption,random440_expressivespeech_258,4,"[-1.7586692063487135, -1.7205611283425242, -1.9225700074166525, -1.7702315759088378]",-1.793007979504182,0.20200887907412834,0.07702723742708147,0.038108078006189317,0.10293150113041823
1,caption,random440_expressivespeech_335,4,"[-1.4838403632165864, -1.5042302754009143, -1.5117298107943498, -1.4767740432871506]",-1.4941436231747502,0.0349557675071992,0.014307987448978841,0.007066319929435849,0.020876202450987574
1,caption,random440_expressivespeech_212,4,"[-2.130876801791601, -2.129751887812745, -1.9721406153403223, -2.0803417134447955]",-2.078277754597366,0.15873618645127863,0.06458637319862622,0.1082010981044732,0.08760312228696421
1,caption,random440_expressivespeech_006,4,"[-1.6184745301725343, -1.5176342235063203, -1.4780823637265712, -1.6249924335861579]",-1.559795887747896,0.14691006985958666,0.06353833214218432,0.039551859779749066,0.09026175270749566
1,caption,random440_expressivespeech_250,4,"[-1.709670604385125, -1.6647207914696385, -1.6150032417072604, -1.655942667190296]",-1.66133432618808,0.09466736267786469,0.033628497264086024,0.04093942548303553,0.0487967020521561
1,caption,random440_deear_046,4,"[-1.798797224710385, -1.8575477912090719, -1.8539033050338427, -1.726174144136409]",-1.809105616272427,0.13137364707266297,0.05323854157985712,0.07262308057397604,0.07487117025690777
1,caption,random440_expressivespeech_060,4,"[-1.40594326966675, -1.415993139584316, -1.4243260234361514, -1.43388061375299]",-1.4200357616100518,0.027937344086240046,0.01030809632535635,0.010049869917565957,0.01535748601842594
1,caption,random440_expressivespeech_029,4,"[-1.6623571494128555, -1.6606091114226729, -1.6702305431244895, -1.678835410042666]",-1.668008053500671,0.01822629861999303,0.007225790107294872,0.0017480379901826382,0.010425381595268846
1,caption,random440_expressivespeech_114,4,"[-1.20300423738081, -1.2715110918070422, -1.2830214136920404, -1.210258114602766]",-1.2419487143706647,0.08001717631123029,0.03564360809071324,0.007253877221955918,0.05021741768966118
1,caption,random440_expressivespeech_125,4,"[-1.7731003955705091, -1.896276352039422, -1.9058196721307468, -1.802798984979745]",-1.8444988511801057,0.13271927656023763,0.0576146053138017,0.029698589409235865,0.08193919945673163
1,caption,random440_expressivespeech_002,4,"[-1.117930997395888, -1.2897255239076912, -1.1890811445191503, -1.0701854596845806]",-1.1667307813768275,0.21954006422311068,0.0826584289108996,0.047745537711307406,0.12162838996543239
1,caption,random440_expressivespeech_119,4,"[-1.0642117829993367, -0.9938380955718458, -1.080397262936458, -1.1021580630913377]",-1.0601513011497445,0.10831996751949191,0.0405844667463867,0.07037368742749095,0.05685756374926617
1,caption,random440_expressivespeech_170,4,"[-2.0359313843150932, -1.8424484372138976, -2.1998013851543265, -1.9249275734027227]",-2.00077719502151,0.35735294794042893,0.13385403050667485,0.08247913618882508,0.19717710912227623
1,caption,random440_expressivespeech_297,4,"[-1.7490285572130233, -1.7156968135386705, -1.6635578371351585, -1.4871771584148519]",-1.653865091575426,0.26185139879817143,0.10094313177592604,0.1763806787203066,0.13961552879967107
1,caption,random440_expressivespeech_289,4,"[-0.9397553765702469, -1.1888258277758723, -1.1093878629762912, -1.043988998149871]",-1.0704895163680703,0.24907045120562543,0.09125548852119462,0.10423362157962401,0.1354350364072161
1,caption,random440_deear_067,4,"[-1.3718239860609174, -1.6231544930487871, -1.4621870778501034, -1.268328863196075]",-1.4313736050389707,0.35482562985271215,0.1302489194538327,0.10349512286484241,0.19247333022455373
1,caption,random440_expressivespeech_318,4,"[-1.4855484480503947, -1.4946918160421774, -1.4347331261378713, -1.5090807556407526]",-1.481013536467799,0.07434762950288132,0.028005829427040323,0.05081532191252336,0.03869770941673778
1,caption,random440_expressivespeech_278,4,"[-1.184753093170002, -1.1127993426052853, -1.1476137143326923, -1.1990225524641573]",-1.1610471756430343,0.086223209858872,0.033587241052655106,0.03481437172740698,0.04930150140232096
1,caption,random440_expressivespeech_075,4,"[-1.5366217270493507, -1.5615115883992985, -1.598327811807394, -1.4758697035722435]",-1.5430827077070717,0.12245810823515058,0.04458412656571749,0.060752023477107286,0.06537736434256658
1,caption,random440_expressivespeech_039,4,"[-1.3036815510131419, -1.280994422675576, -1.261918350122869, -1.324095272924751]",-1.2926723991840845,0.06217692280188203,0.02340291160897524,0.019076072552707046,0.03486964945720198
1,caption,random440_deear_028,4,"[-1.4628711570985615, -1.4230605862103403, -1.4375950701069087, -1.409760465612635]",-1.4333218197571114,0.05311069148592651,0.01969679116565486,0.013300120597705245,0.028977759725724656
1,caption,random440_deear_045,4,"[-1.3594754211604596, -1.3502934016597767, -1.5161009589831034, -1.269758733858665]",-1.3739071289155012,0.24634222512443849,0.08920742094389295,0.08053466780111185,0.12470144914566639
1,caption,random440_expressivespeech_018,4,"[-1.7861493717318808, -1.713532498020868, -1.7094921058014734, -1.7369652664710884]",-1.7365348105063276,0.07665726593040745,0.03050493499163064,0.004040392219394562,0.042234094373573804
1,caption,random440_expressivespeech_234,4,"[-1.148387915454805, -1.2315933053469053, -1.10804748442024, -1.1242786388029344]",-1.1530768360062211,0.12354582092666533,0.04754944952383093,0.016231154382694513,0.0657911232386444
1,caption,random440_expressivespeech_118,4,"[-1.2680137720308267, -1.2357144980924204, -1.2479526652023196, -1.1647514348733239]",-1.2291080925497226,0.10326233715750277,0.03890435000040859,0.07096306321909651,0.05367086309706792
1,caption,random440_expressivespeech_257,4,"[-1.3938109868904576, -1.3875442480202764, -1.3638489451186615, -1.3912045849574497]",-1.3841021912467113,0.029962041771796066,0.011903218502049902,0.023695302901614923,0.015591077042093579
1,caption,random440_expressivespeech_262,4,"[-1.3311098274716642, -1.3205454005801585, -1.304629431630019, -1.3280118020484224]",-1.321074115432566,0.026480395841645077,0.010241510831811362,0.01591596895013936,0.014484598165533194
1,caption,random440_expressivespeech_077,4,"[-1.5778792959172279, -1.6882286907639354, -1.4917357348604128, -1.6638192508835346]",-1.6054157431062777,0.19649295590352267,0.07737950991543774,0.08614356105681509,0.11256980377947912
1,caption,random440_expressivespeech_221,4,"[-1.3300062702328432, -1.4270666322554462, -1.4749835901457118, -1.4277444330473372]",-1.4149502314203346,0.14497731991286855,0.052749358921557875,0.09706036202260293,0.07260162675508279
1,caption,random440_deear_051,4,"[-1.463164061307907, -1.4529794924892485, -1.5015297732898034, -1.423550076520769]",-1.460305850901932,0.07797969676903449,0.027893743123306936,0.02942941596847959,0.040687276520960346
1,caption,random440_expressivespeech_130,4,"[-1.5039493762888014, -1.3733936247881502, -1.3266395794926211, -1.3926170428749174]",-1.3991499058611225,0.1773097967961803,0.0650898239848116,0.04675404529552907,0.09185880141255136
1,caption,random440_deear_081,4,"[-1.1144408613909036, -0.9554321798786987, -1.1264291099942056, -1.085509488126263]",-1.0704529098475177,0.17099693011550698,0.06805281723754958,0.13007730824756436,0.09032036060186026
1,caption,random440_expressivespeech_213,4,"[-1.028126884601079, -0.9790489952356438, -1.08026737900218, -0.9437151315505616]",-1.007789597597366,0.1365522474516183,0.05147376385920575,0.03533386368508218,0.07645577195338167
1,caption,random440_expressivespeech_173,4,"[-1.6765691581492623, -1.4152484809358914, -1.2188300146100421, -1.7172362277905147]",-1.5069709703714276,0.4984062131804725,0.20273951836678103,0.19641846632584925,0.29275655279246476
1,caption,random440_deear_027,4,"[-1.848219879786484, -1.8611117776017636, -1.8550371960736811, -1.8368389108218253]",-1.8503019410709385,0.02427286677993834,0.00901198325071849,0.011380968964658678,0.0132726527711687
1,caption,random440_expressivespeech_059,4,"[-1.565959503641352, -1.5802658611210063, -1.6341716902097687, -1.71136738313362]",-1.6229411095264368,0.14540787949226797,0.05703817152189746,0.014306357479654253,0.08168824459426105
1,caption,random440_expressivespeech_248,4,"[-1.9348205592250451, -1.8386248270107899, -1.7933076565968804, -1.7763084417092614]",-1.8357653711354942,0.15851211751578376,0.06155869304167675,0.01699921488761902,0.08680892049354345
1,caption,random440_expressivespeech_108,4,"[-1.6948257157346234, -1.574103883933276, -1.6487817117013037, -1.5962871682131663]",-1.6284996198955923,0.12072183180134743,0.046922948467509766,0.02218328427989036,0.06911000648202996
1,caption,random440_expressivespeech_116,4,"[-1.6873899473866913, -1.6608968407454086, -1.7275234784610802, -1.5815746758671594]",-1.6643462356150849,0.14594880259392085,0.05335120920350844,0.07932216487824917,0.07738991907050756
1,caption,random440_deear_065,4,"[-1.3531160286147497, -1.275693774514366, -1.3983873121833312, -1.3812545183318434]",-1.3521129084110726,0.12269353766896529,0.04698788181254343,0.07742225410038373,0.06603651712066494
1,caption,random440_expressivespeech_131,4,"[-2.0511001176045585, -2.0738852422373992, -2.016497884520019, -2.0463060470918815]",-2.0469473228634647,0.057387357717380016,0.020435733008658884,0.02980816257186225,0.02949269061080284
1,caption,random440_expressivespeech_320,4,"[-1.9856748074293136, -1.932663051287333, -2.110952956105272, -2.0260730046778916]",-2.0138409548749525,0.17828990481793894,0.06512209248432799,0.053011756141980504,0.09587798528373248
1,caption,random440_expressivespeech_330,4,"[-1.710697736882139, -1.7496836597492802, -1.7206168312841328, -1.6775513097600196]",-1.714637384418893,0.07213234998926055,0.025762826687229567,0.03314642712211935,0.03771935739496257
1,caption,random440_expressivespeech_104,4,"[-1.6943729314953089, -1.6911518874112517, -1.6940092769218609, -1.749706270871684]",-1.7073100916750263,0.05855438346043229,0.02450920930037657,0.0028573895106092095,0.02933780082579081
1,caption,random440_expressivespeech_032,4,"[-2.007162779227656, -2.010798128641909, -2.0083519386244006, -1.9373889427952236]",-1.9909254473222973,0.07340918584668543,0.030937090709677637,0.06977383643243229,0.036902786156133516
1,caption,random440_deear_098,4,"[-1.2843967414810322, -1.2668268973066006, -1.2313780835829675, -1.1531106373877265]",-1.2339280899395817,0.13128610409330577,0.05041671221920049,0.07826744619524106,0.07155118766725839
1,caption,random440_expressivespeech_305,4,"[-1.6922767281066626, -1.6074434192851186, -1.7237790604121983, -1.729636094882153]",-1.6882838256715331,0.1221926755970344,0.04878789919831459,0.08483330882154405,0.06634672651610647
1,caption,random440_expressivespeech_106,4,"[-1.0970789428029093, -1.180846393079264, -1.1198802622966468, -1.1486741904518567]",-1.1366199471576692,0.0837674502763548,0.031404583164248115,0.022801319493737537,0.04668271316404571
1,caption,random440_expressivespeech_324,4,"[-1.4574615317833377, -1.4269760418974329, -1.4536991376662627, -1.4845181336568203]",-1.4556637112509634,0.057542091759387404,0.020387813598749624,0.026723095768829808,0.02939811156587287
1,caption,random440_deear_100,4,"[-1.6300528519476454, -1.5886302781601747, -1.6508453448613485, -1.6232470199465752]",-1.623193873728936,0.06221506670117383,0.02239583890565789,0.03461674178640051,0.03224183868409861
1,caption,random440_deear_004,4,"[-1.6042598241619999, -1.5885426454478875, -1.5893470293667633, -1.6011725589050911]",-1.5958305144704354,0.01571717871411238,0.006977451443712997,0.0008043839188758284,0.009829510946777495
1,caption,random440_expressivespeech_066,4,"[-1.1311728740110993, -1.119046929932665, -1.2557073339121416, -1.2218589724507183]",-1.181946527576656,0.13666040397947654,0.05824084281510955,0.012125944078434259,0.08344455172967476
1,caption,random440_expressivespeech_240,4,"[-1.4258484309684718, -1.5758761270844843, -1.4964162374089938, -1.6459756175463554]",-1.5360291032520763,0.22012718657788355,0.08274204040107379,0.07056780644052196,0.12330690823485686
1,caption,random440_expressivespeech_166,4,"[-1.727541524800472, -1.694369192875456, -1.7243481121549848, -1.7335519493790343]",-1.7199526948024868,0.039182756503578275,0.015135763363050895,0.029978919279528782,0.020123613692703657
1,caption,random440_expressivespeech_034,4,"[-1.32391559673124, -1.3492800515377894, -1.424306906410493, -1.3596263548824936]",-1.364282227390504,0.10039130967925303,0.03701070585439016,0.025364454806549475,0.051920038730410546
1,caption,random440_expressivespeech_151,4,"[-1.6821322123942082, -1.5802264309386373, -1.7036476633220445, -1.6666601405268011]",-1.6581666117954228,0.12342123238340719,0.04687666765654023,0.08643370958816377,0.06428929483627144
1,caption,random440_expressivespeech_328,4,"[-1.6422635757553508, -1.7301269514573505, -1.6931502658408135, -1.675170234811958]",-1.6851777569663682,0.08786337570199976,0.03172447175219912,0.03290665905660717,0.046928359689142475
1,caption,random440_expressivespeech_306,4,"[-2.092278913470606, -2.099014555538694, -1.8984514164427917, -1.984592953013877]",-2.018584459616492,0.2005631390959024,0.08289638629367468,0.08614153657108536,0.11822922962407272
1,caption,random440_expressivespeech_274,4,"[-1.427178800731781, -1.5042618928891898, -1.4798466679785633, -1.438414187206945]",-1.4624253872016197,0.07708309215740883,0.03111532506264108,0.011235386475163978,0.04544695954064082
1,caption,random440_expressivespeech_023,4,"[-1.4799434020824265, -1.5642091129848268, -1.5988873829628574, -1.6474442726321286]",-1.5726210426655598,0.16750087054970209,0.061131706176610005,0.08426571090240031,0.08953014693785614
1,caption,random440_expressivespeech_226,4,"[-1.7715179604419973, -1.7929642092130962, -1.72743085581169, -1.7432125875493512]",-1.7587814032540336,0.0655333534014062,0.025278098027829342,0.015781731737661175,0.03748423884947746
1,caption,random440_deear_018,4,"[-1.6731122833152767, -1.4825512012612307, -1.5028601757367142, -1.6448819546712912]",-1.5758514037461282,0.19056108205404598,0.08404990006781844,0.02030897447548341,0.11895083751611917
1,caption,random440_expressivespeech_247,4,"[-1.5976039434899576, -1.5772604764351854, -1.7077372793573886, -1.699554190861818]",-1.6455389725360874,0.1304768029222032,0.05862165389526991,0.02034346705477219,0.08223010935641166
1,caption,random440_expressivespeech_196,4,"[-1.5067151156254113, -1.41765132592991, -1.4301986620994285, -1.4290297833504155]",-1.4458987217512913,0.08906378969550133,0.03545279287442134,0.011378457420505583,0.044726707972586155
1,caption,random440_expressivespeech_042,4,"[-1.3705480047501624, -1.3750742867123336, -1.361028443905525, -1.3584977663122118]",-1.3662871254200581,0.016576520400121808,0.00677674595260247,0.0025306775933131576,0.009874853674167147
1,caption,random440_expressivespeech_033,4,"[-1.5560990847588982, -1.6173491715308046, -1.5273782331205439, -1.6066720674862154]",-1.5768746392241155,0.08997093841026071,0.036768166860026825,0.02872085163835436,0.053414299659683216
1,caption,random440_deear_061,4,"[-1.5725518227244417, -1.5584916434561213, -1.5668549317866565, -1.531462934675316]",-1.557340333160634,0.041088888049125805,0.015755017213006924,0.027028708780805433,0.021938325412985422
1,caption,random440_deear_020,4,"[-1.4318048716833194, -1.460614548375209, -1.4203078384200731, -1.4319317996501923]",-1.4361647645321984,0.040306709955135966,0.014884225652022933,0.011497033263246248,0.020174509638713478
1,caption,random440_deear_021,4,"[-1.3683213582262397, -1.4447268792428076, -1.5130596035160124, -1.3131922432221472]",-1.4098250210518017,0.1998673602938652,0.07572312477169427,0.055129115004092455,0.11266793364969392
1,caption,random440_expressivespeech_153,4,"[-1.0767776036790262, -1.0903465808058779, -1.1371125195951512, -1.14152416541862]",-1.111440217374669,0.0647465617395937,0.028330854748491622,0.013568977126851678,0.040167604001342415
1,caption,random440_expressivespeech_241,4,"[-1.5371331371599808, -1.6063296673508982, -1.515885733141719, -1.5999267453405386]",-1.5648188207482843,0.09044393420917918,0.03910454223394197,0.02124740401826175,0.05568756846801589
1,caption,random440_deear_058,4,"[-1.1937945521058282, -1.1685520059545524, -1.1895277013099985, -1.251099423818232]",-1.2007434207971528,0.08254741786367958,0.03060266887679543,0.020975695355446078,0.04198485073114474
1,caption,random440_expressivespeech_218,4,"[-1.797286334563978, -1.8786488473415375, -1.8280268721282482, -1.7687897086143494]",-1.8181879406620283,0.10985913872718811,0.040710527741051446,0.02849662594962865,0.06005299229097242
1,caption,random440_expressivespeech_337,4,"[-1.807537361420691, -1.854251657705754, -1.858525419588356, -1.8063370745318632]",-1.8316628783116662,0.052188345056492835,0.024775421190700458,0.001200286888827895,0.03387988857575689
1,caption,random440_expressivespeech_288,4,"[-1.7671517825801857, -1.6848634199704975, -1.7112183287972584, -1.8654954524245113]",-1.7571822459431132,0.18063203245401382,0.06923481174324154,0.026354908826760948,0.09963825852416146
1,caption,random440_deear_068,4,"[-1.1157000727951527, -1.130220308046167, -1.1853618227799112, -1.121668269058379]",-1.1382376181699025,0.06966174998475849,0.027692292263572938,0.005968196263226311,0.036256214823677246
1,caption,random440_expressivespeech_325,4,"[-2.462283121421933, -2.5576970856636763, -2.4816902562743053, -2.440805031277705]",-2.485618873659405,0.11689205438597128,0.044055477757572056,0.02147809014422819,0.06168054966838099
1,caption,random440_deear_089,4,"[-1.3927600007154979, -1.332798888150137, -1.3947453420842066, -1.3351612337864935]",-1.3638663661840837,0.06194645393406972,0.029906212090585166,0.002362345636356622,0.04057302145520225
1,caption,random440_expressivespeech_036,4,"[-1.7758641467274476, -1.7857107774975398, -1.767461954926451, -1.807291415737321]",-1.7840820737221899,0.03982946081087002,0.014875221894467293,0.008402191800996661,0.021555835533783707
1,caption,random440_expressivespeech_048,4,"[-1.6273813029984012, -1.5089902523905039, -1.6436188761144876, -1.2964326294604689]",-1.5191057652409654,0.34718624665401876,0.1386657454588292,0.212557622930035,0.19332496509499228
1,caption,random440_expressivespeech_064,4,"[-1.774519826968511, -1.6721719960371653, -1.6259714753677448, -1.582421336385111]",-1.663771158689633,0.1920984905834,0.0713835612061646,0.043550138982633824,0.10374933206993675
1,caption,random440_expressivespeech_327,4,"[-1.6123142078868113, -1.5954347288934514, -1.5464563909335993, -1.5765813347534277]",-1.5826966656168224,0.06585781695321202,0.024444896434829878,0.03012494381982833,0.03607114083327664
1,caption,random440_deear_017,4,"[-1.1463461248824993, -1.1714415088295937, -1.1462067756180963, -1.1540951758002242]",-1.1545223962826034,0.025234733211497495,0.010276670761516454,0.00013934926440306583,0.013908875092036236
1,caption,random440_deear_075,4,"[-0.8324470697552897, -0.8674452353443485, -0.8661179732298478, -0.8978973912890069]",-0.8659769174046232,0.06545032153371722,0.02315892479536284,0.033670903474558145,0.032946371119275376
1,caption,random440_expressivespeech_269,4,"[-1.4149943751981482, -1.4955908595584333, -1.5082898219116032, -1.4907378884963691]",-1.4774032362911385,0.09329544671345502,0.036597300801295314,0.07574351329822093,0.04745655186707154
