trajectory,round,task,metric,value,status,error,source
qwen_v1,base,speaker,bleu_4,2.749013298016237e-11,ok,,/data/L202500147/Caption/benchmark/emotiontalk_speech_captioning/runs/eight_models_20260901_run01/full/qwen_base
qwen_v1,base,speaker,rouge_l,0.3248598807892283,ok,,/data/L202500147/Caption/benchmark/emotiontalk_speech_captioning/runs/eight_models_20260901_run01/full/qwen_base
qwen_v1,base,speaker,meteor,0.1750643033937872,ok,,/data/L202500147/Caption/benchmark/emotiontalk_speech_captioning/runs/eight_models_20260901_run01/full/qwen_base
qwen_v1,base,speaker,spider,0.17300764216518572,ok,,/data/L202500147/Caption/benchmark/emotiontalk_speech_captioning/runs/eight_models_20260901_run01/full/qwen_base
qwen_v1,base,speaker,fense,0.8970561747479278,ok,,/data/L202500147/Caption/benchmark/emotiontalk_speech_captioning/runs/eight_models_20260901_run01/full/qwen_base
qwen_v1,base,speaker,bertscore,0.6877145767211914,ok,,/data/L202500147/Caption/benchmark/emotiontalk_speech_captioning/runs/eight_models_20260901_run01/full/qwen_base
qwen_v1,base,speaker,clapscore,,unavailable,"stack expects each tensor to be equal size, but got [77] at entry 0 and [87] at entry 1",/data/L202500147/Caption/benchmark/emotiontalk_speech_captioning/runs/eight_models_20260901_run01/full/qwen_base
qwen_v1,base,style,bleu_4,4.2897954395305903e-07,ok,,/data/L202500147/Caption/benchmark/emotiontalk_speech_captioning/runs/eight_models_20260901_run01/full/qwen_base
qwen_v1,base,style,rouge_l,0.4321982240793027,ok,,/data/L202500147/Caption/benchmark/emotiontalk_speech_captioning/runs/eight_models_20260901_run01/full/qwen_base
qwen_v1,base,style,meteor,0.22820872221328897,ok,,/data/L202500147/Caption/benchmark/emotiontalk_speech_captioning/runs/eight_models_20260901_run01/full/qwen_base
qwen_v1,base,style,spider,0.18141591535754598,ok,,/data/L202500147/Caption/benchmark/emotiontalk_speech_captioning/runs/eight_models_20260901_run01/full/qwen_base
qwen_v1,base,style,fense,0.9103579813424265,ok,,/data/L202500147/Caption/benchmark/emotiontalk_speech_captioning/runs/eight_models_20260901_run01/full/qwen_base
qwen_v1,base,style,bertscore,0.7317608594894409,ok,,/data/L202500147/Caption/benchmark/emotiontalk_speech_captioning/runs/eight_models_20260901_run01/full/qwen_base
qwen_v1,base,style,clapscore,,unavailable,"stack expects each tensor to be equal size, but got [77] at entry 0 and [106] at entry 2",/data/L202500147/Caption/benchmark/emotiontalk_speech_captioning/runs/eight_models_20260901_run01/full/qwen_base
qwen_v1,base,emotion,bleu_4,4.5478225176896326e-11,ok,,/data/L202500147/Caption/benchmark/emotiontalk_speech_captioning/runs/eight_models_20260901_run01/full/qwen_base
qwen_v1,base,emotion,rouge_l,0.37195685825719504,ok,,/data/L202500147/Caption/benchmark/emotiontalk_speech_captioning/runs/eight_models_20260901_run01/full/qwen_base
qwen_v1,base,emotion,meteor,0.12887012613057375,ok,,/data/L202500147/Caption/benchmark/emotiontalk_speech_captioning/runs/eight_models_20260901_run01/full/qwen_base
qwen_v1,base,emotion,spider,0.19022844999266497,ok,,/data/L202500147/Caption/benchmark/emotiontalk_speech_captioning/runs/eight_models_20260901_run01/full/qwen_base
qwen_v1,base,emotion,fense,0.875533214083232,ok,,/data/L202500147/Caption/benchmark/emotiontalk_speech_captioning/runs/eight_models_20260901_run01/full/qwen_base
qwen_v1,base,emotion,bertscore,0.6450345516204834,ok,,/data/L202500147/Caption/benchmark/emotiontalk_speech_captioning/runs/eight_models_20260901_run01/full/qwen_base
qwen_v1,base,emotion,clapscore,,unavailable,"stack expects each tensor to be equal size, but got [77] at entry 0 and [97] at entry 4",/data/L202500147/Caption/benchmark/emotiontalk_speech_captioning/runs/eight_models_20260901_run01/full/qwen_base
qwen_v1,base,overall,bleu_4,1.6591790508401503e-06,ok,,/data/L202500147/Caption/benchmark/emotiontalk_speech_captioning/runs/eight_models_20260901_run01/full/qwen_base
qwen_v1,base,overall,rouge_l,0.471306053659437,ok,,/data/L202500147/Caption/benchmark/emotiontalk_speech_captioning/runs/eight_models_20260901_run01/full/qwen_base
qwen_v1,base,overall,meteor,0.16754216197355445,ok,,/data/L202500147/Caption/benchmark/emotiontalk_speech_captioning/runs/eight_models_20260901_run01/full/qwen_base
qwen_v1,base,overall,spider,0.10091866261786309,ok,,/data/L202500147/Caption/benchmark/emotiontalk_speech_captioning/runs/eight_models_20260901_run01/full/qwen_base
qwen_v1,base,overall,fense,0.9293687335285514,ok,,/data/L202500147/Caption/benchmark/emotiontalk_speech_captioning/runs/eight_models_20260901_run01/full/qwen_base
qwen_v1,base,overall,bertscore,0.7302864193916321,ok,,/data/L202500147/Caption/benchmark/emotiontalk_speech_captioning/runs/eight_models_20260901_run01/full/qwen_base
qwen_v1,base,overall,clapscore,,unavailable,"stack expects each tensor to be equal size, but got [77] at entry 0 and [83] at entry 5",/data/L202500147/Caption/benchmark/emotiontalk_speech_captioning/runs/eight_models_20260901_run01/full/qwen_base
qwen_v1,r0,speaker,bleu_4,2.499902747868918e-11,ok,,/data/L202500147/Caption/benchmark/emotiontalk_speech_captioning/runs/eight_models_20260901_run01/full/qwen8_round0
qwen_v1,r0,speaker,rouge_l,0.3250290405443679,ok,,/data/L202500147/Caption/benchmark/emotiontalk_speech_captioning/runs/eight_models_20260901_run01/full/qwen8_round0
qwen_v1,r0,speaker,meteor,0.17531561451763378,ok,,/data/L202500147/Caption/benchmark/emotiontalk_speech_captioning/runs/eight_models_20260901_run01/full/qwen8_round0
qwen_v1,r0,speaker,spider,0.1728423680259542,ok,,/data/L202500147/Caption/benchmark/emotiontalk_speech_captioning/runs/eight_models_20260901_run01/full/qwen8_round0
qwen_v1,r0,speaker,fense,0.9006709974315144,ok,,/data/L202500147/Caption/benchmark/emotiontalk_speech_captioning/runs/eight_models_20260901_run01/full/qwen8_round0
qwen_v1,r0,speaker,bertscore,0.6876592040061951,ok,,/data/L202500147/Caption/benchmark/emotiontalk_speech_captioning/runs/eight_models_20260901_run01/full/qwen8_round0
qwen_v1,r0,speaker,clapscore,,unavailable,"stack expects each tensor to be equal size, but got [77] at entry 0 and [87] at entry 1",/data/L202500147/Caption/benchmark/emotiontalk_speech_captioning/runs/eight_models_20260901_run01/full/qwen8_round0
qwen_v1,r0,style,bleu_4,3.2330508002361384e-07,ok,,/data/L202500147/Caption/benchmark/emotiontalk_speech_captioning/runs/eight_models_20260901_run01/full/qwen8_round0
qwen_v1,r0,style,rouge_l,0.4322405773350383,ok,,/data/L202500147/Caption/benchmark/emotiontalk_speech_captioning/runs/eight_models_20260901_run01/full/qwen8_round0
qwen_v1,r0,style,meteor,0.22775507485673785,ok,,/data/L202500147/Caption/benchmark/emotiontalk_speech_captioning/runs/eight_models_20260901_run01/full/qwen8_round0
qwen_v1,r0,style,spider,0.18088662027388014,ok,,/data/L202500147/Caption/benchmark/emotiontalk_speech_captioning/runs/eight_models_20260901_run01/full/qwen8_round0
qwen_v1,r0,style,fense,0.9141280154418054,ok,,/data/L202500147/Caption/benchmark/emotiontalk_speech_captioning/runs/eight_models_20260901_run01/full/qwen8_round0
qwen_v1,r0,style,bertscore,0.731555163860321,ok,,/data/L202500147/Caption/benchmark/emotiontalk_speech_captioning/runs/eight_models_20260901_run01/full/qwen8_round0
qwen_v1,r0,style,clapscore,,unavailable,"stack expects each tensor to be equal size, but got [77] at entry 0 and [106] at entry 2",/data/L202500147/Caption/benchmark/emotiontalk_speech_captioning/runs/eight_models_20260901_run01/full/qwen8_round0
qwen_v1,r0,emotion,bleu_4,4.5481774544534436e-11,ok,,/data/L202500147/Caption/benchmark/emotiontalk_speech_captioning/runs/eight_models_20260901_run01/full/qwen8_round0
qwen_v1,r0,emotion,rouge_l,0.36995693665608903,ok,,/data/L202500147/Caption/benchmark/emotiontalk_speech_captioning/runs/eight_models_20260901_run01/full/qwen8_round0
qwen_v1,r0,emotion,meteor,0.12896876120102102,ok,,/data/L202500147/Caption/benchmark/emotiontalk_speech_captioning/runs/eight_models_20260901_run01/full/qwen8_round0
qwen_v1,r0,emotion,spider,0.18915641029422137,ok,,/data/L202500147/Caption/benchmark/emotiontalk_speech_captioning/runs/eight_models_20260901_run01/full/qwen8_round0
qwen_v1,r0,emotion,fense,0.8791654899646855,ok,,/data/L202500147/Caption/benchmark/emotiontalk_speech_captioning/runs/eight_models_20260901_run01/full/qwen8_round0
qwen_v1,r0,emotion,bertscore,0.6443616151809692,ok,,/data/L202500147/Caption/benchmark/emotiontalk_speech_captioning/runs/eight_models_20260901_run01/full/qwen8_round0
qwen_v1,r0,emotion,clapscore,,unavailable,"stack expects each tensor to be equal size, but got [77] at entry 0 and [97] at entry 4",/data/L202500147/Caption/benchmark/emotiontalk_speech_captioning/runs/eight_models_20260901_run01/full/qwen8_round0
qwen_v1,r0,overall,bleu_4,1.6306528994935481e-06,ok,,/data/L202500147/Caption/benchmark/emotiontalk_speech_captioning/runs/eight_models_20260901_run01/full/qwen8_round0
qwen_v1,r0,overall,rouge_l,0.4702976852984482,ok,,/data/L202500147/Caption/benchmark/emotiontalk_speech_captioning/runs/eight_models_20260901_run01/full/qwen8_round0
qwen_v1,r0,overall,meteor,0.16710175749576933,ok,,/data/L202500147/Caption/benchmark/emotiontalk_speech_captioning/runs/eight_models_20260901_run01/full/qwen8_round0
qwen_v1,r0,overall,spider,0.1008316060692106,ok,,/data/L202500147/Caption/benchmark/emotiontalk_speech_captioning/runs/eight_models_20260901_run01/full/qwen8_round0
qwen_v1,r0,overall,fense,0.9290212756027639,ok,,/data/L202500147/Caption/benchmark/emotiontalk_speech_captioning/runs/eight_models_20260901_run01/full/qwen8_round0
qwen_v1,r0,overall,bertscore,0.7302953600883484,ok,,/data/L202500147/Caption/benchmark/emotiontalk_speech_captioning/runs/eight_models_20260901_run01/full/qwen8_round0
qwen_v1,r0,overall,clapscore,,unavailable,"stack expects each tensor to be equal size, but got [77] at entry 0 and [82] at entry 2",/data/L202500147/Caption/benchmark/emotiontalk_speech_captioning/runs/eight_models_20260901_run01/full/qwen8_round0
qwen_v1,r1,speaker,bleu_4,1.5684120897840665e-07,ok,,/data/L202500147/Caption/benchmark/emotiontalk_speech_captioning/runs/eight_models_20260901_run01/full/qwen8_round1
qwen_v1,r1,speaker,rouge_l,0.32519988602168726,ok,,/data/L202500147/Caption/benchmark/emotiontalk_speech_captioning/runs/eight_models_20260901_run01/full/qwen8_round1
qwen_v1,r1,speaker,meteor,0.17369298412633713,ok,,/data/L202500147/Caption/benchmark/emotiontalk_speech_captioning/runs/eight_models_20260901_run01/full/qwen8_round1
qwen_v1,r1,speaker,spider,0.1729936719139987,ok,,/data/L202500147/Caption/benchmark/emotiontalk_speech_captioning/runs/eight_models_20260901_run01/full/qwen8_round1
qwen_v1,r1,speaker,fense,0.8993558778609557,ok,,/data/L202500147/Caption/benchmark/emotiontalk_speech_captioning/runs/eight_models_20260901_run01/full/qwen8_round1
qwen_v1,r1,speaker,bertscore,0.687306821346283,ok,,/data/L202500147/Caption/benchmark/emotiontalk_speech_captioning/runs/eight_models_20260901_run01/full/qwen8_round1
qwen_v1,r1,speaker,clapscore,,unavailable,"stack expects each tensor to be equal size, but got [77] at entry 0 and [91] at entry 2",/data/L202500147/Caption/benchmark/emotiontalk_speech_captioning/runs/eight_models_20260901_run01/full/qwen8_round1
qwen_v1,r1,style,bleu_4,3.4079986608064386e-07,ok,,/data/L202500147/Caption/benchmark/emotiontalk_speech_captioning/runs/eight_models_20260901_run01/full/qwen8_round1
qwen_v1,r1,style,rouge_l,0.43263986741323357,ok,,/data/L202500147/Caption/benchmark/emotiontalk_speech_captioning/runs/eight_models_20260901_run01/full/qwen8_round1
qwen_v1,r1,style,meteor,0.22821725564839382,ok,,/data/L202500147/Caption/benchmark/emotiontalk_speech_captioning/runs/eight_models_20260901_run01/full/qwen8_round1
qwen_v1,r1,style,spider,0.18183155733506196,ok,,/data/L202500147/Caption/benchmark/emotiontalk_speech_captioning/runs/eight_models_20260901_run01/full/qwen8_round1
qwen_v1,r1,style,fense,0.9117416799593737,ok,,/data/L202500147/Caption/benchmark/emotiontalk_speech_captioning/runs/eight_models_20260901_run01/full/qwen8_round1
qwen_v1,r1,style,bertscore,0.7313368320465088,ok,,/data/L202500147/Caption/benchmark/emotiontalk_speech_captioning/runs/eight_models_20260901_run01/full/qwen8_round1
qwen_v1,r1,style,clapscore,,unavailable,"stack expects each tensor to be equal size, but got [77] at entry 0 and [105] at entry 2",/data/L202500147/Caption/benchmark/emotiontalk_speech_captioning/runs/eight_models_20260901_run01/full/qwen8_round1
qwen_v1,r1,emotion,bleu_4,4.544031532449748e-11,ok,,/data/L202500147/Caption/benchmark/emotiontalk_speech_captioning/runs/eight_models_20260901_run01/full/qwen8_round1
qwen_v1,r1,emotion,rouge_l,0.37063625752544177,ok,,/data/L202500147/Caption/benchmark/emotiontalk_speech_captioning/runs/eight_models_20260901_run01/full/qwen8_round1
qwen_v1,r1,emotion,meteor,0.12974196935795207,ok,,/data/L202500147/Caption/benchmark/emotiontalk_speech_captioning/runs/eight_models_20260901_run01/full/qwen8_round1
qwen_v1,r1,emotion,spider,0.18975851609647013,ok,,/data/L202500147/Caption/benchmark/emotiontalk_speech_captioning/runs/eight_models_20260901_run01/full/qwen8_round1
qwen_v1,r1,emotion,fense,0.8754139908210424,ok,,/data/L202500147/Caption/benchmark/emotiontalk_speech_captioning/runs/eight_models_20260901_run01/full/qwen8_round1
qwen_v1,r1,emotion,bertscore,0.6445454359054565,ok,,/data/L202500147/Caption/benchmark/emotiontalk_speech_captioning/runs/eight_models_20260901_run01/full/qwen8_round1
qwen_v1,r1,emotion,clapscore,,unavailable,"stack expects each tensor to be equal size, but got [77] at entry 0 and [97] at entry 4",/data/L202500147/Caption/benchmark/emotiontalk_speech_captioning/runs/eight_models_20260901_run01/full/qwen8_round1
qwen_v1,r1,overall,bleu_4,1.6413248909516082e-06,ok,,/data/L202500147/Caption/benchmark/emotiontalk_speech_captioning/runs/eight_models_20260901_run01/full/qwen8_round1
qwen_v1,r1,overall,rouge_l,0.4709820387149459,ok,,/data/L202500147/Caption/benchmark/emotiontalk_speech_captioning/runs/eight_models_20260901_run01/full/qwen8_round1
qwen_v1,r1,overall,meteor,0.16765241398257327,ok,,/data/L202500147/Caption/benchmark/emotiontalk_speech_captioning/runs/eight_models_20260901_run01/full/qwen8_round1
qwen_v1,r1,overall,spider,0.100952877124974,ok,,/data/L202500147/Caption/benchmark/emotiontalk_speech_captioning/runs/eight_models_20260901_run01/full/qwen8_round1
qwen_v1,r1,overall,fense,0.9303892846024674,ok,,/data/L202500147/Caption/benchmark/emotiontalk_speech_captioning/runs/eight_models_20260901_run01/full/qwen8_round1
qwen_v1,r1,overall,bertscore,0.7294811010360718,ok,,/data/L202500147/Caption/benchmark/emotiontalk_speech_captioning/runs/eight_models_20260901_run01/full/qwen8_round1
qwen_v1,r1,overall,clapscore,,unavailable,"stack expects each tensor to be equal size, but got [77] at entry 0 and [89] at entry 2",/data/L202500147/Caption/benchmark/emotiontalk_speech_captioning/runs/eight_models_20260901_run01/full/qwen8_round1
qwen_v1,r2,speaker,bleu_4,2.529123088836966e-11,ok,,/data/L202500147/Caption/benchmark/emotiontalk_speech_captioning/runs/eight_models_20260901_run01/full/qwen8_round2
qwen_v1,r2,speaker,rouge_l,0.3259278495985181,ok,,/data/L202500147/Caption/benchmark/emotiontalk_speech_captioning/runs/eight_models_20260901_run01/full/qwen8_round2
qwen_v1,r2,speaker,meteor,0.17403315814086595,ok,,/data/L202500147/Caption/benchmark/emotiontalk_speech_captioning/runs/eight_models_20260901_run01/full/qwen8_round2
qwen_v1,r2,speaker,spider,0.17327579312673771,ok,,/data/L202500147/Caption/benchmark/emotiontalk_speech_captioning/runs/eight_models_20260901_run01/full/qwen8_round2
qwen_v1,r2,speaker,fense,0.8975654695304703,ok,,/data/L202500147/Caption/benchmark/emotiontalk_speech_captioning/runs/eight_models_20260901_run01/full/qwen8_round2
qwen_v1,r2,speaker,bertscore,0.6879397630691528,ok,,/data/L202500147/Caption/benchmark/emotiontalk_speech_captioning/runs/eight_models_20260901_run01/full/qwen8_round2
qwen_v1,r2,speaker,clapscore,,unavailable,"stack expects each tensor to be equal size, but got [77] at entry 0 and [80] at entry 5",/data/L202500147/Caption/benchmark/emotiontalk_speech_captioning/runs/eight_models_20260901_run01/full/qwen8_round2
qwen_v1,r2,style,bleu_4,3.6894427019830423e-07,ok,,/data/L202500147/Caption/benchmark/emotiontalk_speech_captioning/runs/eight_models_20260901_run01/full/qwen8_round2
qwen_v1,r2,style,rouge_l,0.4337578531967085,ok,,/data/L202500147/Caption/benchmark/emotiontalk_speech_captioning/runs/eight_models_20260901_run01/full/qwen8_round2
qwen_v1,r2,style,meteor,0.22783350244747091,ok,,/data/L202500147/Caption/benchmark/emotiontalk_speech_captioning/runs/eight_models_20260901_run01/full/qwen8_round2
qwen_v1,r2,style,spider,0.1817572705974321,ok,,/data/L202500147/Caption/benchmark/emotiontalk_speech_captioning/runs/eight_models_20260901_run01/full/qwen8_round2
qwen_v1,r2,style,fense,0.9130464519164054,ok,,/data/L202500147/Caption/benchmark/emotiontalk_speech_captioning/runs/eight_models_20260901_run01/full/qwen8_round2
qwen_v1,r2,style,bertscore,0.7318980097770691,ok,,/data/L202500147/Caption/benchmark/emotiontalk_speech_captioning/runs/eight_models_20260901_run01/full/qwen8_round2
qwen_v1,r2,style,clapscore,,unavailable,"stack expects each tensor to be equal size, but got [77] at entry 0 and [106] at entry 2",/data/L202500147/Caption/benchmark/emotiontalk_speech_captioning/runs/eight_models_20260901_run01/full/qwen8_round2
qwen_v1,r2,emotion,bleu_4,4.561790111730839e-11,ok,,/data/L202500147/Caption/benchmark/emotiontalk_speech_captioning/runs/eight_models_20260901_run01/full/qwen8_round2
qwen_v1,r2,emotion,rouge_l,0.37027689081270276,ok,,/data/L202500147/Caption/benchmark/emotiontalk_speech_captioning/runs/eight_models_20260901_run01/full/qwen8_round2
qwen_v1,r2,emotion,meteor,0.1295720605952019,ok,,/data/L202500147/Caption/benchmark/emotiontalk_speech_captioning/runs/eight_models_20260901_run01/full/qwen8_round2
qwen_v1,r2,emotion,spider,0.18951204764574528,ok,,/data/L202500147/Caption/benchmark/emotiontalk_speech_captioning/runs/eight_models_20260901_run01/full/qwen8_round2
qwen_v1,r2,emotion,fense,0.8768737784718651,ok,,/data/L202500147/Caption/benchmark/emotiontalk_speech_captioning/runs/eight_models_20260901_run01/full/qwen8_round2
qwen_v1,r2,emotion,bertscore,0.6441298127174377,ok,,/data/L202500147/Caption/benchmark/emotiontalk_speech_captioning/runs/eight_models_20260901_run01/full/qwen8_round2
qwen_v1,r2,emotion,clapscore,,unavailable,"stack expects each tensor to be equal size, but got [77] at entry 0 and [97] at entry 4",/data/L202500147/Caption/benchmark/emotiontalk_speech_captioning/runs/eight_models_20260901_run01/full/qwen8_round2
qwen_v1,r2,overall,bleu_4,1.6171710705878758e-06,ok,,/data/L202500147/Caption/benchmark/emotiontalk_speech_captioning/runs/eight_models_20260901_run01/full/qwen8_round2
qwen_v1,r2,overall,rouge_l,0.47147142437638245,ok,,/data/L202500147/Caption/benchmark/emotiontalk_speech_captioning/runs/eight_models_20260901_run01/full/qwen8_round2
qwen_v1,r2,overall,meteor,0.16704298394077483,ok,,/data/L202500147/Caption/benchmark/emotiontalk_speech_captioning/runs/eight_models_20260901_run01/full/qwen8_round2
qwen_v1,r2,overall,spider,0.10085067850521398,ok,,/data/L202500147/Caption/benchmark/emotiontalk_speech_captioning/runs/eight_models_20260901_run01/full/qwen8_round2
qwen_v1,r2,overall,fense,0.9318704945735823,ok,,/data/L202500147/Caption/benchmark/emotiontalk_speech_captioning/runs/eight_models_20260901_run01/full/qwen8_round2
qwen_v1,r2,overall,bertscore,0.7293329834938049,ok,,/data/L202500147/Caption/benchmark/emotiontalk_speech_captioning/runs/eight_models_20260901_run01/full/qwen8_round2
qwen_v1,r2,overall,clapscore,,unavailable,"stack expects each tensor to be equal size, but got [77] at entry 0 and [90] at entry 1",/data/L202500147/Caption/benchmark/emotiontalk_speech_captioning/runs/eight_models_20260901_run01/full/qwen8_round2
qwen_v1,r3,speaker,bleu_4,2.5409415994682458e-11,ok,,/data/L202500147/Caption/benchmark/later_caption_eval_runs_20260902_run01/emotiontalk/full/qwen_v1_r3
qwen_v1,r3,speaker,rouge_l,0.325187724765939,ok,,/data/L202500147/Caption/benchmark/later_caption_eval_runs_20260902_run01/emotiontalk/full/qwen_v1_r3
qwen_v1,r3,speaker,meteor,0.1735137198524314,ok,,/data/L202500147/Caption/benchmark/later_caption_eval_runs_20260902_run01/emotiontalk/full/qwen_v1_r3
qwen_v1,r3,speaker,spider,0.17279157345867968,ok,,/data/L202500147/Caption/benchmark/later_caption_eval_runs_20260902_run01/emotiontalk/full/qwen_v1_r3
qwen_v1,r3,speaker,fense,0.8994713207178625,ok,,/data/L202500147/Caption/benchmark/later_caption_eval_runs_20260902_run01/emotiontalk/full/qwen_v1_r3
qwen_v1,r3,speaker,bertscore,0.6875295639038086,ok,,/data/L202500147/Caption/benchmark/later_caption_eval_runs_20260902_run01/emotiontalk/full/qwen_v1_r3
qwen_v1,r3,speaker,clapscore,,unavailable,"stack expects each tensor to be equal size, but got [77] at entry 0 and [87] at entry 1",/data/L202500147/Caption/benchmark/later_caption_eval_runs_20260902_run01/emotiontalk/full/qwen_v1_r3
qwen_v1,r3,style,bleu_4,3.5783609635202785e-07,ok,,/data/L202500147/Caption/benchmark/later_caption_eval_runs_20260902_run01/emotiontalk/full/qwen_v1_r3
qwen_v1,r3,style,rouge_l,0.43604953703634,ok,,/data/L202500147/Caption/benchmark/later_caption_eval_runs_20260902_run01/emotiontalk/full/qwen_v1_r3
qwen_v1,r3,style,meteor,0.22868448166010397,ok,,/data/L202500147/Caption/benchmark/later_caption_eval_runs_20260902_run01/emotiontalk/full/qwen_v1_r3
qwen_v1,r3,style,spider,0.18127350663747563,ok,,/data/L202500147/Caption/benchmark/later_caption_eval_runs_20260902_run01/emotiontalk/full/qwen_v1_r3
qwen_v1,r3,style,fense,0.912802182939029,ok,,/data/L202500147/Caption/benchmark/later_caption_eval_runs_20260902_run01/emotiontalk/full/qwen_v1_r3
qwen_v1,r3,style,bertscore,0.7327001094818115,ok,,/data/L202500147/Caption/benchmark/later_caption_eval_runs_20260902_run01/emotiontalk/full/qwen_v1_r3
qwen_v1,r3,style,clapscore,,unavailable,"stack expects each tensor to be equal size, but got [77] at entry 0 and [105] at entry 2",/data/L202500147/Caption/benchmark/later_caption_eval_runs_20260902_run01/emotiontalk/full/qwen_v1_r3
qwen_v1,r3,emotion,bleu_4,4.5849906196558624e-11,ok,,/data/L202500147/Caption/benchmark/later_caption_eval_runs_20260902_run01/emotiontalk/full/qwen_v1_r3
qwen_v1,r3,emotion,rouge_l,0.3706727155281531,ok,,/data/L202500147/Caption/benchmark/later_caption_eval_runs_20260902_run01/emotiontalk/full/qwen_v1_r3
qwen_v1,r3,emotion,meteor,0.12980939258032043,ok,,/data/L202500147/Caption/benchmark/later_caption_eval_runs_20260902_run01/emotiontalk/full/qwen_v1_r3
qwen_v1,r3,emotion,spider,0.18971348517105466,ok,,/data/L202500147/Caption/benchmark/later_caption_eval_runs_20260902_run01/emotiontalk/full/qwen_v1_r3
qwen_v1,r3,emotion,fense,0.8754404391044778,ok,,/data/L202500147/Caption/benchmark/later_caption_eval_runs_20260902_run01/emotiontalk/full/qwen_v1_r3
qwen_v1,r3,emotion,bertscore,0.6437438130378723,ok,,/data/L202500147/Caption/benchmark/later_caption_eval_runs_20260902_run01/emotiontalk/full/qwen_v1_r3
qwen_v1,r3,emotion,clapscore,,unavailable,"stack expects each tensor to be equal size, but got [77] at entry 0 and [80] at entry 4",/data/L202500147/Caption/benchmark/later_caption_eval_runs_20260902_run01/emotiontalk/full/qwen_v1_r3
qwen_v1,r3,overall,bleu_4,1.5388135140712273e-06,ok,,/data/L202500147/Caption/benchmark/later_caption_eval_runs_20260902_run01/emotiontalk/full/qwen_v1_r3
qwen_v1,r3,overall,rouge_l,0.4698567264941827,ok,,/data/L202500147/Caption/benchmark/later_caption_eval_runs_20260902_run01/emotiontalk/full/qwen_v1_r3
qwen_v1,r3,overall,meteor,0.1664244618497692,ok,,/data/L202500147/Caption/benchmark/later_caption_eval_runs_20260902_run01/emotiontalk/full/qwen_v1_r3
qwen_v1,r3,overall,spider,0.10064407178425551,ok,,/data/L202500147/Caption/benchmark/later_caption_eval_runs_20260902_run01/emotiontalk/full/qwen_v1_r3
qwen_v1,r3,overall,fense,0.9305601057269649,ok,,/data/L202500147/Caption/benchmark/later_caption_eval_runs_20260902_run01/emotiontalk/full/qwen_v1_r3
qwen_v1,r3,overall,bertscore,0.7302680015563965,ok,,/data/L202500147/Caption/benchmark/later_caption_eval_runs_20260902_run01/emotiontalk/full/qwen_v1_r3
qwen_v1,r3,overall,clapscore,,unavailable,"stack expects each tensor to be equal size, but got [77] at entry 0 and [97] at entry 2",/data/L202500147/Caption/benchmark/later_caption_eval_runs_20260902_run01/emotiontalk/full/qwen_v1_r3
qwen_v1,r4,speaker,bleu_4,2.5766328237940473e-11,ok,,/data/L202500147/Caption/benchmark/later_caption_eval_runs_20260902_run01/emotiontalk/full/qwen_v1_r4
qwen_v1,r4,speaker,rouge_l,0.32557247104862413,ok,,/data/L202500147/Caption/benchmark/later_caption_eval_runs_20260902_run01/emotiontalk/full/qwen_v1_r4
qwen_v1,r4,speaker,meteor,0.17350225778118017,ok,,/data/L202500147/Caption/benchmark/later_caption_eval_runs_20260902_run01/emotiontalk/full/qwen_v1_r4
qwen_v1,r4,speaker,spider,0.1726902952844825,ok,,/data/L202500147/Caption/benchmark/later_caption_eval_runs_20260902_run01/emotiontalk/full/qwen_v1_r4
qwen_v1,r4,speaker,fense,0.8939598104445782,ok,,/data/L202500147/Caption/benchmark/later_caption_eval_runs_20260902_run01/emotiontalk/full/qwen_v1_r4
qwen_v1,r4,speaker,bertscore,0.6876691579818726,ok,,/data/L202500147/Caption/benchmark/later_caption_eval_runs_20260902_run01/emotiontalk/full/qwen_v1_r4
qwen_v1,r4,speaker,clapscore,,unavailable,"stack expects each tensor to be equal size, but got [77] at entry 0 and [87] at entry 1",/data/L202500147/Caption/benchmark/later_caption_eval_runs_20260902_run01/emotiontalk/full/qwen_v1_r4
qwen_v1,r4,style,bleu_4,3.353954913649754e-07,ok,,/data/L202500147/Caption/benchmark/later_caption_eval_runs_20260902_run01/emotiontalk/full/qwen_v1_r4
qwen_v1,r4,style,rouge_l,0.4357016205831675,ok,,/data/L202500147/Caption/benchmark/later_caption_eval_runs_20260902_run01/emotiontalk/full/qwen_v1_r4
qwen_v1,r4,style,meteor,0.22809037810968058,ok,,/data/L202500147/Caption/benchmark/later_caption_eval_runs_20260902_run01/emotiontalk/full/qwen_v1_r4
qwen_v1,r4,style,spider,0.18262148716694615,ok,,/data/L202500147/Caption/benchmark/later_caption_eval_runs_20260902_run01/emotiontalk/full/qwen_v1_r4
qwen_v1,r4,style,fense,0.9142852356237349,ok,,/data/L202500147/Caption/benchmark/later_caption_eval_runs_20260902_run01/emotiontalk/full/qwen_v1_r4
qwen_v1,r4,style,bertscore,0.7321547269821167,ok,,/data/L202500147/Caption/benchmark/later_caption_eval_runs_20260902_run01/emotiontalk/full/qwen_v1_r4
qwen_v1,r4,style,clapscore,,unavailable,"stack expects each tensor to be equal size, but got [77] at entry 0 and [86] at entry 2",/data/L202500147/Caption/benchmark/later_caption_eval_runs_20260902_run01/emotiontalk/full/qwen_v1_r4
qwen_v1,r4,emotion,bleu_4,4.6085240962396866e-11,ok,,/data/L202500147/Caption/benchmark/later_caption_eval_runs_20260902_run01/emotiontalk/full/qwen_v1_r4
qwen_v1,r4,emotion,rouge_l,0.37213354751069433,ok,,/data/L202500147/Caption/benchmark/later_caption_eval_runs_20260902_run01/emotiontalk/full/qwen_v1_r4
qwen_v1,r4,emotion,meteor,0.12928562593088846,ok,,/data/L202500147/Caption/benchmark/later_caption_eval_runs_20260902_run01/emotiontalk/full/qwen_v1_r4
qwen_v1,r4,emotion,spider,0.1901728074776324,ok,,/data/L202500147/Caption/benchmark/later_caption_eval_runs_20260902_run01/emotiontalk/full/qwen_v1_r4
qwen_v1,r4,emotion,fense,0.8767786629216049,ok,,/data/L202500147/Caption/benchmark/later_caption_eval_runs_20260902_run01/emotiontalk/full/qwen_v1_r4
qwen_v1,r4,emotion,bertscore,0.6442299485206604,ok,,/data/L202500147/Caption/benchmark/later_caption_eval_runs_20260902_run01/emotiontalk/full/qwen_v1_r4
qwen_v1,r4,emotion,clapscore,,unavailable,"stack expects each tensor to be equal size, but got [77] at entry 0 and [81] at entry 4",/data/L202500147/Caption/benchmark/later_caption_eval_runs_20260902_run01/emotiontalk/full/qwen_v1_r4
qwen_v1,r4,overall,bleu_4,1.5091677170795156e-06,ok,,/data/L202500147/Caption/benchmark/later_caption_eval_runs_20260902_run01/emotiontalk/full/qwen_v1_r4
qwen_v1,r4,overall,rouge_l,0.4695358808943899,ok,,/data/L202500147/Caption/benchmark/later_caption_eval_runs_20260902_run01/emotiontalk/full/qwen_v1_r4
qwen_v1,r4,overall,meteor,0.16604860075934216,ok,,/data/L202500147/Caption/benchmark/later_caption_eval_runs_20260902_run01/emotiontalk/full/qwen_v1_r4
qwen_v1,r4,overall,spider,0.10050938353440181,ok,,/data/L202500147/Caption/benchmark/later_caption_eval_runs_20260902_run01/emotiontalk/full/qwen_v1_r4
qwen_v1,r4,overall,fense,0.9279556554052235,ok,,/data/L202500147/Caption/benchmark/later_caption_eval_runs_20260902_run01/emotiontalk/full/qwen_v1_r4
qwen_v1,r4,overall,bertscore,0.7283154129981995,ok,,/data/L202500147/Caption/benchmark/later_caption_eval_runs_20260902_run01/emotiontalk/full/qwen_v1_r4
qwen_v1,r4,overall,clapscore,,unavailable,"stack expects each tensor to be equal size, but got [77] at entry 0 and [97] at entry 2",/data/L202500147/Caption/benchmark/later_caption_eval_runs_20260902_run01/emotiontalk/full/qwen_v1_r4
midasheng_v1,base,speaker,bleu_4,2.465416962266183e-07,ok,,/data/L202500147/Caption/benchmark/emotiontalk_speech_captioning/runs/eight_models_20260901_run01/full/midasheng_base
midasheng_v1,base,speaker,rouge_l,0.3088965383376973,ok,,/data/L202500147/Caption/benchmark/emotiontalk_speech_captioning/runs/eight_models_20260901_run01/full/midasheng_base
midasheng_v1,base,speaker,meteor,0.1440955542289141,ok,,/data/L202500147/Caption/benchmark/emotiontalk_speech_captioning/runs/eight_models_20260901_run01/full/midasheng_base
midasheng_v1,base,speaker,spider,0.14723203909490304,ok,,/data/L202500147/Caption/benchmark/emotiontalk_speech_captioning/runs/eight_models_20260901_run01/full/midasheng_base
midasheng_v1,base,speaker,fense,0.7822191928167179,ok,,/data/L202500147/Caption/benchmark/emotiontalk_speech_captioning/runs/eight_models_20260901_run01/full/midasheng_base
midasheng_v1,base,speaker,bertscore,0.6804758906364441,ok,,/data/L202500147/Caption/benchmark/emotiontalk_speech_captioning/runs/eight_models_20260901_run01/full/midasheng_base
midasheng_v1,base,speaker,clapscore,,unavailable,"stack expects each tensor to be equal size, but got [77] at entry 0 and [86] at entry 1",/data/L202500147/Caption/benchmark/emotiontalk_speech_captioning/runs/eight_models_20260901_run01/full/midasheng_base
midasheng_v1,base,style,bleu_4,0.01738683853329517,ok,,/data/L202500147/Caption/benchmark/emotiontalk_speech_captioning/runs/eight_models_20260901_run01/full/midasheng_base
midasheng_v1,base,style,rouge_l,0.38485330554101516,ok,,/data/L202500147/Caption/benchmark/emotiontalk_speech_captioning/runs/eight_models_20260901_run01/full/midasheng_base
midasheng_v1,base,style,meteor,0.14703134993837497,ok,,/data/L202500147/Caption/benchmark/emotiontalk_speech_captioning/runs/eight_models_20260901_run01/full/midasheng_base
midasheng_v1,base,style,spider,0.16355019865420556,ok,,/data/L202500147/Caption/benchmark/emotiontalk_speech_captioning/runs/eight_models_20260901_run01/full/midasheng_base
midasheng_v1,base,style,fense,0.7251624872271665,ok,,/data/L202500147/Caption/benchmark/emotiontalk_speech_captioning/runs/eight_models_20260901_run01/full/midasheng_base
midasheng_v1,base,style,bertscore,0.7026079893112183,ok,,/data/L202500147/Caption/benchmark/emotiontalk_speech_captioning/runs/eight_models_20260901_run01/full/midasheng_base
midasheng_v1,base,style,clapscore,,unavailable,"stack expects each tensor to be equal size, but got [77] at entry 0 and [79] at entry 2",/data/L202500147/Caption/benchmark/emotiontalk_speech_captioning/runs/eight_models_20260901_run01/full/midasheng_base
midasheng_v1,base,emotion,bleu_4,1.0643070751799386e-14,ok,,/data/L202500147/Caption/benchmark/emotiontalk_speech_captioning/runs/eight_models_20260901_run01/full/midasheng_base
midasheng_v1,base,emotion,rouge_l,0.13408285413827342,ok,,/data/L202500147/Caption/benchmark/emotiontalk_speech_captioning/runs/eight_models_20260901_run01/full/midasheng_base
midasheng_v1,base,emotion,meteor,0.06416245008257591,ok,,/data/L202500147/Caption/benchmark/emotiontalk_speech_captioning/runs/eight_models_20260901_run01/full/midasheng_base
midasheng_v1,base,emotion,spider,0.06329898506626992,ok,,/data/L202500147/Caption/benchmark/emotiontalk_speech_captioning/runs/eight_models_20260901_run01/full/midasheng_base
midasheng_v1,base,emotion,fense,0.7955304344587836,ok,,/data/L202500147/Caption/benchmark/emotiontalk_speech_captioning/runs/eight_models_20260901_run01/full/midasheng_base
midasheng_v1,base,emotion,bertscore,,unavailable,"Unable to create tensor, you should probably activate truncation and/or padding with 'padding=True' 'truncation=True' to have batched tensors with the same length. Perhaps your features (`input_ids` in this case) have excessive nesting (inputs type `list` where type `int` is expected).",/data/L202500147/Caption/benchmark/emotiontalk_speech_captioning/runs/eight_models_20260901_run01/full/midasheng_base
midasheng_v1,base,emotion,clapscore,,unavailable,"stack expects each tensor to be equal size, but got [77] at entry 0 and [265] at entry 3",/data/L202500147/Caption/benchmark/emotiontalk_speech_captioning/runs/eight_models_20260901_run01/full/midasheng_base
midasheng_v1,base,overall,bleu_4,1.165828070677223e-06,ok,,/data/L202500147/Caption/benchmark/emotiontalk_speech_captioning/runs/eight_models_20260901_run01/full/midasheng_base
midasheng_v1,base,overall,rouge_l,0.2645554464881846,ok,,/data/L202500147/Caption/benchmark/emotiontalk_speech_captioning/runs/eight_models_20260901_run01/full/midasheng_base
midasheng_v1,base,overall,meteor,0.09364280243789828,ok,,/data/L202500147/Caption/benchmark/emotiontalk_speech_captioning/runs/eight_models_20260901_run01/full/midasheng_base
midasheng_v1,base,overall,spider,0.053341088483191836,ok,,/data/L202500147/Caption/benchmark/emotiontalk_speech_captioning/runs/eight_models_20260901_run01/full/midasheng_base
midasheng_v1,base,overall,fense,0.8716476425659848,ok,,/data/L202500147/Caption/benchmark/emotiontalk_speech_captioning/runs/eight_models_20260901_run01/full/midasheng_base
midasheng_v1,base,overall,bertscore,0.6908627152442932,ok,,/data/L202500147/Caption/benchmark/emotiontalk_speech_captioning/runs/eight_models_20260901_run01/full/midasheng_base
midasheng_v1,base,overall,clapscore,,unavailable,"stack expects each tensor to be equal size, but got [77] at entry 0 and [79] at entry 5",/data/L202500147/Caption/benchmark/emotiontalk_speech_captioning/runs/eight_models_20260901_run01/full/midasheng_base
midasheng_v1,r0,speaker,bleu_4,2.4677393275316343e-07,ok,,/data/L202500147/Caption/benchmark/emotiontalk_speech_captioning/runs/eight_models_20260901_run01/full/midasheng4_round0
midasheng_v1,r0,speaker,rouge_l,0.30237526962502714,ok,,/data/L202500147/Caption/benchmark/emotiontalk_speech_captioning/runs/eight_models_20260901_run01/full/midasheng4_round0
midasheng_v1,r0,speaker,meteor,0.14358768067218947,ok,,/data/L202500147/Caption/benchmark/emotiontalk_speech_captioning/runs/eight_models_20260901_run01/full/midasheng4_round0
midasheng_v1,r0,speaker,spider,0.14475129216972255,ok,,/data/L202500147/Caption/benchmark/emotiontalk_speech_captioning/runs/eight_models_20260901_run01/full/midasheng4_round0
midasheng_v1,r0,speaker,fense,0.7855703755757425,ok,,/data/L202500147/Caption/benchmark/emotiontalk_speech_captioning/runs/eight_models_20260901_run01/full/midasheng4_round0
midasheng_v1,r0,speaker,bertscore,0.6792187094688416,ok,,/data/L202500147/Caption/benchmark/emotiontalk_speech_captioning/runs/eight_models_20260901_run01/full/midasheng4_round0
midasheng_v1,r0,speaker,clapscore,,unavailable,"stack expects each tensor to be equal size, but got [77] at entry 0 and [86] at entry 1",/data/L202500147/Caption/benchmark/emotiontalk_speech_captioning/runs/eight_models_20260901_run01/full/midasheng4_round0
midasheng_v1,r0,style,bleu_4,0.017264357403719153,ok,,/data/L202500147/Caption/benchmark/emotiontalk_speech_captioning/runs/eight_models_20260901_run01/full/midasheng4_round0
midasheng_v1,r0,style,rouge_l,0.3847454440939172,ok,,/data/L202500147/Caption/benchmark/emotiontalk_speech_captioning/runs/eight_models_20260901_run01/full/midasheng4_round0
midasheng_v1,r0,style,meteor,0.14765575398197192,ok,,/data/L202500147/Caption/benchmark/emotiontalk_speech_captioning/runs/eight_models_20260901_run01/full/midasheng4_round0
midasheng_v1,r0,style,spider,0.1639247423476855,ok,,/data/L202500147/Caption/benchmark/emotiontalk_speech_captioning/runs/eight_models_20260901_run01/full/midasheng4_round0
midasheng_v1,r0,style,fense,0.7246648444172753,ok,,/data/L202500147/Caption/benchmark/emotiontalk_speech_captioning/runs/eight_models_20260901_run01/full/midasheng4_round0
midasheng_v1,r0,style,bertscore,0.7033259868621826,ok,,/data/L202500147/Caption/benchmark/emotiontalk_speech_captioning/runs/eight_models_20260901_run01/full/midasheng4_round0
midasheng_v1,r0,style,clapscore,,unavailable,"stack expects each tensor to be equal size, but got [77] at entry 0 and [79] at entry 2",/data/L202500147/Caption/benchmark/emotiontalk_speech_captioning/runs/eight_models_20260901_run01/full/midasheng4_round0
midasheng_v1,r0,emotion,bleu_4,1.0810913711382016e-14,ok,,/data/L202500147/Caption/benchmark/emotiontalk_speech_captioning/runs/eight_models_20260901_run01/full/midasheng4_round0
midasheng_v1,r0,emotion,rouge_l,0.13381279632434834,ok,,/data/L202500147/Caption/benchmark/emotiontalk_speech_captioning/runs/eight_models_20260901_run01/full/midasheng4_round0
midasheng_v1,r0,emotion,meteor,0.06321450734155178,ok,,/data/L202500147/Caption/benchmark/emotiontalk_speech_captioning/runs/eight_models_20260901_run01/full/midasheng4_round0
midasheng_v1,r0,emotion,spider,0.06364832061640548,ok,,/data/L202500147/Caption/benchmark/emotiontalk_speech_captioning/runs/eight_models_20260901_run01/full/midasheng4_round0
midasheng_v1,r0,emotion,fense,0.7953598124397547,ok,,/data/L202500147/Caption/benchmark/emotiontalk_speech_captioning/runs/eight_models_20260901_run01/full/midasheng4_round0
midasheng_v1,r0,emotion,bertscore,,unavailable,"Unable to create tensor, you should probably activate truncation and/or padding with 'padding=True' 'truncation=True' to have batched tensors with the same length. Perhaps your features (`input_ids` in this case) have excessive nesting (inputs type `list` where type `int` is expected).",/data/L202500147/Caption/benchmark/emotiontalk_speech_captioning/runs/eight_models_20260901_run01/full/midasheng4_round0
midasheng_v1,r0,emotion,clapscore,,unavailable,"stack expects each tensor to be equal size, but got [77] at entry 0 and [267] at entry 3",/data/L202500147/Caption/benchmark/emotiontalk_speech_captioning/runs/eight_models_20260901_run01/full/midasheng4_round0
midasheng_v1,r0,overall,bleu_4,1.2160513180748035e-06,ok,,/data/L202500147/Caption/benchmark/emotiontalk_speech_captioning/runs/eight_models_20260901_run01/full/midasheng4_round0
midasheng_v1,r0,overall,rouge_l,0.2666635791052825,ok,,/data/L202500147/Caption/benchmark/emotiontalk_speech_captioning/runs/eight_models_20260901_run01/full/midasheng4_round0
midasheng_v1,r0,overall,meteor,0.09420745663700378,ok,,/data/L202500147/Caption/benchmark/emotiontalk_speech_captioning/runs/eight_models_20260901_run01/full/midasheng4_round0
midasheng_v1,r0,overall,spider,0.053770241275358226,ok,,/data/L202500147/Caption/benchmark/emotiontalk_speech_captioning/runs/eight_models_20260901_run01/full/midasheng4_round0
midasheng_v1,r0,overall,fense,0.871502472561465,ok,,/data/L202500147/Caption/benchmark/emotiontalk_speech_captioning/runs/eight_models_20260901_run01/full/midasheng4_round0
midasheng_v1,r0,overall,bertscore,0.6916311979293823,ok,,/data/L202500147/Caption/benchmark/emotiontalk_speech_captioning/runs/eight_models_20260901_run01/full/midasheng4_round0
midasheng_v1,r0,overall,clapscore,,unavailable,"stack expects each tensor to be equal size, but got [77] at entry 0 and [78] at entry 5",/data/L202500147/Caption/benchmark/emotiontalk_speech_captioning/runs/eight_models_20260901_run01/full/midasheng4_round0
midasheng_v1,r1,speaker,bleu_4,2.48194748169919e-07,ok,,/data/L202500147/Caption/benchmark/emotiontalk_speech_captioning/runs/eight_models_20260901_run01/full/midasheng4_round1
midasheng_v1,r1,speaker,rouge_l,0.29497658481456457,ok,,/data/L202500147/Caption/benchmark/emotiontalk_speech_captioning/runs/eight_models_20260901_run01/full/midasheng4_round1
midasheng_v1,r1,speaker,meteor,0.1429842573369364,ok,,/data/L202500147/Caption/benchmark/emotiontalk_speech_captioning/runs/eight_models_20260901_run01/full/midasheng4_round1
midasheng_v1,r1,speaker,spider,0.14073398052230904,ok,,/data/L202500147/Caption/benchmark/emotiontalk_speech_captioning/runs/eight_models_20260901_run01/full/midasheng4_round1
midasheng_v1,r1,speaker,fense,0.7781455595608262,ok,,/data/L202500147/Caption/benchmark/emotiontalk_speech_captioning/runs/eight_models_20260901_run01/full/midasheng4_round1
midasheng_v1,r1,speaker,bertscore,0.6776834726333618,ok,,/data/L202500147/Caption/benchmark/emotiontalk_speech_captioning/runs/eight_models_20260901_run01/full/midasheng4_round1
midasheng_v1,r1,speaker,clapscore,,unavailable,"stack expects each tensor to be equal size, but got [77] at entry 0 and [86] at entry 1",/data/L202500147/Caption/benchmark/emotiontalk_speech_captioning/runs/eight_models_20260901_run01/full/midasheng4_round1
midasheng_v1,r1,style,bleu_4,2.5933753082725865e-06,ok,,/data/L202500147/Caption/benchmark/emotiontalk_speech_captioning/runs/eight_models_20260901_run01/full/midasheng4_round1
midasheng_v1,r1,style,rouge_l,0.3848107230993022,ok,,/data/L202500147/Caption/benchmark/emotiontalk_speech_captioning/runs/eight_models_20260901_run01/full/midasheng4_round1
midasheng_v1,r1,style,meteor,0.1482570224213625,ok,,/data/L202500147/Caption/benchmark/emotiontalk_speech_captioning/runs/eight_models_20260901_run01/full/midasheng4_round1
midasheng_v1,r1,style,spider,0.16428625671984198,ok,,/data/L202500147/Caption/benchmark/emotiontalk_speech_captioning/runs/eight_models_20260901_run01/full/midasheng4_round1
midasheng_v1,r1,style,fense,0.7169090459265196,ok,,/data/L202500147/Caption/benchmark/emotiontalk_speech_captioning/runs/eight_models_20260901_run01/full/midasheng4_round1
midasheng_v1,r1,style,bertscore,0.7024533748626709,ok,,/data/L202500147/Caption/benchmark/emotiontalk_speech_captioning/runs/eight_models_20260901_run01/full/midasheng4_round1
midasheng_v1,r1,style,clapscore,,unavailable,"stack expects each tensor to be equal size, but got [77] at entry 0 and [84] at entry 3",/data/L202500147/Caption/benchmark/emotiontalk_speech_captioning/runs/eight_models_20260901_run01/full/midasheng4_round1
midasheng_v1,r1,emotion,bleu_4,1.1109195215349014e-14,ok,,/data/L202500147/Caption/benchmark/emotiontalk_speech_captioning/runs/eight_models_20260901_run01/full/midasheng4_round1
midasheng_v1,r1,emotion,rouge_l,0.13925584433901958,ok,,/data/L202500147/Caption/benchmark/emotiontalk_speech_captioning/runs/eight_models_20260901_run01/full/midasheng4_round1
midasheng_v1,r1,emotion,meteor,0.06487010493163417,ok,,/data/L202500147/Caption/benchmark/emotiontalk_speech_captioning/runs/eight_models_20260901_run01/full/midasheng4_round1
midasheng_v1,r1,emotion,spider,0.06653008411685943,ok,,/data/L202500147/Caption/benchmark/emotiontalk_speech_captioning/runs/eight_models_20260901_run01/full/midasheng4_round1
midasheng_v1,r1,emotion,fense,0.8015838733542577,ok,,/data/L202500147/Caption/benchmark/emotiontalk_speech_captioning/runs/eight_models_20260901_run01/full/midasheng4_round1
midasheng_v1,r1,emotion,bertscore,0.592598021030426,ok,,/data/L202500147/Caption/benchmark/emotiontalk_speech_captioning/runs/eight_models_20260901_run01/full/midasheng4_round1
midasheng_v1,r1,emotion,clapscore,,unavailable,"stack expects each tensor to be equal size, but got [77] at entry 0 and [105] at entry 2",/data/L202500147/Caption/benchmark/emotiontalk_speech_captioning/runs/eight_models_20260901_run01/full/midasheng4_round1
midasheng_v1,r1,overall,bleu_4,1.346113042536617e-06,ok,,/data/L202500147/Caption/benchmark/emotiontalk_speech_captioning/runs/eight_models_20260901_run01/full/midasheng4_round1
midasheng_v1,r1,overall,rouge_l,0.2733342783222686,ok,,/data/L202500147/Caption/benchmark/emotiontalk_speech_captioning/runs/eight_models_20260901_run01/full/midasheng4_round1
midasheng_v1,r1,overall,meteor,0.09533070019352936,ok,,/data/L202500147/Caption/benchmark/emotiontalk_speech_captioning/runs/eight_models_20260901_run01/full/midasheng4_round1
midasheng_v1,r1,overall,spider,0.05590140370648681,ok,,/data/L202500147/Caption/benchmark/emotiontalk_speech_captioning/runs/eight_models_20260901_run01/full/midasheng4_round1
midasheng_v1,r1,overall,fense,0.8744034160351494,ok,,/data/L202500147/Caption/benchmark/emotiontalk_speech_captioning/runs/eight_models_20260901_run01/full/midasheng4_round1
midasheng_v1,r1,overall,bertscore,0.690589964389801,ok,,/data/L202500147/Caption/benchmark/emotiontalk_speech_captioning/runs/eight_models_20260901_run01/full/midasheng4_round1
midasheng_v1,r1,overall,clapscore,,unavailable,"stack expects each tensor to be equal size, but got [77] at entry 0 and [83] at entry 6",/data/L202500147/Caption/benchmark/emotiontalk_speech_captioning/runs/eight_models_20260901_run01/full/midasheng4_round1
midasheng_v1,r2,speaker,bleu_4,2.5638016661907064e-07,ok,,/data/L202500147/Caption/benchmark/emotiontalk_speech_captioning/runs/eight_models_20260901_run01/full/midasheng4_round2
midasheng_v1,r2,speaker,rouge_l,0.2795052681137591,ok,,/data/L202500147/Caption/benchmark/emotiontalk_speech_captioning/runs/eight_models_20260901_run01/full/midasheng4_round2
midasheng_v1,r2,speaker,meteor,0.14028803172170642,ok,,/data/L202500147/Caption/benchmark/emotiontalk_speech_captioning/runs/eight_models_20260901_run01/full/midasheng4_round2
midasheng_v1,r2,speaker,spider,0.13216792979380135,ok,,/data/L202500147/Caption/benchmark/emotiontalk_speech_captioning/runs/eight_models_20260901_run01/full/midasheng4_round2
midasheng_v1,r2,speaker,fense,0.7652891284323159,ok,,/data/L202500147/Caption/benchmark/emotiontalk_speech_captioning/runs/eight_models_20260901_run01/full/midasheng4_round2
midasheng_v1,r2,speaker,bertscore,0.6766974925994873,ok,,/data/L202500147/Caption/benchmark/emotiontalk_speech_captioning/runs/eight_models_20260901_run01/full/midasheng4_round2
midasheng_v1,r2,speaker,clapscore,,unavailable,"stack expects each tensor to be equal size, but got [77] at entry 0 and [84] at entry 4",/data/L202500147/Caption/benchmark/emotiontalk_speech_captioning/runs/eight_models_20260901_run01/full/midasheng4_round2
midasheng_v1,r2,style,bleu_4,2.5848599531570517e-06,ok,,/data/L202500147/Caption/benchmark/emotiontalk_speech_captioning/runs/eight_models_20260901_run01/full/midasheng4_round2
midasheng_v1,r2,style,rouge_l,0.39479907651402835,ok,,/data/L202500147/Caption/benchmark/emotiontalk_speech_captioning/runs/eight_models_20260901_run01/full/midasheng4_round2
midasheng_v1,r2,style,meteor,0.15031209758821645,ok,,/data/L202500147/Caption/benchmark/emotiontalk_speech_captioning/runs/eight_models_20260901_run01/full/midasheng4_round2
midasheng_v1,r2,style,spider,0.17340341423199268,ok,,/data/L202500147/Caption/benchmark/emotiontalk_speech_captioning/runs/eight_models_20260901_run01/full/midasheng4_round2
midasheng_v1,r2,style,fense,0.7144804753034828,ok,,/data/L202500147/Caption/benchmark/emotiontalk_speech_captioning/runs/eight_models_20260901_run01/full/midasheng4_round2
midasheng_v1,r2,style,bertscore,0.7030211091041565,ok,,/data/L202500147/Caption/benchmark/emotiontalk_speech_captioning/runs/eight_models_20260901_run01/full/midasheng4_round2
midasheng_v1,r2,style,clapscore,,unavailable,"stack expects each tensor to be equal size, but got [77] at entry 0 and [79] at entry 2",/data/L202500147/Caption/benchmark/emotiontalk_speech_captioning/runs/eight_models_20260901_run01/full/midasheng4_round2
midasheng_v1,r2,emotion,bleu_4,1.1184051413243339e-14,ok,,/data/L202500147/Caption/benchmark/emotiontalk_speech_captioning/runs/eight_models_20260901_run01/full/midasheng4_round2
midasheng_v1,r2,emotion,rouge_l,0.13344012035142033,ok,,/data/L202500147/Caption/benchmark/emotiontalk_speech_captioning/runs/eight_models_20260901_run01/full/midasheng4_round2
midasheng_v1,r2,emotion,meteor,0.06383105239311805,ok,,/data/L202500147/Caption/benchmark/emotiontalk_speech_captioning/runs/eight_models_20260901_run01/full/midasheng4_round2
midasheng_v1,r2,emotion,spider,0.06338381906657088,ok,,/data/L202500147/Caption/benchmark/emotiontalk_speech_captioning/runs/eight_models_20260901_run01/full/midasheng4_round2
midasheng_v1,r2,emotion,fense,0.8043218664396236,ok,,/data/L202500147/Caption/benchmark/emotiontalk_speech_captioning/runs/eight_models_20260901_run01/full/midasheng4_round2
midasheng_v1,r2,emotion,bertscore,0.5939879417419434,ok,,/data/L202500147/Caption/benchmark/emotiontalk_speech_captioning/runs/eight_models_20260901_run01/full/midasheng4_round2
midasheng_v1,r2,emotion,clapscore,,unavailable,"stack expects each tensor to be equal size, but got [77] at entry 0 and [105] at entry 2",/data/L202500147/Caption/benchmark/emotiontalk_speech_captioning/runs/eight_models_20260901_run01/full/midasheng4_round2
midasheng_v1,r2,overall,bleu_4,1.1584644618870736e-06,ok,,/data/L202500147/Caption/benchmark/emotiontalk_speech_captioning/runs/eight_models_20260901_run01/full/midasheng4_round2
midasheng_v1,r2,overall,rouge_l,0.27435373784108824,ok,,/data/L202500147/Caption/benchmark/emotiontalk_speech_captioning/runs/eight_models_20260901_run01/full/midasheng4_round2
midasheng_v1,r2,overall,meteor,0.09652146850828833,ok,,/data/L202500147/Caption/benchmark/emotiontalk_speech_captioning/runs/eight_models_20260901_run01/full/midasheng4_round2
midasheng_v1,r2,overall,spider,0.056245047503480874,ok,,/data/L202500147/Caption/benchmark/emotiontalk_speech_captioning/runs/eight_models_20260901_run01/full/midasheng4_round2
midasheng_v1,r2,overall,fense,0.8743964104654876,ok,,/data/L202500147/Caption/benchmark/emotiontalk_speech_captioning/runs/eight_models_20260901_run01/full/midasheng4_round2
midasheng_v1,r2,overall,bertscore,0.6905595660209656,ok,,/data/L202500147/Caption/benchmark/emotiontalk_speech_captioning/runs/eight_models_20260901_run01/full/midasheng4_round2
midasheng_v1,r2,overall,clapscore,,unavailable,"stack expects each tensor to be equal size, but got [77] at entry 0 and [83] at entry 6",/data/L202500147/Caption/benchmark/emotiontalk_speech_captioning/runs/eight_models_20260901_run01/full/midasheng4_round2
midasheng_v1,r3,speaker,bleu_4,2.558065969473029e-07,ok,,/data/L202500147/Caption/benchmark/later_caption_eval_runs_20260902_run01/emotiontalk/full/midasheng_v1_r3
midasheng_v1,r3,speaker,rouge_l,0.2804446136888731,ok,,/data/L202500147/Caption/benchmark/later_caption_eval_runs_20260902_run01/emotiontalk/full/midasheng_v1_r3
midasheng_v1,r3,speaker,meteor,0.1423056702241225,ok,,/data/L202500147/Caption/benchmark/later_caption_eval_runs_20260902_run01/emotiontalk/full/midasheng_v1_r3
midasheng_v1,r3,speaker,spider,0.13336583386729634,ok,,/data/L202500147/Caption/benchmark/later_caption_eval_runs_20260902_run01/emotiontalk/full/midasheng_v1_r3
midasheng_v1,r3,speaker,fense,0.76880726814888,ok,,/data/L202500147/Caption/benchmark/later_caption_eval_runs_20260902_run01/emotiontalk/full/midasheng_v1_r3
midasheng_v1,r3,speaker,bertscore,0.6774149537086487,ok,,/data/L202500147/Caption/benchmark/later_caption_eval_runs_20260902_run01/emotiontalk/full/midasheng_v1_r3
midasheng_v1,r3,speaker,clapscore,,unavailable,"stack expects each tensor to be equal size, but got [77] at entry 0 and [84] at entry 4",/data/L202500147/Caption/benchmark/later_caption_eval_runs_20260902_run01/emotiontalk/full/midasheng_v1_r3
midasheng_v1,r3,style,bleu_4,2.5127847854997813e-06,ok,,/data/L202500147/Caption/benchmark/later_caption_eval_runs_20260902_run01/emotiontalk/full/midasheng_v1_r3
midasheng_v1,r3,style,rouge_l,0.3889691913232007,ok,,/data/L202500147/Caption/benchmark/later_caption_eval_runs_20260902_run01/emotiontalk/full/midasheng_v1_r3
midasheng_v1,r3,style,meteor,0.14822091748907434,ok,,/data/L202500147/Caption/benchmark/later_caption_eval_runs_20260902_run01/emotiontalk/full/midasheng_v1_r3
midasheng_v1,r3,style,spider,0.1717695422630995,ok,,/data/L202500147/Caption/benchmark/later_caption_eval_runs_20260902_run01/emotiontalk/full/midasheng_v1_r3
midasheng_v1,r3,style,fense,0.7047597999150054,ok,,/data/L202500147/Caption/benchmark/later_caption_eval_runs_20260902_run01/emotiontalk/full/midasheng_v1_r3
midasheng_v1,r3,style,bertscore,0.7000175714492798,ok,,/data/L202500147/Caption/benchmark/later_caption_eval_runs_20260902_run01/emotiontalk/full/midasheng_v1_r3
midasheng_v1,r3,style,clapscore,,unavailable,"stack expects each tensor to be equal size, but got [77] at entry 0 and [84] at entry 3",/data/L202500147/Caption/benchmark/later_caption_eval_runs_20260902_run01/emotiontalk/full/midasheng_v1_r3
midasheng_v1,r3,emotion,bleu_4,1.1355741867526698e-14,ok,,/data/L202500147/Caption/benchmark/later_caption_eval_runs_20260902_run01/emotiontalk/full/midasheng_v1_r3
midasheng_v1,r3,emotion,rouge_l,0.13757477804812052,ok,,/data/L202500147/Caption/benchmark/later_caption_eval_runs_20260902_run01/emotiontalk/full/midasheng_v1_r3
midasheng_v1,r3,emotion,meteor,0.06467187611546112,ok,,/data/L202500147/Caption/benchmark/later_caption_eval_runs_20260902_run01/emotiontalk/full/midasheng_v1_r3
midasheng_v1,r3,emotion,spider,0.06565963362696545,ok,,/data/L202500147/Caption/benchmark/later_caption_eval_runs_20260902_run01/emotiontalk/full/midasheng_v1_r3
midasheng_v1,r3,emotion,fense,0.807736579462801,ok,,/data/L202500147/Caption/benchmark/later_caption_eval_runs_20260902_run01/emotiontalk/full/midasheng_v1_r3
midasheng_v1,r3,emotion,bertscore,0.5948640704154968,ok,,/data/L202500147/Caption/benchmark/later_caption_eval_runs_20260902_run01/emotiontalk/full/midasheng_v1_r3
midasheng_v1,r3,emotion,clapscore,,unavailable,"stack expects each tensor to be equal size, but got [77] at entry 0 and [79] at entry 5",/data/L202500147/Caption/benchmark/later_caption_eval_runs_20260902_run01/emotiontalk/full/midasheng_v1_r3
midasheng_v1,r3,overall,bleu_4,1.256329376750835e-06,ok,,/data/L202500147/Caption/benchmark/later_caption_eval_runs_20260902_run01/emotiontalk/full/midasheng_v1_r3
midasheng_v1,r3,overall,rouge_l,0.2732324205276648,ok,,/data/L202500147/Caption/benchmark/later_caption_eval_runs_20260902_run01/emotiontalk/full/midasheng_v1_r3
midasheng_v1,r3,overall,meteor,0.09715159088764706,ok,,/data/L202500147/Caption/benchmark/later_caption_eval_runs_20260902_run01/emotiontalk/full/midasheng_v1_r3
midasheng_v1,r3,overall,spider,0.0561539360465508,ok,,/data/L202500147/Caption/benchmark/later_caption_eval_runs_20260902_run01/emotiontalk/full/midasheng_v1_r3
midasheng_v1,r3,overall,fense,0.8766727247004561,ok,,/data/L202500147/Caption/benchmark/later_caption_eval_runs_20260902_run01/emotiontalk/full/midasheng_v1_r3
midasheng_v1,r3,overall,bertscore,0.6910956501960754,ok,,/data/L202500147/Caption/benchmark/later_caption_eval_runs_20260902_run01/emotiontalk/full/midasheng_v1_r3
midasheng_v1,r3,overall,clapscore,,unavailable,"stack expects each tensor to be equal size, but got [77] at entry 0 and [83] at entry 6",/data/L202500147/Caption/benchmark/later_caption_eval_runs_20260902_run01/emotiontalk/full/midasheng_v1_r3
midasheng_v1,r4,speaker,bleu_4,2.55673435836177e-07,ok,,/data/L202500147/Caption/benchmark/later_caption_eval_runs_20260902_run01/emotiontalk/full/midasheng_v1_r4
midasheng_v1,r4,speaker,rouge_l,0.2785316131491115,ok,,/data/L202500147/Caption/benchmark/later_caption_eval_runs_20260902_run01/emotiontalk/full/midasheng_v1_r4
midasheng_v1,r4,speaker,meteor,0.14306442792858964,ok,,/data/L202500147/Caption/benchmark/later_caption_eval_runs_20260902_run01/emotiontalk/full/midasheng_v1_r4
midasheng_v1,r4,speaker,spider,0.13369452229808101,ok,,/data/L202500147/Caption/benchmark/later_caption_eval_runs_20260902_run01/emotiontalk/full/midasheng_v1_r4
midasheng_v1,r4,speaker,fense,0.7704732050266582,ok,,/data/L202500147/Caption/benchmark/later_caption_eval_runs_20260902_run01/emotiontalk/full/midasheng_v1_r4
midasheng_v1,r4,speaker,bertscore,0.6779419183731079,ok,,/data/L202500147/Caption/benchmark/later_caption_eval_runs_20260902_run01/emotiontalk/full/midasheng_v1_r4
midasheng_v1,r4,speaker,clapscore,,unavailable,"stack expects each tensor to be equal size, but got [77] at entry 0 and [79] at entry 2",/data/L202500147/Caption/benchmark/later_caption_eval_runs_20260902_run01/emotiontalk/full/midasheng_v1_r4
midasheng_v1,r4,style,bleu_4,2.595673575947486e-06,ok,,/data/L202500147/Caption/benchmark/later_caption_eval_runs_20260902_run01/emotiontalk/full/midasheng_v1_r4
midasheng_v1,r4,style,rouge_l,0.39113005081935703,ok,,/data/L202500147/Caption/benchmark/later_caption_eval_runs_20260902_run01/emotiontalk/full/midasheng_v1_r4
midasheng_v1,r4,style,meteor,0.15002132020343034,ok,,/data/L202500147/Caption/benchmark/later_caption_eval_runs_20260902_run01/emotiontalk/full/midasheng_v1_r4
midasheng_v1,r4,style,spider,0.17503984013600152,ok,,/data/L202500147/Caption/benchmark/later_caption_eval_runs_20260902_run01/emotiontalk/full/midasheng_v1_r4
midasheng_v1,r4,style,fense,0.7084704785442154,ok,,/data/L202500147/Caption/benchmark/later_caption_eval_runs_20260902_run01/emotiontalk/full/midasheng_v1_r4
midasheng_v1,r4,style,bertscore,0.7010170221328735,ok,,/data/L202500147/Caption/benchmark/later_caption_eval_runs_20260902_run01/emotiontalk/full/midasheng_v1_r4
midasheng_v1,r4,style,clapscore,,unavailable,"stack expects each tensor to be equal size, but got [77] at entry 0 and [132] at entry 7",/data/L202500147/Caption/benchmark/later_caption_eval_runs_20260902_run01/emotiontalk/full/midasheng_v1_r4
midasheng_v1,r4,emotion,bleu_4,1.1821636188611617e-14,ok,,/data/L202500147/Caption/benchmark/later_caption_eval_runs_20260902_run01/emotiontalk/full/midasheng_v1_r4
midasheng_v1,r4,emotion,rouge_l,0.1458898791419092,ok,,/data/L202500147/Caption/benchmark/later_caption_eval_runs_20260902_run01/emotiontalk/full/midasheng_v1_r4
midasheng_v1,r4,emotion,meteor,0.06640516778209271,ok,,/data/L202500147/Caption/benchmark/later_caption_eval_runs_20260902_run01/emotiontalk/full/midasheng_v1_r4
midasheng_v1,r4,emotion,spider,0.07002556890137557,ok,,/data/L202500147/Caption/benchmark/later_caption_eval_runs_20260902_run01/emotiontalk/full/midasheng_v1_r4
midasheng_v1,r4,emotion,fense,0.8116781229951827,ok,,/data/L202500147/Caption/benchmark/later_caption_eval_runs_20260902_run01/emotiontalk/full/midasheng_v1_r4
midasheng_v1,r4,emotion,bertscore,0.5994612574577332,ok,,/data/L202500147/Caption/benchmark/later_caption_eval_runs_20260902_run01/emotiontalk/full/midasheng_v1_r4
midasheng_v1,r4,emotion,clapscore,,unavailable,"stack expects each tensor to be equal size, but got [77] at entry 0 and [79] at entry 5",/data/L202500147/Caption/benchmark/later_caption_eval_runs_20260902_run01/emotiontalk/full/midasheng_v1_r4
midasheng_v1,r4,overall,bleu_4,1.17057333274471e-06,ok,,/data/L202500147/Caption/benchmark/later_caption_eval_runs_20260902_run01/emotiontalk/full/midasheng_v1_r4
midasheng_v1,r4,overall,rouge_l,0.27564125221875724,ok,,/data/L202500147/Caption/benchmark/later_caption_eval_runs_20260902_run01/emotiontalk/full/midasheng_v1_r4
midasheng_v1,r4,overall,meteor,0.0977111478593999,ok,,/data/L202500147/Caption/benchmark/later_caption_eval_runs_20260902_run01/emotiontalk/full/midasheng_v1_r4
midasheng_v1,r4,overall,spider,0.056955484810263954,ok,,/data/L202500147/Caption/benchmark/later_caption_eval_runs_20260902_run01/emotiontalk/full/midasheng_v1_r4
midasheng_v1,r4,overall,fense,0.8795124806475306,ok,,/data/L202500147/Caption/benchmark/later_caption_eval_runs_20260902_run01/emotiontalk/full/midasheng_v1_r4
midasheng_v1,r4,overall,bertscore,0.6921553611755371,ok,,/data/L202500147/Caption/benchmark/later_caption_eval_runs_20260902_run01/emotiontalk/full/midasheng_v1_r4
midasheng_v1,r4,overall,clapscore,,unavailable,"stack expects each tensor to be equal size, but got [77] at entry 0 and [83] at entry 6",/data/L202500147/Caption/benchmark/later_caption_eval_runs_20260902_run01/emotiontalk/full/midasheng_v1_r4
midasheng_v1,r5,speaker,bleu_4,2.525426230959008e-07,ok,,/data/L202500147/Caption/benchmark/later_caption_eval_runs_20260902_run01/emotiontalk/full/midasheng_v1_r5
midasheng_v1,r5,speaker,rouge_l,0.28013354381708866,ok,,/data/L202500147/Caption/benchmark/later_caption_eval_runs_20260902_run01/emotiontalk/full/midasheng_v1_r5
midasheng_v1,r5,speaker,meteor,0.14420945717624822,ok,,/data/L202500147/Caption/benchmark/later_caption_eval_runs_20260902_run01/emotiontalk/full/midasheng_v1_r5
midasheng_v1,r5,speaker,spider,0.13415169077706135,ok,,/data/L202500147/Caption/benchmark/later_caption_eval_runs_20260902_run01/emotiontalk/full/midasheng_v1_r5
midasheng_v1,r5,speaker,fense,0.7718458897496456,ok,,/data/L202500147/Caption/benchmark/later_caption_eval_runs_20260902_run01/emotiontalk/full/midasheng_v1_r5
midasheng_v1,r5,speaker,bertscore,0.6775617003440857,ok,,/data/L202500147/Caption/benchmark/later_caption_eval_runs_20260902_run01/emotiontalk/full/midasheng_v1_r5
midasheng_v1,r5,speaker,clapscore,,unavailable,"stack expects each tensor to be equal size, but got [77] at entry 0 and [79] at entry 2",/data/L202500147/Caption/benchmark/later_caption_eval_runs_20260902_run01/emotiontalk/full/midasheng_v1_r5
midasheng_v1,r5,style,bleu_4,2.561716580711178e-06,ok,,/data/L202500147/Caption/benchmark/later_caption_eval_runs_20260902_run01/emotiontalk/full/midasheng_v1_r5
midasheng_v1,r5,style,rouge_l,0.3933299241432138,ok,,/data/L202500147/Caption/benchmark/later_caption_eval_runs_20260902_run01/emotiontalk/full/midasheng_v1_r5
midasheng_v1,r5,style,meteor,0.15141713494638412,ok,,/data/L202500147/Caption/benchmark/later_caption_eval_runs_20260902_run01/emotiontalk/full/midasheng_v1_r5
midasheng_v1,r5,style,spider,0.17688063837167484,ok,,/data/L202500147/Caption/benchmark/later_caption_eval_runs_20260902_run01/emotiontalk/full/midasheng_v1_r5
midasheng_v1,r5,style,fense,0.7105821772954081,ok,,/data/L202500147/Caption/benchmark/later_caption_eval_runs_20260902_run01/emotiontalk/full/midasheng_v1_r5
midasheng_v1,r5,style,bertscore,0.7000530362129211,ok,,/data/L202500147/Caption/benchmark/later_caption_eval_runs_20260902_run01/emotiontalk/full/midasheng_v1_r5
midasheng_v1,r5,style,clapscore,,unavailable,"stack expects each tensor to be equal size, but got [77] at entry 0 and [132] at entry 7",/data/L202500147/Caption/benchmark/later_caption_eval_runs_20260902_run01/emotiontalk/full/midasheng_v1_r5
midasheng_v1,r5,emotion,bleu_4,1.1838427747514724e-14,ok,,/data/L202500147/Caption/benchmark/later_caption_eval_runs_20260902_run01/emotiontalk/full/midasheng_v1_r5
midasheng_v1,r5,emotion,rouge_l,0.1470399407057015,ok,,/data/L202500147/Caption/benchmark/later_caption_eval_runs_20260902_run01/emotiontalk/full/midasheng_v1_r5
midasheng_v1,r5,emotion,meteor,0.06714022332850808,ok,,/data/L202500147/Caption/benchmark/later_caption_eval_runs_20260902_run01/emotiontalk/full/midasheng_v1_r5
midasheng_v1,r5,emotion,spider,0.07118857146548516,ok,,/data/L202500147/Caption/benchmark/later_caption_eval_runs_20260902_run01/emotiontalk/full/midasheng_v1_r5
midasheng_v1,r5,emotion,fense,0.8143155646453935,ok,,/data/L202500147/Caption/benchmark/later_caption_eval_runs_20260902_run01/emotiontalk/full/midasheng_v1_r5
midasheng_v1,r5,emotion,bertscore,0.5985844135284424,ok,,/data/L202500147/Caption/benchmark/later_caption_eval_runs_20260902_run01/emotiontalk/full/midasheng_v1_r5
midasheng_v1,r5,emotion,clapscore,,unavailable,"stack expects each tensor to be equal size, but got [77] at entry 0 and [79] at entry 5",/data/L202500147/Caption/benchmark/later_caption_eval_runs_20260902_run01/emotiontalk/full/midasheng_v1_r5
midasheng_v1,r5,overall,bleu_4,1.279545708511611e-06,ok,,/data/L202500147/Caption/benchmark/later_caption_eval_runs_20260902_run01/emotiontalk/full/midasheng_v1_r5
midasheng_v1,r5,overall,rouge_l,0.27913986930912577,ok,,/data/L202500147/Caption/benchmark/later_caption_eval_runs_20260902_run01/emotiontalk/full/midasheng_v1_r5
midasheng_v1,r5,overall,meteor,0.09910881831943466,ok,,/data/L202500147/Caption/benchmark/later_caption_eval_runs_20260902_run01/emotiontalk/full/midasheng_v1_r5
midasheng_v1,r5,overall,spider,0.05777992019548704,ok,,/data/L202500147/Caption/benchmark/later_caption_eval_runs_20260902_run01/emotiontalk/full/midasheng_v1_r5
midasheng_v1,r5,overall,fense,0.8788635275010435,ok,,/data/L202500147/Caption/benchmark/later_caption_eval_runs_20260902_run01/emotiontalk/full/midasheng_v1_r5
midasheng_v1,r5,overall,bertscore,0.6922181248664856,ok,,/data/L202500147/Caption/benchmark/later_caption_eval_runs_20260902_run01/emotiontalk/full/midasheng_v1_r5
midasheng_v1,r5,overall,clapscore,,unavailable,"stack expects each tensor to be equal size, but got [77] at entry 0 and [83] at entry 6",/data/L202500147/Caption/benchmark/later_caption_eval_runs_20260902_run01/emotiontalk/full/midasheng_v1_r5
midasheng_v1,r6,speaker,bleu_4,2.5160616825804894e-07,ok,,/data/L202500147/Caption/benchmark/later_caption_eval_runs_20260902_run01/emotiontalk/full/midasheng_v1_r6
midasheng_v1,r6,speaker,rouge_l,0.28268463710625075,ok,,/data/L202500147/Caption/benchmark/later_caption_eval_runs_20260902_run01/emotiontalk/full/midasheng_v1_r6
midasheng_v1,r6,speaker,meteor,0.14428341611981862,ok,,/data/L202500147/Caption/benchmark/later_caption_eval_runs_20260902_run01/emotiontalk/full/midasheng_v1_r6
midasheng_v1,r6,speaker,spider,0.13694389587856343,ok,,/data/L202500147/Caption/benchmark/later_caption_eval_runs_20260902_run01/emotiontalk/full/midasheng_v1_r6
midasheng_v1,r6,speaker,fense,0.7889875523595381,ok,,/data/L202500147/Caption/benchmark/later_caption_eval_runs_20260902_run01/emotiontalk/full/midasheng_v1_r6
midasheng_v1,r6,speaker,bertscore,0.6775718927383423,ok,,/data/L202500147/Caption/benchmark/later_caption_eval_runs_20260902_run01/emotiontalk/full/midasheng_v1_r6
midasheng_v1,r6,speaker,clapscore,,unavailable,"stack expects each tensor to be equal size, but got [77] at entry 0 and [79] at entry 2",/data/L202500147/Caption/benchmark/later_caption_eval_runs_20260902_run01/emotiontalk/full/midasheng_v1_r6
midasheng_v1,r6,style,bleu_4,2.56744696087607e-06,ok,,/data/L202500147/Caption/benchmark/later_caption_eval_runs_20260902_run01/emotiontalk/full/midasheng_v1_r6
midasheng_v1,r6,style,rouge_l,0.39563163235851584,ok,,/data/L202500147/Caption/benchmark/later_caption_eval_runs_20260902_run01/emotiontalk/full/midasheng_v1_r6
midasheng_v1,r6,style,meteor,0.15221204440998168,ok,,/data/L202500147/Caption/benchmark/later_caption_eval_runs_20260902_run01/emotiontalk/full/midasheng_v1_r6
midasheng_v1,r6,style,spider,0.18034494143099863,ok,,/data/L202500147/Caption/benchmark/later_caption_eval_runs_20260902_run01/emotiontalk/full/midasheng_v1_r6
midasheng_v1,r6,style,fense,0.7168848100198001,ok,,/data/L202500147/Caption/benchmark/later_caption_eval_runs_20260902_run01/emotiontalk/full/midasheng_v1_r6
midasheng_v1,r6,style,bertscore,0.7000329494476318,ok,,/data/L202500147/Caption/benchmark/later_caption_eval_runs_20260902_run01/emotiontalk/full/midasheng_v1_r6
midasheng_v1,r6,style,clapscore,,unavailable,"stack expects each tensor to be equal size, but got [77] at entry 0 and [85] at entry 1",/data/L202500147/Caption/benchmark/later_caption_eval_runs_20260902_run01/emotiontalk/full/midasheng_v1_r6
midasheng_v1,r6,emotion,bleu_4,1.2076917987476406e-14,ok,,/data/L202500147/Caption/benchmark/later_caption_eval_runs_20260902_run01/emotiontalk/full/midasheng_v1_r6
midasheng_v1,r6,emotion,rouge_l,0.15255014710118545,ok,,/data/L202500147/Caption/benchmark/later_caption_eval_runs_20260902_run01/emotiontalk/full/midasheng_v1_r6
midasheng_v1,r6,emotion,meteor,0.06819596937802602,ok,,/data/L202500147/Caption/benchmark/later_caption_eval_runs_20260902_run01/emotiontalk/full/midasheng_v1_r6
midasheng_v1,r6,emotion,spider,0.07436573151060333,ok,,/data/L202500147/Caption/benchmark/later_caption_eval_runs_20260902_run01/emotiontalk/full/midasheng_v1_r6
midasheng_v1,r6,emotion,fense,0.8146158907993153,ok,,/data/L202500147/Caption/benchmark/later_caption_eval_runs_20260902_run01/emotiontalk/full/midasheng_v1_r6
midasheng_v1,r6,emotion,bertscore,0.6024509072303772,ok,,/data/L202500147/Caption/benchmark/later_caption_eval_runs_20260902_run01/emotiontalk/full/midasheng_v1_r6
midasheng_v1,r6,emotion,clapscore,,unavailable,"stack expects each tensor to be equal size, but got [77] at entry 0 and [79] at entry 5",/data/L202500147/Caption/benchmark/later_caption_eval_runs_20260902_run01/emotiontalk/full/midasheng_v1_r6
midasheng_v1,r6,overall,bleu_4,1.1760235964767551e-06,ok,,/data/L202500147/Caption/benchmark/later_caption_eval_runs_20260902_run01/emotiontalk/full/midasheng_v1_r6
midasheng_v1,r6,overall,rouge_l,0.2772147407370819,ok,,/data/L202500147/Caption/benchmark/later_caption_eval_runs_20260902_run01/emotiontalk/full/midasheng_v1_r6
midasheng_v1,r6,overall,meteor,0.09885133207634073,ok,,/data/L202500147/Caption/benchmark/later_caption_eval_runs_20260902_run01/emotiontalk/full/midasheng_v1_r6
midasheng_v1,r6,overall,spider,0.05749596891532837,ok,,/data/L202500147/Caption/benchmark/later_caption_eval_runs_20260902_run01/emotiontalk/full/midasheng_v1_r6
midasheng_v1,r6,overall,fense,0.8786074432423229,ok,,/data/L202500147/Caption/benchmark/later_caption_eval_runs_20260902_run01/emotiontalk/full/midasheng_v1_r6
midasheng_v1,r6,overall,bertscore,0.6914022564888,ok,,/data/L202500147/Caption/benchmark/later_caption_eval_runs_20260902_run01/emotiontalk/full/midasheng_v1_r6
midasheng_v1,r6,overall,clapscore,,unavailable,"stack expects each tensor to be equal size, but got [77] at entry 0 and [83] at entry 6",/data/L202500147/Caption/benchmark/later_caption_eval_runs_20260902_run01/emotiontalk/full/midasheng_v1_r6
midasheng_v1,r7,speaker,bleu_4,6.531365295650418e-15,ok,,/data/L202500147/Caption/benchmark/later_caption_eval_runs_20260902_run01/emotiontalk/full/midasheng_v1_r7
midasheng_v1,r7,speaker,rouge_l,0.2944875225287912,ok,,/data/L202500147/Caption/benchmark/later_caption_eval_runs_20260902_run01/emotiontalk/full/midasheng_v1_r7
midasheng_v1,r7,speaker,meteor,0.14610175831201253,ok,,/data/L202500147/Caption/benchmark/later_caption_eval_runs_20260902_run01/emotiontalk/full/midasheng_v1_r7
midasheng_v1,r7,speaker,spider,0.14284272943023352,ok,,/data/L202500147/Caption/benchmark/later_caption_eval_runs_20260902_run01/emotiontalk/full/midasheng_v1_r7
midasheng_v1,r7,speaker,fense,0.7879560854349685,ok,,/data/L202500147/Caption/benchmark/later_caption_eval_runs_20260902_run01/emotiontalk/full/midasheng_v1_r7
midasheng_v1,r7,speaker,bertscore,0.6794759631156921,ok,,/data/L202500147/Caption/benchmark/later_caption_eval_runs_20260902_run01/emotiontalk/full/midasheng_v1_r7
midasheng_v1,r7,speaker,clapscore,,unavailable,"stack expects each tensor to be equal size, but got [77] at entry 0 and [85] at entry 4",/data/L202500147/Caption/benchmark/later_caption_eval_runs_20260902_run01/emotiontalk/full/midasheng_v1_r7
midasheng_v1,r7,style,bleu_4,2.685233840856538e-06,ok,,/data/L202500147/Caption/benchmark/later_caption_eval_runs_20260902_run01/emotiontalk/full/midasheng_v1_r7
midasheng_v1,r7,style,rouge_l,0.39338552219329703,ok,,/data/L202500147/Caption/benchmark/later_caption_eval_runs_20260902_run01/emotiontalk/full/midasheng_v1_r7
midasheng_v1,r7,style,meteor,0.15323819489418475,ok,,/data/L202500147/Caption/benchmark/later_caption_eval_runs_20260902_run01/emotiontalk/full/midasheng_v1_r7
midasheng_v1,r7,style,spider,0.18347134518929648,ok,,/data/L202500147/Caption/benchmark/later_caption_eval_runs_20260902_run01/emotiontalk/full/midasheng_v1_r7
midasheng_v1,r7,style,fense,0.728574630465144,ok,,/data/L202500147/Caption/benchmark/later_caption_eval_runs_20260902_run01/emotiontalk/full/midasheng_v1_r7
midasheng_v1,r7,style,bertscore,0.6989727020263672,ok,,/data/L202500147/Caption/benchmark/later_caption_eval_runs_20260902_run01/emotiontalk/full/midasheng_v1_r7
midasheng_v1,r7,style,clapscore,,unavailable,"stack expects each tensor to be equal size, but got [77] at entry 0 and [84] at entry 3",/data/L202500147/Caption/benchmark/later_caption_eval_runs_20260902_run01/emotiontalk/full/midasheng_v1_r7
midasheng_v1,r7,emotion,bleu_4,1.2144270082381953e-14,ok,,/data/L202500147/Caption/benchmark/later_caption_eval_runs_20260902_run01/emotiontalk/full/midasheng_v1_r7
midasheng_v1,r7,emotion,rouge_l,0.15946225119783308,ok,,/data/L202500147/Caption/benchmark/later_caption_eval_runs_20260902_run01/emotiontalk/full/midasheng_v1_r7
midasheng_v1,r7,emotion,meteor,0.07011433826893376,ok,,/data/L202500147/Caption/benchmark/later_caption_eval_runs_20260902_run01/emotiontalk/full/midasheng_v1_r7
midasheng_v1,r7,emotion,spider,0.07775294172744057,ok,,/data/L202500147/Caption/benchmark/later_caption_eval_runs_20260902_run01/emotiontalk/full/midasheng_v1_r7
midasheng_v1,r7,emotion,fense,0.817182414358054,ok,,/data/L202500147/Caption/benchmark/later_caption_eval_runs_20260902_run01/emotiontalk/full/midasheng_v1_r7
midasheng_v1,r7,emotion,bertscore,0.6042763590812683,ok,,/data/L202500147/Caption/benchmark/later_caption_eval_runs_20260902_run01/emotiontalk/full/midasheng_v1_r7
midasheng_v1,r7,emotion,clapscore,,unavailable,"stack expects each tensor to be equal size, but got [77] at entry 0 and [79] at entry 5",/data/L202500147/Caption/benchmark/later_caption_eval_runs_20260902_run01/emotiontalk/full/midasheng_v1_r7
midasheng_v1,r7,overall,bleu_4,1.1825688832998276e-06,ok,,/data/L202500147/Caption/benchmark/later_caption_eval_runs_20260902_run01/emotiontalk/full/midasheng_v1_r7
midasheng_v1,r7,overall,rouge_l,0.28329318073013116,ok,,/data/L202500147/Caption/benchmark/later_caption_eval_runs_20260902_run01/emotiontalk/full/midasheng_v1_r7
midasheng_v1,r7,overall,meteor,0.1004560225067994,ok,,/data/L202500147/Caption/benchmark/later_caption_eval_runs_20260902_run01/emotiontalk/full/midasheng_v1_r7
midasheng_v1,r7,overall,spider,0.05882928618389008,ok,,/data/L202500147/Caption/benchmark/later_caption_eval_runs_20260902_run01/emotiontalk/full/midasheng_v1_r7
midasheng_v1,r7,overall,fense,0.8816723951841031,ok,,/data/L202500147/Caption/benchmark/later_caption_eval_runs_20260902_run01/emotiontalk/full/midasheng_v1_r7
midasheng_v1,r7,overall,bertscore,0.6919629573822021,ok,,/data/L202500147/Caption/benchmark/later_caption_eval_runs_20260902_run01/emotiontalk/full/midasheng_v1_r7
midasheng_v1,r7,overall,clapscore,,unavailable,"stack expects each tensor to be equal size, but got [77] at entry 0 and [83] at entry 6",/data/L202500147/Caption/benchmark/later_caption_eval_runs_20260902_run01/emotiontalk/full/midasheng_v1_r7
midasheng_v1,r8,speaker,bleu_4,6.513448963949895e-15,ok,,/data/L202500147/Caption/benchmark/later_caption_eval_runs_20260902_run01/emotiontalk/full/midasheng_v1_r8
midasheng_v1,r8,speaker,rouge_l,0.2970537102478667,ok,,/data/L202500147/Caption/benchmark/later_caption_eval_runs_20260902_run01/emotiontalk/full/midasheng_v1_r8
midasheng_v1,r8,speaker,meteor,0.14647422557141598,ok,,/data/L202500147/Caption/benchmark/later_caption_eval_runs_20260902_run01/emotiontalk/full/midasheng_v1_r8
midasheng_v1,r8,speaker,spider,0.14556615835272985,ok,,/data/L202500147/Caption/benchmark/later_caption_eval_runs_20260902_run01/emotiontalk/full/midasheng_v1_r8
midasheng_v1,r8,speaker,fense,0.7864147813842975,ok,,/data/L202500147/Caption/benchmark/later_caption_eval_runs_20260902_run01/emotiontalk/full/midasheng_v1_r8
midasheng_v1,r8,speaker,bertscore,0.6796370148658752,ok,,/data/L202500147/Caption/benchmark/later_caption_eval_runs_20260902_run01/emotiontalk/full/midasheng_v1_r8
midasheng_v1,r8,speaker,clapscore,,unavailable,"stack expects each tensor to be equal size, but got [77] at entry 0 and [79] at entry 2",/data/L202500147/Caption/benchmark/later_caption_eval_runs_20260902_run01/emotiontalk/full/midasheng_v1_r8
midasheng_v1,r8,style,bleu_4,2.5977837551346083e-06,ok,,/data/L202500147/Caption/benchmark/later_caption_eval_runs_20260902_run01/emotiontalk/full/midasheng_v1_r8
midasheng_v1,r8,style,rouge_l,0.3942945838838415,ok,,/data/L202500147/Caption/benchmark/later_caption_eval_runs_20260902_run01/emotiontalk/full/midasheng_v1_r8
midasheng_v1,r8,style,meteor,0.15370198116683223,ok,,/data/L202500147/Caption/benchmark/later_caption_eval_runs_20260902_run01/emotiontalk/full/midasheng_v1_r8
midasheng_v1,r8,style,spider,0.18363922533721352,ok,,/data/L202500147/Caption/benchmark/later_caption_eval_runs_20260902_run01/emotiontalk/full/midasheng_v1_r8
midasheng_v1,r8,style,fense,0.7188456237594224,ok,,/data/L202500147/Caption/benchmark/later_caption_eval_runs_20260902_run01/emotiontalk/full/midasheng_v1_r8
midasheng_v1,r8,style,bertscore,0.6989955902099609,ok,,/data/L202500147/Caption/benchmark/later_caption_eval_runs_20260902_run01/emotiontalk/full/midasheng_v1_r8
midasheng_v1,r8,style,clapscore,,unavailable,"stack expects each tensor to be equal size, but got [77] at entry 0 and [82] at entry 1",/data/L202500147/Caption/benchmark/later_caption_eval_runs_20260902_run01/emotiontalk/full/midasheng_v1_r8
midasheng_v1,r8,emotion,bleu_4,1.2447409517287234e-14,ok,,/data/L202500147/Caption/benchmark/later_caption_eval_runs_20260902_run01/emotiontalk/full/midasheng_v1_r8
midasheng_v1,r8,emotion,rouge_l,0.15830797328959914,ok,,/data/L202500147/Caption/benchmark/later_caption_eval_runs_20260902_run01/emotiontalk/full/midasheng_v1_r8
midasheng_v1,r8,emotion,meteor,0.07007375497781702,ok,,/data/L202500147/Caption/benchmark/later_caption_eval_runs_20260902_run01/emotiontalk/full/midasheng_v1_r8
midasheng_v1,r8,emotion,spider,0.07755250772316657,ok,,/data/L202500147/Caption/benchmark/later_caption_eval_runs_20260902_run01/emotiontalk/full/midasheng_v1_r8
midasheng_v1,r8,emotion,fense,0.8203029227170257,ok,,/data/L202500147/Caption/benchmark/later_caption_eval_runs_20260902_run01/emotiontalk/full/midasheng_v1_r8
midasheng_v1,r8,emotion,bertscore,0.6043621301651001,ok,,/data/L202500147/Caption/benchmark/later_caption_eval_runs_20260902_run01/emotiontalk/full/midasheng_v1_r8
midasheng_v1,r8,emotion,clapscore,,unavailable,"stack expects each tensor to be equal size, but got [77] at entry 0 and [79] at entry 5",/data/L202500147/Caption/benchmark/later_caption_eval_runs_20260902_run01/emotiontalk/full/midasheng_v1_r8
midasheng_v1,r8,overall,bleu_4,1.1841170639083492e-06,ok,,/data/L202500147/Caption/benchmark/later_caption_eval_runs_20260902_run01/emotiontalk/full/midasheng_v1_r8
midasheng_v1,r8,overall,rouge_l,0.2829029943871836,ok,,/data/L202500147/Caption/benchmark/later_caption_eval_runs_20260902_run01/emotiontalk/full/midasheng_v1_r8
midasheng_v1,r8,overall,meteor,0.1004653516581992,ok,,/data/L202500147/Caption/benchmark/later_caption_eval_runs_20260902_run01/emotiontalk/full/midasheng_v1_r8
midasheng_v1,r8,overall,spider,0.059132559928319874,ok,,/data/L202500147/Caption/benchmark/later_caption_eval_runs_20260902_run01/emotiontalk/full/midasheng_v1_r8
midasheng_v1,r8,overall,fense,0.883644241962858,ok,,/data/L202500147/Caption/benchmark/later_caption_eval_runs_20260902_run01/emotiontalk/full/midasheng_v1_r8
midasheng_v1,r8,overall,bertscore,0.6920642256736755,ok,,/data/L202500147/Caption/benchmark/later_caption_eval_runs_20260902_run01/emotiontalk/full/midasheng_v1_r8
midasheng_v1,r8,overall,clapscore,,unavailable,"stack expects each tensor to be equal size, but got [77] at entry 0 and [83] at entry 6",/data/L202500147/Caption/benchmark/later_caption_eval_runs_20260902_run01/emotiontalk/full/midasheng_v1_r8
midasheng_v1,r9,speaker,bleu_4,3.639310636062121e-11,ok,,/data/L202500147/Caption/benchmark/later_caption_eval_runs_20260902_run01/emotiontalk/full/midasheng_v1_r9
midasheng_v1,r9,speaker,rouge_l,0.3006219567792039,ok,,/data/L202500147/Caption/benchmark/later_caption_eval_runs_20260902_run01/emotiontalk/full/midasheng_v1_r9
midasheng_v1,r9,speaker,meteor,0.14772374618359704,ok,,/data/L202500147/Caption/benchmark/later_caption_eval_runs_20260902_run01/emotiontalk/full/midasheng_v1_r9
midasheng_v1,r9,speaker,spider,0.14749130119810677,ok,,/data/L202500147/Caption/benchmark/later_caption_eval_runs_20260902_run01/emotiontalk/full/midasheng_v1_r9
midasheng_v1,r9,speaker,fense,0.7888895624625738,ok,,/data/L202500147/Caption/benchmark/later_caption_eval_runs_20260902_run01/emotiontalk/full/midasheng_v1_r9
midasheng_v1,r9,speaker,bertscore,0.6787925958633423,ok,,/data/L202500147/Caption/benchmark/later_caption_eval_runs_20260902_run01/emotiontalk/full/midasheng_v1_r9
midasheng_v1,r9,speaker,clapscore,,unavailable,"stack expects each tensor to be equal size, but got [77] at entry 0 and [79] at entry 2",/data/L202500147/Caption/benchmark/later_caption_eval_runs_20260902_run01/emotiontalk/full/midasheng_v1_r9
midasheng_v1,r9,style,bleu_4,2.5748597121139404e-06,ok,,/data/L202500147/Caption/benchmark/later_caption_eval_runs_20260902_run01/emotiontalk/full/midasheng_v1_r9
midasheng_v1,r9,style,rouge_l,0.39487243630505336,ok,,/data/L202500147/Caption/benchmark/later_caption_eval_runs_20260902_run01/emotiontalk/full/midasheng_v1_r9
midasheng_v1,r9,style,meteor,0.1541268850742254,ok,,/data/L202500147/Caption/benchmark/later_caption_eval_runs_20260902_run01/emotiontalk/full/midasheng_v1_r9
midasheng_v1,r9,style,spider,0.18480234600604095,ok,,/data/L202500147/Caption/benchmark/later_caption_eval_runs_20260902_run01/emotiontalk/full/midasheng_v1_r9
midasheng_v1,r9,style,fense,0.7226916760468867,ok,,/data/L202500147/Caption/benchmark/later_caption_eval_runs_20260902_run01/emotiontalk/full/midasheng_v1_r9
midasheng_v1,r9,style,bertscore,0.6987119317054749,ok,,/data/L202500147/Caption/benchmark/later_caption_eval_runs_20260902_run01/emotiontalk/full/midasheng_v1_r9
midasheng_v1,r9,style,clapscore,,unavailable,"stack expects each tensor to be equal size, but got [77] at entry 0 and [91] at entry 1",/data/L202500147/Caption/benchmark/later_caption_eval_runs_20260902_run01/emotiontalk/full/midasheng_v1_r9
midasheng_v1,r9,emotion,bleu_4,1.2410171922210508e-14,ok,,/data/L202500147/Caption/benchmark/later_caption_eval_runs_20260902_run01/emotiontalk/full/midasheng_v1_r9
midasheng_v1,r9,emotion,rouge_l,0.16710902444048792,ok,,/data/L202500147/Caption/benchmark/later_caption_eval_runs_20260902_run01/emotiontalk/full/midasheng_v1_r9
midasheng_v1,r9,emotion,meteor,0.07176101702167764,ok,,/data/L202500147/Caption/benchmark/later_caption_eval_runs_20260902_run01/emotiontalk/full/midasheng_v1_r9
midasheng_v1,r9,emotion,spider,0.08190630614515765,ok,,/data/L202500147/Caption/benchmark/later_caption_eval_runs_20260902_run01/emotiontalk/full/midasheng_v1_r9
midasheng_v1,r9,emotion,fense,0.8194607607344384,ok,,/data/L202500147/Caption/benchmark/later_caption_eval_runs_20260902_run01/emotiontalk/full/midasheng_v1_r9
midasheng_v1,r9,emotion,bertscore,0.6064707040786743,ok,,/data/L202500147/Caption/benchmark/later_caption_eval_runs_20260902_run01/emotiontalk/full/midasheng_v1_r9
midasheng_v1,r9,emotion,clapscore,,unavailable,"stack expects each tensor to be equal size, but got [77] at entry 0 and [79] at entry 5",/data/L202500147/Caption/benchmark/later_caption_eval_runs_20260902_run01/emotiontalk/full/midasheng_v1_r9
midasheng_v1,r9,overall,bleu_4,1.1337509220186086e-06,ok,,/data/L202500147/Caption/benchmark/later_caption_eval_runs_20260902_run01/emotiontalk/full/midasheng_v1_r9
midasheng_v1,r9,overall,rouge_l,0.2835639147825801,ok,,/data/L202500147/Caption/benchmark/later_caption_eval_runs_20260902_run01/emotiontalk/full/midasheng_v1_r9
midasheng_v1,r9,overall,meteor,0.1016589941717877,ok,,/data/L202500147/Caption/benchmark/later_caption_eval_runs_20260902_run01/emotiontalk/full/midasheng_v1_r9
midasheng_v1,r9,overall,spider,0.0591126133541693,ok,,/data/L202500147/Caption/benchmark/later_caption_eval_runs_20260902_run01/emotiontalk/full/midasheng_v1_r9
midasheng_v1,r9,overall,fense,0.8837431234513743,ok,,/data/L202500147/Caption/benchmark/later_caption_eval_runs_20260902_run01/emotiontalk/full/midasheng_v1_r9
midasheng_v1,r9,overall,bertscore,0.6916214227676392,ok,,/data/L202500147/Caption/benchmark/later_caption_eval_runs_20260902_run01/emotiontalk/full/midasheng_v1_r9
midasheng_v1,r9,overall,clapscore,,unavailable,"stack expects each tensor to be equal size, but got [77] at entry 0 and [83] at entry 6",/data/L202500147/Caption/benchmark/later_caption_eval_runs_20260902_run01/emotiontalk/full/midasheng_v1_r9
midasheng_v1,r10,speaker,bleu_4,6.394517359205925e-15,ok,,/data/L202500147/Caption/benchmark/later_caption_eval_runs_20260902_run01/emotiontalk/full/midasheng_v1_r10
midasheng_v1,r10,speaker,rouge_l,0.3021883421077374,ok,,/data/L202500147/Caption/benchmark/later_caption_eval_runs_20260902_run01/emotiontalk/full/midasheng_v1_r10
midasheng_v1,r10,speaker,meteor,0.14861256173030638,ok,,/data/L202500147/Caption/benchmark/later_caption_eval_runs_20260902_run01/emotiontalk/full/midasheng_v1_r10
midasheng_v1,r10,speaker,spider,0.14855763124763374,ok,,/data/L202500147/Caption/benchmark/later_caption_eval_runs_20260902_run01/emotiontalk/full/midasheng_v1_r10
midasheng_v1,r10,speaker,fense,0.7921765131521497,ok,,/data/L202500147/Caption/benchmark/later_caption_eval_runs_20260902_run01/emotiontalk/full/midasheng_v1_r10
midasheng_v1,r10,speaker,bertscore,0.6786105632781982,ok,,/data/L202500147/Caption/benchmark/later_caption_eval_runs_20260902_run01/emotiontalk/full/midasheng_v1_r10
midasheng_v1,r10,speaker,clapscore,,unavailable,"stack expects each tensor to be equal size, but got [77] at entry 0 and [79] at entry 2",/data/L202500147/Caption/benchmark/later_caption_eval_runs_20260902_run01/emotiontalk/full/midasheng_v1_r10
midasheng_v1,r10,style,bleu_4,2.51425992764252e-06,ok,,/data/L202500147/Caption/benchmark/later_caption_eval_runs_20260902_run01/emotiontalk/full/midasheng_v1_r10
midasheng_v1,r10,style,rouge_l,0.3925253589963727,ok,,/data/L202500147/Caption/benchmark/later_caption_eval_runs_20260902_run01/emotiontalk/full/midasheng_v1_r10
midasheng_v1,r10,style,meteor,0.15318449712029614,ok,,/data/L202500147/Caption/benchmark/later_caption_eval_runs_20260902_run01/emotiontalk/full/midasheng_v1_r10
midasheng_v1,r10,style,spider,0.186064180438309,ok,,/data/L202500147/Caption/benchmark/later_caption_eval_runs_20260902_run01/emotiontalk/full/midasheng_v1_r10
midasheng_v1,r10,style,fense,0.712841574712514,ok,,/data/L202500147/Caption/benchmark/later_caption_eval_runs_20260902_run01/emotiontalk/full/midasheng_v1_r10
midasheng_v1,r10,style,bertscore,0.6984372138977051,ok,,/data/L202500147/Caption/benchmark/later_caption_eval_runs_20260902_run01/emotiontalk/full/midasheng_v1_r10
midasheng_v1,r10,style,clapscore,,unavailable,"stack expects each tensor to be equal size, but got [77] at entry 0 and [86] at entry 3",/data/L202500147/Caption/benchmark/later_caption_eval_runs_20260902_run01/emotiontalk/full/midasheng_v1_r10
midasheng_v1,r10,emotion,bleu_4,1.2520864113045796e-14,ok,,/data/L202500147/Caption/benchmark/later_caption_eval_runs_20260902_run01/emotiontalk/full/midasheng_v1_r10
midasheng_v1,r10,emotion,rouge_l,0.1729102536632208,ok,,/data/L202500147/Caption/benchmark/later_caption_eval_runs_20260902_run01/emotiontalk/full/midasheng_v1_r10
midasheng_v1,r10,emotion,meteor,0.07380906929385413,ok,,/data/L202500147/Caption/benchmark/later_caption_eval_runs_20260902_run01/emotiontalk/full/midasheng_v1_r10
midasheng_v1,r10,emotion,spider,0.08469812704130045,ok,,/data/L202500147/Caption/benchmark/later_caption_eval_runs_20260902_run01/emotiontalk/full/midasheng_v1_r10
midasheng_v1,r10,emotion,fense,0.8252456816939755,ok,,/data/L202500147/Caption/benchmark/later_caption_eval_runs_20260902_run01/emotiontalk/full/midasheng_v1_r10
midasheng_v1,r10,emotion,bertscore,0.6093374490737915,ok,,/data/L202500147/Caption/benchmark/later_caption_eval_runs_20260902_run01/emotiontalk/full/midasheng_v1_r10
midasheng_v1,r10,emotion,clapscore,,unavailable,"stack expects each tensor to be equal size, but got [77] at entry 0 and [79] at entry 5",/data/L202500147/Caption/benchmark/later_caption_eval_runs_20260902_run01/emotiontalk/full/midasheng_v1_r10
midasheng_v1,r10,overall,bleu_4,1.1157613276701835e-06,ok,,/data/L202500147/Caption/benchmark/later_caption_eval_runs_20260902_run01/emotiontalk/full/midasheng_v1_r10
midasheng_v1,r10,overall,rouge_l,0.2865580348880061,ok,,/data/L202500147/Caption/benchmark/later_caption_eval_runs_20260902_run01/emotiontalk/full/midasheng_v1_r10
midasheng_v1,r10,overall,meteor,0.10226617776637614,ok,,/data/L202500147/Caption/benchmark/later_caption_eval_runs_20260902_run01/emotiontalk/full/midasheng_v1_r10
midasheng_v1,r10,overall,spider,0.05986444317128947,ok,,/data/L202500147/Caption/benchmark/later_caption_eval_runs_20260902_run01/emotiontalk/full/midasheng_v1_r10
midasheng_v1,r10,overall,fense,0.8838475110680406,ok,,/data/L202500147/Caption/benchmark/later_caption_eval_runs_20260902_run01/emotiontalk/full/midasheng_v1_r10
midasheng_v1,r10,overall,bertscore,0.6928479075431824,ok,,/data/L202500147/Caption/benchmark/later_caption_eval_runs_20260902_run01/emotiontalk/full/midasheng_v1_r10
midasheng_v1,r10,overall,clapscore,,unavailable,"stack expects each tensor to be equal size, but got [77] at entry 0 and [83] at entry 6",/data/L202500147/Caption/benchmark/later_caption_eval_runs_20260902_run01/emotiontalk/full/midasheng_v1_r10
midasheng_v1,r11,speaker,bleu_4,6.338361632792299e-15,ok,,/data/L202500147/Caption/benchmark/later_caption_eval_runs_20260902_run01/emotiontalk/full/midasheng_v1_r11
midasheng_v1,r11,speaker,rouge_l,0.3060478568517564,ok,,/data/L202500147/Caption/benchmark/later_caption_eval_runs_20260902_run01/emotiontalk/full/midasheng_v1_r11
midasheng_v1,r11,speaker,meteor,,unavailable,could not convert string to float: b'9.0 7.0 0.0 0.0 2.0 2.0 0.0 0.0 0.0 0.0 0.0 0.0 0.0 0.0 0.0 0.0 0.0 0.0 0.0 0.0 2.0 2.0 2.0',/data/L202500147/Caption/benchmark/later_caption_eval_runs_20260902_run01/emotiontalk/full/midasheng_v1_r11
midasheng_v1,r11,speaker,spider,0.15144667732097045,ok,,/data/L202500147/Caption/benchmark/later_caption_eval_runs_20260902_run01/emotiontalk/full/midasheng_v1_r11
midasheng_v1,r11,speaker,fense,0.7922082037305263,ok,,/data/L202500147/Caption/benchmark/later_caption_eval_runs_20260902_run01/emotiontalk/full/midasheng_v1_r11
midasheng_v1,r11,speaker,bertscore,0.6804975867271423,ok,,/data/L202500147/Caption/benchmark/later_caption_eval_runs_20260902_run01/emotiontalk/full/midasheng_v1_r11
midasheng_v1,r11,speaker,clapscore,,unavailable,"stack expects each tensor to be equal size, but got [77] at entry 0 and [79] at entry 1",/data/L202500147/Caption/benchmark/later_caption_eval_runs_20260902_run01/emotiontalk/full/midasheng_v1_r11
midasheng_v1,r11,style,bleu_4,2.4343333656289003e-06,ok,,/data/L202500147/Caption/benchmark/later_caption_eval_runs_20260902_run01/emotiontalk/full/midasheng_v1_r11
midasheng_v1,r11,style,rouge_l,0.38921602692186336,ok,,/data/L202500147/Caption/benchmark/later_caption_eval_runs_20260902_run01/emotiontalk/full/midasheng_v1_r11
midasheng_v1,r11,style,meteor,0.15307374852210429,ok,,/data/L202500147/Caption/benchmark/later_caption_eval_runs_20260902_run01/emotiontalk/full/midasheng_v1_r11
midasheng_v1,r11,style,spider,0.18457943118365827,ok,,/data/L202500147/Caption/benchmark/later_caption_eval_runs_20260902_run01/emotiontalk/full/midasheng_v1_r11
midasheng_v1,r11,style,fense,0.7151448598298588,ok,,/data/L202500147/Caption/benchmark/later_caption_eval_runs_20260902_run01/emotiontalk/full/midasheng_v1_r11
midasheng_v1,r11,style,bertscore,0.6983615756034851,ok,,/data/L202500147/Caption/benchmark/later_caption_eval_runs_20260902_run01/emotiontalk/full/midasheng_v1_r11
midasheng_v1,r11,style,clapscore,,unavailable,"stack expects each tensor to be equal size, but got [77] at entry 0 and [84] at entry 3",/data/L202500147/Caption/benchmark/later_caption_eval_runs_20260902_run01/emotiontalk/full/midasheng_v1_r11
midasheng_v1,r11,emotion,bleu_4,1.2618457315821717e-14,ok,,/data/L202500147/Caption/benchmark/later_caption_eval_runs_20260902_run01/emotiontalk/full/midasheng_v1_r11
midasheng_v1,r11,emotion,rouge_l,0.17673527761496385,ok,,/data/L202500147/Caption/benchmark/later_caption_eval_runs_20260902_run01/emotiontalk/full/midasheng_v1_r11
midasheng_v1,r11,emotion,meteor,,unavailable,Invalid argument version_str='s'. (not a version),/data/L202500147/Caption/benchmark/later_caption_eval_runs_20260902_run01/emotiontalk/full/midasheng_v1_r11
midasheng_v1,r11,emotion,spider,0.08638988481076033,ok,,/data/L202500147/Caption/benchmark/later_caption_eval_runs_20260902_run01/emotiontalk/full/midasheng_v1_r11
midasheng_v1,r11,emotion,fense,0.8218952662373776,ok,,/data/L202500147/Caption/benchmark/later_caption_eval_runs_20260902_run01/emotiontalk/full/midasheng_v1_r11
midasheng_v1,r11,emotion,bertscore,0.6097586154937744,ok,,/data/L202500147/Caption/benchmark/later_caption_eval_runs_20260902_run01/emotiontalk/full/midasheng_v1_r11
midasheng_v1,r11,emotion,clapscore,,unavailable,"stack expects each tensor to be equal size, but got [77] at entry 0 and [79] at entry 5",/data/L202500147/Caption/benchmark/later_caption_eval_runs_20260902_run01/emotiontalk/full/midasheng_v1_r11
midasheng_v1,r11,overall,bleu_4,1.0597507551879524e-06,ok,,/data/L202500147/Caption/benchmark/later_caption_eval_runs_20260902_run01/emotiontalk/full/midasheng_v1_r11
midasheng_v1,r11,overall,rouge_l,0.2857909710092682,ok,,/data/L202500147/Caption/benchmark/later_caption_eval_runs_20260902_run01/emotiontalk/full/midasheng_v1_r11
midasheng_v1,r11,overall,meteor,0.10277619635646287,ok,,/data/L202500147/Caption/benchmark/later_caption_eval_runs_20260902_run01/emotiontalk/full/midasheng_v1_r11
midasheng_v1,r11,overall,spider,0.0597179806611631,ok,,/data/L202500147/Caption/benchmark/later_caption_eval_runs_20260902_run01/emotiontalk/full/midasheng_v1_r11
midasheng_v1,r11,overall,fense,0.8866383976488919,ok,,/data/L202500147/Caption/benchmark/later_caption_eval_runs_20260902_run01/emotiontalk/full/midasheng_v1_r11
midasheng_v1,r11,overall,bertscore,0.6921788454055786,ok,,/data/L202500147/Caption/benchmark/later_caption_eval_runs_20260902_run01/emotiontalk/full/midasheng_v1_r11
midasheng_v1,r11,overall,clapscore,,unavailable,"stack expects each tensor to be equal size, but got [77] at entry 0 and [83] at entry 6",/data/L202500147/Caption/benchmark/later_caption_eval_runs_20260902_run01/emotiontalk/full/midasheng_v1_r11
midasheng_v1,r12,speaker,bleu_4,6.328257724220531e-15,ok,,/data/L202500147/Caption/benchmark/later_caption_eval_runs_20260902_run01/emotiontalk/full/midasheng_v1_r12
midasheng_v1,r12,speaker,rouge_l,0.3086535857302561,ok,,/data/L202500147/Caption/benchmark/later_caption_eval_runs_20260902_run01/emotiontalk/full/midasheng_v1_r12
midasheng_v1,r12,speaker,meteor,0.1494301567429057,ok,,/data/L202500147/Caption/benchmark/later_caption_eval_runs_20260902_run01/emotiontalk/full/midasheng_v1_r12
midasheng_v1,r12,speaker,spider,0.15252642634764552,ok,,/data/L202500147/Caption/benchmark/later_caption_eval_runs_20260902_run01/emotiontalk/full/midasheng_v1_r12
midasheng_v1,r12,speaker,fense,0.8004790490868796,ok,,/data/L202500147/Caption/benchmark/later_caption_eval_runs_20260902_run01/emotiontalk/full/midasheng_v1_r12
midasheng_v1,r12,speaker,bertscore,0.6801580786705017,ok,,/data/L202500147/Caption/benchmark/later_caption_eval_runs_20260902_run01/emotiontalk/full/midasheng_v1_r12
midasheng_v1,r12,speaker,clapscore,,unavailable,"stack expects each tensor to be equal size, but got [77] at entry 0 and [78] at entry 6",/data/L202500147/Caption/benchmark/later_caption_eval_runs_20260902_run01/emotiontalk/full/midasheng_v1_r12
midasheng_v1,r12,style,bleu_4,2.417350905064464e-06,ok,,/data/L202500147/Caption/benchmark/later_caption_eval_runs_20260902_run01/emotiontalk/full/midasheng_v1_r12
midasheng_v1,r12,style,rouge_l,0.3920786381290602,ok,,/data/L202500147/Caption/benchmark/later_caption_eval_runs_20260902_run01/emotiontalk/full/midasheng_v1_r12
midasheng_v1,r12,style,meteor,0.15386532585766496,ok,,/data/L202500147/Caption/benchmark/later_caption_eval_runs_20260902_run01/emotiontalk/full/midasheng_v1_r12
midasheng_v1,r12,style,spider,0.1875506312835595,ok,,/data/L202500147/Caption/benchmark/later_caption_eval_runs_20260902_run01/emotiontalk/full/midasheng_v1_r12
midasheng_v1,r12,style,fense,0.7184680655158326,ok,,/data/L202500147/Caption/benchmark/later_caption_eval_runs_20260902_run01/emotiontalk/full/midasheng_v1_r12
midasheng_v1,r12,style,bertscore,0.697255551815033,ok,,/data/L202500147/Caption/benchmark/later_caption_eval_runs_20260902_run01/emotiontalk/full/midasheng_v1_r12
midasheng_v1,r12,style,clapscore,,unavailable,"stack expects each tensor to be equal size, but got [77] at entry 0 and [82] at entry 1",/data/L202500147/Caption/benchmark/later_caption_eval_runs_20260902_run01/emotiontalk/full/midasheng_v1_r12
midasheng_v1,r12,emotion,bleu_4,1.254792306727633e-14,ok,,/data/L202500147/Caption/benchmark/later_caption_eval_runs_20260902_run01/emotiontalk/full/midasheng_v1_r12
midasheng_v1,r12,emotion,rouge_l,0.17757387739453137,ok,,/data/L202500147/Caption/benchmark/later_caption_eval_runs_20260902_run01/emotiontalk/full/midasheng_v1_r12
midasheng_v1,r12,emotion,meteor,0.07574990528174388,ok,,/data/L202500147/Caption/benchmark/later_caption_eval_runs_20260902_run01/emotiontalk/full/midasheng_v1_r12
midasheng_v1,r12,emotion,spider,0.08705042181233079,ok,,/data/L202500147/Caption/benchmark/later_caption_eval_runs_20260902_run01/emotiontalk/full/midasheng_v1_r12
midasheng_v1,r12,emotion,fense,0.8261520419175171,ok,,/data/L202500147/Caption/benchmark/later_caption_eval_runs_20260902_run01/emotiontalk/full/midasheng_v1_r12
midasheng_v1,r12,emotion,bertscore,0.6114939451217651,ok,,/data/L202500147/Caption/benchmark/later_caption_eval_runs_20260902_run01/emotiontalk/full/midasheng_v1_r12
midasheng_v1,r12,emotion,clapscore,,unavailable,"stack expects each tensor to be equal size, but got [77] at entry 0 and [79] at entry 5",/data/L202500147/Caption/benchmark/later_caption_eval_runs_20260902_run01/emotiontalk/full/midasheng_v1_r12
midasheng_v1,r12,overall,bleu_4,9.973446881773415e-07,ok,,/data/L202500147/Caption/benchmark/later_caption_eval_runs_20260902_run01/emotiontalk/full/midasheng_v1_r12
midasheng_v1,r12,overall,rouge_l,0.28471754817459316,ok,,/data/L202500147/Caption/benchmark/later_caption_eval_runs_20260902_run01/emotiontalk/full/midasheng_v1_r12
midasheng_v1,r12,overall,meteor,0.10198180681686035,ok,,/data/L202500147/Caption/benchmark/later_caption_eval_runs_20260902_run01/emotiontalk/full/midasheng_v1_r12
midasheng_v1,r12,overall,spider,0.059402485311123264,ok,,/data/L202500147/Caption/benchmark/later_caption_eval_runs_20260902_run01/emotiontalk/full/midasheng_v1_r12
midasheng_v1,r12,overall,fense,0.8850137558608799,ok,,/data/L202500147/Caption/benchmark/later_caption_eval_runs_20260902_run01/emotiontalk/full/midasheng_v1_r12
midasheng_v1,r12,overall,bertscore,0.691557765007019,ok,,/data/L202500147/Caption/benchmark/later_caption_eval_runs_20260902_run01/emotiontalk/full/midasheng_v1_r12
midasheng_v1,r12,overall,clapscore,,unavailable,"stack expects each tensor to be equal size, but got [77] at entry 0 and [83] at entry 6",/data/L202500147/Caption/benchmark/later_caption_eval_runs_20260902_run01/emotiontalk/full/midasheng_v1_r12
midasheng_rewardv2,base,speaker,bleu_4,2.465416962266183e-07,ok,,/data/L202500147/Caption/benchmark/emotiontalk_speech_captioning/runs/eight_models_20260901_run01/full/midasheng_base
midasheng_rewardv2,base,speaker,rouge_l,0.3088965383376973,ok,,/data/L202500147/Caption/benchmark/emotiontalk_speech_captioning/runs/eight_models_20260901_run01/full/midasheng_base
midasheng_rewardv2,base,speaker,meteor,0.1440955542289141,ok,,/data/L202500147/Caption/benchmark/emotiontalk_speech_captioning/runs/eight_models_20260901_run01/full/midasheng_base
midasheng_rewardv2,base,speaker,spider,0.14723203909490304,ok,,/data/L202500147/Caption/benchmark/emotiontalk_speech_captioning/runs/eight_models_20260901_run01/full/midasheng_base
midasheng_rewardv2,base,speaker,fense,0.7822191928167179,ok,,/data/L202500147/Caption/benchmark/emotiontalk_speech_captioning/runs/eight_models_20260901_run01/full/midasheng_base
midasheng_rewardv2,base,speaker,bertscore,0.6804758906364441,ok,,/data/L202500147/Caption/benchmark/emotiontalk_speech_captioning/runs/eight_models_20260901_run01/full/midasheng_base
midasheng_rewardv2,base,speaker,clapscore,,unavailable,"stack expects each tensor to be equal size, but got [77] at entry 0 and [86] at entry 1",/data/L202500147/Caption/benchmark/emotiontalk_speech_captioning/runs/eight_models_20260901_run01/full/midasheng_base
midasheng_rewardv2,base,style,bleu_4,0.01738683853329517,ok,,/data/L202500147/Caption/benchmark/emotiontalk_speech_captioning/runs/eight_models_20260901_run01/full/midasheng_base
midasheng_rewardv2,base,style,rouge_l,0.38485330554101516,ok,,/data/L202500147/Caption/benchmark/emotiontalk_speech_captioning/runs/eight_models_20260901_run01/full/midasheng_base
midasheng_rewardv2,base,style,meteor,0.14703134993837497,ok,,/data/L202500147/Caption/benchmark/emotiontalk_speech_captioning/runs/eight_models_20260901_run01/full/midasheng_base
midasheng_rewardv2,base,style,spider,0.16355019865420556,ok,,/data/L202500147/Caption/benchmark/emotiontalk_speech_captioning/runs/eight_models_20260901_run01/full/midasheng_base
midasheng_rewardv2,base,style,fense,0.7251624872271665,ok,,/data/L202500147/Caption/benchmark/emotiontalk_speech_captioning/runs/eight_models_20260901_run01/full/midasheng_base
midasheng_rewardv2,base,style,bertscore,0.7026079893112183,ok,,/data/L202500147/Caption/benchmark/emotiontalk_speech_captioning/runs/eight_models_20260901_run01/full/midasheng_base
midasheng_rewardv2,base,style,clapscore,,unavailable,"stack expects each tensor to be equal size, but got [77] at entry 0 and [79] at entry 2",/data/L202500147/Caption/benchmark/emotiontalk_speech_captioning/runs/eight_models_20260901_run01/full/midasheng_base
midasheng_rewardv2,base,emotion,bleu_4,1.0643070751799386e-14,ok,,/data/L202500147/Caption/benchmark/emotiontalk_speech_captioning/runs/eight_models_20260901_run01/full/midasheng_base
midasheng_rewardv2,base,emotion,rouge_l,0.13408285413827342,ok,,/data/L202500147/Caption/benchmark/emotiontalk_speech_captioning/runs/eight_models_20260901_run01/full/midasheng_base
midasheng_rewardv2,base,emotion,meteor,0.06416245008257591,ok,,/data/L202500147/Caption/benchmark/emotiontalk_speech_captioning/runs/eight_models_20260901_run01/full/midasheng_base
midasheng_rewardv2,base,emotion,spider,0.06329898506626992,ok,,/data/L202500147/Caption/benchmark/emotiontalk_speech_captioning/runs/eight_models_20260901_run01/full/midasheng_base
midasheng_rewardv2,base,emotion,fense,0.7955304344587836,ok,,/data/L202500147/Caption/benchmark/emotiontalk_speech_captioning/runs/eight_models_20260901_run01/full/midasheng_base
midasheng_rewardv2,base,emotion,bertscore,,unavailable,"Unable to create tensor, you should probably activate truncation and/or padding with 'padding=True' 'truncation=True' to have batched tensors with the same length. Perhaps your features (`input_ids` in this case) have excessive nesting (inputs type `list` where type `int` is expected).",/data/L202500147/Caption/benchmark/emotiontalk_speech_captioning/runs/eight_models_20260901_run01/full/midasheng_base
midasheng_rewardv2,base,emotion,clapscore,,unavailable,"stack expects each tensor to be equal size, but got [77] at entry 0 and [265] at entry 3",/data/L202500147/Caption/benchmark/emotiontalk_speech_captioning/runs/eight_models_20260901_run01/full/midasheng_base
midasheng_rewardv2,base,overall,bleu_4,1.165828070677223e-06,ok,,/data/L202500147/Caption/benchmark/emotiontalk_speech_captioning/runs/eight_models_20260901_run01/full/midasheng_base
midasheng_rewardv2,base,overall,rouge_l,0.2645554464881846,ok,,/data/L202500147/Caption/benchmark/emotiontalk_speech_captioning/runs/eight_models_20260901_run01/full/midasheng_base
midasheng_rewardv2,base,overall,meteor,0.09364280243789828,ok,,/data/L202500147/Caption/benchmark/emotiontalk_speech_captioning/runs/eight_models_20260901_run01/full/midasheng_base
midasheng_rewardv2,base,overall,spider,0.053341088483191836,ok,,/data/L202500147/Caption/benchmark/emotiontalk_speech_captioning/runs/eight_models_20260901_run01/full/midasheng_base
midasheng_rewardv2,base,overall,fense,0.8716476425659848,ok,,/data/L202500147/Caption/benchmark/emotiontalk_speech_captioning/runs/eight_models_20260901_run01/full/midasheng_base
midasheng_rewardv2,base,overall,bertscore,0.6908627152442932,ok,,/data/L202500147/Caption/benchmark/emotiontalk_speech_captioning/runs/eight_models_20260901_run01/full/midasheng_base
midasheng_rewardv2,base,overall,clapscore,,unavailable,"stack expects each tensor to be equal size, but got [77] at entry 0 and [79] at entry 5",/data/L202500147/Caption/benchmark/emotiontalk_speech_captioning/runs/eight_models_20260901_run01/full/midasheng_base
midasheng_rewardv2,r0,speaker,bleu_4,6.5747703351819745e-15,ok,,/data/L202500147/Caption/benchmark/later_caption_eval_runs_20260902_run01/emotiontalk/full/midasheng_rewardv2_r0
midasheng_rewardv2,r0,speaker,rouge_l,0.30537685250846447,ok,,/data/L202500147/Caption/benchmark/later_caption_eval_runs_20260902_run01/emotiontalk/full/midasheng_rewardv2_r0
midasheng_rewardv2,r0,speaker,meteor,0.1435232192418141,ok,,/data/L202500147/Caption/benchmark/later_caption_eval_runs_20260902_run01/emotiontalk/full/midasheng_rewardv2_r0
midasheng_rewardv2,r0,speaker,spider,0.14473136144544888,ok,,/data/L202500147/Caption/benchmark/later_caption_eval_runs_20260902_run01/emotiontalk/full/midasheng_rewardv2_r0
midasheng_rewardv2,r0,speaker,fense,0.7834682975673132,ok,,/data/L202500147/Caption/benchmark/later_caption_eval_runs_20260902_run01/emotiontalk/full/midasheng_rewardv2_r0
midasheng_rewardv2,r0,speaker,bertscore,0.6794940829277039,ok,,/data/L202500147/Caption/benchmark/later_caption_eval_runs_20260902_run01/emotiontalk/full/midasheng_rewardv2_r0
midasheng_rewardv2,r0,speaker,clapscore,,unavailable,"stack expects each tensor to be equal size, but got [77] at entry 0 and [86] at entry 1",/data/L202500147/Caption/benchmark/later_caption_eval_runs_20260902_run01/emotiontalk/full/midasheng_rewardv2_r0
midasheng_rewardv2,r0,style,bleu_4,2.5686510346370917e-06,ok,,/data/L202500147/Caption/benchmark/later_caption_eval_runs_20260902_run01/emotiontalk/full/midasheng_rewardv2_r0
midasheng_rewardv2,r0,style,rouge_l,0.38251294963030874,ok,,/data/L202500147/Caption/benchmark/later_caption_eval_runs_20260902_run01/emotiontalk/full/midasheng_rewardv2_r0
midasheng_rewardv2,r0,style,meteor,0.14638015307804267,ok,,/data/L202500147/Caption/benchmark/later_caption_eval_runs_20260902_run01/emotiontalk/full/midasheng_rewardv2_r0
midasheng_rewardv2,r0,style,spider,0.16226033221313216,ok,,/data/L202500147/Caption/benchmark/later_caption_eval_runs_20260902_run01/emotiontalk/full/midasheng_rewardv2_r0
midasheng_rewardv2,r0,style,fense,0.7277607479974233,ok,,/data/L202500147/Caption/benchmark/later_caption_eval_runs_20260902_run01/emotiontalk/full/midasheng_rewardv2_r0
midasheng_rewardv2,r0,style,bertscore,0.7023559808731079,ok,,/data/L202500147/Caption/benchmark/later_caption_eval_runs_20260902_run01/emotiontalk/full/midasheng_rewardv2_r0
midasheng_rewardv2,r0,style,clapscore,,unavailable,"stack expects each tensor to be equal size, but got [77] at entry 0 and [79] at entry 2",/data/L202500147/Caption/benchmark/later_caption_eval_runs_20260902_run01/emotiontalk/full/midasheng_rewardv2_r0
midasheng_rewardv2,r0,emotion,bleu_4,1.0819419822428832e-14,ok,,/data/L202500147/Caption/benchmark/later_caption_eval_runs_20260902_run01/emotiontalk/full/midasheng_rewardv2_r0
midasheng_rewardv2,r0,emotion,rouge_l,0.1411539924175867,ok,,/data/L202500147/Caption/benchmark/later_caption_eval_runs_20260902_run01/emotiontalk/full/midasheng_rewardv2_r0
midasheng_rewardv2,r0,emotion,meteor,0.06606900357093665,ok,,/data/L202500147/Caption/benchmark/later_caption_eval_runs_20260902_run01/emotiontalk/full/midasheng_rewardv2_r0
midasheng_rewardv2,r0,emotion,spider,0.06672043233955763,ok,,/data/L202500147/Caption/benchmark/later_caption_eval_runs_20260902_run01/emotiontalk/full/midasheng_rewardv2_r0
midasheng_rewardv2,r0,emotion,fense,0.7948773996857179,ok,,/data/L202500147/Caption/benchmark/later_caption_eval_runs_20260902_run01/emotiontalk/full/midasheng_rewardv2_r0
midasheng_rewardv2,r0,emotion,bertscore,,unavailable,"Unable to create tensor, you should probably activate truncation and/or padding with 'padding=True' 'truncation=True' to have batched tensors with the same length. Perhaps your features (`input_ids` in this case) have excessive nesting (inputs type `list` where type `int` is expected).",/data/L202500147/Caption/benchmark/later_caption_eval_runs_20260902_run01/emotiontalk/full/midasheng_rewardv2_r0
midasheng_rewardv2,r0,emotion,clapscore,,unavailable,"stack expects each tensor to be equal size, but got [77] at entry 0 and [265] at entry 3",/data/L202500147/Caption/benchmark/later_caption_eval_runs_20260902_run01/emotiontalk/full/midasheng_rewardv2_r0
midasheng_rewardv2,r0,overall,bleu_4,1.1034152977448333e-06,ok,,/data/L202500147/Caption/benchmark/later_caption_eval_runs_20260902_run01/emotiontalk/full/midasheng_rewardv2_r0
midasheng_rewardv2,r0,overall,rouge_l,0.26999432182561317,ok,,/data/L202500147/Caption/benchmark/later_caption_eval_runs_20260902_run01/emotiontalk/full/midasheng_rewardv2_r0
midasheng_rewardv2,r0,overall,meteor,0.09419077349403754,ok,,/data/L202500147/Caption/benchmark/later_caption_eval_runs_20260902_run01/emotiontalk/full/midasheng_rewardv2_r0
midasheng_rewardv2,r0,overall,spider,0.054860945500804524,ok,,/data/L202500147/Caption/benchmark/later_caption_eval_runs_20260902_run01/emotiontalk/full/midasheng_rewardv2_r0
midasheng_rewardv2,r0,overall,fense,0.8743168696892454,ok,,/data/L202500147/Caption/benchmark/later_caption_eval_runs_20260902_run01/emotiontalk/full/midasheng_rewardv2_r0
midasheng_rewardv2,r0,overall,bertscore,0.6895620822906494,ok,,/data/L202500147/Caption/benchmark/later_caption_eval_runs_20260902_run01/emotiontalk/full/midasheng_rewardv2_r0
midasheng_rewardv2,r0,overall,clapscore,,unavailable,"stack expects each tensor to be equal size, but got [77] at entry 0 and [79] at entry 5",/data/L202500147/Caption/benchmark/later_caption_eval_runs_20260902_run01/emotiontalk/full/midasheng_rewardv2_r0
midasheng_rewardv2,r1,speaker,bleu_4,6.598902615916892e-15,ok,,/data/L202500147/Caption/benchmark/later_caption_eval_runs_20260902_run01/emotiontalk/full/midasheng_rewardv2_r1
midasheng_rewardv2,r1,speaker,rouge_l,0.3044311778673793,ok,,/data/L202500147/Caption/benchmark/later_caption_eval_runs_20260902_run01/emotiontalk/full/midasheng_rewardv2_r1
midasheng_rewardv2,r1,speaker,meteor,0.14379218597036836,ok,,/data/L202500147/Caption/benchmark/later_caption_eval_runs_20260902_run01/emotiontalk/full/midasheng_rewardv2_r1
midasheng_rewardv2,r1,speaker,spider,0.14450348479830724,ok,,/data/L202500147/Caption/benchmark/later_caption_eval_runs_20260902_run01/emotiontalk/full/midasheng_rewardv2_r1
midasheng_rewardv2,r1,speaker,fense,0.7860068658771386,ok,,/data/L202500147/Caption/benchmark/later_caption_eval_runs_20260902_run01/emotiontalk/full/midasheng_rewardv2_r1
midasheng_rewardv2,r1,speaker,bertscore,0.6800632476806641,ok,,/data/L202500147/Caption/benchmark/later_caption_eval_runs_20260902_run01/emotiontalk/full/midasheng_rewardv2_r1
midasheng_rewardv2,r1,speaker,clapscore,,unavailable,"stack expects each tensor to be equal size, but got [77] at entry 0 and [86] at entry 1",/data/L202500147/Caption/benchmark/later_caption_eval_runs_20260902_run01/emotiontalk/full/midasheng_rewardv2_r1
midasheng_rewardv2,r1,style,bleu_4,0.01760554998125609,ok,,/data/L202500147/Caption/benchmark/later_caption_eval_runs_20260902_run01/emotiontalk/full/midasheng_rewardv2_r1
midasheng_rewardv2,r1,style,rouge_l,0.3851302163724589,ok,,/data/L202500147/Caption/benchmark/later_caption_eval_runs_20260902_run01/emotiontalk/full/midasheng_rewardv2_r1
midasheng_rewardv2,r1,style,meteor,0.14777249404963688,ok,,/data/L202500147/Caption/benchmark/later_caption_eval_runs_20260902_run01/emotiontalk/full/midasheng_rewardv2_r1
midasheng_rewardv2,r1,style,spider,0.16557320053725796,ok,,/data/L202500147/Caption/benchmark/later_caption_eval_runs_20260902_run01/emotiontalk/full/midasheng_rewardv2_r1
midasheng_rewardv2,r1,style,fense,0.7239356723766119,ok,,/data/L202500147/Caption/benchmark/later_caption_eval_runs_20260902_run01/emotiontalk/full/midasheng_rewardv2_r1
midasheng_rewardv2,r1,style,bertscore,0.7037219405174255,ok,,/data/L202500147/Caption/benchmark/later_caption_eval_runs_20260902_run01/emotiontalk/full/midasheng_rewardv2_r1
midasheng_rewardv2,r1,style,clapscore,,unavailable,"stack expects each tensor to be equal size, but got [77] at entry 0 and [79] at entry 2",/data/L202500147/Caption/benchmark/later_caption_eval_runs_20260902_run01/emotiontalk/full/midasheng_rewardv2_r1
midasheng_rewardv2,r1,emotion,bleu_4,1.079476183668161e-14,ok,,/data/L202500147/Caption/benchmark/later_caption_eval_runs_20260902_run01/emotiontalk/full/midasheng_rewardv2_r1
midasheng_rewardv2,r1,emotion,rouge_l,0.13682495422089494,ok,,/data/L202500147/Caption/benchmark/later_caption_eval_runs_20260902_run01/emotiontalk/full/midasheng_rewardv2_r1
midasheng_rewardv2,r1,emotion,meteor,0.0634764364263651,ok,,/data/L202500147/Caption/benchmark/later_caption_eval_runs_20260902_run01/emotiontalk/full/midasheng_rewardv2_r1
midasheng_rewardv2,r1,emotion,spider,0.06462578199774263,ok,,/data/L202500147/Caption/benchmark/later_caption_eval_runs_20260902_run01/emotiontalk/full/midasheng_rewardv2_r1
midasheng_rewardv2,r1,emotion,fense,0.7958884851156337,ok,,/data/L202500147/Caption/benchmark/later_caption_eval_runs_20260902_run01/emotiontalk/full/midasheng_rewardv2_r1
midasheng_rewardv2,r1,emotion,bertscore,,unavailable,"Unable to create tensor, you should probably activate truncation and/or padding with 'padding=True' 'truncation=True' to have batched tensors with the same length. Perhaps your features (`input_ids` in this case) have excessive nesting (inputs type `list` where type `int` is expected).",/data/L202500147/Caption/benchmark/later_caption_eval_runs_20260902_run01/emotiontalk/full/midasheng_rewardv2_r1
midasheng_rewardv2,r1,emotion,clapscore,,unavailable,"stack expects each tensor to be equal size, but got [77] at entry 0 and [265] at entry 3",/data/L202500147/Caption/benchmark/later_caption_eval_runs_20260902_run01/emotiontalk/full/midasheng_rewardv2_r1
midasheng_rewardv2,r1,overall,bleu_4,1.185185556984481e-06,ok,,/data/L202500147/Caption/benchmark/later_caption_eval_runs_20260902_run01/emotiontalk/full/midasheng_rewardv2_r1
midasheng_rewardv2,r1,overall,rouge_l,0.26974345250231263,ok,,/data/L202500147/Caption/benchmark/later_caption_eval_runs_20260902_run01/emotiontalk/full/midasheng_rewardv2_r1
midasheng_rewardv2,r1,overall,meteor,0.09433836293285319,ok,,/data/L202500147/Caption/benchmark/later_caption_eval_runs_20260902_run01/emotiontalk/full/midasheng_rewardv2_r1
midasheng_rewardv2,r1,overall,spider,0.05467185098220416,ok,,/data/L202500147/Caption/benchmark/later_caption_eval_runs_20260902_run01/emotiontalk/full/midasheng_rewardv2_r1
midasheng_rewardv2,r1,overall,fense,0.873086344960936,ok,,/data/L202500147/Caption/benchmark/later_caption_eval_runs_20260902_run01/emotiontalk/full/midasheng_rewardv2_r1
midasheng_rewardv2,r1,overall,bertscore,0.6926571726799011,ok,,/data/L202500147/Caption/benchmark/later_caption_eval_runs_20260902_run01/emotiontalk/full/midasheng_rewardv2_r1
midasheng_rewardv2,r1,overall,clapscore,,unavailable,"stack expects each tensor to be equal size, but got [77] at entry 0 and [79] at entry 5",/data/L202500147/Caption/benchmark/later_caption_eval_runs_20260902_run01/emotiontalk/full/midasheng_rewardv2_r1
midasheng_rewardv2,r2,speaker,bleu_4,2.4738899555791334e-07,ok,,/data/L202500147/Caption/benchmark/later_caption_eval_runs_20260902_run01/emotiontalk/full/midasheng_rewardv2_r2
midasheng_rewardv2,r2,speaker,rouge_l,0.30636653337575487,ok,,/data/L202500147/Caption/benchmark/later_caption_eval_runs_20260902_run01/emotiontalk/full/midasheng_rewardv2_r2
midasheng_rewardv2,r2,speaker,meteor,0.1439169393868018,ok,,/data/L202500147/Caption/benchmark/later_caption_eval_runs_20260902_run01/emotiontalk/full/midasheng_rewardv2_r2
midasheng_rewardv2,r2,speaker,spider,0.14659240658168163,ok,,/data/L202500147/Caption/benchmark/later_caption_eval_runs_20260902_run01/emotiontalk/full/midasheng_rewardv2_r2
midasheng_rewardv2,r2,speaker,fense,0.7827080930033268,ok,,/data/L202500147/Caption/benchmark/later_caption_eval_runs_20260902_run01/emotiontalk/full/midasheng_rewardv2_r2
midasheng_rewardv2,r2,speaker,bertscore,0.6801731586456299,ok,,/data/L202500147/Caption/benchmark/later_caption_eval_runs_20260902_run01/emotiontalk/full/midasheng_rewardv2_r2
midasheng_rewardv2,r2,speaker,clapscore,,unavailable,"stack expects each tensor to be equal size, but got [77] at entry 0 and [86] at entry 1",/data/L202500147/Caption/benchmark/later_caption_eval_runs_20260902_run01/emotiontalk/full/midasheng_rewardv2_r2
midasheng_rewardv2,r2,style,bleu_4,0.017406068528355703,ok,,/data/L202500147/Caption/benchmark/later_caption_eval_runs_20260902_run01/emotiontalk/full/midasheng_rewardv2_r2
midasheng_rewardv2,r2,style,rouge_l,0.38326669987726053,ok,,/data/L202500147/Caption/benchmark/later_caption_eval_runs_20260902_run01/emotiontalk/full/midasheng_rewardv2_r2
midasheng_rewardv2,r2,style,meteor,0.14717664839776384,ok,,/data/L202500147/Caption/benchmark/later_caption_eval_runs_20260902_run01/emotiontalk/full/midasheng_rewardv2_r2
midasheng_rewardv2,r2,style,spider,0.16366405821907037,ok,,/data/L202500147/Caption/benchmark/later_caption_eval_runs_20260902_run01/emotiontalk/full/midasheng_rewardv2_r2
midasheng_rewardv2,r2,style,fense,0.7219222998853912,ok,,/data/L202500147/Caption/benchmark/later_caption_eval_runs_20260902_run01/emotiontalk/full/midasheng_rewardv2_r2
midasheng_rewardv2,r2,style,bertscore,0.7035631537437439,ok,,/data/L202500147/Caption/benchmark/later_caption_eval_runs_20260902_run01/emotiontalk/full/midasheng_rewardv2_r2
midasheng_rewardv2,r2,style,clapscore,,unavailable,"stack expects each tensor to be equal size, but got [77] at entry 0 and [79] at entry 2",/data/L202500147/Caption/benchmark/later_caption_eval_runs_20260902_run01/emotiontalk/full/midasheng_rewardv2_r2
midasheng_rewardv2,r2,emotion,bleu_4,1.0674203338257708e-14,ok,,/data/L202500147/Caption/benchmark/later_caption_eval_runs_20260902_run01/emotiontalk/full/midasheng_rewardv2_r2
midasheng_rewardv2,r2,emotion,rouge_l,0.13509089511447356,ok,,/data/L202500147/Caption/benchmark/later_caption_eval_runs_20260902_run01/emotiontalk/full/midasheng_rewardv2_r2
midasheng_rewardv2,r2,emotion,meteor,0.06393137593939562,ok,,/data/L202500147/Caption/benchmark/later_caption_eval_runs_20260902_run01/emotiontalk/full/midasheng_rewardv2_r2
midasheng_rewardv2,r2,emotion,spider,0.06394664304534384,ok,,/data/L202500147/Caption/benchmark/later_caption_eval_runs_20260902_run01/emotiontalk/full/midasheng_rewardv2_r2
midasheng_rewardv2,r2,emotion,fense,0.797920727250859,ok,,/data/L202500147/Caption/benchmark/later_caption_eval_runs_20260902_run01/emotiontalk/full/midasheng_rewardv2_r2
midasheng_rewardv2,r2,emotion,bertscore,,unavailable,"Unable to create tensor, you should probably activate truncation and/or padding with 'padding=True' 'truncation=True' to have batched tensors with the same length. Perhaps your features (`input_ids` in this case) have excessive nesting (inputs type `list` where type `int` is expected).",/data/L202500147/Caption/benchmark/later_caption_eval_runs_20260902_run01/emotiontalk/full/midasheng_rewardv2_r2
midasheng_rewardv2,r2,emotion,clapscore,,unavailable,"stack expects each tensor to be equal size, but got [77] at entry 0 and [265] at entry 3",/data/L202500147/Caption/benchmark/later_caption_eval_runs_20260902_run01/emotiontalk/full/midasheng_rewardv2_r2
midasheng_rewardv2,r2,overall,bleu_4,1.1695220945547986e-06,ok,,/data/L202500147/Caption/benchmark/later_caption_eval_runs_20260902_run01/emotiontalk/full/midasheng_rewardv2_r2
midasheng_rewardv2,r2,overall,rouge_l,0.26780088342395314,ok,,/data/L202500147/Caption/benchmark/later_caption_eval_runs_20260902_run01/emotiontalk/full/midasheng_rewardv2_r2
midasheng_rewardv2,r2,overall,meteor,0.09353290264676109,ok,,/data/L202500147/Caption/benchmark/later_caption_eval_runs_20260902_run01/emotiontalk/full/midasheng_rewardv2_r2
midasheng_rewardv2,r2,overall,spider,0.054416864105195605,ok,,/data/L202500147/Caption/benchmark/later_caption_eval_runs_20260902_run01/emotiontalk/full/midasheng_rewardv2_r2
midasheng_rewardv2,r2,overall,fense,0.8732328053457618,ok,,/data/L202500147/Caption/benchmark/later_caption_eval_runs_20260902_run01/emotiontalk/full/midasheng_rewardv2_r2
midasheng_rewardv2,r2,overall,bertscore,0.6899299621582031,ok,,/data/L202500147/Caption/benchmark/later_caption_eval_runs_20260902_run01/emotiontalk/full/midasheng_rewardv2_r2
midasheng_rewardv2,r2,overall,clapscore,,unavailable,"stack expects each tensor to be equal size, but got [77] at entry 0 and [79] at entry 5",/data/L202500147/Caption/benchmark/later_caption_eval_runs_20260902_run01/emotiontalk/full/midasheng_rewardv2_r2
midasheng_rewardv2,r3,speaker,bleu_4,6.561731486452155e-15,ok,,/data/L202500147/Caption/benchmark/later_caption_eval_runs_20260902_run01/emotiontalk/full/midasheng_rewardv2_r3
midasheng_rewardv2,r3,speaker,rouge_l,0.3058164323552141,ok,,/data/L202500147/Caption/benchmark/later_caption_eval_runs_20260902_run01/emotiontalk/full/midasheng_rewardv2_r3
midasheng_rewardv2,r3,speaker,meteor,0.14328571852135014,ok,,/data/L202500147/Caption/benchmark/later_caption_eval_runs_20260902_run01/emotiontalk/full/midasheng_rewardv2_r3
midasheng_rewardv2,r3,speaker,spider,0.14519646497755934,ok,,/data/L202500147/Caption/benchmark/later_caption_eval_runs_20260902_run01/emotiontalk/full/midasheng_rewardv2_r3
midasheng_rewardv2,r3,speaker,fense,0.7840864082115682,ok,,/data/L202500147/Caption/benchmark/later_caption_eval_runs_20260902_run01/emotiontalk/full/midasheng_rewardv2_r3
midasheng_rewardv2,r3,speaker,bertscore,0.6793789267539978,ok,,/data/L202500147/Caption/benchmark/later_caption_eval_runs_20260902_run01/emotiontalk/full/midasheng_rewardv2_r3
midasheng_rewardv2,r3,speaker,clapscore,,unavailable,"stack expects each tensor to be equal size, but got [77] at entry 0 and [86] at entry 1",/data/L202500147/Caption/benchmark/later_caption_eval_runs_20260902_run01/emotiontalk/full/midasheng_rewardv2_r3
midasheng_rewardv2,r3,style,bleu_4,0.017701547198747784,ok,,/data/L202500147/Caption/benchmark/later_caption_eval_runs_20260902_run01/emotiontalk/full/midasheng_rewardv2_r3
midasheng_rewardv2,r3,style,rouge_l,0.384926441622466,ok,,/data/L202500147/Caption/benchmark/later_caption_eval_runs_20260902_run01/emotiontalk/full/midasheng_rewardv2_r3
midasheng_rewardv2,r3,style,meteor,0.14764336264755168,ok,,/data/L202500147/Caption/benchmark/later_caption_eval_runs_20260902_run01/emotiontalk/full/midasheng_rewardv2_r3
midasheng_rewardv2,r3,style,spider,0.16391876214748116,ok,,/data/L202500147/Caption/benchmark/later_caption_eval_runs_20260902_run01/emotiontalk/full/midasheng_rewardv2_r3
midasheng_rewardv2,r3,style,fense,0.7255727035724913,ok,,/data/L202500147/Caption/benchmark/later_caption_eval_runs_20260902_run01/emotiontalk/full/midasheng_rewardv2_r3
midasheng_rewardv2,r3,style,bertscore,0.7036618590354919,ok,,/data/L202500147/Caption/benchmark/later_caption_eval_runs_20260902_run01/emotiontalk/full/midasheng_rewardv2_r3
midasheng_rewardv2,r3,style,clapscore,,unavailable,"stack expects each tensor to be equal size, but got [77] at entry 0 and [79] at entry 2",/data/L202500147/Caption/benchmark/later_caption_eval_runs_20260902_run01/emotiontalk/full/midasheng_rewardv2_r3
midasheng_rewardv2,r3,emotion,bleu_4,1.079816855972982e-14,ok,,/data/L202500147/Caption/benchmark/later_caption_eval_runs_20260902_run01/emotiontalk/full/midasheng_rewardv2_r3
midasheng_rewardv2,r3,emotion,rouge_l,0.134413229512013,ok,,/data/L202500147/Caption/benchmark/later_caption_eval_runs_20260902_run01/emotiontalk/full/midasheng_rewardv2_r3
midasheng_rewardv2,r3,emotion,meteor,0.0633426620551219,ok,,/data/L202500147/Caption/benchmark/later_caption_eval_runs_20260902_run01/emotiontalk/full/midasheng_rewardv2_r3
midasheng_rewardv2,r3,emotion,spider,0.06377659210375981,ok,,/data/L202500147/Caption/benchmark/later_caption_eval_runs_20260902_run01/emotiontalk/full/midasheng_rewardv2_r3
midasheng_rewardv2,r3,emotion,fense,0.7951170306646991,ok,,/data/L202500147/Caption/benchmark/later_caption_eval_runs_20260902_run01/emotiontalk/full/midasheng_rewardv2_r3
midasheng_rewardv2,r3,emotion,bertscore,,unavailable,"Unable to create tensor, you should probably activate truncation and/or padding with 'padding=True' 'truncation=True' to have batched tensors with the same length. Perhaps your features (`input_ids` in this case) have excessive nesting (inputs type `list` where type `int` is expected).",/data/L202500147/Caption/benchmark/later_caption_eval_runs_20260902_run01/emotiontalk/full/midasheng_rewardv2_r3
midasheng_rewardv2,r3,emotion,clapscore,,unavailable,"stack expects each tensor to be equal size, but got [77] at entry 0 and [267] at entry 3",/data/L202500147/Caption/benchmark/later_caption_eval_runs_20260902_run01/emotiontalk/full/midasheng_rewardv2_r3
midasheng_rewardv2,r3,overall,bleu_4,1.1284671837322377e-06,ok,,/data/L202500147/Caption/benchmark/later_caption_eval_runs_20260902_run01/emotiontalk/full/midasheng_rewardv2_r3
midasheng_rewardv2,r3,overall,rouge_l,0.26889400367688693,ok,,/data/L202500147/Caption/benchmark/later_caption_eval_runs_20260902_run01/emotiontalk/full/midasheng_rewardv2_r3
midasheng_rewardv2,r3,overall,meteor,0.09399010447925825,ok,,/data/L202500147/Caption/benchmark/later_caption_eval_runs_20260902_run01/emotiontalk/full/midasheng_rewardv2_r3
midasheng_rewardv2,r3,overall,spider,0.05451458615779969,ok,,/data/L202500147/Caption/benchmark/later_caption_eval_runs_20260902_run01/emotiontalk/full/midasheng_rewardv2_r3
midasheng_rewardv2,r3,overall,fense,0.874017371255045,ok,,/data/L202500147/Caption/benchmark/later_caption_eval_runs_20260902_run01/emotiontalk/full/midasheng_rewardv2_r3
midasheng_rewardv2,r3,overall,bertscore,0.6899284720420837,ok,,/data/L202500147/Caption/benchmark/later_caption_eval_runs_20260902_run01/emotiontalk/full/midasheng_rewardv2_r3
midasheng_rewardv2,r3,overall,clapscore,,unavailable,"stack expects each tensor to be equal size, but got [77] at entry 0 and [79] at entry 5",/data/L202500147/Caption/benchmark/later_caption_eval_runs_20260902_run01/emotiontalk/full/midasheng_rewardv2_r3
midasheng_rewardv2,r4,speaker,bleu_4,6.586796339832811e-15,ok,,/data/L202500147/Caption/benchmark/later_caption_eval_runs_20260902_run01/emotiontalk/full/midasheng_rewardv2_r4
midasheng_rewardv2,r4,speaker,rouge_l,0.303174914741978,ok,,/data/L202500147/Caption/benchmark/later_caption_eval_runs_20260902_run01/emotiontalk/full/midasheng_rewardv2_r4
midasheng_rewardv2,r4,speaker,meteor,0.14378035666347033,ok,,/data/L202500147/Caption/benchmark/later_caption_eval_runs_20260902_run01/emotiontalk/full/midasheng_rewardv2_r4
midasheng_rewardv2,r4,speaker,spider,0.14411117508344065,ok,,/data/L202500147/Caption/benchmark/later_caption_eval_runs_20260902_run01/emotiontalk/full/midasheng_rewardv2_r4
midasheng_rewardv2,r4,speaker,fense,0.7811803288259551,ok,,/data/L202500147/Caption/benchmark/later_caption_eval_runs_20260902_run01/emotiontalk/full/midasheng_rewardv2_r4
midasheng_rewardv2,r4,speaker,bertscore,0.679588258266449,ok,,/data/L202500147/Caption/benchmark/later_caption_eval_runs_20260902_run01/emotiontalk/full/midasheng_rewardv2_r4
midasheng_rewardv2,r4,speaker,clapscore,,unavailable,"stack expects each tensor to be equal size, but got [77] at entry 0 and [86] at entry 1",/data/L202500147/Caption/benchmark/later_caption_eval_runs_20260902_run01/emotiontalk/full/midasheng_rewardv2_r4
midasheng_rewardv2,r4,style,bleu_4,0.017282307268710516,ok,,/data/L202500147/Caption/benchmark/later_caption_eval_runs_20260902_run01/emotiontalk/full/midasheng_rewardv2_r4
midasheng_rewardv2,r4,style,rouge_l,0.3850850467717478,ok,,/data/L202500147/Caption/benchmark/later_caption_eval_runs_20260902_run01/emotiontalk/full/midasheng_rewardv2_r4
midasheng_rewardv2,r4,style,meteor,0.14667929905171498,ok,,/data/L202500147/Caption/benchmark/later_caption_eval_runs_20260902_run01/emotiontalk/full/midasheng_rewardv2_r4
midasheng_rewardv2,r4,style,spider,0.16480485597874248,ok,,/data/L202500147/Caption/benchmark/later_caption_eval_runs_20260902_run01/emotiontalk/full/midasheng_rewardv2_r4
midasheng_rewardv2,r4,style,fense,0.7231526621949061,ok,,/data/L202500147/Caption/benchmark/later_caption_eval_runs_20260902_run01/emotiontalk/full/midasheng_rewardv2_r4
midasheng_rewardv2,r4,style,bertscore,0.702045738697052,ok,,/data/L202500147/Caption/benchmark/later_caption_eval_runs_20260902_run01/emotiontalk/full/midasheng_rewardv2_r4
midasheng_rewardv2,r4,style,clapscore,,unavailable,"stack expects each tensor to be equal size, but got [77] at entry 0 and [79] at entry 2",/data/L202500147/Caption/benchmark/later_caption_eval_runs_20260902_run01/emotiontalk/full/midasheng_rewardv2_r4
midasheng_rewardv2,r4,emotion,bleu_4,1.091922412194697e-14,ok,,/data/L202500147/Caption/benchmark/later_caption_eval_runs_20260902_run01/emotiontalk/full/midasheng_rewardv2_r4
midasheng_rewardv2,r4,emotion,rouge_l,0.14070583381306082,ok,,/data/L202500147/Caption/benchmark/later_caption_eval_runs_20260902_run01/emotiontalk/full/midasheng_rewardv2_r4
midasheng_rewardv2,r4,emotion,meteor,0.06540844106087994,ok,,/data/L202500147/Caption/benchmark/later_caption_eval_runs_20260902_run01/emotiontalk/full/midasheng_rewardv2_r4
midasheng_rewardv2,r4,emotion,spider,0.06689873357276616,ok,,/data/L202500147/Caption/benchmark/later_caption_eval_runs_20260902_run01/emotiontalk/full/midasheng_rewardv2_r4
midasheng_rewardv2,r4,emotion,fense,0.7964827355169273,ok,,/data/L202500147/Caption/benchmark/later_caption_eval_runs_20260902_run01/emotiontalk/full/midasheng_rewardv2_r4
midasheng_rewardv2,r4,emotion,bertscore,0.5947122573852539,ok,,/data/L202500147/Caption/benchmark/later_caption_eval_runs_20260902_run01/emotiontalk/full/midasheng_rewardv2_r4
midasheng_rewardv2,r4,emotion,clapscore,,unavailable,"stack expects each tensor to be equal size, but got [77] at entry 0 and [105] at entry 2",/data/L202500147/Caption/benchmark/later_caption_eval_runs_20260902_run01/emotiontalk/full/midasheng_rewardv2_r4
midasheng_rewardv2,r4,overall,bleu_4,1.1128858272162656e-06,ok,,/data/L202500147/Caption/benchmark/later_caption_eval_runs_20260902_run01/emotiontalk/full/midasheng_rewardv2_r4
midasheng_rewardv2,r4,overall,rouge_l,0.2698014536893781,ok,,/data/L202500147/Caption/benchmark/later_caption_eval_runs_20260902_run01/emotiontalk/full/midasheng_rewardv2_r4
midasheng_rewardv2,r4,overall,meteor,0.09442050728967284,ok,,/data/L202500147/Caption/benchmark/later_caption_eval_runs_20260902_run01/emotiontalk/full/midasheng_rewardv2_r4
midasheng_rewardv2,r4,overall,spider,0.05484522504772144,ok,,/data/L202500147/Caption/benchmark/later_caption_eval_runs_20260902_run01/emotiontalk/full/midasheng_rewardv2_r4
midasheng_rewardv2,r4,overall,fense,0.8748294346656375,ok,,/data/L202500147/Caption/benchmark/later_caption_eval_runs_20260902_run01/emotiontalk/full/midasheng_rewardv2_r4
midasheng_rewardv2,r4,overall,bertscore,0.6899964809417725,ok,,/data/L202500147/Caption/benchmark/later_caption_eval_runs_20260902_run01/emotiontalk/full/midasheng_rewardv2_r4
midasheng_rewardv2,r4,overall,clapscore,,unavailable,"stack expects each tensor to be equal size, but got [77] at entry 0 and [78] at entry 5",/data/L202500147/Caption/benchmark/later_caption_eval_runs_20260902_run01/emotiontalk/full/midasheng_rewardv2_r4
midasheng_rewardv2,r5,speaker,bleu_4,2.48720818245356e-07,ok,,/data/L202500147/Caption/benchmark/later_caption_eval_runs_20260902_run01/emotiontalk/full/midasheng_rewardv2_r5
midasheng_rewardv2,r5,speaker,rouge_l,0.30263836791079846,ok,,/data/L202500147/Caption/benchmark/later_caption_eval_runs_20260902_run01/emotiontalk/full/midasheng_rewardv2_r5
midasheng_rewardv2,r5,speaker,meteor,0.14323988749682198,ok,,/data/L202500147/Caption/benchmark/later_caption_eval_runs_20260902_run01/emotiontalk/full/midasheng_rewardv2_r5
midasheng_rewardv2,r5,speaker,spider,0.14381377712609594,ok,,/data/L202500147/Caption/benchmark/later_caption_eval_runs_20260902_run01/emotiontalk/full/midasheng_rewardv2_r5
midasheng_rewardv2,r5,speaker,fense,0.7847078342861682,ok,,/data/L202500147/Caption/benchmark/later_caption_eval_runs_20260902_run01/emotiontalk/full/midasheng_rewardv2_r5
midasheng_rewardv2,r5,speaker,bertscore,0.6795582175254822,ok,,/data/L202500147/Caption/benchmark/later_caption_eval_runs_20260902_run01/emotiontalk/full/midasheng_rewardv2_r5
midasheng_rewardv2,r5,speaker,clapscore,,unavailable,"stack expects each tensor to be equal size, but got [77] at entry 0 and [86] at entry 1",/data/L202500147/Caption/benchmark/later_caption_eval_runs_20260902_run01/emotiontalk/full/midasheng_rewardv2_r5
midasheng_rewardv2,r5,style,bleu_4,0.01732180651144071,ok,,/data/L202500147/Caption/benchmark/later_caption_eval_runs_20260902_run01/emotiontalk/full/midasheng_rewardv2_r5
midasheng_rewardv2,r5,style,rouge_l,0.3820157363307361,ok,,/data/L202500147/Caption/benchmark/later_caption_eval_runs_20260902_run01/emotiontalk/full/midasheng_rewardv2_r5
midasheng_rewardv2,r5,style,meteor,0.14670828055929644,ok,,/data/L202500147/Caption/benchmark/later_caption_eval_runs_20260902_run01/emotiontalk/full/midasheng_rewardv2_r5
midasheng_rewardv2,r5,style,spider,0.16244963270270793,ok,,/data/L202500147/Caption/benchmark/later_caption_eval_runs_20260902_run01/emotiontalk/full/midasheng_rewardv2_r5
midasheng_rewardv2,r5,style,fense,0.726162870678647,ok,,/data/L202500147/Caption/benchmark/later_caption_eval_runs_20260902_run01/emotiontalk/full/midasheng_rewardv2_r5
midasheng_rewardv2,r5,style,bertscore,0.7023636102676392,ok,,/data/L202500147/Caption/benchmark/later_caption_eval_runs_20260902_run01/emotiontalk/full/midasheng_rewardv2_r5
midasheng_rewardv2,r5,style,clapscore,,unavailable,"stack expects each tensor to be equal size, but got [77] at entry 0 and [79] at entry 2",/data/L202500147/Caption/benchmark/later_caption_eval_runs_20260902_run01/emotiontalk/full/midasheng_rewardv2_r5
midasheng_rewardv2,r5,emotion,bleu_4,1.0733019470570404e-14,ok,,/data/L202500147/Caption/benchmark/later_caption_eval_runs_20260902_run01/emotiontalk/full/midasheng_rewardv2_r5
midasheng_rewardv2,r5,emotion,rouge_l,0.13568223803128285,ok,,/data/L202500147/Caption/benchmark/later_caption_eval_runs_20260902_run01/emotiontalk/full/midasheng_rewardv2_r5
midasheng_rewardv2,r5,emotion,meteor,0.0642423303055351,ok,,/data/L202500147/Caption/benchmark/later_caption_eval_runs_20260902_run01/emotiontalk/full/midasheng_rewardv2_r5
midasheng_rewardv2,r5,emotion,spider,0.06415789453959571,ok,,/data/L202500147/Caption/benchmark/later_caption_eval_runs_20260902_run01/emotiontalk/full/midasheng_rewardv2_r5
midasheng_rewardv2,r5,emotion,fense,0.7956821525603641,ok,,/data/L202500147/Caption/benchmark/later_caption_eval_runs_20260902_run01/emotiontalk/full/midasheng_rewardv2_r5
midasheng_rewardv2,r5,emotion,bertscore,,unavailable,"Unable to create tensor, you should probably activate truncation and/or padding with 'padding=True' 'truncation=True' to have batched tensors with the same length. Perhaps your features (`input_ids` in this case) have excessive nesting (inputs type `list` where type `int` is expected).",/data/L202500147/Caption/benchmark/later_caption_eval_runs_20260902_run01/emotiontalk/full/midasheng_rewardv2_r5
midasheng_rewardv2,r5,emotion,clapscore,,unavailable,"stack expects each tensor to be equal size, but got [77] at entry 0 and [265] at entry 3",/data/L202500147/Caption/benchmark/later_caption_eval_runs_20260902_run01/emotiontalk/full/midasheng_rewardv2_r5
midasheng_rewardv2,r5,overall,bleu_4,1.0683543363997527e-06,ok,,/data/L202500147/Caption/benchmark/later_caption_eval_runs_20260902_run01/emotiontalk/full/midasheng_rewardv2_r5
midasheng_rewardv2,r5,overall,rouge_l,0.2691760789043459,ok,,/data/L202500147/Caption/benchmark/later_caption_eval_runs_20260902_run01/emotiontalk/full/midasheng_rewardv2_r5
midasheng_rewardv2,r5,overall,meteor,0.09439147116292566,ok,,/data/L202500147/Caption/benchmark/later_caption_eval_runs_20260902_run01/emotiontalk/full/midasheng_rewardv2_r5
midasheng_rewardv2,r5,overall,spider,0.05455133220518298,ok,,/data/L202500147/Caption/benchmark/later_caption_eval_runs_20260902_run01/emotiontalk/full/midasheng_rewardv2_r5
midasheng_rewardv2,r5,overall,fense,0.8737348503649945,ok,,/data/L202500147/Caption/benchmark/later_caption_eval_runs_20260902_run01/emotiontalk/full/midasheng_rewardv2_r5
midasheng_rewardv2,r5,overall,bertscore,0.6914123296737671,ok,,/data/L202500147/Caption/benchmark/later_caption_eval_runs_20260902_run01/emotiontalk/full/midasheng_rewardv2_r5
midasheng_rewardv2,r5,overall,clapscore,,unavailable,"stack expects each tensor to be equal size, but got [77] at entry 0 and [78] at entry 5",/data/L202500147/Caption/benchmark/later_caption_eval_runs_20260902_run01/emotiontalk/full/midasheng_rewardv2_r5
midasheng_rewardv2,r6,speaker,bleu_4,2.4677364828031886e-07,ok,,/data/L202500147/Caption/benchmark/later_caption_eval_runs_20260902_run01/emotiontalk/full/midasheng_rewardv2_r6
midasheng_rewardv2,r6,speaker,rouge_l,0.3048182497155451,ok,,/data/L202500147/Caption/benchmark/later_caption_eval_runs_20260902_run01/emotiontalk/full/midasheng_rewardv2_r6
midasheng_rewardv2,r6,speaker,meteor,0.14413519330735805,ok,,/data/L202500147/Caption/benchmark/later_caption_eval_runs_20260902_run01/emotiontalk/full/midasheng_rewardv2_r6
midasheng_rewardv2,r6,speaker,spider,0.146153751058469,ok,,/data/L202500147/Caption/benchmark/later_caption_eval_runs_20260902_run01/emotiontalk/full/midasheng_rewardv2_r6
midasheng_rewardv2,r6,speaker,fense,0.7894625640397493,ok,,/data/L202500147/Caption/benchmark/later_caption_eval_runs_20260902_run01/emotiontalk/full/midasheng_rewardv2_r6
midasheng_rewardv2,r6,speaker,bertscore,0.6791568994522095,ok,,/data/L202500147/Caption/benchmark/later_caption_eval_runs_20260902_run01/emotiontalk/full/midasheng_rewardv2_r6
midasheng_rewardv2,r6,speaker,clapscore,,unavailable,"stack expects each tensor to be equal size, but got [77] at entry 0 and [86] at entry 1",/data/L202500147/Caption/benchmark/later_caption_eval_runs_20260902_run01/emotiontalk/full/midasheng_rewardv2_r6
midasheng_rewardv2,r6,style,bleu_4,2.5835541904012905e-06,ok,,/data/L202500147/Caption/benchmark/later_caption_eval_runs_20260902_run01/emotiontalk/full/midasheng_rewardv2_r6
midasheng_rewardv2,r6,style,rouge_l,0.3838581433152406,ok,,/data/L202500147/Caption/benchmark/later_caption_eval_runs_20260902_run01/emotiontalk/full/midasheng_rewardv2_r6
midasheng_rewardv2,r6,style,meteor,0.14745504146496308,ok,,/data/L202500147/Caption/benchmark/later_caption_eval_runs_20260902_run01/emotiontalk/full/midasheng_rewardv2_r6
midasheng_rewardv2,r6,style,spider,0.16363801022542068,ok,,/data/L202500147/Caption/benchmark/later_caption_eval_runs_20260902_run01/emotiontalk/full/midasheng_rewardv2_r6
midasheng_rewardv2,r6,style,fense,0.7223807918926544,ok,,/data/L202500147/Caption/benchmark/later_caption_eval_runs_20260902_run01/emotiontalk/full/midasheng_rewardv2_r6
midasheng_rewardv2,r6,style,bertscore,0.7031599283218384,ok,,/data/L202500147/Caption/benchmark/later_caption_eval_runs_20260902_run01/emotiontalk/full/midasheng_rewardv2_r6
midasheng_rewardv2,r6,style,clapscore,,unavailable,"stack expects each tensor to be equal size, but got [77] at entry 0 and [79] at entry 2",/data/L202500147/Caption/benchmark/later_caption_eval_runs_20260902_run01/emotiontalk/full/midasheng_rewardv2_r6
midasheng_rewardv2,r6,emotion,bleu_4,1.089885237698525e-14,ok,,/data/L202500147/Caption/benchmark/later_caption_eval_runs_20260902_run01/emotiontalk/full/midasheng_rewardv2_r6
midasheng_rewardv2,r6,emotion,rouge_l,0.1407126625934207,ok,,/data/L202500147/Caption/benchmark/later_caption_eval_runs_20260902_run01/emotiontalk/full/midasheng_rewardv2_r6
midasheng_rewardv2,r6,emotion,meteor,0.06515257674837406,ok,,/data/L202500147/Caption/benchmark/later_caption_eval_runs_20260902_run01/emotiontalk/full/midasheng_rewardv2_r6
midasheng_rewardv2,r6,emotion,spider,0.06678551968190657,ok,,/data/L202500147/Caption/benchmark/later_caption_eval_runs_20260902_run01/emotiontalk/full/midasheng_rewardv2_r6
midasheng_rewardv2,r6,emotion,fense,0.7975914293277319,ok,,/data/L202500147/Caption/benchmark/later_caption_eval_runs_20260902_run01/emotiontalk/full/midasheng_rewardv2_r6
midasheng_rewardv2,r6,emotion,bertscore,,unavailable,"Unable to create tensor, you should probably activate truncation and/or padding with 'padding=True' 'truncation=True' to have batched tensors with the same length. Perhaps your features (`input_ids` in this case) have excessive nesting (inputs type `list` where type `int` is expected).",/data/L202500147/Caption/benchmark/later_caption_eval_runs_20260902_run01/emotiontalk/full/midasheng_rewardv2_r6
midasheng_rewardv2,r6,emotion,clapscore,,unavailable,"stack expects each tensor to be equal size, but got [77] at entry 0 and [265] at entry 3",/data/L202500147/Caption/benchmark/later_caption_eval_runs_20260902_run01/emotiontalk/full/midasheng_rewardv2_r6
midasheng_rewardv2,r6,overall,bleu_4,1.1942930682145973e-06,ok,,/data/L202500147/Caption/benchmark/later_caption_eval_runs_20260902_run01/emotiontalk/full/midasheng_rewardv2_r6
midasheng_rewardv2,r6,overall,rouge_l,0.272588815769133,ok,,/data/L202500147/Caption/benchmark/later_caption_eval_runs_20260902_run01/emotiontalk/full/midasheng_rewardv2_r6
midasheng_rewardv2,r6,overall,meteor,0.094919194904248,ok,,/data/L202500147/Caption/benchmark/later_caption_eval_runs_20260902_run01/emotiontalk/full/midasheng_rewardv2_r6
midasheng_rewardv2,r6,overall,spider,0.05559014310949164,ok,,/data/L202500147/Caption/benchmark/later_caption_eval_runs_20260902_run01/emotiontalk/full/midasheng_rewardv2_r6
midasheng_rewardv2,r6,overall,fense,0.8750121326907551,ok,,/data/L202500147/Caption/benchmark/later_caption_eval_runs_20260902_run01/emotiontalk/full/midasheng_rewardv2_r6
midasheng_rewardv2,r6,overall,bertscore,0.6911493539810181,ok,,/data/L202500147/Caption/benchmark/later_caption_eval_runs_20260902_run01/emotiontalk/full/midasheng_rewardv2_r6
midasheng_rewardv2,r6,overall,clapscore,,unavailable,"stack expects each tensor to be equal size, but got [77] at entry 0 and [78] at entry 5",/data/L202500147/Caption/benchmark/later_caption_eval_runs_20260902_run01/emotiontalk/full/midasheng_rewardv2_r6
midasheng_rewardv2,r7,speaker,bleu_4,2.4539624751320414e-07,ok,,/data/L202500147/Caption/benchmark/later_caption_eval_runs_20260902_run01/emotiontalk/full/midasheng_rewardv2_r7
midasheng_rewardv2,r7,speaker,rouge_l,0.30493458803293677,ok,,/data/L202500147/Caption/benchmark/later_caption_eval_runs_20260902_run01/emotiontalk/full/midasheng_rewardv2_r7
midasheng_rewardv2,r7,speaker,meteor,0.1447990440884255,ok,,/data/L202500147/Caption/benchmark/later_caption_eval_runs_20260902_run01/emotiontalk/full/midasheng_rewardv2_r7
midasheng_rewardv2,r7,speaker,spider,0.1464677688675394,ok,,/data/L202500147/Caption/benchmark/later_caption_eval_runs_20260902_run01/emotiontalk/full/midasheng_rewardv2_r7
midasheng_rewardv2,r7,speaker,fense,0.7823412926967062,ok,,/data/L202500147/Caption/benchmark/later_caption_eval_runs_20260902_run01/emotiontalk/full/midasheng_rewardv2_r7
midasheng_rewardv2,r7,speaker,bertscore,0.6801990270614624,ok,,/data/L202500147/Caption/benchmark/later_caption_eval_runs_20260902_run01/emotiontalk/full/midasheng_rewardv2_r7
midasheng_rewardv2,r7,speaker,clapscore,,unavailable,"stack expects each tensor to be equal size, but got [77] at entry 0 and [86] at entry 1",/data/L202500147/Caption/benchmark/later_caption_eval_runs_20260902_run01/emotiontalk/full/midasheng_rewardv2_r7
midasheng_rewardv2,r7,style,bleu_4,0.01732407585704438,ok,,/data/L202500147/Caption/benchmark/later_caption_eval_runs_20260902_run01/emotiontalk/full/midasheng_rewardv2_r7
midasheng_rewardv2,r7,style,rouge_l,0.3829177049654161,ok,,/data/L202500147/Caption/benchmark/later_caption_eval_runs_20260902_run01/emotiontalk/full/midasheng_rewardv2_r7
midasheng_rewardv2,r7,style,meteor,0.14626663249667163,ok,,/data/L202500147/Caption/benchmark/later_caption_eval_runs_20260902_run01/emotiontalk/full/midasheng_rewardv2_r7
midasheng_rewardv2,r7,style,spider,0.16338657797196757,ok,,/data/L202500147/Caption/benchmark/later_caption_eval_runs_20260902_run01/emotiontalk/full/midasheng_rewardv2_r7
midasheng_rewardv2,r7,style,fense,0.7203987673349861,ok,,/data/L202500147/Caption/benchmark/later_caption_eval_runs_20260902_run01/emotiontalk/full/midasheng_rewardv2_r7
midasheng_rewardv2,r7,style,bertscore,0.701784074306488,ok,,/data/L202500147/Caption/benchmark/later_caption_eval_runs_20260902_run01/emotiontalk/full/midasheng_rewardv2_r7
midasheng_rewardv2,r7,style,clapscore,,unavailable,"stack expects each tensor to be equal size, but got [77] at entry 0 and [79] at entry 2",/data/L202500147/Caption/benchmark/later_caption_eval_runs_20260902_run01/emotiontalk/full/midasheng_rewardv2_r7
midasheng_rewardv2,r7,emotion,bleu_4,1.0868858115963347e-14,ok,,/data/L202500147/Caption/benchmark/later_caption_eval_runs_20260902_run01/emotiontalk/full/midasheng_rewardv2_r7
midasheng_rewardv2,r7,emotion,rouge_l,0.13707834930585988,ok,,/data/L202500147/Caption/benchmark/later_caption_eval_runs_20260902_run01/emotiontalk/full/midasheng_rewardv2_r7
midasheng_rewardv2,r7,emotion,meteor,0.06379075166373051,ok,,/data/L202500147/Caption/benchmark/later_caption_eval_runs_20260902_run01/emotiontalk/full/midasheng_rewardv2_r7
midasheng_rewardv2,r7,emotion,spider,0.06575667581818606,ok,,/data/L202500147/Caption/benchmark/later_caption_eval_runs_20260902_run01/emotiontalk/full/midasheng_rewardv2_r7
midasheng_rewardv2,r7,emotion,fense,0.7964810239984434,ok,,/data/L202500147/Caption/benchmark/later_caption_eval_runs_20260902_run01/emotiontalk/full/midasheng_rewardv2_r7
midasheng_rewardv2,r7,emotion,bertscore,,unavailable,"Unable to create tensor, you should probably activate truncation and/or padding with 'padding=True' 'truncation=True' to have batched tensors with the same length. Perhaps your features (`input_ids` in this case) have excessive nesting (inputs type `list` where type `int` is expected).",/data/L202500147/Caption/benchmark/later_caption_eval_runs_20260902_run01/emotiontalk/full/midasheng_rewardv2_r7
midasheng_rewardv2,r7,emotion,clapscore,,unavailable,"stack expects each tensor to be equal size, but got [77] at entry 0 and [267] at entry 3",/data/L202500147/Caption/benchmark/later_caption_eval_runs_20260902_run01/emotiontalk/full/midasheng_rewardv2_r7
midasheng_rewardv2,r7,overall,bleu_4,1.1315283632990422e-06,ok,,/data/L202500147/Caption/benchmark/later_caption_eval_runs_20260902_run01/emotiontalk/full/midasheng_rewardv2_r7
midasheng_rewardv2,r7,overall,rouge_l,0.2705341964966131,ok,,/data/L202500147/Caption/benchmark/later_caption_eval_runs_20260902_run01/emotiontalk/full/midasheng_rewardv2_r7
midasheng_rewardv2,r7,overall,meteor,0.09436061985966349,ok,,/data/L202500147/Caption/benchmark/later_caption_eval_runs_20260902_run01/emotiontalk/full/midasheng_rewardv2_r7
midasheng_rewardv2,r7,overall,spider,0.055117517156564565,ok,,/data/L202500147/Caption/benchmark/later_caption_eval_runs_20260902_run01/emotiontalk/full/midasheng_rewardv2_r7
midasheng_rewardv2,r7,overall,fense,0.8733430550004484,ok,,/data/L202500147/Caption/benchmark/later_caption_eval_runs_20260902_run01/emotiontalk/full/midasheng_rewardv2_r7
midasheng_rewardv2,r7,overall,bertscore,0.690026581287384,ok,,/data/L202500147/Caption/benchmark/later_caption_eval_runs_20260902_run01/emotiontalk/full/midasheng_rewardv2_r7
midasheng_rewardv2,r7,overall,clapscore,,unavailable,"stack expects each tensor to be equal size, but got [77] at entry 0 and [78] at entry 5",/data/L202500147/Caption/benchmark/later_caption_eval_runs_20260902_run01/emotiontalk/full/midasheng_rewardv2_r7
midasheng_rewardv2,r8,speaker,bleu_4,2.450334806747274e-07,ok,,/data/L202500147/Caption/benchmark/later_caption_eval_runs_20260902_run01/emotiontalk/full/midasheng_rewardv2_r8
midasheng_rewardv2,r8,speaker,rouge_l,0.30333991033168817,ok,,/data/L202500147/Caption/benchmark/later_caption_eval_runs_20260902_run01/emotiontalk/full/midasheng_rewardv2_r8
midasheng_rewardv2,r8,speaker,meteor,0.14335400929846673,ok,,/data/L202500147/Caption/benchmark/later_caption_eval_runs_20260902_run01/emotiontalk/full/midasheng_rewardv2_r8
midasheng_rewardv2,r8,speaker,spider,0.14571402800715166,ok,,/data/L202500147/Caption/benchmark/later_caption_eval_runs_20260902_run01/emotiontalk/full/midasheng_rewardv2_r8
midasheng_rewardv2,r8,speaker,fense,0.7833428695326706,ok,,/data/L202500147/Caption/benchmark/later_caption_eval_runs_20260902_run01/emotiontalk/full/midasheng_rewardv2_r8
midasheng_rewardv2,r8,speaker,bertscore,0.6789167523384094,ok,,/data/L202500147/Caption/benchmark/later_caption_eval_runs_20260902_run01/emotiontalk/full/midasheng_rewardv2_r8
midasheng_rewardv2,r8,speaker,clapscore,,unavailable,"stack expects each tensor to be equal size, but got [77] at entry 0 and [86] at entry 1",/data/L202500147/Caption/benchmark/later_caption_eval_runs_20260902_run01/emotiontalk/full/midasheng_rewardv2_r8
midasheng_rewardv2,r8,style,bleu_4,2.5599648450315366e-06,ok,,/data/L202500147/Caption/benchmark/later_caption_eval_runs_20260902_run01/emotiontalk/full/midasheng_rewardv2_r8
midasheng_rewardv2,r8,style,rouge_l,0.3862721960863478,ok,,/data/L202500147/Caption/benchmark/later_caption_eval_runs_20260902_run01/emotiontalk/full/midasheng_rewardv2_r8
midasheng_rewardv2,r8,style,meteor,0.14822012560245118,ok,,/data/L202500147/Caption/benchmark/later_caption_eval_runs_20260902_run01/emotiontalk/full/midasheng_rewardv2_r8
midasheng_rewardv2,r8,style,spider,0.1652864374218877,ok,,/data/L202500147/Caption/benchmark/later_caption_eval_runs_20260902_run01/emotiontalk/full/midasheng_rewardv2_r8
midasheng_rewardv2,r8,style,fense,0.7204999780766145,ok,,/data/L202500147/Caption/benchmark/later_caption_eval_runs_20260902_run01/emotiontalk/full/midasheng_rewardv2_r8
midasheng_rewardv2,r8,style,bertscore,0.7034667134284973,ok,,/data/L202500147/Caption/benchmark/later_caption_eval_runs_20260902_run01/emotiontalk/full/midasheng_rewardv2_r8
midasheng_rewardv2,r8,style,clapscore,,unavailable,"stack expects each tensor to be equal size, but got [77] at entry 0 and [79] at entry 2",/data/L202500147/Caption/benchmark/later_caption_eval_runs_20260902_run01/emotiontalk/full/midasheng_rewardv2_r8
midasheng_rewardv2,r8,emotion,bleu_4,1.0914744463034008e-14,ok,,/data/L202500147/Caption/benchmark/later_caption_eval_runs_20260902_run01/emotiontalk/full/midasheng_rewardv2_r8
midasheng_rewardv2,r8,emotion,rouge_l,0.13861957023606297,ok,,/data/L202500147/Caption/benchmark/later_caption_eval_runs_20260902_run01/emotiontalk/full/midasheng_rewardv2_r8
midasheng_rewardv2,r8,emotion,meteor,0.06504089827327897,ok,,/data/L202500147/Caption/benchmark/later_caption_eval_runs_20260902_run01/emotiontalk/full/midasheng_rewardv2_r8
midasheng_rewardv2,r8,emotion,spider,0.06610351973267685,ok,,/data/L202500147/Caption/benchmark/later_caption_eval_runs_20260902_run01/emotiontalk/full/midasheng_rewardv2_r8
midasheng_rewardv2,r8,emotion,fense,0.7968669677843635,ok,,/data/L202500147/Caption/benchmark/later_caption_eval_runs_20260902_run01/emotiontalk/full/midasheng_rewardv2_r8
midasheng_rewardv2,r8,emotion,bertscore,,unavailable,"Unable to create tensor, you should probably activate truncation and/or padding with 'padding=True' 'truncation=True' to have batched tensors with the same length. Perhaps your features (`input_ids` in this case) have excessive nesting (inputs type `list` where type `int` is expected).",/data/L202500147/Caption/benchmark/later_caption_eval_runs_20260902_run01/emotiontalk/full/midasheng_rewardv2_r8
midasheng_rewardv2,r8,emotion,clapscore,,unavailable,"stack expects each tensor to be equal size, but got [77] at entry 0 and [267] at entry 3",/data/L202500147/Caption/benchmark/later_caption_eval_runs_20260902_run01/emotiontalk/full/midasheng_rewardv2_r8
midasheng_rewardv2,r8,overall,bleu_4,1.155047379411799e-06,ok,,/data/L202500147/Caption/benchmark/later_caption_eval_runs_20260902_run01/emotiontalk/full/midasheng_rewardv2_r8
midasheng_rewardv2,r8,overall,rouge_l,0.2716123326592165,ok,,/data/L202500147/Caption/benchmark/later_caption_eval_runs_20260902_run01/emotiontalk/full/midasheng_rewardv2_r8
midasheng_rewardv2,r8,overall,meteor,0.09459920787177196,ok,,/data/L202500147/Caption/benchmark/later_caption_eval_runs_20260902_run01/emotiontalk/full/midasheng_rewardv2_r8
midasheng_rewardv2,r8,overall,spider,0.05538482841029622,ok,,/data/L202500147/Caption/benchmark/later_caption_eval_runs_20260902_run01/emotiontalk/full/midasheng_rewardv2_r8
midasheng_rewardv2,r8,overall,fense,0.8747439465725465,ok,,/data/L202500147/Caption/benchmark/later_caption_eval_runs_20260902_run01/emotiontalk/full/midasheng_rewardv2_r8
midasheng_rewardv2,r8,overall,bertscore,0.6914522647857666,ok,,/data/L202500147/Caption/benchmark/later_caption_eval_runs_20260902_run01/emotiontalk/full/midasheng_rewardv2_r8
midasheng_rewardv2,r8,overall,clapscore,,unavailable,"stack expects each tensor to be equal size, but got [77] at entry 0 and [78] at entry 5",/data/L202500147/Caption/benchmark/later_caption_eval_runs_20260902_run01/emotiontalk/full/midasheng_rewardv2_r8
midasheng_rewardv2,r9,speaker,bleu_4,2.450247481324193e-07,ok,,/data/L202500147/Caption/benchmark/later_caption_eval_runs_20260902_run01/emotiontalk/full/midasheng_rewardv2_r9
midasheng_rewardv2,r9,speaker,rouge_l,0.3054135675630944,ok,,/data/L202500147/Caption/benchmark/later_caption_eval_runs_20260902_run01/emotiontalk/full/midasheng_rewardv2_r9
midasheng_rewardv2,r9,speaker,meteor,0.14395142862048274,ok,,/data/L202500147/Caption/benchmark/later_caption_eval_runs_20260902_run01/emotiontalk/full/midasheng_rewardv2_r9
midasheng_rewardv2,r9,speaker,spider,0.1465947082475896,ok,,/data/L202500147/Caption/benchmark/later_caption_eval_runs_20260902_run01/emotiontalk/full/midasheng_rewardv2_r9
midasheng_rewardv2,r9,speaker,fense,0.779639991127561,ok,,/data/L202500147/Caption/benchmark/later_caption_eval_runs_20260902_run01/emotiontalk/full/midasheng_rewardv2_r9
midasheng_rewardv2,r9,speaker,bertscore,0.6797115206718445,ok,,/data/L202500147/Caption/benchmark/later_caption_eval_runs_20260902_run01/emotiontalk/full/midasheng_rewardv2_r9
midasheng_rewardv2,r9,speaker,clapscore,,unavailable,"stack expects each tensor to be equal size, but got [77] at entry 0 and [86] at entry 1",/data/L202500147/Caption/benchmark/later_caption_eval_runs_20260902_run01/emotiontalk/full/midasheng_rewardv2_r9
midasheng_rewardv2,r9,style,bleu_4,2.645089546405203e-06,ok,,/data/L202500147/Caption/benchmark/later_caption_eval_runs_20260902_run01/emotiontalk/full/midasheng_rewardv2_r9
midasheng_rewardv2,r9,style,rouge_l,0.3856215779997329,ok,,/data/L202500147/Caption/benchmark/later_caption_eval_runs_20260902_run01/emotiontalk/full/midasheng_rewardv2_r9
midasheng_rewardv2,r9,style,meteor,0.14886848271703576,ok,,/data/L202500147/Caption/benchmark/later_caption_eval_runs_20260902_run01/emotiontalk/full/midasheng_rewardv2_r9
midasheng_rewardv2,r9,style,spider,0.16649649172618894,ok,,/data/L202500147/Caption/benchmark/later_caption_eval_runs_20260902_run01/emotiontalk/full/midasheng_rewardv2_r9
midasheng_rewardv2,r9,style,fense,0.7168817277767918,ok,,/data/L202500147/Caption/benchmark/later_caption_eval_runs_20260902_run01/emotiontalk/full/midasheng_rewardv2_r9
midasheng_rewardv2,r9,style,bertscore,0.7033981084823608,ok,,/data/L202500147/Caption/benchmark/later_caption_eval_runs_20260902_run01/emotiontalk/full/midasheng_rewardv2_r9
midasheng_rewardv2,r9,style,clapscore,,unavailable,"stack expects each tensor to be equal size, but got [77] at entry 0 and [79] at entry 2",/data/L202500147/Caption/benchmark/later_caption_eval_runs_20260902_run01/emotiontalk/full/midasheng_rewardv2_r9
midasheng_rewardv2,r9,emotion,bleu_4,1.09720389215553e-14,ok,,/data/L202500147/Caption/benchmark/later_caption_eval_runs_20260902_run01/emotiontalk/full/midasheng_rewardv2_r9
midasheng_rewardv2,r9,emotion,rouge_l,0.13767876904754642,ok,,/data/L202500147/Caption/benchmark/later_caption_eval_runs_20260902_run01/emotiontalk/full/midasheng_rewardv2_r9
midasheng_rewardv2,r9,emotion,meteor,0.0645801868419329,ok,,/data/L202500147/Caption/benchmark/later_caption_eval_runs_20260902_run01/emotiontalk/full/midasheng_rewardv2_r9
midasheng_rewardv2,r9,emotion,spider,0.06546214908944917,ok,,/data/L202500147/Caption/benchmark/later_caption_eval_runs_20260902_run01/emotiontalk/full/midasheng_rewardv2_r9
midasheng_rewardv2,r9,emotion,fense,0.7992984975694436,ok,,/data/L202500147/Caption/benchmark/later_caption_eval_runs_20260902_run01/emotiontalk/full/midasheng_rewardv2_r9
midasheng_rewardv2,r9,emotion,bertscore,,unavailable,"Unable to create tensor, you should probably activate truncation and/or padding with 'padding=True' 'truncation=True' to have batched tensors with the same length. Perhaps your features (`input_ids` in this case) have excessive nesting (inputs type `list` where type `int` is expected).",/data/L202500147/Caption/benchmark/later_caption_eval_runs_20260902_run01/emotiontalk/full/midasheng_rewardv2_r9
midasheng_rewardv2,r9,emotion,clapscore,,unavailable,"stack expects each tensor to be equal size, but got [77] at entry 0 and [267] at entry 3",/data/L202500147/Caption/benchmark/later_caption_eval_runs_20260902_run01/emotiontalk/full/midasheng_rewardv2_r9
midasheng_rewardv2,r9,overall,bleu_4,1.2713003124439879e-06,ok,,/data/L202500147/Caption/benchmark/later_caption_eval_runs_20260902_run01/emotiontalk/full/midasheng_rewardv2_r9
midasheng_rewardv2,r9,overall,rouge_l,0.273266549237741,ok,,/data/L202500147/Caption/benchmark/later_caption_eval_runs_20260902_run01/emotiontalk/full/midasheng_rewardv2_r9
midasheng_rewardv2,r9,overall,meteor,0.09504134363925233,ok,,/data/L202500147/Caption/benchmark/later_caption_eval_runs_20260902_run01/emotiontalk/full/midasheng_rewardv2_r9
midasheng_rewardv2,r9,overall,spider,0.05570082321445101,ok,,/data/L202500147/Caption/benchmark/later_caption_eval_runs_20260902_run01/emotiontalk/full/midasheng_rewardv2_r9
midasheng_rewardv2,r9,overall,fense,0.8767661821971969,ok,,/data/L202500147/Caption/benchmark/later_caption_eval_runs_20260902_run01/emotiontalk/full/midasheng_rewardv2_r9
midasheng_rewardv2,r9,overall,bertscore,0.6904604434967041,ok,,/data/L202500147/Caption/benchmark/later_caption_eval_runs_20260902_run01/emotiontalk/full/midasheng_rewardv2_r9
midasheng_rewardv2,r9,overall,clapscore,,unavailable,"stack expects each tensor to be equal size, but got [77] at entry 0 and [79] at entry 5",/data/L202500147/Caption/benchmark/later_caption_eval_runs_20260902_run01/emotiontalk/full/midasheng_rewardv2_r9
midasheng_rewardv2,r10,speaker,bleu_4,2.441084912797163e-07,ok,,/data/L202500147/Caption/benchmark/later_caption_eval_runs_20260902_run01/emotiontalk/full/midasheng_rewardv2_r10
midasheng_rewardv2,r10,speaker,rouge_l,0.3033588921436153,ok,,/data/L202500147/Caption/benchmark/later_caption_eval_runs_20260902_run01/emotiontalk/full/midasheng_rewardv2_r10
midasheng_rewardv2,r10,speaker,meteor,0.1438332065577092,ok,,/data/L202500147/Caption/benchmark/later_caption_eval_runs_20260902_run01/emotiontalk/full/midasheng_rewardv2_r10
midasheng_rewardv2,r10,speaker,spider,0.14480172802864566,ok,,/data/L202500147/Caption/benchmark/later_caption_eval_runs_20260902_run01/emotiontalk/full/midasheng_rewardv2_r10
midasheng_rewardv2,r10,speaker,fense,0.7729552265243125,ok,,/data/L202500147/Caption/benchmark/later_caption_eval_runs_20260902_run01/emotiontalk/full/midasheng_rewardv2_r10
midasheng_rewardv2,r10,speaker,bertscore,0.6797771453857422,ok,,/data/L202500147/Caption/benchmark/later_caption_eval_runs_20260902_run01/emotiontalk/full/midasheng_rewardv2_r10
midasheng_rewardv2,r10,speaker,clapscore,,unavailable,"stack expects each tensor to be equal size, but got [77] at entry 0 and [86] at entry 1",/data/L202500147/Caption/benchmark/later_caption_eval_runs_20260902_run01/emotiontalk/full/midasheng_rewardv2_r10
midasheng_rewardv2,r10,style,bleu_4,0.01754322409120472,ok,,/data/L202500147/Caption/benchmark/later_caption_eval_runs_20260902_run01/emotiontalk/full/midasheng_rewardv2_r10
midasheng_rewardv2,r10,style,rouge_l,0.38633199865641504,ok,,/data/L202500147/Caption/benchmark/later_caption_eval_runs_20260902_run01/emotiontalk/full/midasheng_rewardv2_r10
midasheng_rewardv2,r10,style,meteor,0.14864040251114402,ok,,/data/L202500147/Caption/benchmark/later_caption_eval_runs_20260902_run01/emotiontalk/full/midasheng_rewardv2_r10
midasheng_rewardv2,r10,style,spider,0.16691486134315994,ok,,/data/L202500147/Caption/benchmark/later_caption_eval_runs_20260902_run01/emotiontalk/full/midasheng_rewardv2_r10
midasheng_rewardv2,r10,style,fense,0.7160347341502374,ok,,/data/L202500147/Caption/benchmark/later_caption_eval_runs_20260902_run01/emotiontalk/full/midasheng_rewardv2_r10
midasheng_rewardv2,r10,style,bertscore,0.7025277018547058,ok,,/data/L202500147/Caption/benchmark/later_caption_eval_runs_20260902_run01/emotiontalk/full/midasheng_rewardv2_r10
midasheng_rewardv2,r10,style,clapscore,,unavailable,"stack expects each tensor to be equal size, but got [77] at entry 0 and [79] at entry 2",/data/L202500147/Caption/benchmark/later_caption_eval_runs_20260902_run01/emotiontalk/full/midasheng_rewardv2_r10
midasheng_rewardv2,r10,emotion,bleu_4,1.1000755209486362e-14,ok,,/data/L202500147/Caption/benchmark/later_caption_eval_runs_20260902_run01/emotiontalk/full/midasheng_rewardv2_r10
midasheng_rewardv2,r10,emotion,rouge_l,0.13916619562071494,ok,,/data/L202500147/Caption/benchmark/later_caption_eval_runs_20260902_run01/emotiontalk/full/midasheng_rewardv2_r10
midasheng_rewardv2,r10,emotion,meteor,0.0653408678114312,ok,,/data/L202500147/Caption/benchmark/later_caption_eval_runs_20260902_run01/emotiontalk/full/midasheng_rewardv2_r10
midasheng_rewardv2,r10,emotion,spider,0.06632444315803344,ok,,/data/L202500147/Caption/benchmark/later_caption_eval_runs_20260902_run01/emotiontalk/full/midasheng_rewardv2_r10
midasheng_rewardv2,r10,emotion,fense,0.7980908494529606,ok,,/data/L202500147/Caption/benchmark/later_caption_eval_runs_20260902_run01/emotiontalk/full/midasheng_rewardv2_r10
midasheng_rewardv2,r10,emotion,bertscore,,unavailable,"Unable to create tensor, you should probably activate truncation and/or padding with 'padding=True' 'truncation=True' to have batched tensors with the same length. Perhaps your features (`input_ids` in this case) have excessive nesting (inputs type `list` where type `int` is expected).",/data/L202500147/Caption/benchmark/later_caption_eval_runs_20260902_run01/emotiontalk/full/midasheng_rewardv2_r10
midasheng_rewardv2,r10,emotion,clapscore,,unavailable,"stack expects each tensor to be equal size, but got [77] at entry 0 and [265] at entry 3",/data/L202500147/Caption/benchmark/later_caption_eval_runs_20260902_run01/emotiontalk/full/midasheng_rewardv2_r10
midasheng_rewardv2,r10,overall,bleu_4,1.2252841048590632e-06,ok,,/data/L202500147/Caption/benchmark/later_caption_eval_runs_20260902_run01/emotiontalk/full/midasheng_rewardv2_r10
midasheng_rewardv2,r10,overall,rouge_l,0.2723406967715288,ok,,/data/L202500147/Caption/benchmark/later_caption_eval_runs_20260902_run01/emotiontalk/full/midasheng_rewardv2_r10
midasheng_rewardv2,r10,overall,meteor,0.09511489000963926,ok,,/data/L202500147/Caption/benchmark/later_caption_eval_runs_20260902_run01/emotiontalk/full/midasheng_rewardv2_r10
midasheng_rewardv2,r10,overall,spider,0.05549440565639265,ok,,/data/L202500147/Caption/benchmark/later_caption_eval_runs_20260902_run01/emotiontalk/full/midasheng_rewardv2_r10
midasheng_rewardv2,r10,overall,fense,0.8744207038726134,ok,,/data/L202500147/Caption/benchmark/later_caption_eval_runs_20260902_run01/emotiontalk/full/midasheng_rewardv2_r10
midasheng_rewardv2,r10,overall,bertscore,0.6903086304664612,ok,,/data/L202500147/Caption/benchmark/later_caption_eval_runs_20260902_run01/emotiontalk/full/midasheng_rewardv2_r10
midasheng_rewardv2,r10,overall,clapscore,,unavailable,"stack expects each tensor to be equal size, but got [77] at entry 0 and [83] at entry 6",/data/L202500147/Caption/benchmark/later_caption_eval_runs_20260902_run01/emotiontalk/full/midasheng_rewardv2_r10
midasheng_rewardv2,r11,speaker,bleu_4,2.5028425869529354e-07,ok,,/data/L202500147/Caption/benchmark/later_caption_eval_runs_20260902_run01/emotiontalk/full/midasheng_rewardv2_r11
midasheng_rewardv2,r11,speaker,rouge_l,0.2939662075565946,ok,,/data/L202500147/Caption/benchmark/later_caption_eval_runs_20260902_run01/emotiontalk/full/midasheng_rewardv2_r11
midasheng_rewardv2,r11,speaker,meteor,0.14241076728918184,ok,,/data/L202500147/Caption/benchmark/later_caption_eval_runs_20260902_run01/emotiontalk/full/midasheng_rewardv2_r11
midasheng_rewardv2,r11,speaker,spider,0.14010179438577558,ok,,/data/L202500147/Caption/benchmark/later_caption_eval_runs_20260902_run01/emotiontalk/full/midasheng_rewardv2_r11
midasheng_rewardv2,r11,speaker,fense,0.7766843995787184,ok,,/data/L202500147/Caption/benchmark/later_caption_eval_runs_20260902_run01/emotiontalk/full/midasheng_rewardv2_r11
midasheng_rewardv2,r11,speaker,bertscore,0.6780321002006531,ok,,/data/L202500147/Caption/benchmark/later_caption_eval_runs_20260902_run01/emotiontalk/full/midasheng_rewardv2_r11
midasheng_rewardv2,r11,speaker,clapscore,,unavailable,"stack expects each tensor to be equal size, but got [77] at entry 0 and [146] at entry 3",/data/L202500147/Caption/benchmark/later_caption_eval_runs_20260902_run01/emotiontalk/full/midasheng_rewardv2_r11
midasheng_rewardv2,r11,style,bleu_4,2.562557416842841e-06,ok,,/data/L202500147/Caption/benchmark/later_caption_eval_runs_20260902_run01/emotiontalk/full/midasheng_rewardv2_r11
midasheng_rewardv2,r11,style,rouge_l,0.3867106681126055,ok,,/data/L202500147/Caption/benchmark/later_caption_eval_runs_20260902_run01/emotiontalk/full/midasheng_rewardv2_r11
midasheng_rewardv2,r11,style,meteor,0.14729771017308987,ok,,/data/L202500147/Caption/benchmark/later_caption_eval_runs_20260902_run01/emotiontalk/full/midasheng_rewardv2_r11
midasheng_rewardv2,r11,style,spider,0.1679164122064647,ok,,/data/L202500147/Caption/benchmark/later_caption_eval_runs_20260902_run01/emotiontalk/full/midasheng_rewardv2_r11
midasheng_rewardv2,r11,style,fense,0.7193831650811566,ok,,/data/L202500147/Caption/benchmark/later_caption_eval_runs_20260902_run01/emotiontalk/full/midasheng_rewardv2_r11
midasheng_rewardv2,r11,style,bertscore,0.7025932669639587,ok,,/data/L202500147/Caption/benchmark/later_caption_eval_runs_20260902_run01/emotiontalk/full/midasheng_rewardv2_r11
midasheng_rewardv2,r11,style,clapscore,,unavailable,"stack expects each tensor to be equal size, but got [77] at entry 0 and [79] at entry 2",/data/L202500147/Caption/benchmark/later_caption_eval_runs_20260902_run01/emotiontalk/full/midasheng_rewardv2_r11
midasheng_rewardv2,r11,emotion,bleu_4,1.1044574061837022e-14,ok,,/data/L202500147/Caption/benchmark/later_caption_eval_runs_20260902_run01/emotiontalk/full/midasheng_rewardv2_r11
midasheng_rewardv2,r11,emotion,rouge_l,0.13980579927306538,ok,,/data/L202500147/Caption/benchmark/later_caption_eval_runs_20260902_run01/emotiontalk/full/midasheng_rewardv2_r11
midasheng_rewardv2,r11,emotion,meteor,0.0649781268478574,ok,,/data/L202500147/Caption/benchmark/later_caption_eval_runs_20260902_run01/emotiontalk/full/midasheng_rewardv2_r11
midasheng_rewardv2,r11,emotion,spider,0.06678784482700563,ok,,/data/L202500147/Caption/benchmark/later_caption_eval_runs_20260902_run01/emotiontalk/full/midasheng_rewardv2_r11
midasheng_rewardv2,r11,emotion,fense,0.7988592174771291,ok,,/data/L202500147/Caption/benchmark/later_caption_eval_runs_20260902_run01/emotiontalk/full/midasheng_rewardv2_r11
midasheng_rewardv2,r11,emotion,bertscore,,unavailable,"Unable to create tensor, you should probably activate truncation and/or padding with 'padding=True' 'truncation=True' to have batched tensors with the same length. Perhaps your features (`input_ids` in this case) have excessive nesting (inputs type `list` where type `int` is expected).",/data/L202500147/Caption/benchmark/later_caption_eval_runs_20260902_run01/emotiontalk/full/midasheng_rewardv2_r11
midasheng_rewardv2,r11,emotion,clapscore,,unavailable,"stack expects each tensor to be equal size, but got [77] at entry 0 and [267] at entry 3",/data/L202500147/Caption/benchmark/later_caption_eval_runs_20260902_run01/emotiontalk/full/midasheng_rewardv2_r11
midasheng_rewardv2,r11,overall,bleu_4,1.360563914953637e-06,ok,,/data/L202500147/Caption/benchmark/later_caption_eval_runs_20260902_run01/emotiontalk/full/midasheng_rewardv2_r11
midasheng_rewardv2,r11,overall,rouge_l,0.2749721319788443,ok,,/data/L202500147/Caption/benchmark/later_caption_eval_runs_20260902_run01/emotiontalk/full/midasheng_rewardv2_r11
midasheng_rewardv2,r11,overall,meteor,0.09626068404001926,ok,,/data/L202500147/Caption/benchmark/later_caption_eval_runs_20260902_run01/emotiontalk/full/midasheng_rewardv2_r11
midasheng_rewardv2,r11,overall,spider,0.05643092073711501,ok,,/data/L202500147/Caption/benchmark/later_caption_eval_runs_20260902_run01/emotiontalk/full/midasheng_rewardv2_r11
midasheng_rewardv2,r11,overall,fense,0.874852181213269,ok,,/data/L202500147/Caption/benchmark/later_caption_eval_runs_20260902_run01/emotiontalk/full/midasheng_rewardv2_r11
midasheng_rewardv2,r11,overall,bertscore,0.691615879535675,ok,,/data/L202500147/Caption/benchmark/later_caption_eval_runs_20260902_run01/emotiontalk/full/midasheng_rewardv2_r11
midasheng_rewardv2,r11,overall,clapscore,,unavailable,"stack expects each tensor to be equal size, but got [77] at entry 0 and [83] at entry 6",/data/L202500147/Caption/benchmark/later_caption_eval_runs_20260902_run01/emotiontalk/full/midasheng_rewardv2_r11
midasheng_rewardv2,r12,speaker,bleu_4,2.491882738227112e-07,ok,,/data/L202500147/Caption/benchmark/later_caption_eval_runs_20260902_run01/emotiontalk/full/midasheng_rewardv2_r12
midasheng_rewardv2,r12,speaker,rouge_l,0.294303458829145,ok,,/data/L202500147/Caption/benchmark/later_caption_eval_runs_20260902_run01/emotiontalk/full/midasheng_rewardv2_r12
midasheng_rewardv2,r12,speaker,meteor,0.14282873001461982,ok,,/data/L202500147/Caption/benchmark/later_caption_eval_runs_20260902_run01/emotiontalk/full/midasheng_rewardv2_r12
midasheng_rewardv2,r12,speaker,spider,0.14053927296588187,ok,,/data/L202500147/Caption/benchmark/later_caption_eval_runs_20260902_run01/emotiontalk/full/midasheng_rewardv2_r12
midasheng_rewardv2,r12,speaker,fense,0.778018180918607,ok,,/data/L202500147/Caption/benchmark/later_caption_eval_runs_20260902_run01/emotiontalk/full/midasheng_rewardv2_r12
midasheng_rewardv2,r12,speaker,bertscore,0.6784495711326599,ok,,/data/L202500147/Caption/benchmark/later_caption_eval_runs_20260902_run01/emotiontalk/full/midasheng_rewardv2_r12
midasheng_rewardv2,r12,speaker,clapscore,,unavailable,"stack expects each tensor to be equal size, but got [77] at entry 0 and [146] at entry 3",/data/L202500147/Caption/benchmark/later_caption_eval_runs_20260902_run01/emotiontalk/full/midasheng_rewardv2_r12
midasheng_rewardv2,r12,style,bleu_4,2.5795750501827484e-06,ok,,/data/L202500147/Caption/benchmark/later_caption_eval_runs_20260902_run01/emotiontalk/full/midasheng_rewardv2_r12
midasheng_rewardv2,r12,style,rouge_l,0.3864670605058977,ok,,/data/L202500147/Caption/benchmark/later_caption_eval_runs_20260902_run01/emotiontalk/full/midasheng_rewardv2_r12
midasheng_rewardv2,r12,style,meteor,0.14853530232289106,ok,,/data/L202500147/Caption/benchmark/later_caption_eval_runs_20260902_run01/emotiontalk/full/midasheng_rewardv2_r12
midasheng_rewardv2,r12,style,spider,0.16829859744802245,ok,,/data/L202500147/Caption/benchmark/later_caption_eval_runs_20260902_run01/emotiontalk/full/midasheng_rewardv2_r12
midasheng_rewardv2,r12,style,fense,0.7148227028861572,ok,,/data/L202500147/Caption/benchmark/later_caption_eval_runs_20260902_run01/emotiontalk/full/midasheng_rewardv2_r12
midasheng_rewardv2,r12,style,bertscore,0.7028371095657349,ok,,/data/L202500147/Caption/benchmark/later_caption_eval_runs_20260902_run01/emotiontalk/full/midasheng_rewardv2_r12
midasheng_rewardv2,r12,style,clapscore,,unavailable,"stack expects each tensor to be equal size, but got [77] at entry 0 and [84] at entry 3",/data/L202500147/Caption/benchmark/later_caption_eval_runs_20260902_run01/emotiontalk/full/midasheng_rewardv2_r12
midasheng_rewardv2,r12,emotion,bleu_4,1.1182597099132323e-14,ok,,/data/L202500147/Caption/benchmark/later_caption_eval_runs_20260902_run01/emotiontalk/full/midasheng_rewardv2_r12
midasheng_rewardv2,r12,emotion,rouge_l,0.14227048754143337,ok,,/data/L202500147/Caption/benchmark/later_caption_eval_runs_20260902_run01/emotiontalk/full/midasheng_rewardv2_r12
midasheng_rewardv2,r12,emotion,meteor,0.06561548247658598,ok,,/data/L202500147/Caption/benchmark/later_caption_eval_runs_20260902_run01/emotiontalk/full/midasheng_rewardv2_r12
midasheng_rewardv2,r12,emotion,spider,0.06820574268554992,ok,,/data/L202500147/Caption/benchmark/later_caption_eval_runs_20260902_run01/emotiontalk/full/midasheng_rewardv2_r12
midasheng_rewardv2,r12,emotion,fense,0.8025326769267914,ok,,/data/L202500147/Caption/benchmark/later_caption_eval_runs_20260902_run01/emotiontalk/full/midasheng_rewardv2_r12
midasheng_rewardv2,r12,emotion,bertscore,0.5934136509895325,ok,,/data/L202500147/Caption/benchmark/later_caption_eval_runs_20260902_run01/emotiontalk/full/midasheng_rewardv2_r12
midasheng_rewardv2,r12,emotion,clapscore,,unavailable,"stack expects each tensor to be equal size, but got [77] at entry 0 and [105] at entry 2",/data/L202500147/Caption/benchmark/later_caption_eval_runs_20260902_run01/emotiontalk/full/midasheng_rewardv2_r12
midasheng_rewardv2,r12,overall,bleu_4,1.2986272440402907e-06,ok,,/data/L202500147/Caption/benchmark/later_caption_eval_runs_20260902_run01/emotiontalk/full/midasheng_rewardv2_r12
midasheng_rewardv2,r12,overall,rouge_l,0.277405883582883,ok,,/data/L202500147/Caption/benchmark/later_caption_eval_runs_20260902_run01/emotiontalk/full/midasheng_rewardv2_r12
midasheng_rewardv2,r12,overall,meteor,0.09628433099186771,ok,,/data/L202500147/Caption/benchmark/later_caption_eval_runs_20260902_run01/emotiontalk/full/midasheng_rewardv2_r12
midasheng_rewardv2,r12,overall,spider,0.05700193669970365,ok,,/data/L202500147/Caption/benchmark/later_caption_eval_runs_20260902_run01/emotiontalk/full/midasheng_rewardv2_r12
midasheng_rewardv2,r12,overall,fense,0.8762095849862551,ok,,/data/L202500147/Caption/benchmark/later_caption_eval_runs_20260902_run01/emotiontalk/full/midasheng_rewardv2_r12
midasheng_rewardv2,r12,overall,bertscore,0.6912884712219238,ok,,/data/L202500147/Caption/benchmark/later_caption_eval_runs_20260902_run01/emotiontalk/full/midasheng_rewardv2_r12
midasheng_rewardv2,r12,overall,clapscore,,unavailable,"stack expects each tensor to be equal size, but got [77] at entry 0 and [83] at entry 6",/data/L202500147/Caption/benchmark/later_caption_eval_runs_20260902_run01/emotiontalk/full/midasheng_rewardv2_r12
midasheng_rewardv3,base,speaker,bleu_4,2.465416962266183e-07,ok,,/data/L202500147/Caption/benchmark/emotiontalk_speech_captioning/runs/eight_models_20260901_run01/full/midasheng_base
midasheng_rewardv3,base,speaker,rouge_l,0.3088965383376973,ok,,/data/L202500147/Caption/benchmark/emotiontalk_speech_captioning/runs/eight_models_20260901_run01/full/midasheng_base
midasheng_rewardv3,base,speaker,meteor,0.1440955542289141,ok,,/data/L202500147/Caption/benchmark/emotiontalk_speech_captioning/runs/eight_models_20260901_run01/full/midasheng_base
midasheng_rewardv3,base,speaker,spider,0.14723203909490304,ok,,/data/L202500147/Caption/benchmark/emotiontalk_speech_captioning/runs/eight_models_20260901_run01/full/midasheng_base
midasheng_rewardv3,base,speaker,fense,0.7822191928167179,ok,,/data/L202500147/Caption/benchmark/emotiontalk_speech_captioning/runs/eight_models_20260901_run01/full/midasheng_base
midasheng_rewardv3,base,speaker,bertscore,0.6804758906364441,ok,,/data/L202500147/Caption/benchmark/emotiontalk_speech_captioning/runs/eight_models_20260901_run01/full/midasheng_base
midasheng_rewardv3,base,speaker,clapscore,,unavailable,"stack expects each tensor to be equal size, but got [77] at entry 0 and [86] at entry 1",/data/L202500147/Caption/benchmark/emotiontalk_speech_captioning/runs/eight_models_20260901_run01/full/midasheng_base
midasheng_rewardv3,base,style,bleu_4,0.01738683853329517,ok,,/data/L202500147/Caption/benchmark/emotiontalk_speech_captioning/runs/eight_models_20260901_run01/full/midasheng_base
midasheng_rewardv3,base,style,rouge_l,0.38485330554101516,ok,,/data/L202500147/Caption/benchmark/emotiontalk_speech_captioning/runs/eight_models_20260901_run01/full/midasheng_base
midasheng_rewardv3,base,style,meteor,0.14703134993837497,ok,,/data/L202500147/Caption/benchmark/emotiontalk_speech_captioning/runs/eight_models_20260901_run01/full/midasheng_base
midasheng_rewardv3,base,style,spider,0.16355019865420556,ok,,/data/L202500147/Caption/benchmark/emotiontalk_speech_captioning/runs/eight_models_20260901_run01/full/midasheng_base
midasheng_rewardv3,base,style,fense,0.7251624872271665,ok,,/data/L202500147/Caption/benchmark/emotiontalk_speech_captioning/runs/eight_models_20260901_run01/full/midasheng_base
midasheng_rewardv3,base,style,bertscore,0.7026079893112183,ok,,/data/L202500147/Caption/benchmark/emotiontalk_speech_captioning/runs/eight_models_20260901_run01/full/midasheng_base
midasheng_rewardv3,base,style,clapscore,,unavailable,"stack expects each tensor to be equal size, but got [77] at entry 0 and [79] at entry 2",/data/L202500147/Caption/benchmark/emotiontalk_speech_captioning/runs/eight_models_20260901_run01/full/midasheng_base
midasheng_rewardv3,base,emotion,bleu_4,1.0643070751799386e-14,ok,,/data/L202500147/Caption/benchmark/emotiontalk_speech_captioning/runs/eight_models_20260901_run01/full/midasheng_base
midasheng_rewardv3,base,emotion,rouge_l,0.13408285413827342,ok,,/data/L202500147/Caption/benchmark/emotiontalk_speech_captioning/runs/eight_models_20260901_run01/full/midasheng_base
midasheng_rewardv3,base,emotion,meteor,0.06416245008257591,ok,,/data/L202500147/Caption/benchmark/emotiontalk_speech_captioning/runs/eight_models_20260901_run01/full/midasheng_base
midasheng_rewardv3,base,emotion,spider,0.06329898506626992,ok,,/data/L202500147/Caption/benchmark/emotiontalk_speech_captioning/runs/eight_models_20260901_run01/full/midasheng_base
midasheng_rewardv3,base,emotion,fense,0.7955304344587836,ok,,/data/L202500147/Caption/benchmark/emotiontalk_speech_captioning/runs/eight_models_20260901_run01/full/midasheng_base
midasheng_rewardv3,base,emotion,bertscore,,unavailable,"Unable to create tensor, you should probably activate truncation and/or padding with 'padding=True' 'truncation=True' to have batched tensors with the same length. Perhaps your features (`input_ids` in this case) have excessive nesting (inputs type `list` where type `int` is expected).",/data/L202500147/Caption/benchmark/emotiontalk_speech_captioning/runs/eight_models_20260901_run01/full/midasheng_base
midasheng_rewardv3,base,emotion,clapscore,,unavailable,"stack expects each tensor to be equal size, but got [77] at entry 0 and [265] at entry 3",/data/L202500147/Caption/benchmark/emotiontalk_speech_captioning/runs/eight_models_20260901_run01/full/midasheng_base
midasheng_rewardv3,base,overall,bleu_4,1.165828070677223e-06,ok,,/data/L202500147/Caption/benchmark/emotiontalk_speech_captioning/runs/eight_models_20260901_run01/full/midasheng_base
midasheng_rewardv3,base,overall,rouge_l,0.2645554464881846,ok,,/data/L202500147/Caption/benchmark/emotiontalk_speech_captioning/runs/eight_models_20260901_run01/full/midasheng_base
midasheng_rewardv3,base,overall,meteor,0.09364280243789828,ok,,/data/L202500147/Caption/benchmark/emotiontalk_speech_captioning/runs/eight_models_20260901_run01/full/midasheng_base
midasheng_rewardv3,base,overall,spider,0.053341088483191836,ok,,/data/L202500147/Caption/benchmark/emotiontalk_speech_captioning/runs/eight_models_20260901_run01/full/midasheng_base
midasheng_rewardv3,base,overall,fense,0.8716476425659848,ok,,/data/L202500147/Caption/benchmark/emotiontalk_speech_captioning/runs/eight_models_20260901_run01/full/midasheng_base
midasheng_rewardv3,base,overall,bertscore,0.6908627152442932,ok,,/data/L202500147/Caption/benchmark/emotiontalk_speech_captioning/runs/eight_models_20260901_run01/full/midasheng_base
midasheng_rewardv3,base,overall,clapscore,,unavailable,"stack expects each tensor to be equal size, but got [77] at entry 0 and [79] at entry 5",/data/L202500147/Caption/benchmark/emotiontalk_speech_captioning/runs/eight_models_20260901_run01/full/midasheng_base
midasheng_rewardv3,r0,speaker,bleu_4,6.6990677834666964e-15,ok,,/data/L202500147/Caption/benchmark/later_caption_eval_runs_20260902_run01/emotiontalk/full/midasheng_rewardv3_r0
midasheng_rewardv3,r0,speaker,rouge_l,0.29715636542963747,ok,,/data/L202500147/Caption/benchmark/later_caption_eval_runs_20260902_run01/emotiontalk/full/midasheng_rewardv3_r0
midasheng_rewardv3,r0,speaker,meteor,0.14301121235138486,ok,,/data/L202500147/Caption/benchmark/later_caption_eval_runs_20260902_run01/emotiontalk/full/midasheng_rewardv3_r0
midasheng_rewardv3,r0,speaker,spider,0.14104487319965697,ok,,/data/L202500147/Caption/benchmark/later_caption_eval_runs_20260902_run01/emotiontalk/full/midasheng_rewardv3_r0
midasheng_rewardv3,r0,speaker,fense,0.7872032660904049,ok,,/data/L202500147/Caption/benchmark/later_caption_eval_runs_20260902_run01/emotiontalk/full/midasheng_rewardv3_r0
midasheng_rewardv3,r0,speaker,bertscore,0.6792916059494019,ok,,/data/L202500147/Caption/benchmark/later_caption_eval_runs_20260902_run01/emotiontalk/full/midasheng_rewardv3_r0
midasheng_rewardv3,r0,speaker,clapscore,,unavailable,"stack expects each tensor to be equal size, but got [77] at entry 0 and [86] at entry 1",/data/L202500147/Caption/benchmark/later_caption_eval_runs_20260902_run01/emotiontalk/full/midasheng_rewardv3_r0
midasheng_rewardv3,r0,style,bleu_4,2.5139309454130176e-06,ok,,/data/L202500147/Caption/benchmark/later_caption_eval_runs_20260902_run01/emotiontalk/full/midasheng_rewardv3_r0
midasheng_rewardv3,r0,style,rouge_l,0.3807885743360628,ok,,/data/L202500147/Caption/benchmark/later_caption_eval_runs_20260902_run01/emotiontalk/full/midasheng_rewardv3_r0
midasheng_rewardv3,r0,style,meteor,0.14647843266518226,ok,,/data/L202500147/Caption/benchmark/later_caption_eval_runs_20260902_run01/emotiontalk/full/midasheng_rewardv3_r0
midasheng_rewardv3,r0,style,spider,0.1611072118485288,ok,,/data/L202500147/Caption/benchmark/later_caption_eval_runs_20260902_run01/emotiontalk/full/midasheng_rewardv3_r0
midasheng_rewardv3,r0,style,fense,0.720963308513319,ok,,/data/L202500147/Caption/benchmark/later_caption_eval_runs_20260902_run01/emotiontalk/full/midasheng_rewardv3_r0
midasheng_rewardv3,r0,style,bertscore,0.7021539807319641,ok,,/data/L202500147/Caption/benchmark/later_caption_eval_runs_20260902_run01/emotiontalk/full/midasheng_rewardv3_r0
midasheng_rewardv3,r0,style,clapscore,,unavailable,"stack expects each tensor to be equal size, but got [77] at entry 0 and [79] at entry 2",/data/L202500147/Caption/benchmark/later_caption_eval_runs_20260902_run01/emotiontalk/full/midasheng_rewardv3_r0
midasheng_rewardv3,r0,emotion,bleu_4,1.0856807593997115e-14,ok,,/data/L202500147/Caption/benchmark/later_caption_eval_runs_20260902_run01/emotiontalk/full/midasheng_rewardv3_r0
midasheng_rewardv3,r0,emotion,rouge_l,0.13774613307404213,ok,,/data/L202500147/Caption/benchmark/later_caption_eval_runs_20260902_run01/emotiontalk/full/midasheng_rewardv3_r0
midasheng_rewardv3,r0,emotion,meteor,0.0642549354937298,ok,,/data/L202500147/Caption/benchmark/later_caption_eval_runs_20260902_run01/emotiontalk/full/midasheng_rewardv3_r0
midasheng_rewardv3,r0,emotion,spider,0.06500975096634405,ok,,/data/L202500147/Caption/benchmark/later_caption_eval_runs_20260902_run01/emotiontalk/full/midasheng_rewardv3_r0
midasheng_rewardv3,r0,emotion,fense,0.7940579436491536,ok,,/data/L202500147/Caption/benchmark/later_caption_eval_runs_20260902_run01/emotiontalk/full/midasheng_rewardv3_r0
midasheng_rewardv3,r0,emotion,bertscore,,unavailable,"Unable to create tensor, you should probably activate truncation and/or padding with 'padding=True' 'truncation=True' to have batched tensors with the same length. Perhaps your features (`input_ids` in this case) have excessive nesting (inputs type `list` where type `int` is expected).",/data/L202500147/Caption/benchmark/later_caption_eval_runs_20260902_run01/emotiontalk/full/midasheng_rewardv3_r0
midasheng_rewardv3,r0,emotion,clapscore,,unavailable,"stack expects each tensor to be equal size, but got [77] at entry 0 and [265] at entry 3",/data/L202500147/Caption/benchmark/later_caption_eval_runs_20260902_run01/emotiontalk/full/midasheng_rewardv3_r0
midasheng_rewardv3,r0,overall,bleu_4,1.1469921633251372e-06,ok,,/data/L202500147/Caption/benchmark/later_caption_eval_runs_20260902_run01/emotiontalk/full/midasheng_rewardv3_r0
midasheng_rewardv3,r0,overall,rouge_l,0.2678906983982858,ok,,/data/L202500147/Caption/benchmark/later_caption_eval_runs_20260902_run01/emotiontalk/full/midasheng_rewardv3_r0
midasheng_rewardv3,r0,overall,meteor,0.09398825290131703,ok,,/data/L202500147/Caption/benchmark/later_caption_eval_runs_20260902_run01/emotiontalk/full/midasheng_rewardv3_r0
midasheng_rewardv3,r0,overall,spider,0.0544452091999439,ok,,/data/L202500147/Caption/benchmark/later_caption_eval_runs_20260902_run01/emotiontalk/full/midasheng_rewardv3_r0
midasheng_rewardv3,r0,overall,fense,0.8710596709717365,ok,,/data/L202500147/Caption/benchmark/later_caption_eval_runs_20260902_run01/emotiontalk/full/midasheng_rewardv3_r0
midasheng_rewardv3,r0,overall,bertscore,0.69120192527771,ok,,/data/L202500147/Caption/benchmark/later_caption_eval_runs_20260902_run01/emotiontalk/full/midasheng_rewardv3_r0
midasheng_rewardv3,r0,overall,clapscore,,unavailable,"stack expects each tensor to be equal size, but got [77] at entry 0 and [78] at entry 5",/data/L202500147/Caption/benchmark/later_caption_eval_runs_20260902_run01/emotiontalk/full/midasheng_rewardv3_r0
midasheng_rewardv3,r1,speaker,bleu_4,2.431943105922448e-07,ok,,/data/L202500147/Caption/benchmark/later_caption_eval_runs_20260902_run01/emotiontalk/full/midasheng_rewardv3_r1
midasheng_rewardv3,r1,speaker,rouge_l,0.3092074509639799,ok,,/data/L202500147/Caption/benchmark/later_caption_eval_runs_20260902_run01/emotiontalk/full/midasheng_rewardv3_r1
midasheng_rewardv3,r1,speaker,meteor,0.14373494486557586,ok,,/data/L202500147/Caption/benchmark/later_caption_eval_runs_20260902_run01/emotiontalk/full/midasheng_rewardv3_r1
midasheng_rewardv3,r1,speaker,spider,0.14778319472180557,ok,,/data/L202500147/Caption/benchmark/later_caption_eval_runs_20260902_run01/emotiontalk/full/midasheng_rewardv3_r1
midasheng_rewardv3,r1,speaker,fense,0.7831702943846869,ok,,/data/L202500147/Caption/benchmark/later_caption_eval_runs_20260902_run01/emotiontalk/full/midasheng_rewardv3_r1
midasheng_rewardv3,r1,speaker,bertscore,0.6802434921264648,ok,,/data/L202500147/Caption/benchmark/later_caption_eval_runs_20260902_run01/emotiontalk/full/midasheng_rewardv3_r1
midasheng_rewardv3,r1,speaker,clapscore,,unavailable,"stack expects each tensor to be equal size, but got [77] at entry 0 and [86] at entry 1",/data/L202500147/Caption/benchmark/later_caption_eval_runs_20260902_run01/emotiontalk/full/midasheng_rewardv3_r1
midasheng_rewardv3,r1,style,bleu_4,2.6235473751362787e-06,ok,,/data/L202500147/Caption/benchmark/later_caption_eval_runs_20260902_run01/emotiontalk/full/midasheng_rewardv3_r1
midasheng_rewardv3,r1,style,rouge_l,0.3872834570783049,ok,,/data/L202500147/Caption/benchmark/later_caption_eval_runs_20260902_run01/emotiontalk/full/midasheng_rewardv3_r1
midasheng_rewardv3,r1,style,meteor,0.1484667466843116,ok,,/data/L202500147/Caption/benchmark/later_caption_eval_runs_20260902_run01/emotiontalk/full/midasheng_rewardv3_r1
midasheng_rewardv3,r1,style,spider,0.1637805316208797,ok,,/data/L202500147/Caption/benchmark/later_caption_eval_runs_20260902_run01/emotiontalk/full/midasheng_rewardv3_r1
midasheng_rewardv3,r1,style,fense,0.7228973679928163,ok,,/data/L202500147/Caption/benchmark/later_caption_eval_runs_20260902_run01/emotiontalk/full/midasheng_rewardv3_r1
midasheng_rewardv3,r1,style,bertscore,0.7046309113502502,ok,,/data/L202500147/Caption/benchmark/later_caption_eval_runs_20260902_run01/emotiontalk/full/midasheng_rewardv3_r1
midasheng_rewardv3,r1,style,clapscore,,unavailable,"stack expects each tensor to be equal size, but got [77] at entry 0 and [79] at entry 2",/data/L202500147/Caption/benchmark/later_caption_eval_runs_20260902_run01/emotiontalk/full/midasheng_rewardv3_r1
midasheng_rewardv3,r1,emotion,bleu_4,1.0656152205754525e-14,ok,,/data/L202500147/Caption/benchmark/later_caption_eval_runs_20260902_run01/emotiontalk/full/midasheng_rewardv3_r1
midasheng_rewardv3,r1,emotion,rouge_l,0.13479001903658322,ok,,/data/L202500147/Caption/benchmark/later_caption_eval_runs_20260902_run01/emotiontalk/full/midasheng_rewardv3_r1
midasheng_rewardv3,r1,emotion,meteor,0.06460990624406526,ok,,/data/L202500147/Caption/benchmark/later_caption_eval_runs_20260902_run01/emotiontalk/full/midasheng_rewardv3_r1
midasheng_rewardv3,r1,emotion,spider,0.06343782428968867,ok,,/data/L202500147/Caption/benchmark/later_caption_eval_runs_20260902_run01/emotiontalk/full/midasheng_rewardv3_r1
midasheng_rewardv3,r1,emotion,fense,0.7953972878451171,ok,,/data/L202500147/Caption/benchmark/later_caption_eval_runs_20260902_run01/emotiontalk/full/midasheng_rewardv3_r1
midasheng_rewardv3,r1,emotion,bertscore,,unavailable,"Unable to create tensor, you should probably activate truncation and/or padding with 'padding=True' 'truncation=True' to have batched tensors with the same length. Perhaps your features (`input_ids` in this case) have excessive nesting (inputs type `list` where type `int` is expected).",/data/L202500147/Caption/benchmark/later_caption_eval_runs_20260902_run01/emotiontalk/full/midasheng_rewardv3_r1
midasheng_rewardv3,r1,emotion,clapscore,,unavailable,"stack expects each tensor to be equal size, but got [77] at entry 0 and [265] at entry 3",/data/L202500147/Caption/benchmark/later_caption_eval_runs_20260902_run01/emotiontalk/full/midasheng_rewardv3_r1
midasheng_rewardv3,r1,overall,bleu_4,1.0996207257147634e-06,ok,,/data/L202500147/Caption/benchmark/later_caption_eval_runs_20260902_run01/emotiontalk/full/midasheng_rewardv3_r1
midasheng_rewardv3,r1,overall,rouge_l,0.27060724597649904,ok,,/data/L202500147/Caption/benchmark/later_caption_eval_runs_20260902_run01/emotiontalk/full/midasheng_rewardv3_r1
midasheng_rewardv3,r1,overall,meteor,0.09461786247007414,ok,,/data/L202500147/Caption/benchmark/later_caption_eval_runs_20260902_run01/emotiontalk/full/midasheng_rewardv3_r1
midasheng_rewardv3,r1,overall,spider,0.05500072122965515,ok,,/data/L202500147/Caption/benchmark/later_caption_eval_runs_20260902_run01/emotiontalk/full/midasheng_rewardv3_r1
midasheng_rewardv3,r1,overall,fense,0.8748445448416883,ok,,/data/L202500147/Caption/benchmark/later_caption_eval_runs_20260902_run01/emotiontalk/full/midasheng_rewardv3_r1
midasheng_rewardv3,r1,overall,bertscore,0.6921875476837158,ok,,/data/L202500147/Caption/benchmark/later_caption_eval_runs_20260902_run01/emotiontalk/full/midasheng_rewardv3_r1
midasheng_rewardv3,r1,overall,clapscore,,unavailable,"stack expects each tensor to be equal size, but got [77] at entry 0 and [79] at entry 5",/data/L202500147/Caption/benchmark/later_caption_eval_runs_20260902_run01/emotiontalk/full/midasheng_rewardv3_r1
midasheng_rewardv3,r2,speaker,bleu_4,2.457715517696692e-07,ok,,/data/L202500147/Caption/benchmark/later_caption_eval_runs_20260902_run01/emotiontalk/full/midasheng_rewardv3_r2
midasheng_rewardv3,r2,speaker,rouge_l,0.3066143885918933,ok,,/data/L202500147/Caption/benchmark/later_caption_eval_runs_20260902_run01/emotiontalk/full/midasheng_rewardv3_r2
midasheng_rewardv3,r2,speaker,meteor,0.14358396365811718,ok,,/data/L202500147/Caption/benchmark/later_caption_eval_runs_20260902_run01/emotiontalk/full/midasheng_rewardv3_r2
midasheng_rewardv3,r2,speaker,spider,0.14592683220105457,ok,,/data/L202500147/Caption/benchmark/later_caption_eval_runs_20260902_run01/emotiontalk/full/midasheng_rewardv3_r2
midasheng_rewardv3,r2,speaker,fense,0.7860490606540593,ok,,/data/L202500147/Caption/benchmark/later_caption_eval_runs_20260902_run01/emotiontalk/full/midasheng_rewardv3_r2
midasheng_rewardv3,r2,speaker,bertscore,0.6805169582366943,ok,,/data/L202500147/Caption/benchmark/later_caption_eval_runs_20260902_run01/emotiontalk/full/midasheng_rewardv3_r2
midasheng_rewardv3,r2,speaker,clapscore,,unavailable,"stack expects each tensor to be equal size, but got [77] at entry 0 and [86] at entry 1",/data/L202500147/Caption/benchmark/later_caption_eval_runs_20260902_run01/emotiontalk/full/midasheng_rewardv3_r2
midasheng_rewardv3,r2,style,bleu_4,0.017385483750411098,ok,,/data/L202500147/Caption/benchmark/later_caption_eval_runs_20260902_run01/emotiontalk/full/midasheng_rewardv3_r2
midasheng_rewardv3,r2,style,rouge_l,0.38122313020078846,ok,,/data/L202500147/Caption/benchmark/later_caption_eval_runs_20260902_run01/emotiontalk/full/midasheng_rewardv3_r2
midasheng_rewardv3,r2,style,meteor,0.14599126802771623,ok,,/data/L202500147/Caption/benchmark/later_caption_eval_runs_20260902_run01/emotiontalk/full/midasheng_rewardv3_r2
midasheng_rewardv3,r2,style,spider,0.16242632804858287,ok,,/data/L202500147/Caption/benchmark/later_caption_eval_runs_20260902_run01/emotiontalk/full/midasheng_rewardv3_r2
midasheng_rewardv3,r2,style,fense,0.7253388941102599,ok,,/data/L202500147/Caption/benchmark/later_caption_eval_runs_20260902_run01/emotiontalk/full/midasheng_rewardv3_r2
midasheng_rewardv3,r2,style,bertscore,0.702340841293335,ok,,/data/L202500147/Caption/benchmark/later_caption_eval_runs_20260902_run01/emotiontalk/full/midasheng_rewardv3_r2
midasheng_rewardv3,r2,style,clapscore,,unavailable,"stack expects each tensor to be equal size, but got [77] at entry 0 and [79] at entry 2",/data/L202500147/Caption/benchmark/later_caption_eval_runs_20260902_run01/emotiontalk/full/midasheng_rewardv3_r2
midasheng_rewardv3,r2,emotion,bleu_4,1.0700173562073868e-14,ok,,/data/L202500147/Caption/benchmark/later_caption_eval_runs_20260902_run01/emotiontalk/full/midasheng_rewardv3_r2
midasheng_rewardv3,r2,emotion,rouge_l,0.13605893600980057,ok,,/data/L202500147/Caption/benchmark/later_caption_eval_runs_20260902_run01/emotiontalk/full/midasheng_rewardv3_r2
midasheng_rewardv3,r2,emotion,meteor,0.06427215763072117,ok,,/data/L202500147/Caption/benchmark/later_caption_eval_runs_20260902_run01/emotiontalk/full/midasheng_rewardv3_r2
midasheng_rewardv3,r2,emotion,spider,0.06421105187038367,ok,,/data/L202500147/Caption/benchmark/later_caption_eval_runs_20260902_run01/emotiontalk/full/midasheng_rewardv3_r2
midasheng_rewardv3,r2,emotion,fense,0.7954242181475142,ok,,/data/L202500147/Caption/benchmark/later_caption_eval_runs_20260902_run01/emotiontalk/full/midasheng_rewardv3_r2
midasheng_rewardv3,r2,emotion,bertscore,0.5924107432365417,ok,,/data/L202500147/Caption/benchmark/later_caption_eval_runs_20260902_run01/emotiontalk/full/midasheng_rewardv3_r2
midasheng_rewardv3,r2,emotion,clapscore,,unavailable,"stack expects each tensor to be equal size, but got [77] at entry 0 and [105] at entry 2",/data/L202500147/Caption/benchmark/later_caption_eval_runs_20260902_run01/emotiontalk/full/midasheng_rewardv3_r2
midasheng_rewardv3,r2,overall,bleu_4,1.1789862355383231e-06,ok,,/data/L202500147/Caption/benchmark/later_caption_eval_runs_20260902_run01/emotiontalk/full/midasheng_rewardv3_r2
midasheng_rewardv3,r2,overall,rouge_l,0.2671188601787487,ok,,/data/L202500147/Caption/benchmark/later_caption_eval_runs_20260902_run01/emotiontalk/full/midasheng_rewardv3_r2
midasheng_rewardv3,r2,overall,meteor,0.09403123509094795,ok,,/data/L202500147/Caption/benchmark/later_caption_eval_runs_20260902_run01/emotiontalk/full/midasheng_rewardv3_r2
midasheng_rewardv3,r2,overall,spider,0.054140214405404175,ok,,/data/L202500147/Caption/benchmark/later_caption_eval_runs_20260902_run01/emotiontalk/full/midasheng_rewardv3_r2
midasheng_rewardv3,r2,overall,fense,0.8729358752846657,ok,,/data/L202500147/Caption/benchmark/later_caption_eval_runs_20260902_run01/emotiontalk/full/midasheng_rewardv3_r2
midasheng_rewardv3,r2,overall,bertscore,0.6913987994194031,ok,,/data/L202500147/Caption/benchmark/later_caption_eval_runs_20260902_run01/emotiontalk/full/midasheng_rewardv3_r2
midasheng_rewardv3,r2,overall,clapscore,,unavailable,"stack expects each tensor to be equal size, but got [77] at entry 0 and [78] at entry 5",/data/L202500147/Caption/benchmark/later_caption_eval_runs_20260902_run01/emotiontalk/full/midasheng_rewardv3_r2
midasheng_rewardv3,r3,speaker,bleu_4,2.483297690736334e-07,ok,,/data/L202500147/Caption/benchmark/later_caption_eval_runs_20260902_run01/emotiontalk/full/midasheng_rewardv3_r3
midasheng_rewardv3,r3,speaker,rouge_l,0.30406451699144527,ok,,/data/L202500147/Caption/benchmark/later_caption_eval_runs_20260902_run01/emotiontalk/full/midasheng_rewardv3_r3
midasheng_rewardv3,r3,speaker,meteor,0.14299498814504752,ok,,/data/L202500147/Caption/benchmark/later_caption_eval_runs_20260902_run01/emotiontalk/full/midasheng_rewardv3_r3
midasheng_rewardv3,r3,speaker,spider,0.14462142784243084,ok,,/data/L202500147/Caption/benchmark/later_caption_eval_runs_20260902_run01/emotiontalk/full/midasheng_rewardv3_r3
midasheng_rewardv3,r3,speaker,fense,0.7797230555610746,ok,,/data/L202500147/Caption/benchmark/later_caption_eval_runs_20260902_run01/emotiontalk/full/midasheng_rewardv3_r3
midasheng_rewardv3,r3,speaker,bertscore,0.6800609230995178,ok,,/data/L202500147/Caption/benchmark/later_caption_eval_runs_20260902_run01/emotiontalk/full/midasheng_rewardv3_r3
midasheng_rewardv3,r3,speaker,clapscore,,unavailable,"stack expects each tensor to be equal size, but got [77] at entry 0 and [86] at entry 1",/data/L202500147/Caption/benchmark/later_caption_eval_runs_20260902_run01/emotiontalk/full/midasheng_rewardv3_r3
midasheng_rewardv3,r3,style,bleu_4,0.017320510012985055,ok,,/data/L202500147/Caption/benchmark/later_caption_eval_runs_20260902_run01/emotiontalk/full/midasheng_rewardv3_r3
midasheng_rewardv3,r3,style,rouge_l,0.3831678226915653,ok,,/data/L202500147/Caption/benchmark/later_caption_eval_runs_20260902_run01/emotiontalk/full/midasheng_rewardv3_r3
midasheng_rewardv3,r3,style,meteor,0.14645900551007926,ok,,/data/L202500147/Caption/benchmark/later_caption_eval_runs_20260902_run01/emotiontalk/full/midasheng_rewardv3_r3
midasheng_rewardv3,r3,style,spider,0.16311596137259496,ok,,/data/L202500147/Caption/benchmark/later_caption_eval_runs_20260902_run01/emotiontalk/full/midasheng_rewardv3_r3
midasheng_rewardv3,r3,style,fense,0.7213134681579052,ok,,/data/L202500147/Caption/benchmark/later_caption_eval_runs_20260902_run01/emotiontalk/full/midasheng_rewardv3_r3
midasheng_rewardv3,r3,style,bertscore,0.7016242146492004,ok,,/data/L202500147/Caption/benchmark/later_caption_eval_runs_20260902_run01/emotiontalk/full/midasheng_rewardv3_r3
midasheng_rewardv3,r3,style,clapscore,,unavailable,"stack expects each tensor to be equal size, but got [77] at entry 0 and [79] at entry 2",/data/L202500147/Caption/benchmark/later_caption_eval_runs_20260902_run01/emotiontalk/full/midasheng_rewardv3_r3
midasheng_rewardv3,r3,emotion,bleu_4,1.0857288977724302e-14,ok,,/data/L202500147/Caption/benchmark/later_caption_eval_runs_20260902_run01/emotiontalk/full/midasheng_rewardv3_r3
midasheng_rewardv3,r3,emotion,rouge_l,0.139453711515346,ok,,/data/L202500147/Caption/benchmark/later_caption_eval_runs_20260902_run01/emotiontalk/full/midasheng_rewardv3_r3
midasheng_rewardv3,r3,emotion,meteor,0.06514995161866571,ok,,/data/L202500147/Caption/benchmark/later_caption_eval_runs_20260902_run01/emotiontalk/full/midasheng_rewardv3_r3
midasheng_rewardv3,r3,emotion,spider,0.0662008334059291,ok,,/data/L202500147/Caption/benchmark/later_caption_eval_runs_20260902_run01/emotiontalk/full/midasheng_rewardv3_r3
midasheng_rewardv3,r3,emotion,fense,0.7971571641459003,ok,,/data/L202500147/Caption/benchmark/later_caption_eval_runs_20260902_run01/emotiontalk/full/midasheng_rewardv3_r3
midasheng_rewardv3,r3,emotion,bertscore,0.593920886516571,ok,,/data/L202500147/Caption/benchmark/later_caption_eval_runs_20260902_run01/emotiontalk/full/midasheng_rewardv3_r3
midasheng_rewardv3,r3,emotion,clapscore,,unavailable,"stack expects each tensor to be equal size, but got [77] at entry 0 and [105] at entry 2",/data/L202500147/Caption/benchmark/later_caption_eval_runs_20260902_run01/emotiontalk/full/midasheng_rewardv3_r3
midasheng_rewardv3,r3,overall,bleu_4,1.1833754894757838e-06,ok,,/data/L202500147/Caption/benchmark/later_caption_eval_runs_20260902_run01/emotiontalk/full/midasheng_rewardv3_r3
midasheng_rewardv3,r3,overall,rouge_l,0.2641983647942731,ok,,/data/L202500147/Caption/benchmark/later_caption_eval_runs_20260902_run01/emotiontalk/full/midasheng_rewardv3_r3
midasheng_rewardv3,r3,overall,meteor,0.09351444108670953,ok,,/data/L202500147/Caption/benchmark/later_caption_eval_runs_20260902_run01/emotiontalk/full/midasheng_rewardv3_r3
midasheng_rewardv3,r3,overall,spider,0.05334727503566135,ok,,/data/L202500147/Caption/benchmark/later_caption_eval_runs_20260902_run01/emotiontalk/full/midasheng_rewardv3_r3
midasheng_rewardv3,r3,overall,fense,0.8722310227455408,ok,,/data/L202500147/Caption/benchmark/later_caption_eval_runs_20260902_run01/emotiontalk/full/midasheng_rewardv3_r3
midasheng_rewardv3,r3,overall,bertscore,0.6898187398910522,ok,,/data/L202500147/Caption/benchmark/later_caption_eval_runs_20260902_run01/emotiontalk/full/midasheng_rewardv3_r3
midasheng_rewardv3,r3,overall,clapscore,,unavailable,"stack expects each tensor to be equal size, but got [77] at entry 0 and [79] at entry 5",/data/L202500147/Caption/benchmark/later_caption_eval_runs_20260902_run01/emotiontalk/full/midasheng_rewardv3_r3
midasheng_rewardv3,r4,speaker,bleu_4,2.4936687568664944e-07,ok,,/data/L202500147/Caption/benchmark/later_caption_eval_runs_20260902_run01/emotiontalk/full/midasheng_rewardv3_r4
midasheng_rewardv3,r4,speaker,rouge_l,0.30047589205276803,ok,,/data/L202500147/Caption/benchmark/later_caption_eval_runs_20260902_run01/emotiontalk/full/midasheng_rewardv3_r4
midasheng_rewardv3,r4,speaker,meteor,0.14306233212082475,ok,,/data/L202500147/Caption/benchmark/later_caption_eval_runs_20260902_run01/emotiontalk/full/midasheng_rewardv3_r4
midasheng_rewardv3,r4,speaker,spider,0.14322433162218212,ok,,/data/L202500147/Caption/benchmark/later_caption_eval_runs_20260902_run01/emotiontalk/full/midasheng_rewardv3_r4
midasheng_rewardv3,r4,speaker,fense,0.777260919415067,ok,,/data/L202500147/Caption/benchmark/later_caption_eval_runs_20260902_run01/emotiontalk/full/midasheng_rewardv3_r4
midasheng_rewardv3,r4,speaker,bertscore,0.6794267892837524,ok,,/data/L202500147/Caption/benchmark/later_caption_eval_runs_20260902_run01/emotiontalk/full/midasheng_rewardv3_r4
midasheng_rewardv3,r4,speaker,clapscore,,unavailable,"stack expects each tensor to be equal size, but got [77] at entry 0 and [86] at entry 1",/data/L202500147/Caption/benchmark/later_caption_eval_runs_20260902_run01/emotiontalk/full/midasheng_rewardv3_r4
midasheng_rewardv3,r4,style,bleu_4,0.01729247172148646,ok,,/data/L202500147/Caption/benchmark/later_caption_eval_runs_20260902_run01/emotiontalk/full/midasheng_rewardv3_r4
midasheng_rewardv3,r4,style,rouge_l,0.38429953883259915,ok,,/data/L202500147/Caption/benchmark/later_caption_eval_runs_20260902_run01/emotiontalk/full/midasheng_rewardv3_r4
midasheng_rewardv3,r4,style,meteor,0.1473013568635755,ok,,/data/L202500147/Caption/benchmark/later_caption_eval_runs_20260902_run01/emotiontalk/full/midasheng_rewardv3_r4
midasheng_rewardv3,r4,style,spider,0.1643141435188425,ok,,/data/L202500147/Caption/benchmark/later_caption_eval_runs_20260902_run01/emotiontalk/full/midasheng_rewardv3_r4
midasheng_rewardv3,r4,style,fense,0.7282910737922118,ok,,/data/L202500147/Caption/benchmark/later_caption_eval_runs_20260902_run01/emotiontalk/full/midasheng_rewardv3_r4
midasheng_rewardv3,r4,style,bertscore,0.703580379486084,ok,,/data/L202500147/Caption/benchmark/later_caption_eval_runs_20260902_run01/emotiontalk/full/midasheng_rewardv3_r4
midasheng_rewardv3,r4,style,clapscore,,unavailable,"stack expects each tensor to be equal size, but got [77] at entry 0 and [79] at entry 2",/data/L202500147/Caption/benchmark/later_caption_eval_runs_20260902_run01/emotiontalk/full/midasheng_rewardv3_r4
midasheng_rewardv3,r4,emotion,bleu_4,1.0738158495181132e-14,ok,,/data/L202500147/Caption/benchmark/later_caption_eval_runs_20260902_run01/emotiontalk/full/midasheng_rewardv3_r4
midasheng_rewardv3,r4,emotion,rouge_l,0.13582098693248457,ok,,/data/L202500147/Caption/benchmark/later_caption_eval_runs_20260902_run01/emotiontalk/full/midasheng_rewardv3_r4
midasheng_rewardv3,r4,emotion,meteor,0.06417879095157487,ok,,/data/L202500147/Caption/benchmark/later_caption_eval_runs_20260902_run01/emotiontalk/full/midasheng_rewardv3_r4
midasheng_rewardv3,r4,emotion,spider,0.06474713044428465,ok,,/data/L202500147/Caption/benchmark/later_caption_eval_runs_20260902_run01/emotiontalk/full/midasheng_rewardv3_r4
midasheng_rewardv3,r4,emotion,fense,0.7971642741117533,ok,,/data/L202500147/Caption/benchmark/later_caption_eval_runs_20260902_run01/emotiontalk/full/midasheng_rewardv3_r4
midasheng_rewardv3,r4,emotion,bertscore,,unavailable,"Unable to create tensor, you should probably activate truncation and/or padding with 'padding=True' 'truncation=True' to have batched tensors with the same length. Perhaps your features (`input_ids` in this case) have excessive nesting (inputs type `list` where type `int` is expected).",/data/L202500147/Caption/benchmark/later_caption_eval_runs_20260902_run01/emotiontalk/full/midasheng_rewardv3_r4
midasheng_rewardv3,r4,emotion,clapscore,,unavailable,"stack expects each tensor to be equal size, but got [77] at entry 0 and [265] at entry 3",/data/L202500147/Caption/benchmark/later_caption_eval_runs_20260902_run01/emotiontalk/full/midasheng_rewardv3_r4
midasheng_rewardv3,r4,overall,bleu_4,1.024270197232964e-06,ok,,/data/L202500147/Caption/benchmark/later_caption_eval_runs_20260902_run01/emotiontalk/full/midasheng_rewardv3_r4
midasheng_rewardv3,r4,overall,rouge_l,0.2692440925140217,ok,,/data/L202500147/Caption/benchmark/later_caption_eval_runs_20260902_run01/emotiontalk/full/midasheng_rewardv3_r4
midasheng_rewardv3,r4,overall,meteor,0.0941677373920721,ok,,/data/L202500147/Caption/benchmark/later_caption_eval_runs_20260902_run01/emotiontalk/full/midasheng_rewardv3_r4
midasheng_rewardv3,r4,overall,spider,0.05459588044213199,ok,,/data/L202500147/Caption/benchmark/later_caption_eval_runs_20260902_run01/emotiontalk/full/midasheng_rewardv3_r4
midasheng_rewardv3,r4,overall,fense,0.8746546453951306,ok,,/data/L202500147/Caption/benchmark/later_caption_eval_runs_20260902_run01/emotiontalk/full/midasheng_rewardv3_r4
midasheng_rewardv3,r4,overall,bertscore,0.6919991374015808,ok,,/data/L202500147/Caption/benchmark/later_caption_eval_runs_20260902_run01/emotiontalk/full/midasheng_rewardv3_r4
midasheng_rewardv3,r4,overall,clapscore,,unavailable,"stack expects each tensor to be equal size, but got [77] at entry 0 and [78] at entry 5",/data/L202500147/Caption/benchmark/later_caption_eval_runs_20260902_run01/emotiontalk/full/midasheng_rewardv3_r4
midasheng_rewardv3,r5,speaker,bleu_4,2.446623980911543e-07,ok,,/data/L202500147/Caption/benchmark/later_caption_eval_runs_20260902_run01/emotiontalk/full/midasheng_rewardv3_r5
midasheng_rewardv3,r5,speaker,rouge_l,0.30412223858806725,ok,,/data/L202500147/Caption/benchmark/later_caption_eval_runs_20260902_run01/emotiontalk/full/midasheng_rewardv3_r5
midasheng_rewardv3,r5,speaker,meteor,0.14383320776225067,ok,,/data/L202500147/Caption/benchmark/later_caption_eval_runs_20260902_run01/emotiontalk/full/midasheng_rewardv3_r5
midasheng_rewardv3,r5,speaker,spider,0.1448628118432957,ok,,/data/L202500147/Caption/benchmark/later_caption_eval_runs_20260902_run01/emotiontalk/full/midasheng_rewardv3_r5
midasheng_rewardv3,r5,speaker,fense,0.782679847341674,ok,,/data/L202500147/Caption/benchmark/later_caption_eval_runs_20260902_run01/emotiontalk/full/midasheng_rewardv3_r5
midasheng_rewardv3,r5,speaker,bertscore,0.6804677844047546,ok,,/data/L202500147/Caption/benchmark/later_caption_eval_runs_20260902_run01/emotiontalk/full/midasheng_rewardv3_r5
midasheng_rewardv3,r5,speaker,clapscore,,unavailable,"stack expects each tensor to be equal size, but got [77] at entry 0 and [86] at entry 1",/data/L202500147/Caption/benchmark/later_caption_eval_runs_20260902_run01/emotiontalk/full/midasheng_rewardv3_r5
midasheng_rewardv3,r5,style,bleu_4,0.0171860798283601,ok,,/data/L202500147/Caption/benchmark/later_caption_eval_runs_20260902_run01/emotiontalk/full/midasheng_rewardv3_r5
midasheng_rewardv3,r5,style,rouge_l,0.38295572236307257,ok,,/data/L202500147/Caption/benchmark/later_caption_eval_runs_20260902_run01/emotiontalk/full/midasheng_rewardv3_r5
midasheng_rewardv3,r5,style,meteor,0.14713101665029912,ok,,/data/L202500147/Caption/benchmark/later_caption_eval_runs_20260902_run01/emotiontalk/full/midasheng_rewardv3_r5
midasheng_rewardv3,r5,style,spider,0.16247744269709363,ok,,/data/L202500147/Caption/benchmark/later_caption_eval_runs_20260902_run01/emotiontalk/full/midasheng_rewardv3_r5
midasheng_rewardv3,r5,style,fense,0.7230204884161783,ok,,/data/L202500147/Caption/benchmark/later_caption_eval_runs_20260902_run01/emotiontalk/full/midasheng_rewardv3_r5
midasheng_rewardv3,r5,style,bertscore,0.7031281590461731,ok,,/data/L202500147/Caption/benchmark/later_caption_eval_runs_20260902_run01/emotiontalk/full/midasheng_rewardv3_r5
midasheng_rewardv3,r5,style,clapscore,,unavailable,"stack expects each tensor to be equal size, but got [77] at entry 0 and [79] at entry 2",/data/L202500147/Caption/benchmark/later_caption_eval_runs_20260902_run01/emotiontalk/full/midasheng_rewardv3_r5
midasheng_rewardv3,r5,emotion,bleu_4,1.0749860284081658e-14,ok,,/data/L202500147/Caption/benchmark/later_caption_eval_runs_20260902_run01/emotiontalk/full/midasheng_rewardv3_r5
midasheng_rewardv3,r5,emotion,rouge_l,0.13468297067550059,ok,,/data/L202500147/Caption/benchmark/later_caption_eval_runs_20260902_run01/emotiontalk/full/midasheng_rewardv3_r5
midasheng_rewardv3,r5,emotion,meteor,0.06390177820325858,ok,,/data/L202500147/Caption/benchmark/later_caption_eval_runs_20260902_run01/emotiontalk/full/midasheng_rewardv3_r5
midasheng_rewardv3,r5,emotion,spider,0.0638353637871082,ok,,/data/L202500147/Caption/benchmark/later_caption_eval_runs_20260902_run01/emotiontalk/full/midasheng_rewardv3_r5
midasheng_rewardv3,r5,emotion,fense,0.7934749761321127,ok,,/data/L202500147/Caption/benchmark/later_caption_eval_runs_20260902_run01/emotiontalk/full/midasheng_rewardv3_r5
midasheng_rewardv3,r5,emotion,bertscore,,unavailable,"Unable to create tensor, you should probably activate truncation and/or padding with 'padding=True' 'truncation=True' to have batched tensors with the same length. Perhaps your features (`input_ids` in this case) have excessive nesting (inputs type `list` where type `int` is expected).",/data/L202500147/Caption/benchmark/later_caption_eval_runs_20260902_run01/emotiontalk/full/midasheng_rewardv3_r5
midasheng_rewardv3,r5,emotion,clapscore,,unavailable,"stack expects each tensor to be equal size, but got [77] at entry 0 and [267] at entry 3",/data/L202500147/Caption/benchmark/later_caption_eval_runs_20260902_run01/emotiontalk/full/midasheng_rewardv3_r5
midasheng_rewardv3,r5,overall,bleu_4,1.1889975581185888e-06,ok,,/data/L202500147/Caption/benchmark/later_caption_eval_runs_20260902_run01/emotiontalk/full/midasheng_rewardv3_r5
midasheng_rewardv3,r5,overall,rouge_l,0.2686915947422339,ok,,/data/L202500147/Caption/benchmark/later_caption_eval_runs_20260902_run01/emotiontalk/full/midasheng_rewardv3_r5
midasheng_rewardv3,r5,overall,meteor,0.09451586844213053,ok,,/data/L202500147/Caption/benchmark/later_caption_eval_runs_20260902_run01/emotiontalk/full/midasheng_rewardv3_r5
midasheng_rewardv3,r5,overall,spider,0.05456786682561548,ok,,/data/L202500147/Caption/benchmark/later_caption_eval_runs_20260902_run01/emotiontalk/full/midasheng_rewardv3_r5
midasheng_rewardv3,r5,overall,fense,0.8738229619369043,ok,,/data/L202500147/Caption/benchmark/later_caption_eval_runs_20260902_run01/emotiontalk/full/midasheng_rewardv3_r5
midasheng_rewardv3,r5,overall,bertscore,0.6913254261016846,ok,,/data/L202500147/Caption/benchmark/later_caption_eval_runs_20260902_run01/emotiontalk/full/midasheng_rewardv3_r5
midasheng_rewardv3,r5,overall,clapscore,,unavailable,"stack expects each tensor to be equal size, but got [77] at entry 0 and [79] at entry 5",/data/L202500147/Caption/benchmark/later_caption_eval_runs_20260902_run01/emotiontalk/full/midasheng_rewardv3_r5
midasheng_rewardv3,r6,speaker,bleu_4,2.474883009692063e-07,ok,,/data/L202500147/Caption/benchmark/later_caption_eval_runs_20260902_run01/emotiontalk/full/midasheng_rewardv3_r6
midasheng_rewardv3,r6,speaker,rouge_l,0.30267166006715585,ok,,/data/L202500147/Caption/benchmark/later_caption_eval_runs_20260902_run01/emotiontalk/full/midasheng_rewardv3_r6
midasheng_rewardv3,r6,speaker,meteor,0.14385796558071695,ok,,/data/L202500147/Caption/benchmark/later_caption_eval_runs_20260902_run01/emotiontalk/full/midasheng_rewardv3_r6
midasheng_rewardv3,r6,speaker,spider,0.1444988482390769,ok,,/data/L202500147/Caption/benchmark/later_caption_eval_runs_20260902_run01/emotiontalk/full/midasheng_rewardv3_r6
midasheng_rewardv3,r6,speaker,fense,0.7823552871195376,ok,,/data/L202500147/Caption/benchmark/later_caption_eval_runs_20260902_run01/emotiontalk/full/midasheng_rewardv3_r6
midasheng_rewardv3,r6,speaker,bertscore,0.6801779270172119,ok,,/data/L202500147/Caption/benchmark/later_caption_eval_runs_20260902_run01/emotiontalk/full/midasheng_rewardv3_r6
midasheng_rewardv3,r6,speaker,clapscore,,unavailable,"stack expects each tensor to be equal size, but got [77] at entry 0 and [86] at entry 1",/data/L202500147/Caption/benchmark/later_caption_eval_runs_20260902_run01/emotiontalk/full/midasheng_rewardv3_r6
midasheng_rewardv3,r6,style,bleu_4,2.5751139434307933e-06,ok,,/data/L202500147/Caption/benchmark/later_caption_eval_runs_20260902_run01/emotiontalk/full/midasheng_rewardv3_r6
midasheng_rewardv3,r6,style,rouge_l,0.3816861255819926,ok,,/data/L202500147/Caption/benchmark/later_caption_eval_runs_20260902_run01/emotiontalk/full/midasheng_rewardv3_r6
midasheng_rewardv3,r6,style,meteor,0.14545095549340162,ok,,/data/L202500147/Caption/benchmark/later_caption_eval_runs_20260902_run01/emotiontalk/full/midasheng_rewardv3_r6
midasheng_rewardv3,r6,style,spider,0.1611523617901896,ok,,/data/L202500147/Caption/benchmark/later_caption_eval_runs_20260902_run01/emotiontalk/full/midasheng_rewardv3_r6
midasheng_rewardv3,r6,style,fense,0.7191232701513419,ok,,/data/L202500147/Caption/benchmark/later_caption_eval_runs_20260902_run01/emotiontalk/full/midasheng_rewardv3_r6
midasheng_rewardv3,r6,style,bertscore,0.7017768621444702,ok,,/data/L202500147/Caption/benchmark/later_caption_eval_runs_20260902_run01/emotiontalk/full/midasheng_rewardv3_r6
midasheng_rewardv3,r6,style,clapscore,,unavailable,"stack expects each tensor to be equal size, but got [77] at entry 0 and [79] at entry 2",/data/L202500147/Caption/benchmark/later_caption_eval_runs_20260902_run01/emotiontalk/full/midasheng_rewardv3_r6
midasheng_rewardv3,r6,emotion,bleu_4,1.070480035545123e-14,ok,,/data/L202500147/Caption/benchmark/later_caption_eval_runs_20260902_run01/emotiontalk/full/midasheng_rewardv3_r6
midasheng_rewardv3,r6,emotion,rouge_l,0.13712387015164823,ok,,/data/L202500147/Caption/benchmark/later_caption_eval_runs_20260902_run01/emotiontalk/full/midasheng_rewardv3_r6
midasheng_rewardv3,r6,emotion,meteor,0.06453635028537982,ok,,/data/L202500147/Caption/benchmark/later_caption_eval_runs_20260902_run01/emotiontalk/full/midasheng_rewardv3_r6
midasheng_rewardv3,r6,emotion,spider,0.06503160984883737,ok,,/data/L202500147/Caption/benchmark/later_caption_eval_runs_20260902_run01/emotiontalk/full/midasheng_rewardv3_r6
midasheng_rewardv3,r6,emotion,fense,0.7930363808474187,ok,,/data/L202500147/Caption/benchmark/later_caption_eval_runs_20260902_run01/emotiontalk/full/midasheng_rewardv3_r6
midasheng_rewardv3,r6,emotion,bertscore,,unavailable,"Unable to create tensor, you should probably activate truncation and/or padding with 'padding=True' 'truncation=True' to have batched tensors with the same length. Perhaps your features (`input_ids` in this case) have excessive nesting (inputs type `list` where type `int` is expected).",/data/L202500147/Caption/benchmark/later_caption_eval_runs_20260902_run01/emotiontalk/full/midasheng_rewardv3_r6
midasheng_rewardv3,r6,emotion,clapscore,,unavailable,"stack expects each tensor to be equal size, but got [77] at entry 0 and [265] at entry 3",/data/L202500147/Caption/benchmark/later_caption_eval_runs_20260902_run01/emotiontalk/full/midasheng_rewardv3_r6
midasheng_rewardv3,r6,overall,bleu_4,1.1387794759504777e-06,ok,,/data/L202500147/Caption/benchmark/later_caption_eval_runs_20260902_run01/emotiontalk/full/midasheng_rewardv3_r6
midasheng_rewardv3,r6,overall,rouge_l,0.26467668304792075,ok,,/data/L202500147/Caption/benchmark/later_caption_eval_runs_20260902_run01/emotiontalk/full/midasheng_rewardv3_r6
midasheng_rewardv3,r6,overall,meteor,0.09338048254939206,ok,,/data/L202500147/Caption/benchmark/later_caption_eval_runs_20260902_run01/emotiontalk/full/midasheng_rewardv3_r6
midasheng_rewardv3,r6,overall,spider,0.05339284802907377,ok,,/data/L202500147/Caption/benchmark/later_caption_eval_runs_20260902_run01/emotiontalk/full/midasheng_rewardv3_r6
midasheng_rewardv3,r6,overall,fense,0.8712956453741617,ok,,/data/L202500147/Caption/benchmark/later_caption_eval_runs_20260902_run01/emotiontalk/full/midasheng_rewardv3_r6
midasheng_rewardv3,r6,overall,bertscore,0.6898273229598999,ok,,/data/L202500147/Caption/benchmark/later_caption_eval_runs_20260902_run01/emotiontalk/full/midasheng_rewardv3_r6
midasheng_rewardv3,r6,overall,clapscore,,unavailable,"stack expects each tensor to be equal size, but got [77] at entry 0 and [78] at entry 5",/data/L202500147/Caption/benchmark/later_caption_eval_runs_20260902_run01/emotiontalk/full/midasheng_rewardv3_r6
midasheng_rewardv3,r7,speaker,bleu_4,2.5086644673479176e-07,ok,,/data/L202500147/Caption/benchmark/later_caption_eval_runs_20260902_run01/emotiontalk/full/midasheng_rewardv3_r7
midasheng_rewardv3,r7,speaker,rouge_l,0.29783060987752585,ok,,/data/L202500147/Caption/benchmark/later_caption_eval_runs_20260902_run01/emotiontalk/full/midasheng_rewardv3_r7
midasheng_rewardv3,r7,speaker,meteor,0.14314507710739902,ok,,/data/L202500147/Caption/benchmark/later_caption_eval_runs_20260902_run01/emotiontalk/full/midasheng_rewardv3_r7
midasheng_rewardv3,r7,speaker,spider,0.14166927901923784,ok,,/data/L202500147/Caption/benchmark/later_caption_eval_runs_20260902_run01/emotiontalk/full/midasheng_rewardv3_r7
midasheng_rewardv3,r7,speaker,fense,0.7828306293289793,ok,,/data/L202500147/Caption/benchmark/later_caption_eval_runs_20260902_run01/emotiontalk/full/midasheng_rewardv3_r7
midasheng_rewardv3,r7,speaker,bertscore,0.6792412996292114,ok,,/data/L202500147/Caption/benchmark/later_caption_eval_runs_20260902_run01/emotiontalk/full/midasheng_rewardv3_r7
midasheng_rewardv3,r7,speaker,clapscore,,unavailable,"stack expects each tensor to be equal size, but got [77] at entry 0 and [86] at entry 1",/data/L202500147/Caption/benchmark/later_caption_eval_runs_20260902_run01/emotiontalk/full/midasheng_rewardv3_r7
midasheng_rewardv3,r7,style,bleu_4,0.017185018038357633,ok,,/data/L202500147/Caption/benchmark/later_caption_eval_runs_20260902_run01/emotiontalk/full/midasheng_rewardv3_r7
midasheng_rewardv3,r7,style,rouge_l,0.3812258090026147,ok,,/data/L202500147/Caption/benchmark/later_caption_eval_runs_20260902_run01/emotiontalk/full/midasheng_rewardv3_r7
midasheng_rewardv3,r7,style,meteor,0.1462257563384448,ok,,/data/L202500147/Caption/benchmark/later_caption_eval_runs_20260902_run01/emotiontalk/full/midasheng_rewardv3_r7
midasheng_rewardv3,r7,style,spider,0.1636927676022053,ok,,/data/L202500147/Caption/benchmark/later_caption_eval_runs_20260902_run01/emotiontalk/full/midasheng_rewardv3_r7
midasheng_rewardv3,r7,style,fense,0.7222667747114903,ok,,/data/L202500147/Caption/benchmark/later_caption_eval_runs_20260902_run01/emotiontalk/full/midasheng_rewardv3_r7
midasheng_rewardv3,r7,style,bertscore,0.7025602459907532,ok,,/data/L202500147/Caption/benchmark/later_caption_eval_runs_20260902_run01/emotiontalk/full/midasheng_rewardv3_r7
midasheng_rewardv3,r7,style,clapscore,,unavailable,"stack expects each tensor to be equal size, but got [77] at entry 0 and [79] at entry 2",/data/L202500147/Caption/benchmark/later_caption_eval_runs_20260902_run01/emotiontalk/full/midasheng_rewardv3_r7
midasheng_rewardv3,r7,emotion,bleu_4,1.0817548917657919e-14,ok,,/data/L202500147/Caption/benchmark/later_caption_eval_runs_20260902_run01/emotiontalk/full/midasheng_rewardv3_r7
midasheng_rewardv3,r7,emotion,rouge_l,0.13557925363985443,ok,,/data/L202500147/Caption/benchmark/later_caption_eval_runs_20260902_run01/emotiontalk/full/midasheng_rewardv3_r7
midasheng_rewardv3,r7,emotion,meteor,0.06391992297687736,ok,,/data/L202500147/Caption/benchmark/later_caption_eval_runs_20260902_run01/emotiontalk/full/midasheng_rewardv3_r7
midasheng_rewardv3,r7,emotion,spider,0.06465096152843434,ok,,/data/L202500147/Caption/benchmark/later_caption_eval_runs_20260902_run01/emotiontalk/full/midasheng_rewardv3_r7
midasheng_rewardv3,r7,emotion,fense,0.7954840885196219,ok,,/data/L202500147/Caption/benchmark/later_caption_eval_runs_20260902_run01/emotiontalk/full/midasheng_rewardv3_r7
midasheng_rewardv3,r7,emotion,bertscore,,unavailable,"Unable to create tensor, you should probably activate truncation and/or padding with 'padding=True' 'truncation=True' to have batched tensors with the same length. Perhaps your features (`input_ids` in this case) have excessive nesting (inputs type `list` where type `int` is expected).",/data/L202500147/Caption/benchmark/later_caption_eval_runs_20260902_run01/emotiontalk/full/midasheng_rewardv3_r7
midasheng_rewardv3,r7,emotion,clapscore,,unavailable,"stack expects each tensor to be equal size, but got [77] at entry 0 and [267] at entry 3",/data/L202500147/Caption/benchmark/later_caption_eval_runs_20260902_run01/emotiontalk/full/midasheng_rewardv3_r7
midasheng_rewardv3,r7,overall,bleu_4,1.1457531825581686e-06,ok,,/data/L202500147/Caption/benchmark/later_caption_eval_runs_20260902_run01/emotiontalk/full/midasheng_rewardv3_r7
midasheng_rewardv3,r7,overall,rouge_l,0.2691932284849441,ok,,/data/L202500147/Caption/benchmark/later_caption_eval_runs_20260902_run01/emotiontalk/full/midasheng_rewardv3_r7
midasheng_rewardv3,r7,overall,meteor,0.09415399604142989,ok,,/data/L202500147/Caption/benchmark/later_caption_eval_runs_20260902_run01/emotiontalk/full/midasheng_rewardv3_r7
midasheng_rewardv3,r7,overall,spider,0.054916667485000785,ok,,/data/L202500147/Caption/benchmark/later_caption_eval_runs_20260902_run01/emotiontalk/full/midasheng_rewardv3_r7
midasheng_rewardv3,r7,overall,fense,0.8735985003060291,ok,,/data/L202500147/Caption/benchmark/later_caption_eval_runs_20260902_run01/emotiontalk/full/midasheng_rewardv3_r7
midasheng_rewardv3,r7,overall,bertscore,0.6907199025154114,ok,,/data/L202500147/Caption/benchmark/later_caption_eval_runs_20260902_run01/emotiontalk/full/midasheng_rewardv3_r7
midasheng_rewardv3,r7,overall,clapscore,,unavailable,"stack expects each tensor to be equal size, but got [77] at entry 0 and [79] at entry 5",/data/L202500147/Caption/benchmark/later_caption_eval_runs_20260902_run01/emotiontalk/full/midasheng_rewardv3_r7
midasheng_rewardv3,r8,speaker,bleu_4,2.4658420886682916e-07,ok,,/data/L202500147/Caption/benchmark/later_caption_eval_runs_20260902_run01/emotiontalk/full/midasheng_rewardv3_r8
midasheng_rewardv3,r8,speaker,rouge_l,0.30093764481219715,ok,,/data/L202500147/Caption/benchmark/later_caption_eval_runs_20260902_run01/emotiontalk/full/midasheng_rewardv3_r8
midasheng_rewardv3,r8,speaker,meteor,0.14371457068213306,ok,,/data/L202500147/Caption/benchmark/later_caption_eval_runs_20260902_run01/emotiontalk/full/midasheng_rewardv3_r8
midasheng_rewardv3,r8,speaker,spider,0.14323022157958493,ok,,/data/L202500147/Caption/benchmark/later_caption_eval_runs_20260902_run01/emotiontalk/full/midasheng_rewardv3_r8
midasheng_rewardv3,r8,speaker,fense,0.7835471610568112,ok,,/data/L202500147/Caption/benchmark/later_caption_eval_runs_20260902_run01/emotiontalk/full/midasheng_rewardv3_r8
midasheng_rewardv3,r8,speaker,bertscore,0.6788784265518188,ok,,/data/L202500147/Caption/benchmark/later_caption_eval_runs_20260902_run01/emotiontalk/full/midasheng_rewardv3_r8
midasheng_rewardv3,r8,speaker,clapscore,,unavailable,"stack expects each tensor to be equal size, but got [77] at entry 0 and [86] at entry 1",/data/L202500147/Caption/benchmark/later_caption_eval_runs_20260902_run01/emotiontalk/full/midasheng_rewardv3_r8
midasheng_rewardv3,r8,style,bleu_4,2.5568197813434197e-06,ok,,/data/L202500147/Caption/benchmark/later_caption_eval_runs_20260902_run01/emotiontalk/full/midasheng_rewardv3_r8
midasheng_rewardv3,r8,style,rouge_l,0.3846577550493591,ok,,/data/L202500147/Caption/benchmark/later_caption_eval_runs_20260902_run01/emotiontalk/full/midasheng_rewardv3_r8
midasheng_rewardv3,r8,style,meteor,0.14811239929237988,ok,,/data/L202500147/Caption/benchmark/later_caption_eval_runs_20260902_run01/emotiontalk/full/midasheng_rewardv3_r8
midasheng_rewardv3,r8,style,spider,0.16293194522982823,ok,,/data/L202500147/Caption/benchmark/later_caption_eval_runs_20260902_run01/emotiontalk/full/midasheng_rewardv3_r8
midasheng_rewardv3,r8,style,fense,0.7209155510780785,ok,,/data/L202500147/Caption/benchmark/later_caption_eval_runs_20260902_run01/emotiontalk/full/midasheng_rewardv3_r8
midasheng_rewardv3,r8,style,bertscore,0.702400803565979,ok,,/data/L202500147/Caption/benchmark/later_caption_eval_runs_20260902_run01/emotiontalk/full/midasheng_rewardv3_r8
midasheng_rewardv3,r8,style,clapscore,,unavailable,"stack expects each tensor to be equal size, but got [77] at entry 0 and [79] at entry 2",/data/L202500147/Caption/benchmark/later_caption_eval_runs_20260902_run01/emotiontalk/full/midasheng_rewardv3_r8
midasheng_rewardv3,r8,emotion,bleu_4,1.0821671267121475e-14,ok,,/data/L202500147/Caption/benchmark/later_caption_eval_runs_20260902_run01/emotiontalk/full/midasheng_rewardv3_r8
midasheng_rewardv3,r8,emotion,rouge_l,0.1347944373007927,ok,,/data/L202500147/Caption/benchmark/later_caption_eval_runs_20260902_run01/emotiontalk/full/midasheng_rewardv3_r8
midasheng_rewardv3,r8,emotion,meteor,0.063795317362519,ok,,/data/L202500147/Caption/benchmark/later_caption_eval_runs_20260902_run01/emotiontalk/full/midasheng_rewardv3_r8
midasheng_rewardv3,r8,emotion,spider,0.06365398255999799,ok,,/data/L202500147/Caption/benchmark/later_caption_eval_runs_20260902_run01/emotiontalk/full/midasheng_rewardv3_r8
midasheng_rewardv3,r8,emotion,fense,0.7950334265078826,ok,,/data/L202500147/Caption/benchmark/later_caption_eval_runs_20260902_run01/emotiontalk/full/midasheng_rewardv3_r8
midasheng_rewardv3,r8,emotion,bertscore,,unavailable,"Unable to create tensor, you should probably activate truncation and/or padding with 'padding=True' 'truncation=True' to have batched tensors with the same length. Perhaps your features (`input_ids` in this case) have excessive nesting (inputs type `list` where type `int` is expected).",/data/L202500147/Caption/benchmark/later_caption_eval_runs_20260902_run01/emotiontalk/full/midasheng_rewardv3_r8
midasheng_rewardv3,r8,emotion,clapscore,,unavailable,"stack expects each tensor to be equal size, but got [77] at entry 0 and [265] at entry 3",/data/L202500147/Caption/benchmark/later_caption_eval_runs_20260902_run01/emotiontalk/full/midasheng_rewardv3_r8
midasheng_rewardv3,r8,overall,bleu_4,1.1344714906690711e-06,ok,,/data/L202500147/Caption/benchmark/later_caption_eval_runs_20260902_run01/emotiontalk/full/midasheng_rewardv3_r8
midasheng_rewardv3,r8,overall,rouge_l,0.2645361921032375,ok,,/data/L202500147/Caption/benchmark/later_caption_eval_runs_20260902_run01/emotiontalk/full/midasheng_rewardv3_r8
midasheng_rewardv3,r8,overall,meteor,0.09329844246655765,ok,,/data/L202500147/Caption/benchmark/later_caption_eval_runs_20260902_run01/emotiontalk/full/midasheng_rewardv3_r8
midasheng_rewardv3,r8,overall,spider,0.0536165248099754,ok,,/data/L202500147/Caption/benchmark/later_caption_eval_runs_20260902_run01/emotiontalk/full/midasheng_rewardv3_r8
midasheng_rewardv3,r8,overall,fense,0.8718434721432307,ok,,/data/L202500147/Caption/benchmark/later_caption_eval_runs_20260902_run01/emotiontalk/full/midasheng_rewardv3_r8
midasheng_rewardv3,r8,overall,bertscore,0.6892701983451843,ok,,/data/L202500147/Caption/benchmark/later_caption_eval_runs_20260902_run01/emotiontalk/full/midasheng_rewardv3_r8
midasheng_rewardv3,r8,overall,clapscore,,unavailable,"stack expects each tensor to be equal size, but got [77] at entry 0 and [78] at entry 5",/data/L202500147/Caption/benchmark/later_caption_eval_runs_20260902_run01/emotiontalk/full/midasheng_rewardv3_r8
midasheng_rewardv3,r9,speaker,bleu_4,2.4840421892184245e-07,ok,,/data/L202500147/Caption/benchmark/later_caption_eval_runs_20260902_run01/emotiontalk/full/midasheng_rewardv3_r9
midasheng_rewardv3,r9,speaker,rouge_l,0.29318064954363393,ok,,/data/L202500147/Caption/benchmark/later_caption_eval_runs_20260902_run01/emotiontalk/full/midasheng_rewardv3_r9
midasheng_rewardv3,r9,speaker,meteor,0.14208459925295489,ok,,/data/L202500147/Caption/benchmark/later_caption_eval_runs_20260902_run01/emotiontalk/full/midasheng_rewardv3_r9
midasheng_rewardv3,r9,speaker,spider,0.1386643406016068,ok,,/data/L202500147/Caption/benchmark/later_caption_eval_runs_20260902_run01/emotiontalk/full/midasheng_rewardv3_r9
midasheng_rewardv3,r9,speaker,fense,0.7783617345207772,ok,,/data/L202500147/Caption/benchmark/later_caption_eval_runs_20260902_run01/emotiontalk/full/midasheng_rewardv3_r9
midasheng_rewardv3,r9,speaker,bertscore,0.6786805391311646,ok,,/data/L202500147/Caption/benchmark/later_caption_eval_runs_20260902_run01/emotiontalk/full/midasheng_rewardv3_r9
midasheng_rewardv3,r9,speaker,clapscore,,unavailable,"stack expects each tensor to be equal size, but got [77] at entry 0 and [86] at entry 1",/data/L202500147/Caption/benchmark/later_caption_eval_runs_20260902_run01/emotiontalk/full/midasheng_rewardv3_r9
midasheng_rewardv3,r9,style,bleu_4,0.017145143257411465,ok,,/data/L202500147/Caption/benchmark/later_caption_eval_runs_20260902_run01/emotiontalk/full/midasheng_rewardv3_r9
midasheng_rewardv3,r9,style,rouge_l,0.3855132194252915,ok,,/data/L202500147/Caption/benchmark/later_caption_eval_runs_20260902_run01/emotiontalk/full/midasheng_rewardv3_r9
midasheng_rewardv3,r9,style,meteor,0.14720958225558112,ok,,/data/L202500147/Caption/benchmark/later_caption_eval_runs_20260902_run01/emotiontalk/full/midasheng_rewardv3_r9
midasheng_rewardv3,r9,style,spider,0.1641275644219765,ok,,/data/L202500147/Caption/benchmark/later_caption_eval_runs_20260902_run01/emotiontalk/full/midasheng_rewardv3_r9
midasheng_rewardv3,r9,style,fense,0.7147710781384158,ok,,/data/L202500147/Caption/benchmark/later_caption_eval_runs_20260902_run01/emotiontalk/full/midasheng_rewardv3_r9
midasheng_rewardv3,r9,style,bertscore,0.7015408277511597,ok,,/data/L202500147/Caption/benchmark/later_caption_eval_runs_20260902_run01/emotiontalk/full/midasheng_rewardv3_r9
midasheng_rewardv3,r9,style,clapscore,,unavailable,"stack expects each tensor to be equal size, but got [77] at entry 0 and [79] at entry 2",/data/L202500147/Caption/benchmark/later_caption_eval_runs_20260902_run01/emotiontalk/full/midasheng_rewardv3_r9
midasheng_rewardv3,r9,emotion,bleu_4,1.090024275885574e-14,ok,,/data/L202500147/Caption/benchmark/later_caption_eval_runs_20260902_run01/emotiontalk/full/midasheng_rewardv3_r9
midasheng_rewardv3,r9,emotion,rouge_l,0.13675411883787034,ok,,/data/L202500147/Caption/benchmark/later_caption_eval_runs_20260902_run01/emotiontalk/full/midasheng_rewardv3_r9
midasheng_rewardv3,r9,emotion,meteor,0.06407851573713524,ok,,/data/L202500147/Caption/benchmark/later_caption_eval_runs_20260902_run01/emotiontalk/full/midasheng_rewardv3_r9
midasheng_rewardv3,r9,emotion,spider,0.06531901764977018,ok,,/data/L202500147/Caption/benchmark/later_caption_eval_runs_20260902_run01/emotiontalk/full/midasheng_rewardv3_r9
midasheng_rewardv3,r9,emotion,fense,0.799848306936078,ok,,/data/L202500147/Caption/benchmark/later_caption_eval_runs_20260902_run01/emotiontalk/full/midasheng_rewardv3_r9
midasheng_rewardv3,r9,emotion,bertscore,,unavailable,"Unable to create tensor, you should probably activate truncation and/or padding with 'padding=True' 'truncation=True' to have batched tensors with the same length. Perhaps your features (`input_ids` in this case) have excessive nesting (inputs type `list` where type `int` is expected).",/data/L202500147/Caption/benchmark/later_caption_eval_runs_20260902_run01/emotiontalk/full/midasheng_rewardv3_r9
midasheng_rewardv3,r9,emotion,clapscore,,unavailable,"stack expects each tensor to be equal size, but got [77] at entry 0 and [265] at entry 3",/data/L202500147/Caption/benchmark/later_caption_eval_runs_20260902_run01/emotiontalk/full/midasheng_rewardv3_r9
midasheng_rewardv3,r9,overall,bleu_4,1.0994274791342078e-06,ok,,/data/L202500147/Caption/benchmark/later_caption_eval_runs_20260902_run01/emotiontalk/full/midasheng_rewardv3_r9
midasheng_rewardv3,r9,overall,rouge_l,0.2678716828991722,ok,,/data/L202500147/Caption/benchmark/later_caption_eval_runs_20260902_run01/emotiontalk/full/midasheng_rewardv3_r9
midasheng_rewardv3,r9,overall,meteor,0.09461576374566177,ok,,/data/L202500147/Caption/benchmark/later_caption_eval_runs_20260902_run01/emotiontalk/full/midasheng_rewardv3_r9
midasheng_rewardv3,r9,overall,spider,0.0543448563478153,ok,,/data/L202500147/Caption/benchmark/later_caption_eval_runs_20260902_run01/emotiontalk/full/midasheng_rewardv3_r9
midasheng_rewardv3,r9,overall,fense,0.8723705248520003,ok,,/data/L202500147/Caption/benchmark/later_caption_eval_runs_20260902_run01/emotiontalk/full/midasheng_rewardv3_r9
midasheng_rewardv3,r9,overall,bertscore,0.6912606954574585,ok,,/data/L202500147/Caption/benchmark/later_caption_eval_runs_20260902_run01/emotiontalk/full/midasheng_rewardv3_r9
midasheng_rewardv3,r9,overall,clapscore,,unavailable,"stack expects each tensor to be equal size, but got [77] at entry 0 and [79] at entry 5",/data/L202500147/Caption/benchmark/later_caption_eval_runs_20260902_run01/emotiontalk/full/midasheng_rewardv3_r9
